{"type":2,"rcvTime":25297.399999999998,"pos":[3606.4318114333298,6079.334208617432,1.895],"noise":[0.0,0.0,0.0],"spd":[-4.193831882481282,-36.391526326757539,0.0],"spd_noise":[0.0,0.0,0.0]}
{"type":3,"rcvTime":25297.41970944262,"sendTime":25297.419600382167,"sender":2599,"messageID":6250684,"pos":[3594.0490224253164,5620.4403859004219,1.895],"pos_noise":[0.0,0.0,0.0],"spd":[-2.454964333206224,29.96864048528381,0.0],"spd_noise":[0.0,0.0,0.0],"RSSI":2.3336866068222386e-9}
{"type":3,"rcvTime":25297.42677544321,"sendTime":25297.42666347707,"sender":2575,"messageID":6251376,"pos":[3591.5464919849334,5658.7815364861439,1.895],"pos_noise":[0.0,0.0,0.0],"spd":[-1.2522169263051373,29.991575868094445,0.0],"spd_noise":[0.0,0.0,0.0],"RSSI":3.10137413185937e-9}
{"type":2,"rcvTime":25297.5,"pos":[3606.0107811648647,6075.680763622838,1.895],"noise":[0.0,0.0,0.0],"spd":[-4.205679335271732,-36.49433132760501,0.0],"spd_noise":[0.0,0.0,0.0]}
{"type":3,"rcvTime":25297.522259198664,"sendTime":25297.52214461742,"sender":2539,"messageID":6256257,"pos":[3581.1345685085827,5755.4198950202539,1.895],"pos_noise":[0.0,0.0,0.0],"spd":[-0.03250378200004883,33.57140622721888,0.0],"spd_noise":[0.0,0.0,0.0],"RSSI":1.678012004037106e-8}
{"type":2,"rcvTime":25297.6,"pos":[3605.592024066143,6072.0470438148699,1.895],"noise":[0.0,0.0,0.0],"spd":[-4.182972599599595,-36.297296064358068,0.0],"spd_noise":[0.0,0.0,0.0]}
{"type":3,"rcvTime":25297.68715822084,"sendTime":25297.687045382194,"sender":2893,"messageID":6267335,"pos":[3612.264781165705,6072.330892660653,1.895],"pos_noise":[0.0,0.0,0.0],"spd":[-3.1583825736847865,-27.43975588645463,0.0],"spd_noise":[0.0,0.0,0.0],"RSSI":0.0000045719206564305868}
{"type":2,"rcvTime":25297.7,"pos":[3605.173015629046,6068.411143045112,1.895],"noise":[0.0,0.0,0.0],"spd":[-4.185483223394569,-36.319081733040537,0.0],"spd_noise":[0.0,0.0,0.0]}
{"type":2,"rcvTime":25297.8,"pos":[3604.7536614887164,6064.772242472631,1.895],"noise":[0.0,0.0,0.0],"spd":[-4.188936459542955,-36.34904681932154,0.0],"spd_noise":[0.0,0.0,0.0]}
{"type":3,"rcvTime":25297.82808196876,"sendTime":25297.827968571477,"sender":2707,"messageID":6276088,"pos":[3591.1972178346388,5745.804115683918,1.895],"pos_noise":[0.0,0.0,0.0],"spd":[0.2665112427456941,-34.19934355227532,0.0],"spd_noise":[0.0,0.0,0.0],"RSSI":2.2380097612248044e-9}
{"type":3,"rcvTime":25297.859848228603,"sendTime":25297.859741915392,"sender":2533,"messageID":6278964,"pos":[3589.476837896337,5708.351372442542,1.895],"pos_noise":[0.0,0.0,0.0],"spd":[-1.24800866506284,29.89078471628137,0.0],"spd_noise":[0.0,0.0,0.0],"RSSI":1.1026528550527452e-8}
{"type":3,"rcvTime":25297.884531271247,"sendTime":25297.884418153393,"sender":2743,"messageID":6280366,"pos":[3614.505709073305,5402.549786806312,1.895],"pos_noise":[0.0,0.0,0.0],"spd":[-3.430498198719863,29.724901945283965,0.0],"spd_noise":[0.0,0.0,0.0],"RSSI":1.696007958892739e-9}
{"type":3,"rcvTime":25297.897473274217,"sendTime":25297.897355343077,"sender":2671,"messageID":6281125,"pos":[3592.947961202005,5705.072535300289,1.895],"pos_noise":[0.0,0.0,0.0],"spd":[1.467765176931776,-34.14800615724297,0.0],"spd_noise":[0.0,0.0,0.0],"RSSI":8.1003423352619e-9}
{"type":2,"rcvTime":25297.899999999998,"pos":[3604.333586686696,6061.127088435627,1.895],"noise":[0.0,0.0,0.0],"spd":[-4.19613516283577,-36.41151279501391,0.0],"spd_noise":[0.0,0.0,0.0]}
{"type":3,"rcvTime":25297.92109305162,"sendTime":25297.920980096187,"sender":2665,"messageID":6282843,"pos":[3598.6233584600165,5524.2390926727789,1.895],"pos_noise":[0.0,0.0,0.0],"spd":[-2.5659172343406677,31.322683356162007,0.0],"spd_noise":[0.0,0.0,0.0],"RSSI":2.2316479449120118e-9}
{"type":2,"rcvTime":25298.0,"pos":[3603.9152051884977,6057.4966278609149,1.895],"noise":[0.0,0.0,0.0],"spd":[-4.179220718850012,-36.264739521575929,0.0],"spd_noise":[0.0,0.0,0.0]}
{"type":3,"rcvTime":25298.018503052845,"sendTime":25298.018394906958,"sender":2749,"messageID":6287832,"pos":[3607.1954574062358,6057.142111991663,1.895],"pos_noise":[0.0,0.0,0.0],"spd":[-0.017425681483151418,-29.90900405800867,0.0],"spd_noise":[0.0,0.0,0.0],"RSSI":7.658716321140148e-9}
{"type":2,"rcvTime":25298.1,"pos":[3603.4961108434147,6053.859981633819,1.895],"noise":[0.0,0.0,0.0],"spd":[-4.18634135989961,-36.32652812051869,0.0],"spd_noise":[0.0,0.0,0.0]}
{"type":3,"rcvTime":25298.10909588729,"sendTime":25298.10898982412,"sender":2569,"messageID":6293697,"pos":[3584.4149819768688,5775.692826481856,1.895],"pos_noise":[0.0,0.0,0.0],"spd":[-0.03218540118976778,33.20790662778371,0.0],"spd_noise":[0.0,0.0,0.0],"RSSI":5.911792308297595e-9}
{"type":3,"rcvTime":25298.121377091415,"sendTime":25298.121259511958,"sender":2737,"messageID":6294917,"pos":[3606.2496987617926,5445.339277397804,1.895],"pos_noise":[0.0,0.0,0.0],"spd":[-3.876987073292273,33.60055463520381,0.0],"spd_noise":[0.0,0.0,0.0],"RSSI":1.4839735908740364e-9}
{"type":3,"rcvTime":25298.12266666913,"sendTime":25298.122553536436,"sender":2527,"messageID":6295656,"pos":[3581.0498495226559,5842.921573792528,1.895],"pos_noise":[0.0,0.0,0.0],"spd":[-0.028785618361589238,29.731115211358966,0.0],"spd_noise":[0.0,0.0,0.0],"RSSI":1.902043310279596e-8}
{"type":3,"rcvTime":25298.18302695701,"sendTime":25298.18291448797,"sender":2875,"messageID":6300590,"pos":[3598.5558080466619,6010.991034015461,1.895],"pos_noise":[0.0,0.0,0.0],"spd":[-4.188595704538127,-36.34608995432387,0.0],"spd_noise":[0.0,0.0,0.0],"RSSI":7.787626313491172e-8}
{"type":3,"rcvTime":25298.187298604367,"sendTime":25298.187184483373,"sender":2833,"messageID":6301376,"pos":[3592.412407567163,5914.1297472854489,1.895],"pos_noise":[0.0,0.0,0.0],"spd":[-1.371493921493743,-35.105698001543377,0.0],"spd_noise":[0.0,0.0,0.0],"RSSI":1.3384826919594262e-9}
{"type":2,"rcvTime":25298.2,"pos":[3603.0764308241239,6050.218253281608,1.895],"noise":[0.0,0.0,0.0],"spd":[-4.192191670667489,-36.377293564666278,0.0],"spd_noise":[0.0,0.0,0.0]}
{"type":3,"rcvTime":25298.202424721676,"sendTime":25298.202317756277,"sender":2419,"messageID":6302725,"pos":[3635.7022415208068,5223.13678201655,1.895],"pos_noise":[0.0,0.0,0.0],"spd":[1.1539123087409438,27.035349496199716,0.0],"spd_noise":[0.0,0.0,0.0],"RSSI":3.1754393996038168e-9}
{"type":3,"rcvTime":25298.266644607487,"sendTime":25298.26653675204,"sender":2887,"messageID":6304149,"pos":[3606.0638872857609,6047.317090763802,1.895],"pos_noise":[0.0,0.0,0.0],"spd":[-3.495614407412043,-30.35117765643282,0.0],"spd_noise":[0.0,0.0,0.0],"RSSI":0.000010513517673896128}
{"type":3,"rcvTime":25298.272242205076,"sendTime":25298.27212947253,"sender":2845,"messageID":6304418,"pos":[3594.854935618213,5957.640141242782,1.895],"pos_noise":[0.0,0.0,0.0],"spd":[-2.366353465505762,-35.64752355053369,0.0],"spd_noise":[0.0,0.0,0.0],"RSSI":3.7693373663974739e-8}
{"type":2,"rcvTime":25298.3,"pos":[3602.6585617448129,6046.592239166826,1.895],"noise":[0.0,0.0,0.0],"spd":[-4.174102156869269,-36.2203237490087,0.0],"spd_noise":[0.0,0.0,0.0]}
{"type":3,"rcvTime":25298.349334088653,"sendTime":25298.349221224293,"sender":2497,"messageID":6309000,"pos":[3616.0974330126239,5425.879519547281,1.895],"pos_noise":[0.0,0.0,0.0],"spd":[3.6964975044067138,-29.851934006692045,0.0],"spd_noise":[0.0,0.0,0.0],"RSSI":1.9573349763601087e-9}
{"type":2,"rcvTime":25298.399999999998,"pos":[3602.2406383041359,6042.965753337122,1.895],"noise":[0.0,0.0,0.0],"spd":[-4.17464517358512,-36.22503571831613,0.0],"spd_noise":[0.0,0.0,0.0]}
{"type":3,"rcvTime":25298.426778163102,"sendTime":25298.42666347707,"sender":2575,"messageID":6314206,"pos":[3590.297818511969,5688.688243872166,1.895],"pos_noise":[0.0,0.0,0.0],"spd":[-1.2530512373926735,30.011558271849667,0.0],"spd_noise":[0.0,0.0,0.0],"RSSI":7.461615698261588e-9}
{"type":2,"rcvTime":25298.5,"pos":[3601.822735956543,6039.339450540397,1.895],"noise":[0.0,0.0,0.0],"spd":[-4.174434474363622,-36.22320739842133,0.0],"spd_noise":[0.0,0.0,0.0]}
{"type":3,"rcvTime":25298.522257143497,"sendTime":25298.52214461742,"sender":2539,"messageID":6318860,