{"type":2,"rcvTime":25254.2,"pos":[4589.459996441241,5180.348654277553,1.895],"noise":[0.0,0.0,0.0],"spd":[-12.160126259326706,7.009266520115714,0.0],"spd_noise":[0.0,0.0,0.0]}
{"type":3,"rcvTime":25254.25293016472,"sendTime":25254.252814715033,"sender":2095,"messageID":3498181,"pos":[4572.223083921557,5193.0915886612,1.895],"pos_noise":[0.0,0.0,0.0],"spd":[-10.817322663010101,7.933720429851814,0.0],"spd_noise":[0.0,0.0,0.0],"RSSI":1.8419251200239905e-8}
{"type":3,"rcvTime":25254.25378432509,"sendTime":25254.253670625854,"sender":811,"messageID":3498458,"pos":[4883.85281287895,5223.563820483184,1.895],"pos_noise":[0.0,0.0,0.0],"spd":[2.103653587692395,-10.791026912555859,0.0],"spd_noise":[0.0,0.0,0.0],"RSSI":4.197917918086121e-9}
