{"type":2,"rcvTime":25299.8,"pos":[6324.441001411176,5732.749658027441,1.895],"noise":[0.0,0.0,0.0],"spd":[-13.95995392113625,-0.8862810061417142,0.0],"spd_noise":[0.0,0.0,0.0]}
{"type":3,"rcvTime":25299.80162258886,"sendTime":25299.801510292153,"sender":2449,"messageID":6399831,"pos":[6099.376431648283,5776.876430580083,1.895],"pos_noise":[0.0,0.0,0.0],"spd":[0.1844149576777414,-3.6801136332409638,0.0],"spd_noise":[0.0,0.0,0.0],"RSSI":4.836894244743675e-9}
{"type":3,"rcvTime":25299.834233662623,"sendTime":25299.83411734132,"sender":379,"messageID":6402274,"pos":[4852.994906810486,5720.605611496335,1.895],"pos_noise":[0.0,0.0,0.0],"spd":[10.622220401998332,0.5545678737802098,0.0],"spd_noise":[0.0,0.0,0.0],"RSSI":1.8330696807543835e-8}
{"type":3,"rcvTime":25299.873287256454,"sendTime":25299.87317685415,"sender":1621,"messageID":6405731,"pos":[5851.054870688599,5806.880982798625,1.895],"pos_noise":[0.0,0.0,0.0],"spd":[-15.190592646191174,-0.05155773635025491,0.0],"spd_noise":[0.0,0.0,0.0],"RSSI":2.004336556914803e-9}
{"type":2,"rcvTime":25299.899999999998,"pos":[6323.039705466802,5732.659783354366,1.895],"noise":[0.0,0.0,0.0],"spd":[-14.014435739209813,-0.8926647943621968,0.0],"spd_noise":[0.0,0.0,0.0]}
{"type":3,"rcvTime":25299.917624292517,"sendTime":25299.917511808686,"sender":109,"messageID":6407513,"pos":[6026.574843020546,5307.353223958143,1.895],"pos_noise":[0.0,0.0,0.0],"spd":[3.1882984523765e-15,4.657006427976396e-14,0.0],"spd_noise":[0.0,0.0,0.0],"RSSI":3.468403692726603e-9}
{"type":3,"rcvTime":25299.981167109232,"sendTime":25299.98105987199,"sender":1825,"messageID":6412298,"pos":[5852.577040268303,5810.185864735454,1.895],"pos_noise":[0.0,0.0,0.0],"spd":[-15.28514175911135,-0.051979453548800017,0.0],"spd_noise":[0.0,0.0,0.0],"RSSI":3.2380053660599126e-9}
{"type":2,"rcvTime":25300.0,"pos":[6321.637331471935,5732.569839538553,1.895],"noise":[0.0,0.0,0.0],"spd":[-14.025031237736036,-0.8962691070274061,0.0],"spd_noise":[0.0,0.0,0.0]}
