{"type":2,"rcvTime":25298.6,"pos":[6124.012862699193,5821.489935917738,1.895],"noise":[0.0,0.0,0.0],"spd":[-0.0,-0.0,0.0],"spd_noise":[0.0,0.0,0.0]}
{"type":3,"rcvTime":25298.605081352045,"sendTime":25298.604974745493,"sender":1645,"messageID":6325106,"pos":[5868.349242546593,5712.221259422713,1.895],"pos_noise":[0.0,0.0,0.0],"spd":[3.993861591755885,0.43841989199899458,0.0],"spd_noise":[0.0,0.0,0.0],"RSSI":2.1406606313896516e-9}
{"type":3,"rcvTime":25298.608351439645,"sendTime":25298.60824551447,"sender":2911,"messageID":6325783,"pos":[6137.3689930228579,5822.835485819842,1.895],"pos_noise":[0.0,0.0,0.0],"spd":[-2.597158255268282,-0.2616480935300295,0.0],"spd_noise":[0.0,0.0,0.0],"RSSI":5.513714916780644e-7}
{"type":3,"rcvTime":25298.662022671597,"sendTime":25298.661916785826,"sender":2641,"messageID":6328565,"pos":[6094.845818411471,5801.473628932456,1.895],"pos_noise":[0.0,0.0,0.0],"spd":[0.5791886247510512,-11.558064383755753,0.0],"spd_noise":[0.0,0.0,0.0],"RSSI":1.4354911123666304e-7}
{"type":3,"rcvTime":25298.671949825166,"sendTime":25298.67184347971,"sender":1855,"messageID":6328907,"pos":[6132.981763039439,5822.393498752358,1.895],"pos_noise":[0.0,0.0,0.0],"spd":[-12.522846328718107,-0.042503253452832807,0.0],"spd_noise":[0.0,0.0,0.0],"RSSI":2.7692630773480505e-8}
{"type":3,"rcvTime":25298.687465294515,"sendTime":25298.687354215235,"sender":2329,"messageID":6330125,"pos":[6052.629452222131,5548.392104394068,1.895],"pos_noise":[0.0,0.0,0.0],"spd":[5.158122327584133,12.249907784842018,0.0],"spd_noise":[0.0,0.0,0.0],"RSSI":1.1135144026548803e-8}
{"type":3,"rcvTime":25298.687901295678,"sendTime":25298.687792560922,"sender":2395,"messageID":6330426,"pos":[6097.644140698095,5745.631390716618,1.895],"pos_noise":[0.0,0.0,0.0],"spd":[0.022124982020732793,-0.4415175916031647,0.0],"spd_noise":[0.0,0.0,0.0],"RSSI":6.861093733807245e-9}
{"type":3,"rcvTime":25298.69240011451,"sendTime":25298.69229349159,"sender":1309,"messageID":6330951,"pos":[6007.202663264495,5433.8383970925929,1.895],"pos_noise":[0.0,0.0,0.0],"spd":[-5.594632063159561,-11.473641978192184,0.0],"spd_noise":[0.0,0.0,0.0],"RSSI":5.988221797684068e-9}
{"type":2,"rcvTime":25298.7,"pos":[6123.987037453313,5821.487334179344,1.895],"noise":[0.0,0.0,0.0],"spd":[-0.25826805861686849,-0.026018955533311969,0.0],"spd_noise":[0.0,0.0,0.0]}
{"type":3,"rcvTime":25298.722898792883,"sendTime":25298.7227827447,"sender":2287,"messageID":6334340,"pos":[6101.23989767381,5739.689822660743,1.895],"pos_noise":[0.0,0.0,0.0],"spd":[2.364704276874828e-15,-4.718912477326683e-14,0.0],"spd_noise":[0.0,0.0,0.0],"RSSI":1.8935333188387703e-8}
{"type":3,"rcvTime":25298.728021520994,"sendTime":25298.7279052441,"sender":1069,"messageID":6335050,"pos":[6249.183668250487,5838.841962887166,1.895],"pos_noise":[0.0,0.0,0.0],"spd":[12.63296441775993,0.8314752043466528,0.0],"spd_noise":[0.0,0.0,0.0],"RSSI":5.136544021466175e-9}
{"type":2,"rcvTime":25298.8,"pos":[6123.937497453797,5821.482343321971,1.895],"noise":[0.0,0.0,0.0],"spd":[-0.49542991995472987,-0.049911588472104199,0.0],"spd_noise":[0.0,0.0,0.0]}
{"type":3,"rcvTime":25298.801620807586,"sendTime":25298.801510292153,"sender":2449,"messageID":6336842,"pos":[6099.166877634753,5781.058209497603,1.895],"pos_noise":[0.0,0.0,0.0],"spd":[0.23985110916882189,-4.78637605059531,0.0],"spd_noise":[0.0,0.0,0.0],"RSSI":2.378316813280683e-9}
{"type":3,"rcvTime":25298.834232136516,"sendTime":25298.83411734132,"sender":379,"messageID":6339226,"pos":[4852.994906810486,5720.605611496335,1.895],"pos_noise":[0.0,0.0,0.0],"spd":[10.221679277809774,0.588174841125364,0.0],"spd_noise":[0.0,0.0,0.0],"RSSI":3.7589864750804949e-8}
{"type":3,"rcvTime":25298.873285292077,"sendTime":25298.87317685415,"sender":1621,"messageID":6342772,"pos":[5866.249707121735,5806.9325549386289,1.895],"pos_noise":[0.0,0.0,0.0],"spd":[-15.23668479894185,-0.05171417573796784,0.0],"spd_noise":[0.0,0.0,0.0],"RSSI":3.299236653907633e-9}
{"type":2,"rcvTime":25298.899999999998,"pos":[6123.864799818521,5821.475019471899,1.895],"noise":[0.0,0.0,0.0],"spd":[-0.7270202659978181,-0.07324292471209357,0.0],"spd_noise":[0.0,0.0,0.0]}
{"type":3,"rcvTime":25298.91762262547,"sendTime":25298.917511808686,"sender":109,"messageID":6344492,"pos":[6026.574843020546,5307.353223958143,1.895],"pos_noise":[0.0,0.0,0.0],"spd":[3.117454481616729e-15,4.553527775604405e-14,0.0],"spd_noise":[0.0,0.0,0.0],"RSSI":4.5802144163311126e-8}
{"type":3,"rcvTime":25298.981170802665,"sendTime":25298.98105987199,"sender":1825,"messageID":6349271,"pos":[5867.898198307218,5810.237966667851,1.895],"pos_noise":[0.0,0.0,0.0],"spd":[-15.251847466391006,-0.05186623123335334,0.0],"spd_noise":[0.0,0.0,0.0],"RSSI":1.0745127042845647e-8}
{"type":2,"rcvTime":25299.0,"pos":[6123.76899818881,5821.46536803317,1.895],"noise":[0.0,0.0,0.0],"spd":[-0.9580741663918592,-0.09652021727510436,0.0],"spd_noise":[0.0,0.0,0.0]}
{"type":3,"rcvTime":25299.025797882547,"sendTime":25299.02568835081,"sender":2179,"messageID":6350898,"pos":[6097.9498976738109,5739.529822660743,1.895],"pos_noise":[0.0,0.0,0.0],"spd":[2.2778204544559034e-15,-4.545530478702541e-14,0.0],"spd_noise":[0.0,0.0,0.0],"RSSI":2.2239569783998008e-8}
{"type":3,"rcvTime":25299.032174962384,"sendTime":25299.032061786533,"sender":1591,"messageID":6351441,"pos":[6123.003836105873,5736.826810319855,1.895],"pos_noise":[0.0,0.0,0.0],"spd":[13.22549979803109,0.7635874329866838,0.0],"spd_noise":[0.0,0.0,0.0],"RSSI":1.9817517683789524e-8}
{"type":3,"rcvTime":25299.052547708543,"sendTime":25299.05243487912,"sender":187,"messageID":6353004,"pos":[6234.406048324863,5837.86933095842,1.895],"pos_noise":[0.0,0.0,0.0],"spd":[12.43936752113535,0.8187330629275854,0.0],"spd_noise":[0.0,0.0,0.0],"RSSI":1.9983743357811514e-9}
{"type":3,"rcvTime":25299.06467852348,"sendTime":25299.064569564816,"sender":2593,"messageID":6354603,"pos":[6095.897977992493,5780.477138912202,1.895],"pos_noise":[0.0,0.0,0.0],"spd":[0.622682632193872,-12.42601398920208,0.0],"spd_noise":[0.0,0.0,0.0],"RSSI":9.047777357305893e-9}
{"type":3,"rcvTime":25299.065114561323,"sendTime":25299.064998670947,"sender":481,"messageID":6354961,"pos":[6091.393436957089,5804.344494352397,1.895],"pos_noise":[0.0,0.0,0.0],"spd":[-0.307683712514365,6.140017270889202,0.0],"spd_noise":[0.0,0.0,0.0],"RSSI":9.33132497277337e-8}
{"type":2,"rcvTime":25299.1,"pos":[6123.65015326249,5821.453395120724,1.895],"noise":[0.0,0.0,0.0],"spd":[-1.1885210518578283,-0.11973635673069727,0.0],"spd_noise":[0.0,0.0,0.0]}
{"type":3,"rcvTime":25299.130641449043,"sendTime":25299.130525413577,"sender":2107,"messageID":6359113,"pos":[5622.081959150172,5678.023522023791,1.895],"pos_noise":[0.0,0.0,0.0],"spd":[18.165980459268846,2.330468737737706,0.0],"spd_noise":[0.0,0.0,0.0],"RSSI":3.0671783801422644e-9}
{"type":3,"rcvTime":25299.16089550768,"sendTime":25299.160782760104,"sender":2587,"messageID":6361251,"pos":[5964.954151447019,5810.568020224923,1.895],"pos_noise":[0.0,0.0,0.0],"spd":[-15.589002671534282,-0.05301277888079313,0.0],"spd_noise":[0.0,0.0,0.0],"RSSI":1.8375966802855362e-9}
{"type":3,"rcvTime":25299.16268869628,"sendTime":25299.16257063928,"sender":2677,"messageID":6361582,"pos":[6097.659697209552,5811.13491965376,1.895],"pos_noise":[0.0,0.0,0.0],"spd":[0.43089292746161397,-11.714538983798235,0.0],"spd_noise":[0.0,0.0,0.0],"RSSI":4.124207531847321e-8}
{"type":3,"rcvTime":25299.172290003204,"sendTime":25299.1721728696,"sender":2869,"messageID":6361938,"pos":[6169.758765243668,5826.09856081123,1.895],"pos_noise":[0.0,0.0,0.0],"spd":[-6.395893178130574,-0.6443478186533223,0.0],"spd_noise":[0.0,0.0,0.0],"RSSI":1.4096268399712786e-8}
{"type":2,"rcvTime":25299.2,"pos":[6123.506967219271,5821.438969986964,1.895],"noise":[0.0,0.0,0.0],"spd":[-1.4319469241681447,-0.14426005114811497,0.0],"spd_noise":[0.0,0.0,0.0]}
{"type":3,"rcvTime":25299.280621316862,"sendTime":25299.280507811483,"sender":2857,"messageID":6367745,"pos":[6148.2277542319729,5823.929440784927,1.895],"pos_noise":[0.0,0.0,0.0],