{"type":2,"rcvTime":25254.5,"pos":[4583.950414379136,5180.186446104623,1.895],"noise":[0.0,0.0,0.0],"spd":[-14.006351990167234,0.6011858600504477,0.0],"spd_noise":[0.0,0.0,0.0]}
{"type":2,"rcvTime":25254.6,"pos":[4582.831538585857,5181.036960753906,1.895],"noise":[0.0,0.0,0.0],"spd":[-14.049341803324707,0.8252741086365893,0.0],"spd_noise":[0.0,0.0,0.0]}
{"type":3,"rcvTime":25254.629002621707,"sendTime":25254.62889030264,"sender":1405,"messageID":3526449,"pos":[4615.692786890218,5367.096290456881,1.895],"pos_noise":[0.0,0.0,0.0],"spd":[1.347912839428239,-13.604515635163459,0.0],"spd_noise":[0.0,0.0,0.0],"RSSI":1.5510679116016323e-8}
{"type":2,"rcvTime":25254.7,"pos":[4581.721630683696,5181.880658451016,1.895],"noise":[0.0,0.0,0.0],"spd":[-11.11421938818324,8.448485937194068,0.0],"spd_noise":[0.0,0.0,0.0]}
{"type":3,"rcvTime":25254.713064560954,"sendTime":25254.712946311804,"sender":511,"messageID":3531688,"pos":[4378.755978617979,5306.451701959371,1.895],"pos_noise":[0.0,0.0,0.0],"spd":[-13.080292946461608,1.018561746699959,0.0],"spd_noise":[0.0,0.0,0.0],"RSSI":9.5074930651914e-9}
{"type":3,"rcvTime":25254.72612368217,"sendTime":25254.726010005223,"sender":793,"messageID":3533357,"pos":[4601.838118129941,5200.927934196228,1.895],"pos_noise":[0.0,0.0,0.0],"spd":[2.3252666680804459,-13.086645740638805,0.0],"spd_noise":[0.0,0.0,0.0],"RSSI":2.1239722461908095e-8}
{"type":3,"rcvTime":25254.776152527975,"sendTime":25254.776046065617,"sender":877,"messageID":3537484,"pos":[4622.377425776079,5351.214133632836,1.895],"pos_noise":[0.0,0.0,0.0],"spd":[-4.6185131195585186e-14,-8.612531894568347e-15,0.0],"spd_noise":[0.0,0.0,0.0],"RSSI":2.9021544853407477e-9}
{"type":2,"rcvTime":25254.8,"pos":[4580.602404906773,5182.731439140744,1.895],"noise":[0.0,0.0,0.0],"spd":[-11.207525241884146,8.51941248320591,0.0],"spd_noise":[0.0,0.0,0.0]}
{"type":3,"rcvTime":25254.84352658868,"sendTime":25254.843418612145,"sender":403,"messageID":3542169,"pos":[4399.197782147197,5314.787972286031,1.895],"pos_noise":[0.0,0.0,0.0],"spd":[0.0,-0.0,0.0],"spd_noise":[0.0,0.0,0.0],"RSSI":1.6311844621190536e-8}
{"type":2,"rcvTime":25254.899999999998,"pos":[4579.488884761094,5183.577882688688,1.895],"noise":[0.0,0.0,0.0],"spd":[-11.150391098347079,8.475981901955063,0.0],"spd_noise":[0.0,0.0,0.0]}
{"type":3,"rcvTime":25254.975093590543,"sendTime":25254.97497995757,"sender":265,"messageID":3549979,"pos":[4411.680540615371,5313.817687940334,1.895],"pos_noise":[0.0,0.0,0.0],"spd":[0.0,-0.0,0.0],"spd_noise":[0.0,0.0,0.0],"RSSI":1.9184554417506167e-8}
{"type":2,"rcvTime":25255.0,"pos":[4578.3738473280159,5184.425479604295,1.895],"noise":[0.0,0.0,0.0],"spd":[-11.16558466980749,8.487531311797895,0.0],"spd_noise":[0.0,0.0,0.0]}
{"type":3,"rcvTime":25255.07345455238,"sendTime":25255.073345330544,"sender":865,"messageID":3558903,"pos":[4405.189546150357,5314.322232695683,1.895],"pos_noise":[0.0,0.0,0.0],"spd":[0.0,-0.0,0.0],"spd_noise":[0.0,0.0,0.0],"RSSI":1.5851593935915396e-8}
{"type":3,"rcvTime":25255.096150854846,"sendTime":25255.096045145998,"sender":541,"messageID":3559626,"pos":[4599.127195306577,5218.172299573749,1.895],"pos_noise":[0.0,0.0,0.0],"spd":[1.8647001822183687,-12.516391047662726,0.0],"spd_noise":[0.0,0.0,0.0],"RSSI":1.8164063556226546e-8}
{"type":2,"rcvTime":25255.1,"pos":[4577.262427928641,5185.270326267654,1.895],"noise":[0.0,0.0,0.0],"spd":[-11.129354978812194,8.459991272846862,0.0],"spd_noise":[0.0,0.0,0.0]}
{"type":2,"rcvTime":25255.2,"pos":[4576.145080565883,5186.119679078815,1.895],"noise":[0.0,0.0,0.0],"spd":[-11.188715476591229,8.505114219694953,0.0],"spd_noise":[0.0,0.0,0.0]}
{"type":3,"rcvTime":25255.252924996308,"sendTime":25255.252814715033,"sender":2095,"messageID":3569557,"pos":[4572.223083921557,5193.0915886612,1.895],"pos_noise":[0.0,0.0,0.0],"spd":[-10.92512403181976,7.801676881681757,0.0],"spd_noise":[0.0,0.0,0.0],"RSSI":8.623755042917942e-9}
{"type":2,"rcvTime":25255.3,"pos":[4575.0224896740069,5186.953051095329,1.895],"noise":[0.0,0.0,0.0],"spd":[-11.172930791039953,8.437128463181802,0.0],"spd_noise":[0.0,0.0,0.0]}
{"type":3,"rcvTime":25255.30586800073,"sendTime":25255.305754677112,"sender":2119,"messageID":3574595,"pos":[4561.6156100060029,5204.962288764976,1.895],"pos_noise":[0.0,0.0,0.0],"spd":[-11.610887995770384,8.513196881824081,0.0],"spd_noise":[0.0,0.0,0.0],"RSSI":9.010587269993247e-8}
{"type":2,"rcvTime":25255.399999999998,"pos":[4573.896541437085,5187.7780399917469,1.895],"noise":[0.0,0.0,0.0],"spd":[-11.19572975202536,8.368044348621222,0.0],"spd_noise":[0.0,0.0,0.0]}
{"type":3,"rcvTime":25255.47417432627,"sendTime":25255.47405621968,"sender":1063,"messageID":3583290,"pos":[4386.065629904086,5302.569060031503,1.895],"pos_noise":[0.0,0.0,0.0],"spd":[-12.649908043846525,0.9834686723914859,0.0],"spd_noise":[0.0,0.0,0.0],"RSSI":1.7365747325027544e-8}
{"type":2,"rcvTime":25255.5,"pos":[4572.770721548877,5188.602934846306,1.895],"noise":[0.0,0.0,0.0],"spd":[-11.23553990845507,8.311837079535158,0.0],"spd_noise":[0.0,0.0,0.0]}
{"type":2,"rcvTime":25255.6,"pos":[4571.644791357947,5189.4279105203199,1.895],"noise":[0.0,0.0,0.0],"spd":[-11.274660837552162,8.261010317207204,0.0],"spd_noise":[0.0,0.0,0.0]}
{"type":2,"rcvTime":25255.7,"pos":[4570.518198546288,5190.253371700438,1.895],"noise":[0.0,0.0,0.0],"spd":[-11.281296083708425,8.265872001096755,0.0],"spd_noise":[0.0,0.0,0.0]}
{"type":3,"rcvTime":25255.726127311416,"sendTime":25255.726010005223,"sender":793,"messageID":3605505,"pos":[4603.617369596114,5187.244986046137,1.895],"pos_noise":[0.0,0.0,0.0],"spd":[1.111329188684286,-13.197034115636699,0.0],"spd_noise":[0.0,0.0,0.0],"RSSI":1.2409922696316369e-7}
{"type":2,"rcvTime":25255.8,"pos":[4569.385444451743,5191.083347288772,1.895],"noise":[0.0,0.0,0.0],"spd":[-11.342992959261812,8.311077664741948,0.0],"spd_noise":[0.0,0.0,0.0]}
{"type":3,"rcvTime":25255.843525706063,"sendTime":25255.843418612145,"sender":403,"messageID":3614361,"pos":[4399.197782147197,5314.787972286031,1.895],"pos_noise":[0.0,0.0,0.0],"spd":[0.0,-0.0,0.0],"spd_noise":[0.0,0.0,0.0],"RSSI":2.5274438636814974e-8}
{"type":2,"rcvTime":25255.899999999998,"pos":[4568.253313190037,5191.912866523818,1.895],"noise":[0.0,0.0,0.0],"spd":[-11.336756134733223,8.306507906718212,0.0],"spd_noise":[0.0,0.0,0.0]}
{"type":3,"rcvTime":25255.975089363295,"sendTime":25255.97497995757,"sender":265,"messageID":3622234,"pos":[4411.680540615371,5313.817687940334,1.895],"pos_noise":[0.0,0.0,0.0],"spd":[0.0,-0.0,0.0],"spd_noise":[0.0,0.0,0.0],"RSSI":2.6028155283642584e-9}
{"type":2,"rcvTime":25256.0,"pos":[4567.128879762386,5192.736745510573,1.895],"noise":[0.0,0.0,0.0],"spd":[-11.259672787263359,8.25002848459815,0.0],"spd_noise":[0.0,0.0,0.0]}
{"type":3,"rcvTime":25256.07346271425,"sendTime":25256.073345330544,"sender":865,"messageID":3631071,"pos":[4405.189546150357,5314.322232695683,1.895],"pos_noise":[0.0,0.0,0.0],"spd":[0.0,-0.0,0.0],"spd_noise":[0.0,0.0,0.0],"RSSI":2.0851391487065394e-8}
{"type":3,"rcvTime":25256.09615960517,"sendTime":25256.096045145998,"sender":541,"messageID":3631795,"pos":[4600.991401826019,5205.693269916367,1.895],"pos_noise":[0.0,0.0,0.0],"spd":[1.8762610329437189,-12.522136797952543,0.0],"spd_noise":[0.0,0.0,0.0],"RSSI":5.133273697569415e-8}
{"type":2,"rcvTime":25256.1,"pos":[4566.000185938985,5193.563746114354,1.895],"noise":[0.0,0.0,0.0],"spd":[-11.302334861247548,8.281287237159067,0.0],"spd_noise":[0.0,0.0,0.0]}
{"type":3,"rcvTime":25256.11460171234,"sendTime":25256.11448462135,"sender":1663,"messageID":3632409,"pos":[4422.88798937538,5293.235369086663,1.895],"pos_noise":[0.0,0.0,0.0],"spd":[-4.22228718570662e-14,2.0436060673012039e-14,0.0],"spd_noise":[0.0,0.0,0.0],"RSSI":4.536256386904288e-9}
{"type":2,"rcvTime":25256.2,"pos":[4564.872905789866,5194.389710910673,1.895],"noise":[0.0,0.0,0.0],"spd":[-11.28817883434238,8.270915032975582,0.0],"spd_noise":[0.0,0.0,0.0]}
{"type":3,"rcvTime":25256.252928712987,"sendTime":25256.252814715033,"sender":2095,"messageID":3641657,