{"type":2,"rcvTime":25298.7,"pos":[6180.703182848026,5827.201145143612,1.895],"noise":[0.0,0.0,0.0],"spd":[-0.0,-0.0,0.0],"spd_noise":[0.0,0.0,0.0]}
{"type":3,"rcvTime":25298.719784887562,"sendTime":25298.719675946424,"sender":1669,"messageID":6333863,"pos":[6032.809965408857,5713.469023074844,1.895],"pos_noise":[0.0,0.0,0.0],"spd":[-12.723988256024518,-1.1010257759549998,0.0],"spd_noise":[0.0,0.0,0.0],"RSSI":1.9223561277687308e-9}
{"type":3,"rcvTime":25298.722898903976,"sendTime":25298.7227827447,"sender":2287,"messageID":6334340,"pos":[6101.23989767381,5739.689822660743,1.895],"pos_noise":[0.0,0.0,0.0],"spd":[2.364704276874828e-15,-4.718912477326683e-14,0.0],"spd_noise":[0.0,0.0,0.0],"RSSI":1.1158697607528239e-8}
{"type":3,"rcvTime":25298.728021331095,"sendTime":25298.7279052441,"sender":1069,"messageID":6335050,"pos":[6249.183668250487,5838.841962887166,1.895],"pos_noise":[0.0,0.0,0.0],"spd":[12.63296441775993,0.8314752043466528,0.0],"spd_noise":[0.0,0.0,0.0],"RSSI":1.9167879130508774e-8}
{"type":2,"rcvTime":25298.8,"pos":[6180.678497696726,5827.198658262898,1.895],"noise":[0.0,0.0,0.0],"spd":[-0.2468664241445363,-0.024870309347905605,0.0],"spd_noise":[0.0,0.0,0.0]}
{"type":3,"rcvTime":25298.80162096188,"sendTime":25298.801510292153,"sender":2449,"messageID":6336842,"pos":[6099.166877634753,5781.058209497603,1.895],"pos_noise":[0.0,0.0,0.0],"spd":[0.23985110916882189,-4.78637605059531,0.0],"spd_noise":[0.0,0.0,0.0],"RSSI":1.9125671099364433e-8}
{"type":3,"rcvTime":25298.834232218614,"sendTime":25298.83411734132,"sender":379,"messageID":6339226,"pos":[4852.994906810486,5720.605611496335,1.895],"pos_noise":[0.0,0.0,0.0],"spd":[10.221679277809774,0.588174841125364,0.0],"spd_noise":[0.0,0.0,0.0],"RSSI":1.7573403410396752e-9}
{"type":2,"rcvTime":25298.899999999998,"pos":[6180.62960129152,5827.193732243786,1.895],"noise":[0.0,0.0,0.0],"spd":[-0.48899358808917917,-0.04926316669850427,0.0],"spd_noise":[0.0,0.0,0.0]}
{"type":3,"rcvTime":25298.98117099272,"sendTime":25298.98105987199,"sender":1825,"messageID":6349271,"pos":[5867.898198307218,5810.237966667851,1.895],"pos_noise":[0.0,0.0,0.0],"spd":[-15.251847466391006,-0.05186623123335334,0.0],"spd_noise":[0.0,0.0,0.0],"RSSI":2.291299182682443e-9}
{"type":2,"rcvTime":25299.0,"pos":[6180.557379519082,5827.186456334037,1.895],"noise":[0.0,0.0,0.0],"spd":[-0.7222613501701508,-0.07276349252835784,0.0],"spd_noise":[0.0,0.0,0.0]}
{"type":3,"rcvTime":25299.025797997765,"sendTime":25299.02568835081,"sender":2179,"messageID":6350898,"pos":[6097.9498976738109,5739.529822660743,1.895],"pos_noise":[0.0,0.0,0.0],"spd":[2.2778204544559034e-15,-4.545530478702541e-14,0.0],"spd_noise":[0.0,0.0,0.0],"RSSI":1.1378191821633979e-8}
{"type":3,"rcvTime":25299.0321750374,"sendTime":25299.032061786533,"sender":1591,"messageID":6351441,"pos":[6123.003836105873,5736.826810319855,1.895],"pos_noise":[0.0,0.0,0.0],"spd":[13.22549979803109,0.7635874329866838,0.0],"spd_noise":[0.0,0.0,0.0],"RSSI":2.5819404072727036e-9}
{"type":3,"rcvTime":25299.04333615277,"sendTime":25299.043230676,"sender":2923,"messageID":6352063,"pos":[6123.76899818881,5821.46536803317,1.895],"pos_noise":[0.0,0.0,0.0],"spd":[-0.9580741663918592,-0.09652021727510436,0.0],"spd_noise":[0.0,0.0,0.0],"RSSI":4.03308844461489e-8}
{"type":3,"rcvTime":25299.052547518582,"sendTime":25299.05243487912,"sender":187,"messageID":6353004,"pos":[6234.406048324863,5837.86933095842,1.895],"pos_noise":[0.0,0.0,0.0],"spd":[12.43936752113535,0.8187330629275854,0.0],"spd_noise":[0.0,0.0,0.0],"RSSI":6.375188362911313e-8}
{"type":3,"rcvTime":25299.06331959109,"sendTime":25299.06320180604,"sender":769,"messageID":6354264,"pos":[6095.512556651794,5682.37842988564,1.895],"pos_noise":[0.0,0.0,0.0],"spd":[-1.0006233401971983,-14.587749310443864,0.0],"spd_noise":[0.0,0.0,0.0],"RSSI":2.9507725784369746e-9}
{"type":3,"rcvTime":25299.064678680665,"sendTime":25299.064569564816,"sender":2593,"messageID":6354603,"pos":[6095.897977992493,5780.477138912202,1.895],"pos_noise":[0.0,0.0,0.0],"spd":[0.622682632193872,-12.42601398920208,0.0],"spd_noise":[0.0,0.0,0.0],"RSSI":1.1334778550034954e-8}
{"type":3,"rcvTime":25299.065114746183,"sendTime":25299.064998670947,"sender":481,"messageID":6354961,"pos":[6091.393436957089,5804.344494352397,1.895],"pos_noise":[0.0,0.0,0.0],"spd":[-0.307683712514365,6.140017270889202,0.0],"spd_noise":[0.0,0.0,0.0],"RSSI":9.395213868348888e-8}
{"type":3,"rcvTime":25299.09369644163,"sendTime":25299.093588835793,"sender":1777,"messageID":6356168,"pos":[6025.6802220463009,5716.164144581975,1.895],"pos_noise":[0.0,0.0,0.0],"spd":[-15.038500893808433,-1.301722626210087,0.0],"spd_noise":[0.0,0.0,0.0],"RSSI":1.0786624407624879e-8}
{"type":2,"rcvTime":25299.1,"pos":[6180.463249028095,5827.176973252495,1.895],"noise":[0.0,0.0,0.0],"spd":[-0.94136176969899,-0.0948365436970599,0.0],"spd_noise":[0.0,0.0,0.0]}
{"type":3,"rcvTime":25299.142583578247,"sendTime":25299.142475898145,"sender":757,"messageID":6360022,"pos":[6163.917308425886,5735.614787626461,1.895],"pos_noise":[0.0,0.0,0.0],"spd":[11.297026683647803,0.5790686100946485,0.0],"spd_noise":[0.0,0.0,0.0],"RSSI":1.1409508592729872e-8}
{"type":3,"rcvTime":25299.160895698074,"sendTime":25299.160782760104,"sender":2587,"messageID":6361251,"pos":[5964.954151447019,5810.568020224923,1.895],"pos_noise":[0.0,0.0,0.0],"spd":[-15.589002671534282,-0.05301277888079313,0.0],"spd_noise":[0.0,0.0,0.0],"RSSI":5.149946742512399e-9}
{"type":3,"rcvTime":25299.16268888434,"sendTime":25299.16257063928,"sender":2677,"messageID":6361582,"pos":[6097.659697209552,5811.13491965376,1.895],"pos_noise":[0.0,0.0,0.0],"spd":[0.43089292746161397,-11.714538983798235,0.0],"spd_noise":[0.0,0.0,0.0],"RSSI":1.151207942139566e-7}
{"type":3,"rcvTime":25299.17228988451,"sendTime":25299.1721728696,"sender":2869,"messageID":6361938,"pos":[6169.758765243668,5826.09856081123,1.895],"pos_noise":[0.0,0.0,0.0],"spd":[-6.395893178130574,-0.6443478186533223,0.0],"spd_noise":[0.0,0.0,0.0],"RSSI":2.0121224321755166e-7}
{"type":2,"rcvTime":25299.2,"pos":[6180.344208213577,5827.164980605491,1.895],"noise":[0.0,0.0,0.0],"spd":[-1.1904800521532156,-0.11993371424287808,0.0],"spd_noise":[0.0,0.0,0.0]}
{"type":3,"rcvTime":25299.280621341655,"sendTime":25299.280507811483,"sender":2857,"messageID":6367745,"pos":[6148.2277542319729,5823.929440784927,1.895],"pos_noise":[0.0,0.0,0.0],"spd":[-5.34750898825242,-0.5387294089886737,0.0],"spd_noise":[0.0,0.0,0.0],"RSSI":5.838203590769548e-8}
{"type":3,"rcvTime":25299.288207830326,"sendTime":25299.288093341187,"sender":1303,"messageID":6368817,"pos":[6152.529280493644,5738.337944430302,1.895],"pos_noise":[0.0,0.0,0.0],"spd":[13.788544310541992,0.7057079096735366,0.0],"spd_noise":[0.0,0.0,0.0],"RSSI":1.4652673437685767e-8}
{"type":3,"rcvTime":25299.288526899636,"sendTime":25299.28841771744,"sender":313,"messageID":6369184,"pos":[6170.480953257551,5732.651330876823,1.895],"pos_noise":[0.0,0.0,0.0],"spd":[13.497350964178484,0.6916633150881679,0.0],"spd_noise":[0.0,0.0,0.0],"RSSI":4.4655858873191969e-8}
{"type":2,"rcvTime":25299.3,"pos":[6180.205384056877,5827.150994905596,1.895],"noise":[0.0,0.0,0.0],"spd":[-1.3883254241772898,-0.13986544705106086,0.0],"spd_noise":[0.0,0.0,0.0]}
{"type":3,"rcvTime":25299.339533185175,"sendTime":25299.33942482332,"sender":2359,"messageID":6371026,"pos":[6100.388621074128,5756.6775695311639,1.895],"pos_noise":[0.0,0.0,0.0],"spd":[0.07706111581460129,-1.5378018490096639,0.0],"spd_noise":[0.0,0.0,0.0],"RSSI":4.556115388936081e-9}
{"type":3,"rcvTime":25299.387861285617,"sendTime":25299.387754051248,"sender":1159,"messageID":6374047,"pos":[5035.837303544848,5447.384741550105,1.895],"pos_noise":[0.0,0.0,0.0],"spd":[14.958240299395385,1.5067690838178676,0.0],"spd_noise":[0.0,0.0,0.0],"RSSI":1.631789314181593e-8}
{"type":3,"rcvTime":25299.388895779008,"sendTime":25299.38878966216,"sender":547,"messageID":6374403,"pos":[6136.170239665274,5730.893099801013,1.895],"pos_noise":[0.0,0.0,0.0],