{"type":2,"rcvTime":25284.1,"pos":[4583.716239093138,5180.364454702572,1.895],"noise":[0.0,0.0,0.0],"spd":[-6.114578903272043,4.646271006144898,0.0],"spd_noise":[0.0,0.0,0.0]}
{"type":3,"rcvTime":25284.11459154622,"sendTime":25284.11448462135,"sender":1663,"messageID":5453962,"pos":[4422.88798937538,5293.235369086663,1.895],"pos_noise":[0.0,0.0,0.0],"spd":[-4.214197129531338e-14,2.039690443574665e-14,0.0],"spd_noise":[0.0,0.0,0.0],"RSSI":9.562393453109928e-9}
{"type":3,"rcvTime":25284.19902063366,"sendTime":25284.19890654632,"sender":2605,"messageID":5460146,"pos":[4599.287564669315,5189.8498858443349,1.895],"pos_noise":[0.0,0.0,0.0],"spd":[2.746475873545003,8.781163579979106,0.0],"spd_noise":[0.0,0.0,0.0],"RSSI":3.0324935132563416e-8}
{"type":2,"rcvTime":25284.2,"pos":[4583.088079907285,5180.841950589836,1.895],"noise":[0.0,0.0,0.0],"spd":[-6.290711114368608,4.78074819410342,0.0],"spd_noise":[0.0,0.0,0.0]}
{"type":3,"rcvTime":25284.252926910405,"sendTime":25284.252814715033,"sender":2095,"messageID":5462541,"pos":[4572.223083921557,5193.0915886612,1.895],"pos_noise":[0.0,0.0,0.0],"spd":[-4.23821711172245e-14,2.0513096958141533e-14,0.0],"spd_noise":[0.0,0.0,0.0],"RSSI":3.0165036208240694e-9}
{"type":2,"rcvTime":25284.3,"pos":[4582.443899010503,5181.33162539806,1.895],"noise":[0.0,0.0,0.0],"spd":[-6.450836396095169,4.903111923437352,0.0],"spd_noise":[0.0,0.0,0.0]}
{"type":3,"rcvTime":25284.305869920732,"sendTime":25284.305754677112,"sender":2119,"messageID":5465042,"pos":[4425.773986515961,5299.172469196395,1.895],"pos_noise":[0.0,0.0,0.0],"spd":[-4.263861891413491e-14,2.063715428134786e-14,0.0],"spd_noise":[0.0,0.0,0.0],"RSSI":7.794038420986867e-9}
{"type":3,"rcvTime":25284.31772486924,"sendTime":25284.317610489343,"sender":2167,"messageID":5465297,"pos":[4615.6365064837159,5367.664329908553,1.895],"pos_noise":[0.0,0.0,0.0],"spd":[0.2740000541694603,-2.7654889188274645,0.0],"spd_noise":[0.0,0.0,0.0],"RSSI":2.5570273966302465e-9}
{"type":2,"rcvTime":25284.399999999998,"pos":[4581.784185512929,5181.833107329644,1.895],"noise":[0.0,0.0,0.0],"spd":[-6.606134194652669,5.021660081865804,0.0],"spd_noise":[0.0,0.0,0.0]}
{"type":2,"rcvTime":25284.5,"pos":[4581.112360359753,5182.343795949386,1.895],"noise":[0.0,0.0,0.0],"spd":[-6.727415966998554,5.1138525528180669,0.0],"spd_noise":[0.0,0.0,0.0]}
{"type":2,"rcvTime":25284.6,"pos":[4580.426882429797,5182.8648627422239,1.895],"noise":[0.0,0.0,0.0],"spd":[-6.864129973721505,5.2177758534903859,0.0],"spd_noise":[0.0,0.0,0.0]}
{"type":3,"rcvTime":25284.625684196686,"sendTime":25284.625576979248,"sender":2437,"messageID":5484779,"pos":[4413.766533647448,5290.809575582952,1.895],"pos_noise":[0.0,0.0,0.0],"spd":[0.08738438329906588,0.6756161715467522,0.0],"spd_noise":[0.0,0.0,0.0],"RSSI":1.6086471936274883e-9}
{"type":2,"rcvTime":25284.7,"pos":[4579.727038425358,5183.396849922179,1.895],"noise":[0.0,0.0,0.0],"spd":[-7.007986687637827,5.327128690791874,0.0],"spd_noise":[0.0,0.0,0.0]}
{"type":3,"rcvTime":25284.706707201745,"sendTime":25284.706592628918,"sender":2173,"messageID":5489976,"pos":[4428.271440166248,5290.629754590217,1.895],"pos_noise":[0.0,0.0,0.0],"spd":[-4.201226154586602e-14,2.0334124331195278e-14,0.0],"spd_noise":[0.0,0.0,0.0],"RSSI":1.9393113539831975e-8}
{"type":3,"rcvTime":25284.776153046096,"sendTime":25284.776046065617,"sender":877,"messageID":5493554,"pos":[4621.608308030513,5351.0707097441759,1.895],"pos_noise":[0.0,0.0,0.0],"spd":[-1.9142477003884595,-0.3569659530440439,0.0],"spd_noise":[0.0,0.0,0.0],"RSSI":2.5675241976555196e-9}
{"type":2,"rcvTime":25284.8,"pos":[4579.0087122356949,5183.942886355304,1.895],"noise":[0.0,0.0,0.0],"spd":[-7.193060657237143,5.467812869760557,0.0],"spd_noise":[0.0,0.0,0.0]}
{"type":3,"rcvTime":25284.8435264506,"sendTime":25284.843418612145,"sender":403,"messageID":5496771,"pos":[4399.197782147197,5314.787972286031,1.895],"pos_noise":[0.0,0.0,0.0],"spd":[0.0,-0.0,0.0],"spd_noise":[0.0,0.0,0.0],"RSSI":3.889971941499312e-9}
{"type":2,"rcvTime":25284.899999999998,"pos":[4578.272993501937,5184.502143749709,1.895],"noise":[0.0,0.0,0.0],"spd":[-7.3672233516476359,5.600202831045221,0.0],"spd_noise":[0.0,0.0,0.0]}
{"type":2,"rcvTime":25285.0,"pos":[4577.519522920087,5185.0748952307189,1.895],"noise":[0.0,0.0,0.0],"spd":[-7.5449839873330799,5.735327771297154,0.0],"spd_noise":[0.0,0.0,0.0]}
{"type":3,"rcvTime":25285.073458490842,"sendTime":25285.073345330544,"sender":865,"messageID":5510454,"pos":[4405.189546150357,5314.322232695683,1.895],"pos_noise":[0.0,0.0,0.0],"spd":[0.0,-0.0,0.0],"spd_noise":[0.0,0.0,0.0],"RSSI":3.7318944985237859e-9}
{"type":3,"rcvTime":25285.08156449096,"sendTime":25285.081451138343,"sender":2191,"messageID":5510725,"pos":[4572.197875202275,5193.110077425695,1.895],"pos_noise":[0.0,0.0,0.0],"spd":[-4.2520219399952699e-14,2.0579848742311664e-14,0.0],"spd_noise":[0.0,0.0,0.0],"RSSI":1.2906922617057608e-9}
{"type":2,"rcvTime":25285.1,"pos":[4576.755329630398,5185.655797589737,1.895],"noise":[0.0,0.0,0.0],"spd":[-7.652357335282604,5.816947738340945,0.0],"spd_noise":[0.0,0.0,0.0]}
{"type":3,"rcvTime":25285.11459153345,"sendTime":25285.11448462135,"sender":1663,"messageID":5511941,"pos":[4422.88798937538,5293.235369086663,1.895],"pos_noise":[0.0,0.0,0.0],"spd":[-4.231775713030932e-14,2.0481985573798889e-14,0.0],"spd_noise":[0.0,0.0,0.0],"RSSI":1.2748878254706248e-8}
{"type":3,"rcvTime":25285.199020658267,"sendTime":25285.19890654632,"sender":2605,"messageID":5518102,"pos":[4599.287564669315,5189.8498858443349,1.895],"pos_noise":[0.0,0.0,0.0],"spd":[-1.90596564580971,10.702730164940569,0.0],"spd_noise":[0.0,0.0,0.0],"RSSI":1.9866023337713818e-7}
{"type":2,"rcvTime":25285.2,"pos":[4575.977780950889,5186.246852062829,1.895],"noise":[0.0,0.0,0.0],"spd":[-7.786093415709197,5.9186073651052679,0.0],"spd_noise":[0.0,0.0,0.0]}
{"type":3,"rcvTime":25285.252926860405,"sendTime":25285.252814715033,"sender":2095,"messageID":5520490,"pos":[4572.223083921557,5193.0915886612,1.895],"pos_noise":[0.0,0.0,0.0],"spd":[-4.2393514441550027e-14,2.0518587160874977e-14,0.0],"spd_noise":[0.0,0.0,0.0],"RSSI":1.1350925185920228e-8}
{"type":2,"rcvTime":25285.3,"pos":[4575.175283574517,5186.841098105637,1.895],"noise":[0.0,0.0,0.0],"spd":[-7.974522847089862,6.03312521943896,0.0],"spd_noise":[0.0,0.0,0.0]}
{"type":3,"rcvTime":25285.30586987009,"sendTime":25285.305754677112,"sender":2119,"messageID":5522974,"pos":[4425.773986515961,5299.172469196395,1.895],"pos_noise":[0.0,0.0,0.0],"spd":[-4.1329211813445577e-14,2.0003399318307535e-14,0.0],"spd_noise":[0.0,0.0,0.0],"RSSI":1.6588003419695516e-9}
{"type":2,"rcvTime":25285.399999999998,"pos":[4574.354650882422,5187.442380506386,1.895],"noise":[0.0,0.0,0.0],"spd":[-8.144222517645045,6.1198081016395859,0.0],"spd_noise":[0.0,0.0,0.0]}
{"type":2,"rcvTime":25285.5,"pos":[4573.521196324459,5188.053057563679,1.895],"noise":[0.0,0.0,0.0],"spd":[-8.292034036896867,6.187966100643202,0.0],"spd_noise":[0.0,0.0,0.0]}
{"type":2,"rcvTime":25285.6,"pos":[4572.677672247612,5188.671112616693,1.895],"noise":[0.0,0.0,0.0],"spd":[-8.413184741135427,6.234529281675602,0.0],"spd_noise":[0.0,0.0,0.0]}
{"type":3,"rcvTime":25285.62568513512,"sendTime":25285.625576979248,"sender":2437,"messageID":5542767,"pos":[4413.827949181603,5291.2844124644739,1.895],"pos_noise":[0.0,0.0,0.0],"spd":[0.05544558310764663,0.42867994456410188,0.0],"spd_noise":[0.0,0.0,0.0],"RSSI":5.754575867890989e-9}
{"type":2,"rcvTime":25285.7,"pos":[4571.820129775549,5189.29943903034,1.895],"noise":[0.0,0.0,0.0],"spd":[-8.574574796548414,6.308924698594339,0.0],"spd_noise":[0.0,0.0,0.0]}
{"type":3,"rcvTime":25285.706708138652,"sendTime":25285.706592628918,"sender":2173,"messageID":5548281,"pos":[4428.271440166248,5290.629754590217,1.895],"pos_noise":[0.0,0.0,0.0],"spd":[-4.143639425702597e-14,2.0055401962565869e-14,0.0],"spd_noise":[0.0,0.0,0.0],"RSSI":1.5354203552147619e-9}
{"type":2,"rcvTime":25285.8,"pos":[4570.946262638394,5189.939726622129,1.895],"noise":[0.0,0.0,0.0],