{"type":2,"rcvTime":25297.399999999998,"pos":[3612.8954519849305,6077.810106441923,1.895],"noise":[0.0,0.0,0.0],"spd":[-3.1527899296350396,-27.391167476420898,0.0],"spd_noise":[0.0,0.0,0.0]}
{"type":2,"rcvTime":25297.5,"pos":[3612.5802729417348,6075.0718580492589,1.895],"noise":[0.0,0.0,0.0],"spd":[-3.15525181082938,-27.41255608828729,0.0],"spd_noise":[0.0,0.0,0.0]}
{"type":3,"rcvTime":25297.522259198562,"sendTime":25297.52214461742,"sender":2539,"messageID":6256257,"pos":[3581.1345685085827,5755.4198950202539,1.895],"pos_noise":[0.0,0.0,0.0],"spd":[-0.03250378200004883,33.57140622721888,0.0],"spd_noise":[0.0,0.0,0.0],"RSSI":4.502732679215616e-9}
{"type":2,"rcvTime":25297.6,"pos":[3612.264781165705,6072.330892660653,1.895],"noise":[0.0,0.0,0.0],"spd":[-3.1583825736847865,-27.43975588645463,0.0],"spd_noise":[0.0,0.0,0.0]}
{"type":2,"rcvTime":25297.7,"pos":[3611.9490383480585,6069.5877462440989,1.895],"noise":[0.0,0.0,0.0],"spd":[-3.1608957468546978,-27.46159011857347,0.0],"spd_noise":[0.0,0.0,0.0]}
{"type":2,"rcvTime":25297.8,"pos":[3611.633749202781,6066.848541294027,1.895],"noise":[0.0,0.0,0.0],"spd":[-3.1563540408153227,-27.422132167511188,0.0],"spd_noise":[0.0,0.0,0.0]}
{"type":3,"rcvTime":25297.82808197689,"sendTime":25297.827968571477,"sender":2707,"messageID":6276088,"pos":[3591.1972178346388,5745.804115683918,1.895],"pos_noise":[0.0,0.0,0.0],"spd":[0.2665112427456941,-34.19934355227532,0.0],"spd_noise":[0.0,0.0,0.0],"RSSI":1.0683917183264487e-8}
{"type":3,"rcvTime":25297.85984823672,"sendTime":25297.859741915392,"sender":2533,"messageID":6278964,"pos":[3589.476837896337,5708.351372442542,1.895],"pos_noise":[0.0,0.0,0.0],"spd":[-1.24800866506284,29.89078471628137,0.0],"spd_noise":[0.0,0.0,0.0],"RSSI":4.601082450235634e-9}
{"type":3,"rcvTime":25297.897473282104,"sendTime":25297.897355343077,"sender":2671,"messageID":6281125,"pos":[3592.947961202005,5705.072535300289,1.895],"pos_noise":[0.0,0.0,0.0],"spd":[1.467765176931776,-34.14800615724297,0.0],"spd_noise":[0.0,0.0,0.0],"RSSI":5.562254990199526e-9}
{"type":2,"rcvTime":25297.899999999998,"pos":[3611.3180048414558,6064.105381466123,1.895],"noise":[0.0,0.0,0.0],"spd":[-3.160911200596682,-27.461724379353375,0.0],"spd_noise":[0.0,0.0,0.0]}
{"type":3,"rcvTime":25297.929199066097,"sendTime":25297.929090926005,"sender":2629,"messageID":6283601,"pos":[3586.513511688322,5631.704927087494,1.895],"pos_noise":[0.0,0.0,0.0],"spd":[-2.861519135278695,34.93071220499801,0.0],"spd_noise":[0.0,0.0,0.0],"RSSI":6.197239273324026e-9}
{"type":2,"rcvTime":25298.0,"pos":[3611.002581609793,6061.365011585082,1.895],"noise":[0.0,0.0,0.0],"spd":[-3.157696377237891,-27.433794270785076,0.0],"spd_noise":[0.0,0.0,0.0]}
{"type":3,"rcvTime":25298.018503067167,"sendTime":25298.018394906958,"sender":2749,"messageID":6287832,"pos":[3607.1954574062358,6057.142111991663,1.895],"pos_noise":[0.0,0.0,0.0],"spd":[-0.017425681483151418,-29.90900405800867,0.0],"spd_noise":[0.0,0.0,0.0],"RSSI":9.241590599145117e-9}
{"type":2,"rcvTime":25298.1,"pos":[3610.6869641775758,6058.622954506339,1.895],"noise":[0.0,0.0,0.0],"spd":[-3.1596405155501028,-27.45068477706542,0.0],"spd_noise":[0.0,0.0,0.0]}
{"type":3,"rcvTime":25298.109095905056,"sendTime":25298.10898982412,"sender":2569,"messageID":6293697,"pos":[3584.4149819768688,5775.692826481856,1.895],"pos_noise":[0.0,0.0,0.0],"spd":[-0.03218540118976778,33.20790662778371,0.0],"spd_noise":[0.0,0.0,0.0],"RSSI":4.527657909497359e-9}
{"type":3,"rcvTime":25298.1226666878,"sendTime":25298.122553536436,"sender":2527,"messageID":6295656,"pos":[3581.0498495226559,5842.921573792528,1.895],"pos_noise":[0.0,0.0,0.0],"spd":[-0.028785618361589238,29.731115211358966,0.0],"spd_noise":[0.0,0.0,0.0],"RSSI":4.704649173581931e-9}
{"type":3,"rcvTime":25298.181940697894,"sendTime":25298.181827129654,"sender":2899,"messageID":6300139,"pos":[3603.4961108434147,6053.859981633819,1.895],"pos_noise":[0.0,0.0,0.0],"spd":[-4.18634135989961,-36.32652812051869,0.0],"spd_noise":[0.0,0.0,0.0],"RSSI":0.0000024560890556384}
{"type":3,"rcvTime":25298.183026977025,"sendTime":25298.18291448797,"sender":2875,"messageID":6300590,"pos":[3598.5558080466619,6010.991034015461,1.895],"pos_noise":[0.0,0.0,0.0],"spd":[-4.188595704538127,-36.34608995432387,0.0],"spd_noise":[0.0,0.0,0.0],"RSSI":6.192891200465745e-8}
{"type":2,"rcvTime":25298.2,"pos":[3610.371150226003,6055.8791900843539,1.895],"noise":[0.0,0.0,0.0],"spd":[-3.161607867332063,-27.467776959972434,0.0],"spd_noise":[0.0,0.0,0.0]}
{"type":3,"rcvTime":25298.202424743748,"sendTime":25298.202317756277,"sender":2419,"messageID":6302725,"pos":[3635.7022415208068,5223.13678201655,1.895],"pos_noise":[0.0,0.0,0.0],"spd":[1.1539123087409438,27.035349496199716,0.0],"spd_noise":[0.0,0.0,0.0],"RSSI":9.080335101729117e-9}
{"type":3,"rcvTime":25298.266644625564,"sendTime":25298.26653675204,"sender":2887,"messageID":6304149,"pos":[3606.0638872857609,6047.317090763802,1.895],"pos_noise":[0.0,0.0,0.0],"spd":[-3.495614407412043,-30.35117765643282,0.0],"spd_noise":[0.0,0.0,0.0],"RSSI":9.219964620772005e-7}
{"type":3,"rcvTime":25298.272242226805,"sendTime":25298.27212947253,"sender":2845,"messageID":6304418,"pos":[3594.854935618213,5957.640141242782,1.895],"pos_noise":[0.0,0.0,0.0],"spd":[-2.366353465505762,-35.64752355053369,0.0],"spd_noise":[0.0,0.0,0.0],"RSSI":1.585184003841844e-8}
{"type":2,"rcvTime":25298.3,"pos":[3610.056264914471,6053.143493607095,1.895],"noise":[0.0,0.0,0.0],"spd":[-3.152311268355244,-27.387008908431285,0.0],"spd_noise":[0.0,0.0,0.0]}
{"type":3,"rcvTime":25298.368216065177,"sendTime":25298.368105617534,"sender":2545,"messageID":6309677,"pos":[3584.3598907676384,5832.534241051544,1.895],"pos_noise":[0.0,0.0,0.0],"spd":[-0.030620158408865517,31.592937290077857,0.0],"spd_noise":[0.0,0.0,0.0],"RSSI":1.506785449391333e-8}
{"type":2,"rcvTime":25298.399999999998,"pos":[3609.7407216069557,6050.402080517381,1.895],"noise":[0.0,0.0,0.0],"spd":[-3.1588984544715954,-27.4442378143014,0.0],"spd_noise":[0.0,0.0,0.0]}
{"type":3,"rcvTime":25298.426778188976,"sendTime":25298.42666347707,"sender":2575,"messageID":6314206,"pos":[3590.297818511969,5688.688243872166,1.895],"pos_noise":[0.0,0.0,0.0],"spd":[-1.2530512373926735,30.011558271849667,0.0],"spd_noise":[0.0,0.0,0.0],"RSSI":2.0703384792683928e-9}
{"type":2,"rcvTime":25298.5,"pos":[3609.4249412864257,6047.658608279001,1.895],"noise":[0.0,0.0,0.0],"spd":[-3.1612711875570076,-27.464851915087885,0.0],"spd_noise":[0.0,0.0,0.0]}
{"type":3,"rcvTime":25298.522257173547,"sendTime":25298.52214461742,"sender":2539,"messageID":6318860,"pos":[3581.102085759046,5788.969577945036,1.895],"pos_noise":[0.0,0.0,0.0],"spd":[-0.03230780756875373,33.36899478646304,0.0],"spd_noise":[0.0,0.0,0.0],"RSSI":9.707126249819406e-9}
{"type":2,"rcvTime":25298.6,"pos":[3609.1089741420876,6044.913512931462,1.895],"noise":[0.0,0.0,0.0],"spd":[-3.16314147738528,-27.48110083208213,0.0],"spd_noise":[0.0,0.0,0.0]}
{"type":2,"rcvTime":25298.7,"pos":[3608.793952704345,6042.176633801406,1.895],"noise":[0.0,0.0,0.0],"spd":[-3.153674025432225,-27.39884842459606,0.0],"spd_noise":[0.0,0.0,0.0]}
{"type":3,"rcvTime":25298.727215519426,"sendTime":25298.727096380248,"sender":2479,"messageID":6334697,"pos":[3622.095513177069,5377.440614063811,1.895],"pos_noise":[0.0,0.0,0.0],"spd":[3.683371328311607,-29.74593048793901,0.0],"spd_noise":[0.0,0.0,0.0],"RSSI":1.4405514050505399e-9}
{"type":2,"rcvTime":25298.8,"pos":[3608.478701347542,6039.437757154348,1.895],"noise":[0.0,0.0,0.0],"spd":[-3.155975741068397,-27.418845531878753,0.0],"spd_noise":[0.0,0.0,0.0]}
{"type":3,"rcvTime":25298.82808499593,"sendTime":25298.827968571477,"sender":2707,"messageID":6338876,"pos":[3592.6671185731495,5711.606425032849,1.895],"pos_noise":[0.0,0.0,0.0],"spd":[1.4691754465308094,-34.18081651117052,0.0],"spd_noise":[0.0,0.0,0.0],"RSSI":6.855192137489149e-9}
{"type":3,"rcvTime":25298.859850998153,"sendTime":25298.859741915392,"sender":2533,"messageID":6341713,"pos":[3588.2290861278167,5738.236004285456,1.895],