{"type":2,"rcvTime":18093.8,"pos":[6096.08747097636,6078.558013222997,1.895],"noise":[0.0,0.0,0.0],"spd":[7.521784471142538,-14.97841379134444,0.0],"spd_noise":[0.0,0.0,0.0]}
{"type":2,"rcvTime":18093.899999999998,"pos":[6096.85410019123,6077.060308611917,1.895],"noise":[0.0,0.0,0.0],"spd":[7.629494489846776,-14.905157351181427,0.0],"spd_noise":[0.0,0.0,0.0]}
{"type":2,"rcvTime":18094.0,"pos":[6097.62106566356,6075.561947080467,1.895],"noise":[0.0,0.0,0.0],"spd":[7.632840924325134,-14.911695023176828,0.0],"spd_noise":[0.0,0.0,0.0]}
{"type":2,"rcvTime":18094.1,"pos":[6098.522555615151,6074.164122056776,1.895],"noise":[0.0,0.0,0.0],"spd":[8.190044590065444,-14.64366652173137,0.0],"spd_noise":[0.0,0.0,0.0]}
{"type":2,"rcvTime":18094.2,"pos":[6099.776566061694,6073.044379395418,1.895],"noise":[0.0,0.0,0.0],"spd":[10.092970798506027,-13.343978561982846,0.0],"spd_noise":[0.0,0.0,0.0]}
{"type":2,"rcvTime":18094.3,"pos":[6101.02938616274,6071.925699628423,1.895],"noise":[0.0,0.0,0.0],"spd":[11.819798838210885,-11.819094506914404,0.0],"spd_noise":[0.0,0.0,0.0]}
{"type":2,"rcvTime":18094.399999999998,"pos":[6102.286912667001,6070.802817376134,1.895],"noise":[0.0,0.0,0.0],"spd":[12.514904661858865,-11.174924970786913,0.0],"spd_noise":[0.0,0.0,0.0]}
{"type":2,"rcvTime":18094.5,"pos":[6103.567054650152,6069.722360978538,1.895],"noise":[0.0,0.0,0.0],"spd":[12.559390485520633,-10.983497277918943,0.0],"spd_noise":[0.0,0.0,0.0]}
{"type":3,"rcvTime":18094.567181203405,"sendTime":18094.567066550488,"sender":223,"messageID":305379,"pos":[6246.816178689399,5838.686139693061,1.895],"pos_noise":[0.0,0.0,0.0],"spd":[16.743497023958285,1.1020218334455235,0.0],"spd_noise":[0.0,0.0,0.0],"RSSI":9.661202851968618e-9}
{"type":2,"rcvTime":18094.6,"pos":[6104.916030634451,6068.711098036206,1.895],"noise":[0.0,0.0,0.0],"spd":[12.976238365779233,-10.636448088167724,0.0],"spd_noise":[0.0,0.0,0.0]}
{"type":2,"rcvTime":18094.7,"pos":[6106.264875584726,6067.69993332383,1.895],"noise":[0.0,0.0,0.0],"spd":[13.307880643949538,-10.215792416413647,0.0],"spd_noise":[0.0,0.0,0.0]}
{"type":2,"rcvTime":18094.8,"pos":[6107.611165106071,6066.6906842946159,1.895],"noise":[0.0,0.0,0.0],"spd":[13.398274270806449,-10.04404705419263,0.0],"spd_noise":[0.0,0.0,0.0]}
{"type":2,"rcvTime":18094.899999999998,"pos":[6108.955587576778,6065.682834904196,1.895],"noise":[0.0,0.0,0.0],"spd":[13.379693381530858,-10.030117847906757,0.0],"spd_noise":[0.0,0.0,0.0]}
{"type":2,"rcvTime":18095.0,"pos":[6110.294307997189,6064.679260068867,1.895],"noise":[0.0,0.0,0.0],"spd":[13.32294657294473,-9.98757747262704,0.0],"spd_noise":[0.0,0.0,0.0]}
{"type":2,"rcvTime":18095.1,"pos":[6111.879889374533,6064.127354847721,1.895],"noise":[0.0,0.0,0.0],"spd":[14.437244835475536,-8.440775606081275,0.0],"spd_noise":[0.0,0.0,0.0]}
{"type":2,"rcvTime":18095.2,"pos":[6113.467090673475,6063.585383672473,1.895],"noise":[0.0,0.0,0.0],"spd":[15.296619152417528,-6.679342178543217,0.0],"spd_noise":[0.0,0.0,0.0]}
{"type":2,"rcvTime":18095.3,"pos":[6115.054385749731,6063.043380475702,1.895],"noise":[0.0,0.0,0.0],"spd":[15.79676172413343,-5.3940161984831909,0.0],"spd_noise":[0.0,0.0,0.0]}
{"type":3,"rcvTime":18095.396561077723,"sendTime":18095.39644250148,"sender":307,"messageID":308442,"pos":[6308.4771804437409,5519.031638740844,1.895],"pos_noise":[0.0,0.0,0.0],"spd":[10.938795487011542,0.6475328909517739,0.0],"spd_noise":[0.0,0.0,0.0],"RSSI":1.3772938013567238e-9}
{"type":2,"rcvTime":18095.399999999998,"pos":[6116.640150724902,6062.501899752473,1.895],"noise":[0.0,0.0,0.0],"spd":[15.78153415703757,-5.388816541426068,0.0],"spd_noise":[0.0,0.0,0.0]}
{"type":2,"rcvTime":18095.5,"pos":[6118.22749959219,6061.959878188033,1.895],"noise":[0.0,0.0,0.0],"spd":[15.797297052507452,-5.3941989935410989,0.0],"spd_noise":[0.0,0.0,0.0]}
{"type":2,"rcvTime":18095.6,"pos":[6119.818192265987,6061.416714836005,1.895],"noise":[0.0,0.0,0.0],"spd":[15.8305746172573,-5.405562064431295,0.0],"spd_noise":[0.0,0.0,0.0]}
{"type":2,"rcvTime":18095.7,"pos":[6121.4039477289929,6060.875237360832,1.895],"noise":[0.0,0.0,0.0],"spd":[15.781439491967929,-5.388784216771504,0.0],"spd_noise":[0.0,0.0,0.0]}
{"type":2,"rcvTime":18095.8,"pos":[6122.9941773942059,6060.3322321092969,1.895],"noise":[0.0,0.0,0.0],"spd":[15.825966755499456,-5.403988648217928,0.0],"spd_noise":[0.0,0.0,0.0]}
{"type":3,"rcvTime":18095.82222384173,"sendTime":18095.822108976125,"sender":337,"messageID":310327,"pos":[5868.723206976774,5898.661986557237,1.895],"pos_noise":[0.0,0.0,0.0],"spd":[14.238456758667273,0.7296408183808154,0.0],"spd_noise":[0.0,0.0,0.0],"RSSI":1.3920708578688549e-9}
{"type":2,"rcvTime":18095.899999999998,"pos":[6124.589210233366,6059.791460692312,1.895],"noise":[0.0,0.0,0.0],"spd":[15.866402672498209,-5.403435916611169,0.0],"spd_noise":[0.0,0.0,0.0]}
{"type":2,"rcvTime":18096.0,"pos":[6126.179734639895,6059.252306541898,1.895],"noise":[0.0,0.0,0.0],"spd":[15.825737132702914,-5.374984094520032,0.0],"spd_noise":[0.0,0.0,0.0]}
{"type":2,"rcvTime":18096.1,"pos":[6127.768661469957,6058.7136939361339,1.895],"noise":[0.0,0.0,0.0],"spd":[15.813000939153977,-5.360273034386857,0.0],"spd_noise":[0.0,0.0,0.0]}
{"type":2,"rcvTime":18096.2,"pos":[6129.359303530898,6058.174499903361,1.895],"noise":[0.0,0.0,0.0],"spd":[15.830070918081765,-5.3660593963871039,0.0],"spd_noise":[0.0,0.0,0.0]}
{"type":2,"rcvTime":18096.3,"pos":[6130.950967618035,6057.634959425312,1.895],"noise":[0.0,0.0,0.0],"spd":[15.840242123514244,-5.369507220011267,0.0],"spd_noise":[0.0,0.0,0.0]}
{"type":3,"rcvTime":18096.39655358484,"sendTime":18096.39644250148,"sender":307,"messageID":312090,"pos":[6045.597836176775,5972.285068434025,1.895],"pos_noise":[0.0,0.0,0.0],"spd":[11.8634164520761,0.6588168273987818,0.0],"spd_noise":[0.0,0.0,0.0],"RSSI":1.0606672637285484e-8}
{"type":2,"rcvTime":18096.399999999998,"pos":[6132.5475857210899,6057.093739640595,1.895],"noise":[0.0,0.0,0.0],"spd":[15.889544493424927,-5.3862196811711648,0.0],"spd_noise":[0.0,0.0,0.0]}
{"type":2,"rcvTime":18096.5,"pos":[6134.137217686669,6056.554888008797,1.895],"noise":[0.0,0.0,0.0],"spd":[15.820018448326396,-5.362651821647431,0.0],"spd_noise":[0.0,0.0,0.0]}
{"type":3,"rcvTime":18096.587603865202,"sendTime":18096.58748874292,"sender":547,"messageID":312699,"pos":[6072.750844173029,5940.566003177367,1.895],"pos_noise":[0.0,0.0,0.0],"spd":[-14.205934642245709,-1.430448919378756,0.0],"spd_noise":[0.0,0.0,0.0],"RSSI":5.464551498845637e-9}
{"type":2,"rcvTime":18096.6,"pos":[6135.732861262592,6056.013998568176,1.895],"noise":[0.0,0.0,0.0],"spd":[15.879845998737786,-5.382932096493271,0.0],"spd_noise":[0.0,0.0,0.0]}
{"type":3,"rcvTime":18096.622152380205,"sendTime":18096.622043505915,"sender":505,"messageID":312981,"pos":[6101.23989767381,5739.689822660743,1.895],"pos_noise":[0.0,0.0,0.0],"spd":[2.354240920522204e-15,-4.6980322077222667e-14,0.0],"spd_noise":[0.0,0.0,0.0],"RSSI":7.677016057365745e-9}
{"type":2,"rcvTime":18096.7,"pos":[6137.323227124951,6055.474898160884,1.895],"noise":[0.0,0.0,0.0],"spd":[15.827322189582283,-5.365127635535628,0.0],"spd_noise":[0.0,0.0,0.0]}
{"type":3,"rcvTime":18096.719540233604,"sendTime":18096.719422238228,"sender":565,"messageID":313544,"pos":[6439.332115655787,6159.829168460302,1.895],"pos_noise":[0.0,0.0,0.0],"spd":[-1.7836397661103785,14.662286034313949,0.0],"spd_noise":[0.0,0.0,0.0],"RSSI":3.2887937333652625e-9}
{"type":3,"rcvTime":18096.792373239063,"sendTime":18096.79225686863,"sender":559,"messageID":313931,"pos":[6169.935949041221,5735.839502136557,1.895],"pos_noise":[0.0,0.0,0.0],"spd":[-1.3890112541764697,11.410802131078727,0.0],"spd_noise":[0.0,0.0,0.0],"RSSI":1.9895763292781499e-9}
{"type":2,"rcvTime":18096.8,"pos":[6138.919164547512,6054.933909112465,1.895],"noise":[0.0,0.0,0.0],"spd":[15.882770360681408,-5.383923393370534,0.0],"spd_noise":[0.0,0.0,0.0]}
{"type":2,"rcvTime":18096.899999999998,"pos":[6140.504911780893,6054.396374322759,1.895],"noise":[0.0,0.0,0.0],"spd":[15.781357590738307,-5.3495466082086209,0.0],