{"type":2,"rcvTime":25200.0,"pos":[3647.296920185701,5204.741097617288,1.895],"noise":[0.0,0.0,0.0],"spd":[5.955966460235559,-37.83053496702523,0.0],"spd_noise":[0.0,0.0,0.0]}
{"type":3,"rcvTime":25200.062524630408,"sendTime":25200.062414580254,"sender":1003,"messageID":3883,"pos":[3832.999561644908,5239.849637561635,1.895],"pos_noise":[0.0,0.0,0.0],"spd":[-4.0208059795627418e-14,2.5744524505184567e-14,0.0],"spd_noise":[0.0,0.0,0.0],"RSSI":5.3490416351139758e-9}
{"type":3,"rcvTime":25200.06582070139,"sendTime":25200.065709538758,"sender":25,"messageID":5149,"pos":[3637.335542590713,5212.665945509093,1.895],"pos_noise":[0.0,0.0,0.0],"spd":[-5.532730740829705,35.4694673838206,0.0],"spd_noise":[0.0,0.0,0.0],"RSSI":0.0000017655713626017598}
{"type":2,"rcvTime":25200.1,"pos":[3647.889359128558,5200.978100915874,1.895],"noise":[0.0,0.0,0.0],"spd":[5.917883834026943,-37.588645404342198,0.0],"spd_noise":[0.0,0.0,0.0]}
{"type":3,"rcvTime":25200.19334681578,"sendTime":25200.193239077926,"sender":97,"messageID":9838,"pos":[3605.487422304363,5526.255629083876,1.895],"pos_noise":[0.0,0.0,0.0],"spd":[2.827330888960856,-33.58737783181955,0.0],"spd_noise":[0.0,0.0,0.0],"RSSI":2.8383464231043317e-9}
{"type":2,"rcvTime":25200.2,"pos":[3648.482107767009,5197.213137119773,1.895],"noise":[0.0,0.0,0.0],"spd":[5.920977389183678,-37.60829475047445,0.0],"spd_noise":[0.0,0.0,0.0]}
{"type":3,"rcvTime":25200.200621527696,"sendTime":25200.200506201945,"sender":1123,"messageID":10373,"pos":[3463.316288884946,5199.595040364263,1.895],"pos_noise":[0.0,0.0,0.0],"spd":[0.4823932776607797,-0.018299266828694505,0.0],"spd_noise":[0.0,0.0,0.0],"RSSI":1.1607324005873218e-8}
{"type":3,"rcvTime":25200.20545183039,"sendTime":25200.205333715072,"sender":727,"messageID":10875,"pos":[439.70522090792658,3394.2520823329689,1.895],"pos_noise":[0.0,0.0,0.0],"spd":[3.946842840770472,-25.072007553125844,0.0],"spd_noise":[0.0,0.0,0.0],"RSSI":2.475571280167956e-8}
{"type":3,"rcvTime":25200.244048553483,"sendTime":25200.243932312118,"sender":1141,"messageID":12735,"pos":[7266.245728516951,2387.1752712875606,1.895],"pos_noise":[0.0,0.0,0.0],"spd":[-1.2480798087233359,29.89248866261083,0.0],"spd_noise":[0.0,0.0,0.0],"RSSI":2.5187468391159147e-9}
{"type":3,"rcvTime":25200.26564270623,"sendTime":25200.265530523844,"sender":1021,"messageID":13579,"pos":[3815.852020797822,5263.859217561652,1.895],"pos_noise":[0.0,0.0,0.0],"spd":[3.368389117254975,-1.3380777968469893,0.0],"spd_noise":[0.0,0.0,0.0],"RSSI":1.2469512048079223e-8}
{"type":3,"rcvTime":25200.273202872784,"sendTime":25200.273096180055,"sender":283,"messageID":14131,"pos":[3456.7963413141949,5199.842370221107,1.895],"pos_noise":[0.0,0.0,0.0],"spd":[0.23802421359058008,-0.009029289581533339,0.0],"spd_noise":[0.0,0.0,0.0],"RSSI":8.982791863239116e-9}
{"type":2,"rcvTime":25200.3,"pos":[3649.075528001244,5193.443907546159,1.895],"noise":[0.0,0.0,0.0],"spd":[5.927685972205579,-37.650905682937487,0.0],"spd_noise":[0.0,0.0,0.0]}
{"type":3,"rcvTime":25200.323834915744,"sendTime":25200.323721013494,"sender":361,"messageID":15617,"pos":[7441.293011400849,8968.151410110295,1.895],"pos_noise":[0.0,0.0,0.0],"spd":[-9.22643674077142,-1.1614334824122439,0.0],"spd_noise":[0.0,0.0,0.0],"RSSI":2.072824419607681e-9}
{"type":3,"rcvTime":25200.329313728293,"sendTime":25200.329195170663,"sender":787,"messageID":16219,"pos":[3463.265835742175,5196.292271331935,1.895],"pos_noise":[0.0,0.0,0.0],"spd":[0.7764041904190442,-0.029680950254898417,0.0],"spd_noise":[0.0,0.0,0.0],"RSSI":3.986918932553598e-9}
{"type":3,"rcvTime":25200.337870873285,"sendTime":25200.337750939885,"sender":505,"messageID":16750,"pos":[11906.034351810813,4246.63208774291,1.895],"pos_noise":[0.0,0.0,0.0],"spd":[-11.729232425968292,-0.6939219062713025,0.0],"spd_noise":[0.0,0.0,0.0],"RSSI":1.5684852686605585e-9}
{"type":3,"rcvTime":25200.361612783112,"sendTime":25200.361496341415,"sender":13,"messageID":17664,"pos":[12665.64313259907,161.48379049263895,1.895],"pos_noise":[0.0,0.0,0.0],"spd":[-2.450958123501458,29.919353669758267,0.0],"spd_noise":[0.0,0.0,0.0],"RSSI":6.2419568598957159e-9}
{"type":3,"rcvTime":25200.39289778683,"sendTime":25200.392781171715,"sender":91,"messageID":20084,"pos":[3652.8752039533535,5211.757502297164,1.895],"pos_noise":[0.0,0.0,0.0],"spd":[3.962297291290551,-25.170180729966395,0.0],"spd_noise":[0.0,0.0,0.0],"RSSI":0.0000012233005033241636}
{"type":2,"rcvTime":25200.399999999998,"pos":[3649.667288254828,5189.685221678002,1.895],"noise":[0.0,0.0,0.0],"spd":[5.9111043940014709,-37.545584409200177,0.0],"spd_noise":[0.0,0.0,0.0]}
{"type":3,"rcvTime":25200.425535982413,"sendTime":25200.42542253132,"sender":1135,"messageID":21214,"pos":[3463.2345221044595,5192.988480530872,1.895],"pos_noise":[0.0,0.0,0.0],"spd":[1.0053301239473352,-0.03840802765783463,0.0],"spd_noise":[0.0,0.0,0.0],"RSSI":1.8439472246223829e-8}
{"type":3,"rcvTime":25200.499213985255,"sendTime":25200.499103806447,"sender":1081,"messageID":23892,"pos":[3479.3661935104735,5187.622014587144,1.895],"pos_noise":[0.0,0.0,0.0],"spd":[-1.0104847918181946,-0.19761066224764615,0.0],"spd_noise":[0.0,0.0,0.0],"RSSI":2.4386744648410505e-9}
{"type":2,"rcvTime":25200.5,"pos":[3650.256496626601,5185.942744607312,1.895],"noise":[0.0,0.0,0.0],"spd":[5.885613598203203,-37.38367442394044,0.0],"spd_noise":[0.0,0.0,0.0]}
{"type":3,"rcvTime":25200.55375810524,"sendTime":25200.553642041046,"sender":847,"messageID":29032,"pos":[3962.155033065203,5245.1811047664809,1.895],"pos_noise":[0.0,0.0,0.0],"spd":[-1.17567108131512,-0.15015364353742428,0.0],"spd_noise":[0.0,0.0,0.0],"RSSI":2.6575973370583595e-9}
{"type":2,"rcvTime":25200.6,"pos":[3650.845860109978,5182.199282313654,1.895],"noise":[0.0,0.0,0.0],"spd":[5.887163010959217,-37.393515834852738,0.0],"spd_noise":[0.0,0.0,0.0]}
{"type":3,"rcvTime":25200.60679731005,"sendTime":25200.60668848548,"sender":433,"messageID":30623,"pos":[3456.1557310252389,5193.258921450803,1.895],"pos_noise":[0.0,0.0,0.0],"spd":[0.4423331328481307,-0.01689906906779285,0.0],"spd_noise":[0.0,0.0,0.0],"RSSI":1.9851871571801196e-8}
{"type":3,"rcvTime":25200.643972576534,"sendTime":25200.643862758996,"sender":907,"messageID":31691,"pos":[13582.865612795576,8017.051180242561,1.895],"pos_noise":[0.0,0.0,0.0],"spd":[-1.2349622491006723,0.7912193177236804,0.0],"spd_noise":[0.0,0.0,0.0],"RSSI":5.897429760022713e-9}
