{"type":2,"rcvTime":25298.7,"pos":[6180.703182848026,5827.201145143612,1.895],"noise":[0.0,0.0,0.0],"spd":[-0.0,-0.0,0.0],"spd_noise":[0.0,0.0,0.0]}
{"type":3,"rcvTime":25298.705941896264,"sendTime":25298.705831079184,"sender":1309,"messageID":6327574,"pos":[1460.5020656157286,1483.5468138335273,1.895],"pos_noise":[0.0,0.0,0.0],"spd":[-5.65342573322617,-11.543437908242933,0.0],"spd_noise":[0.0,0.0,0.0],"RSSI":2.266780086324102e-9}
{"type":3,"rcvTime":25298.754064642624,"sendTime":25298.753958111534,"sender":2359,"messageID":6330967,"pos":[508.3985338266939,4274.471167707816,1.895],"pos_noise":[0.0,0.0,0.0],"spd":[0.10992750211387995,-2.193670753670918,0.0],"spd_noise":[0.0,0.0,0.0],"RSSI":1.8554060601850918e-8}
{"type":3,"rcvTime":25298.793747726104,"sendTime":25298.79363249745,"sender":2731,"messageID":6333006,"pos":[520.2946797478944,7220.674603828229,1.895],"pos_noise":[0.0,0.0,0.0],"spd":[-11.92410993696335,-1.2012824500469335,0.0],"spd_noise":[0.0,0.0,0.0],"RSSI":1.2873773213030759e-8}
{"type":2,"rcvTime":25298.8,"pos":[6180.678497696726,5827.198658262898,1.895],"noise":[0.0,0.0,0.0],"spd":[-0.2468664241445363,-0.024870309347905605,0.0],"spd_noise":[0.0,0.0,0.0]}
{"type":3,"rcvTime":25298.8264371466,"sendTime":25298.826321192224,"sender":2395,"messageID":6335433,"pos":[6097.648481106599,5745.544775201721,1.895],"pos_noise":[0.0,0.0,0.0],"spd":[0.0216992478845311,-0.4330218056963507,0.0],"spd_noise":[0.0,0.0,0.0],"RSSI":4.682540529819436e-9}
{"type":3,"rcvTime":25298.834231228993,"sendTime":25298.83411734132,"sender":379,"messageID":6335803,"pos":[9845.021375147626,7785.280793090351,1.895],"pos_noise":[0.0,0.0,0.0],"spd":[10.221679277809774,0.588174841125364,0.0],"spd_noise":[0.0,0.0,0.0],"RSSI":3.6114575820399825e-9}
{"type":2,"rcvTime":25298.899999999998,"pos":[6180.62960129152,5827.193732243786,1.895],"noise":[0.0,0.0,0.0],"spd":[-0.48899358808917917,-0.04926316669850427,0.0],"spd_noise":[0.0,0.0,0.0]}
{"type":2,"rcvTime":25299.0,"pos":[6180.557379519082,5827.186456334037,1.895],"noise":[0.0,0.0,0.0],"spd":[-0.7222613501701508,-0.07276349252835784,0.0],"spd_noise":[0.0,0.0,0.0]}
{"type":3,"rcvTime":25299.006365468736,"sendTime":25299.006249325164,"sender":2449,"messageID":6343014,"pos":[6099.212641961887,5780.144954269698,1.895],"pos_noise":[0.0,0.0,0.0],"spd":[0.22687845750041478,-4.52749882683115,0.0],"spd_noise":[0.0,0.0,0.0],"RSSI":6.411479793658899e-8}
{"type":3,"rcvTime":25299.052541735837,"sendTime":25299.05243487912,"sender":187,"messageID":6345593,"pos":[6234.406048324863,5837.86933095842,1.895],"pos_noise":[0.0,0.0,0.0],"spd":[12.43936752113535,0.8187330629275854,0.0],"spd_noise":[0.0,0.0,0.0],"RSSI":1.7952385773352183e-7}
{"type":3,"rcvTime":25299.06331380834,"sendTime":25299.06320180604,"sender":769,"messageID":6346202,"pos":[6095.512556651794,5682.37842988564,1.895],"pos_noise":[0.0,0.0,0.0],"spd":[-1.0006233401971983,-14.587749310443864,0.0],"spd_noise":[0.0,0.0,0.0],"RSSI":7.2756860542119628e-9}
{"type":3,"rcvTime":25299.06511496226,"sendTime":25299.064998670947,"sender":481,"messageID":6346549,"pos":[3555.1139272842558,6556.4361970173199,1.895],"pos_noise":[0.0,0.0,0.0],"spd":[-0.307683712514365,6.140017270889202,0.0],"spd_noise":[0.0,0.0,0.0],"RSSI":3.193480935267429e-8}
{"type":3,"rcvTime":25299.07323427431,"sendTime":25299.07311869799,"sender":2179,"messageID":6347173,"pos":[6097.9498976738109,5739.529822660743,1.895],"pos_noise":[0.0,0.0,0.0],"spd":[2.2778204544559034e-15,-4.545530478702541e-14,0.0],"spd_noise":[0.0,0.0,0.0],"RSSI":3.6858291078790324e-9}
{"type":2,"rcvTime":25299.1,"pos":[6180.463249028095,5827.176973252495,1.895],"noise":[0.0,0.0,0.0],"spd":[-0.94136176969899,-0.0948365436970599,0.0],"spd_noise":[0.0,0.0,0.0]}
{"type":3,"rcvTime":25299.122806793177,"sendTime":25299.122700374526,"sender":2641,"messageID":6350546,"pos":[6095.139710733549,5795.608827319817,1.895],"pos_noise":[0.0,0.0,0.0],"spd":[0.5929972268940591,-11.833623512112974,0.0],"spd_noise":[0.0,0.0,0.0],"RSSI":1.5178621934414715e-8}
{"type":3,"rcvTime":25299.12489406304,"sendTime":25299.12478474099,"sender":1591,"messageID":6351170,"pos":[6124.329909759861,5736.894679751563,1.895],"pos_noise":[0.0,0.0,0.0],"spd":[13.255583930873499,0.7552676573031679,0.0],"spd_noise":[0.0,0.0,0.0],"RSSI":4.2067651169353429e-8}
{"type":3,"rcvTime":25299.14258868377,"sendTime":25299.142475898145,"sender":757,"messageID":6353004,"pos":[6163.917308425886,5735.614787626461,1.895],"pos_noise":[0.0,0.0,0.0],"spd":[11.297026683647803,0.5790686100946485,0.0],"spd_noise":[0.0,0.0,0.0],"RSSI":1.8230955994515068e-8}
{"type":3,"rcvTime":25299.156487064585,"sendTime":25299.15637458563,"sender":2329,"messageID":6354676,"pos":[6055.220280772865,5554.545004386982,1.895],"pos_noise":[0.0,0.0,0.0],"spd":[5.186480473465438,12.317254902636679,0.0],"spd_noise":[0.0,0.0,0.0],"RSSI":2.7100918354230258e-9}
{"type":2,"rcvTime":25299.2,"pos":[6180.344208213577,5827.164980605491,1.895],"noise":[0.0,0.0,0.0],"spd":[-1.1904800521532156,-0.11993371424287808,0.0],"spd_noise":[0.0,0.0,0.0]}
{"type":3,"rcvTime":25299.20895664565,"sendTime":25299.208844189998,"sender":1777,"messageID":6358008,"pos":[6022.684009202881,5715.9047943928339,1.895],"pos_noise":[0.0,0.0,0.0],"spd":[-14.997250562618027,-1.2981520250003794,0.0],"spd_noise":[0.0,0.0,0.0],"RSSI":4.76055005033797e-9}
{"type":3,"rcvTime":25299.222145752003,"sendTime":25299.222036776973,"sender":1303,"messageID":6358931,"pos":[6152.529280493644,5738.337944430302,1.895],"pos_noise":[0.0,0.0,0.0],"spd":[13.788544310541992,0.7057079096735366,0.0],"spd_noise":[0.0,0.0,0.0],"RSSI":4.650726655860161e-8}
{"type":3,"rcvTime":25299.24189358684,"sendTime":25299.241782182267,"sender":2857,"messageID":6359597,"pos":[6148.2277542319729,5823.929440784927,1.895],"pos_noise":[0.0,0.0,0.0],"spd":[-5.34750898825242,-0.5387294089886737,0.0],"spd_noise":[0.0,0.0,0.0],"RSSI":3.3530599568289305e-7}
{"type":3,"rcvTime":25299.28853210953,"sendTime":25299.28841771744,"sender":313,"messageID":6361989,"pos":[6170.480953257551,5732.651330876823,1.895],"pos_noise":[0.0,0.0,0.0],"spd":[13.497350964178484,0.6916633150881679,0.0],"spd_noise":[0.0,0.0,0.0],"RSSI":1.1702563888706982e-8}
{"type":2,"rcvTime":25299.3,"pos":[6180.205384056877,5827.150994905596,1.895],"noise":[0.0,0.0,0.0],"spd":[-1.3883254241772898,-0.13986544705106086,0.0],"spd_noise":[0.0,0.0,0.0]}
{"type":3,"rcvTime":25299.350289518025,"sendTime":25299.350182369257,"sender":2923,"messageID":6365552,"pos":[6123.339103872846,5821.422058763139,1.895],"pos_noise":[0.0,0.0,0.0],"spd":[-1.6787348626415373,-0.16912245353610248,0.0],"spd_noise":[0.0,0.0,0.0],"RSSI":2.9071712663765659e-7}
{"type":3,"rcvTime":25299.354613002848,"sendTime":25299.354504837094,"sender":2287,"messageID":6366431,"pos":[9914.570337021723,3397.436945233494,1.895],"pos_noise":[0.0,0.0,0.0],"spd":[2.37512050768738e-15,-4.739698705029127e-14,0.0],"spd_noise":[0.0,0.0,0.0],"RSSI":1.2321006244303612e-8}
{"type":3,"rcvTime":25299.360002036123,"sendTime":25299.35989492424,"sender":2467,"messageID":6367392,"pos":[6099.859181203014,5767.2428670113999,1.895],"pos_noise":[0.0,0.0,0.0],"spd":[0.15059967452719309,-3.005308909696939,0.0],"spd_noise":[0.0,0.0,0.0],"RSSI":1.6912765554139644e-8}
{"type":3,"rcvTime":25299.37033104244,"sendTime":25299.370216527303,"sender":2869,"messageID":6367746,"pos":[6168.4169390077099,5825.96337987808,1.895],"pos_noise":[0.0,0.0,0.0],"spd":[-6.814518740109663,-0.6865218294099698,0.0],"spd_noise":[0.0,0.0,0.0],"RSSI":0.00000317138407925177}
{"type":3,"rcvTime":25299.38786235984,"sendTime":25299.387754051248,"sender":1159,"messageID":6369058,"pos":[704.3653629440814,9805.962895741686,1.895],"pos_noise":[0.0,0.0,0.0],"spd":[14.958240299395385,1.5067690838178676,0.0],"spd_noise":[0.0,0.0,0.0],"RSSI":2.3831242378826255e-7}
{"type":3,"rcvTime":25299.38889685323,"sendTime":25299.38878966216,"sender":547,"messageID":6369398,"pos":[6136.170239665274,5730.893099801013,1.895],"pos_noise":[0.0,0.0,0.0],