{"type":2,"rcvTime":25293.1,"pos":[6069.374377809379,5180.054140486927,1.895],"noise":[0.0,0.0,0.0],"spd":[8.821345888700217,6.401896404046611,0.0],"spd_noise":[0.0,0.0,0.0]}
{"type":2,"rcvTime":25293.2,"pos":[6070.255247944516,5180.69341247804,1.895],"noise":[0.0,0.0,0.0],"spd":[8.80921698933977,6.3930941239639769,0.0],"spd_noise":[0.0,0.0,0.0]}
{"type":2,"rcvTime":25293.3,"pos":[6071.128270969852,5181.3269896030119,1.895],"noise":[0.0,0.0,0.0],"spd":[8.730741297834176,6.336142128929055,0.0],"spd_noise":[0.0,0.0,0.0]}
{"type":2,"rcvTime":25293.399999999998,"pos":[6072.002837710452,5181.961687045146,1.895],"noise":[0.0,0.0,0.0],"spd":[8.74617935413184,6.347345956365871,0.0],"spd_noise":[0.0,0.0,0.0]}
{"type":2,"rcvTime":25293.5,"pos":[6072.883825946218,5182.601044745175,1.895],"noise":[0.0,0.0,0.0],"spd":[8.810398064767588,6.393951263297323,0.0],"spd_noise":[0.0,0.0,0.0]}
{"type":2,"rcvTime":25293.6,"pos":[6073.758651487891,5183.235930006457,1.895],"noise":[0.0,0.0,0.0],"spd":[8.748767516357333,6.349224257778548,0.0],"spd_noise":[0.0,0.0,0.0]}
{"type":2,"rcvTime":25293.7,"pos":[6074.640361240353,5183.875811331248,1.895],"noise":[0.0,0.0,0.0],"spd":[8.817613654075409,6.399187817428982,0.0],"spd_noise":[0.0,0.0,0.0]}
{"type":2,"rcvTime":25293.8,"pos":[6075.514247973047,5184.5100152727059,1.895],"noise":[0.0,0.0,0.0],"spd":[8.739378877008774,6.342410660712357,0.0],"spd_noise":[0.0,0.0,0.0]}
{"type":2,"rcvTime":25293.899999999998,"pos":[6076.38987832536,5185.145484607484,1.895],"noise":[0.0,0.0,0.0],"spd":[8.756816093865354,6.355065334647512,0.0],"spd_noise":[0.0,0.0,0.0]}
{"type":2,"rcvTime":25294.0,"pos":[6077.26764465445,5185.782504080101,1.895],"noise":[0.0,0.0,0.0],"spd":[8.77817711198782,6.370567620445281,0.0],"spd_noise":[0.0,0.0,0.0]}
{"type":3,"rcvTime":25294.029748559158,"sendTime":25294.029641458485,"sender":2509,"messageID":6034224,"pos":[6145.5621256258359,5229.7588354221729,1.895],"pos_noise":[0.0,0.0,0.0],"spd":[-12.839925835708613,-7.9390527350378659,0.0],"spd_noise":[0.0,0.0,0.0],"RSSI":1.2631462957294895e-8}
{"type":2,"rcvTime":25294.1,"pos":[6078.145012143119,5186.419234103117,1.895],"noise":[0.0,0.0,0.0],"spd":[8.774188474307963,6.36767295498925,0.0],"spd_noise":[0.0,0.0,0.0]}
{"type":2,"rcvTime":25294.2,"pos":[6079.018171767676,5187.052910361947,1.895],"noise":[0.0,0.0,0.0],"spd":[8.732107370007413,6.337133525553091,0.0],"spd_noise":[0.0,0.0,0.0]}
{"type":2,"rcvTime":25294.3,"pos":[6079.897513045602,5187.6910728188,1.895],"noise":[0.0,0.0,0.0],"spd":[8.793927522276224,6.3819981318728768,0.0],"spd_noise":[0.0,0.0,0.0]}
{"type":3,"rcvTime":25294.33985875039,"sendTime":25294.339748467086,"sender":2557,"messageID":6053110,"pos":[6204.464745609281,5269.247706786691,1.895],"pos_noise":[0.0,0.0,0.0],"spd":[7.842427266438319,4.591180991124051,0.0],"spd_noise":[0.0,0.0,0.0],"RSSI":1.6477466825190747e-9}
{"type":2,"rcvTime":25294.399999999998,"pos":[6080.775573897029,5188.32830603448,1.895],"noise":[0.0,0.0,0.0],"spd":[8.781122507762082,6.372705176193989,0.0],"spd_noise":[0.0,0.0,0.0]}
{"type":2,"rcvTime":25294.5,"pos":[6081.655304415257,5188.966750973862,1.895],"noise":[0.0,0.0,0.0],"spd":[8.797820153151707,6.384823122516986,0.0],"spd_noise":[0.0,0.0,0.0]}
{"type":2,"rcvTime":25294.6,"pos":[6082.53731994382,5189.606854208885,1.895],"noise":[0.0,0.0,0.0],"spd":[8.820671594077073,6.401407049656124,0.0],"spd_noise":[0.0,0.0,0.0]}
{"type":2,"rcvTime":25294.7,"pos":[6083.417232205643,5190.245431044656,1.895],"noise":[0.0,0.0,0.0],"spd":[8.799637695490342,6.386142163614423,0.0],"spd_noise":[0.0,0.0,0.0]}
{"type":2,"rcvTime":25294.8,"pos":[6084.2969664053,5190.883878655752,1.895],"noise":[0.0,0.0,0.0],"spd":[8.797856969588086,6.384849841230279,0.0],"spd_noise":[0.0,0.0,0.0]}
{"type":2,"rcvTime":25294.899999999998,"pos":[6085.1726025563589,5191.519352198842,1.895],"noise":[0.0,0.0,0.0],"spd":[8.756874084723986,6.35510742022682,0.0],"spd_noise":[0.0,0.0,0.0]}
{"type":2,"rcvTime":25295.0,"pos":[6086.054103670325,5192.159082108866,1.895],"noise":[0.0,0.0,0.0],"spd":[8.815527146993198,6.39767358112393,0.0],"spd_noise":[0.0,0.0,0.0]}
{"type":3,"rcvTime":25295.029757137825,"sendTime":25295.029641458485,"sender":2509,"messageID":6095736,"pos":[6133.685372374974,5220.988535938502,1.895],"pos_noise":[0.0,0.0,0.0],"spd":[-10.043237158340866,-11.227759651509214,0.0],"spd_noise":[0.0,0.0,0.0],"RSSI":4.8880090729956268e-8}
{"type":2,"rcvTime":25295.1,"pos":[6086.930979053683,5192.79545499735,1.895],"noise":[0.0,0.0,0.0],"spd":[8.769267133126505,6.364101400624399,0.0],"spd_noise":[0.0,0.0,0.0]}
{"type":3,"rcvTime":25295.159108244847,"sendTime":25295.158994827463,"sender":2791,"messageID":6105403,"pos":[6783.498157905415,6522.20349945128,1.895],"pos_noise":[0.0,0.0,0.0],"spd":[-14.691039538668763,-4.311075511701341,0.0],"spd_noise":[0.0,0.0,0.0],"RSSI":8.688769010891152e-9}
{"type":2,"rcvTime":25295.2,"pos":[6087.808744255227,5193.4324736516759,1.895],"noise":[0.0,0.0,0.0],"spd":[8.778165835865908,6.370559437049547,0.0],"spd_noise":[0.0,0.0,0.0]}
{"type":2,"rcvTime":25295.3,"pos":[6088.684632185818,5194.068129918185,1.895],"noise":[0.0,0.0,0.0],"spd":[8.759392027436306,6.35693476138303,0.0],"spd_noise":[0.0,0.0,0.0]}
{"type":3,"rcvTime":25295.339854247937,"sendTime":25295.339748467086,"sender":2557,"messageID":6114889,"pos":[6210.837378783316,5272.978428322005,1.895],"pos_noise":[0.0,0.0,0.0],"spd":[5.257202951824786,3.077716813797248,0.0],"spd_noise":[0.0,0.0,0.0],"RSSI":2.044321891416836e-9}
{"type":2,"rcvTime":25295.399999999998,"pos":[6089.559528914536,5194.703066841887,1.895],"noise":[0.0,0.0,0.0],"spd":[8.74947942846315,6.3497409122219559,0.0],"spd_noise":[0.0,0.0,0.0]}
{"type":2,"rcvTime":25295.5,"pos":[6090.433503591271,5195.337334606786,1.895],"noise":[0.0,0.0,0.0],"spd":[8.740258368905755,6.343048932475692,0.0],"spd_noise":[0.0,0.0,0.0]}
{"type":2,"rcvTime":25295.6,"pos":[6091.311838173324,5195.974766476405,1.895],"noise":[0.0,0.0,0.0],"spd":[8.783859974258102,6.3746918318756509,0.0],"spd_noise":[0.0,0.0,0.0]}
{"type":2,"rcvTime":25295.7,"pos":[6092.184295032418,5196.607932718766,1.895],"noise":[0.0,0.0,0.0],"spd":[8.725079303995008,6.332033062301805,0.0],"spd_noise":[0.0,0.0,0.0]}
{"type":2,"rcvTime":25295.8,"pos":[6093.062865592579,5197.245535844272,1.895],"noise":[0.0,0.0,0.0],"spd":[8.786219893479775,6.376404490983419,0.0],"spd_noise":[0.0,0.0,0.0]}
{"type":2,"rcvTime":25295.899999999998,"pos":[6093.936002433967,5197.879195568722,1.895],"noise":[0.0,0.0,0.0],"spd":[8.731879524978604,6.3369681720697319,0.0],"spd_noise":[0.0,0.0,0.0]}
{"type":2,"rcvTime":25296.0,"pos":[6094.8159411029,5198.517791568867,1.895],"noise":[0.0,0.0,0.0],"spd":[8.799901782040136,6.386333818578962,0.0],"spd_noise":[0.0,0.0,0.0]}
{"type":3,"rcvTime":25296.029752552018,"sendTime":25296.029641458485,"sender":2509,"messageID":6157725,"pos":[6138.858790964803,5206.878734547069,1.895],"pos_noise":[0.0,0.0,0.0],"spd":[5.803258602308102,-13.968589970514215,0.0],"spd_noise":[0.0,0.0,0.0],"RSSI":2.0490277231019237e-8}
{"type":2,"rcvTime":25296.1,"pos":[6095.698262121031,5199.158116506179,1.895],"noise":[0.0,0.0,0.0],"spd":[8.823726668589139,6.403624202319634,0.0],"spd_noise":[0.0,0.0,0.0]}
{"type":3,"rcvTime":25296.159103572318,"sendTime":25296.158994827463,"sender":2791,"messageID":6167371,"pos":[2856.289730295539,8179.683075752109,1.895],"pos_noise":[0.0,0.0,0.0],"spd":[-13.24270832944618,-3.886063708251986,0.0],"spd_noise":[0.0,0.0,0.0],"RSSI":2.4578157808374994e-8}
{"type":2,"rcvTime":25296.2,"pos":[6096.579640651594,5199.797757454012,1.895],"noise":[0.0,0.0,0.0],"spd":[8.814301241196923,6.396783907143577,0.0],"spd_noise":[0.0,0.0,0.0]}
{"type":2,"rcvTime":25296.3,"pos":[6097.454858470975,5200.432927402153,1.895],"noise":[0.0,0.0,0.0],"spd":[8.752690523067648,6.3520712930139899,0.0],"spd_noise":[0.0,0.0,0.0]}
{"type":3,"rcvTime":25296.339862572953,"sendTime":25296.339748467086,"sender":2557,"messageID":6176817,"pos":[6214.956798988238,5275.390054607687,1.895],