{"type":2,"rcvTime":25299.8,"pos":[6324.441001411176,5732.749658027441,1.895],"noise":[0.0,0.0,0.0],"spd":[-13.95995392113625,-0.8862810061417142,0.0],"spd_noise":[0.0,0.0,0.0]}
{"type":3,"rcvTime":25299.82643049277,"sendTime":25299.826321192224,"sender":2395,"messageID":6398375,"pos":[6097.649533978045,5745.523764506012,1.895],"pos_noise":[0.0,0.0,0.0],"spd":[2.2988511899994859e-15,-4.58749860187743e-14,0.0],"spd_noise":[0.0,0.0,0.0],"RSSI":2.871695465587826e-9}
{"type":2,"rcvTime":25299.899999999998,"pos":[6323.039705466802,5732.659783354366,1.895],"noise":[0.0,0.0,0.0],"spd":[-14.014435739209813,-0.8926647943621968,0.0],"spd_noise":[0.0,0.0,0.0]}
{"type":3,"rcvTime":25299.917626733222,"sendTime":25299.917511808686,"sender":109,"messageID":6402693,"pos":[9795.059234024957,7821.244972757995,1.895],"pos_noise":[0.0,0.0,0.0],"spd":[3.1882984523765e-15,4.657006427976396e-14,0.0],"spd_noise":[0.0,0.0,0.0],"RSSI":6.973286451648461e-9}
{"type":2,"rcvTime":25300.0,"pos":[6321.637331471935,5732.569839538553,1.895],"noise":[0.0,0.0,0.0],"spd":[-14.025031237736036,-0.8962691070274061,0.0],"spd_noise":[0.0,0.0,0.0]}
