{"type":2,"rcvTime":25298.8,"pos":[3609.522988373995,6077.351236245611,1.895],"noise":[0.0,0.0,0.0],"spd":[-3.4305480806381678,-29.786229863790685,0.0],"spd_noise":[0.0,0.0,0.0]}
{"type":3,"rcvTime":25298.80384614409,"sendTime":25298.803732674663,"sender":2575,"messageID":6334527,"pos":[3589.7980041899575,5700.659188237849,1.895],"pos_noise":[0.0,0.0,0.0],"spd":[-1.25496955299388,30.05750343253536,0.0],"spd_noise":[0.0,0.0,0.0],"RSSI":4.064157358704419e-9}
{"type":2,"rcvTime":25298.899999999998,"pos":[3609.1801663459007,6074.374634404981,1.895],"noise":[0.0,0.0,0.0],"spd":[-3.4282073515579345,-29.76590614501636,0.0],"spd_noise":[0.0,0.0,0.0]}
{"type":3,"rcvTime":25298.980523144648,"sendTime":25298.98040918056,"sender":2887,"messageID":6342253,"pos":[3603.6123838205546,6026.031557370862,1.895],"pos_noise":[0.0,0.0,0.0],"spd":[-3.495160490151678,-30.34723645417051,0.0],"spd_noise":[0.0,0.0,0.0],"RSSI":1.1950629470810178e-8}
{"type":2,"rcvTime":25299.0,"pos":[3608.8376624383924,6071.400794692353,1.895],"noise":[0.0,0.0,0.0],"spd":[-3.4250261576896334,-29.738284969164814,0.0],"spd_noise":[0.0,0.0,0.0]}
{"type":3,"rcvTime":25299.008018148714,"sendTime":25299.007902567366,"sender":2833,"messageID":6343363,"pos":[3591.2390477934457,5882.483990113055,1.895],"pos_noise":[0.0,0.0,0.0],"spd":[-0.9292993269053542,-35.09122208061109,0.0],"spd_noise":[0.0,0.0,0.0],"RSSI":2.2195586081229346e-9}
{"type":3,"rcvTime":25299.01491515311,"sendTime":25299.01480860044,"sender":2419,"messageID":6344010,"pos":[3585.7931119835245,5918.758265108938,1.895],"pos_noise":[0.0,0.0,0.0],"spd":[1.156836308746523,27.103856748855664,0.0],"spd_noise":[0.0,0.0,0.0],"RSSI":7.021803983929513e-9}
{"type":3,"rcvTime":25299.040956855137,"sendTime":25299.040841932638,"sender":2527,"messageID":6345296,"pos":[3581.0240982550315,5869.518671515112,1.895],"pos_noise":[0.0,0.0,0.0],"spd":[-0.0284642522965275,29.3991935070776,0.0],"spd_noise":[0.0,0.0,0.0],"RSSI":1.5924607687872083e-9}
{"type":2,"rcvTime":25299.1,"pos":[3608.4956686163729,6068.431383870754,1.895],"noise":[0.0,0.0,0.0],"spd":[-3.4199253220392866,-29.69399622590651,0.0],"spd_noise":[0.0,0.0,0.0]}
{"type":3,"rcvTime":25299.18286804743,"sendTime":25299.182757344748,"sender":2749,"messageID":6356696,"pos":[3594.499891633669,5815.209002738291,1.895],"pos_noise":[0.0,0.0,0.0],"spd":[-0.017451306584129669,-29.952986340703697,0.0],"spd_noise":[0.0,0.0,0.0],"RSSI":2.005262625830507e-8}
{"type":3,"rcvTime":25299.188810922737,"sendTime":25299.188698265796,"sender":2665,"messageID":6357384,"pos":[3595.5396608513394,5561.882428346269,1.895],"pos_noise":[0.0,0.0,0.0],"spd":[-2.5668425109175247,31.333978399054126,0.0],"spd_noise":[0.0,0.0,0.0],"RSSI":4.5673197961154128e-9}
{"type":2,"rcvTime":25299.2,"pos":[3608.1535948572739,6065.461278983896,1.895],"noise":[0.0,0.0,0.0],"spd":[-3.4207246898261767,-29.700936852327226,0.0],"spd_noise":[0.0,0.0,0.0]}
{"type":3,"rcvTime":25299.269316515034,"sendTime":25299.269204633958,"sender":2599,"messageID":6361432,"pos":[3590.897020410856,5674.336889220084,1.895],"pos_noise":[0.0,0.0,0.0],"spd":[-1.2516318293592877,29.977562338056786,0.0],"spd_noise":[0.0,0.0,0.0],"RSSI":6.901033957384804e-9}
{"type":2,"rcvTime":25299.3,"pos":[3607.811044100786,6062.48703249823,1.895],"noise":[0.0,0.0,0.0],"spd":[-3.4254946457142636,-29.742352684195198,0.0],"spd_noise":[0.0,0.0,0.0]}
{"type":3,"rcvTime":25299.35570810211,"sendTime":25299.355592288357,"sender":2629,"messageID":6366793,"pos":[3584.0288827979009,5680.7599104965,1.895],"pos_noise":[0.0,0.0,0.0],"spd":[-1.4631461092801639,34.97212482134283,0.0],"spd_noise":[0.0,0.0,0.0],"RSSI":3.4622464809536275e-9}
{"type":2,"rcvTime":25299.399999999998,"pos":[3607.4680355957245,6059.508811544361,1.895],"noise":[0.0,0.0,0.0],"spd":[-3.4300721141993084,-29.782097216343208,0.0],"spd_noise":[0.0,0.0,0.0]}
{"type":3,"rcvTime":25299.43522042606,"sendTime":25299.435110134444,"sender":2533,"messageID":6371681,"pos":[3587.7339708481256,5756.164200459432,1.895],"pos_noise":[0.0,0.0,0.0],"spd":[-0.029035339215500938,29.926500780420495,0.0],"spd_noise":[0.0,0.0,0.0],"RSSI":3.926675182829336e-9}
{"type":3,"rcvTime":25299.437229426752,"sendTime":25299.437112872674,"sender":2845,"messageID":6372011,"pos":[7383.821343649179,10712.48326508794,1.895],"pos_noise":[0.0,0.0,0.0],"spd":[-1.3903362712402823,-35.5879996942268,0.0],"spd_noise":[0.0,0.0,0.0],"RSSI":1.7864559969334933e-9}
{"type":2,"rcvTime":25299.5,"pos":[3607.1258259740459,6056.537527011009,1.895],"noise":[0.0,0.0,0.0],"spd":[-3.4220833104940415,-29.712733272770689,0.0],"spd_noise":[0.0,0.0,0.0]}
{"type":3,"rcvTime":25299.511388098716,"sendTime":25299.511278561735,"sender":2545,"messageID":6377870,"pos":[3584.3235891051465,5869.989179436288,1.895],"pos_noise":[0.0,0.0,0.0],"spd":[-0.030005679108118748,30.958936451323525,0.0],"spd_noise":[0.0,0.0,0.0],"RSSI":2.708605082544108e-9}
{"type":3,"rcvTime":25299.51569111848,"sendTime":25299.515576889833,"sender":2899,"messageID":6378577,"pos":[3597.8756100524026,6003.144570146132,1.895],"pos_noise":[0.0,0.0,0.0],"spd":[-2.410035817228525,-36.30556880221336,0.0],"spd_noise":[0.0,0.0,0.0],"RSSI":5.486353346110628e-8}
{"type":3,"rcvTime":25299.559355300862,"sendTime":25299.55924428683,"sender":2497,"messageID":6383069,"pos":[3620.533585273487,5390.054329789399,1.895],"pos_noise":[0.0,0.0,0.0],"spd":[3.6778265135061858,-29.70115203334088,0.0],"spd_noise":[0.0,0.0,0.0],"RSSI":1.6891224212434619e-9}
{"type":3,"rcvTime":25299.578862304843,"sendTime":25299.57874761424,"sender":2875,"messageID":6383727,"pos":[3595.0206131174006,5960.1359613475019,1.895],"pos_noise":[0.0,0.0,0.0],"spd":[-2.402896011577173,-36.198012431747148,0.0],"spd_noise":[0.0,0.0,0.0],"RSSI":4.536263823162664e-8}
{"type":2,"rcvTime":25299.6,"pos":[3606.7829893915838,6053.560798799979,1.895],"noise":[0.0,0.0,0.0],"spd":[-3.428352894681997,-29.767169844240664,0.0],"spd_noise":[0.0,0.0,0.0]}
{"type":3,"rcvTime":25299.6739052472,"sendTime":25299.673791020552,"sender":2539,"messageID":6388322,"pos":[3581.0670750072479,5825.13029828375,1.895],"pos_noise":[0.0,0.0,0.0],"spd":[-0.03135910134856083,32.38912721884123,0.0],"spd_noise":[0.0,0.0,0.0],"RSSI":2.1253511710170704e-8}
{"type":2,"rcvTime":25299.7,"pos":[3606.4407089116868,6050.5888990299,1.895],"noise":[0.0,0.0,0.0],"spd":[-3.422791890003772,-29.71888561684443,0.0],"spd_noise":[0.0,0.0,0.0]}
{"type":3,"rcvTime":25299.707335246974,"sendTime":25299.707217242194,"sender":2893,"messageID":6390895,"pos":[3605.6415948932278,6014.789220533465,1.895],"pos_noise":[0.0,0.0,0.0],"spd":[-3.15203914019158,-27.384644682373627,0.0],"spd_noise":[0.0,0.0,0.0],"RSSI":2.3293085049592684e-7}
{"type":3,"rcvTime":25299.73041552998,"sendTime":25299.73030723473,"sender":2737,"messageID":6392608,"pos":[12279.570069639012,1274.6879962505773,1.895],"pos_noise":[0.0,0.0,0.0],"spd":[-2.757813657104226,33.6652027511229,0.0],"spd_noise":[0.0,0.0,0.0],"RSSI":1.545945850001636e-9}
{"type":2,"rcvTime":25299.8,"pos":[3606.0980086592714,6047.613354524217,1.895],"noise":[0.0,0.0,0.0],"spd":[-3.4269895993574015,-29.75533283541405,0.0],"spd_noise":[0.0,0.0,0.0]}
{"type":3,"rcvTime":25299.803846512645,"sendTime":25299.803732674663,"sender":2575,"messageID":6397545,"pos":[3588.5494584978239,5730.562835172929,1.895],"pos_noise":[0.0,0.0,0.0],"spd":[-1.2505948405652754,29.952725644480304,0.0],"spd_noise":[0.0,0.0,0.0],"RSSI":3.979347304620908e-9}
{"type":2,"rcvTime":25299.899999999998,"pos":[3605.7558499632339,6044.642512160107,1.895],"noise":[0.0,0.0,0.0],"spd":[-3.421574056006542,-29.70831159703047,0.0],"spd_noise":[0.0,0.0,0.0]}
{"type":3,"rcvTime":25299.980523513128,"sendTime":25299.98040918056,"sender":2887,"messageID":6405299,"pos":[3600.682811496967,5995.568360740432,1.895],"pos_noise":[0.0,0.0,0.0],"spd":[-2.027976659789531,-30.558281113796999,0.0],"spd_noise":[0.0,0.0,0.0],"RSSI":9.006592311022769e-9}
{"type":2,"rcvTime":25300.0,"pos":[3605.41282868722,6041.664180320605,1.895],"noise":[0.0,0.0,0.0],