{"type":2,"rcvTime":18098.1,"pos":[6174.117177157457,5826.537644631305,1.895],"noise":[0.0,0.0,0.0],"spd":[-0.0,-0.0,0.0],"spd_noise":[0.0,0.0,0.0]}
{"type":3,"rcvTime":18098.181740659835,"sendTime":18098.181627141872,"sender":379,"messageID":319371,"pos":[5866.5987333407679,5712.019386183654,1.895],"pos_noise":[0.0,0.0,0.0],"spd":[3.0460846598662059,0.3231460371709399,0.0],"spd_noise":[0.0,0.0,0.0],"RSSI":2.374362676598649e-9}
{"type":2,"rcvTime":18098.2,"pos":[6174.093533219125,5826.535262646543,1.895],"noise":[0.0,0.0,0.0],"spd":[-0.23645366552187573,-0.023821286464302855,0.0],"spd_noise":[0.0,0.0,0.0]}
{"type":2,"rcvTime":18098.3,"pos":[6174.048048031098,5826.530680287071,1.895],"noise":[0.0,0.0,0.0],"spd":[-0.45487935574651947,-0.045826362708404348,0.0],"spd_noise":[0.0,0.0,0.0]}
{"type":2,"rcvTime":18098.399999999998,"pos":[6173.980238350555,5826.5238488690779,1.895],"noise":[0.0,0.0,0.0],"spd":[-0.6781377660778921,-0.06831830647391404,0.0],"spd_noise":[0.0,0.0,0.0]}
{"type":3,"rcvTime":18098.438349820466,"sendTime":18098.43823476941,"sender":547,"messageID":319956,"pos":[6000.208946337763,5809.027590632228,1.895],"pos_noise":[0.0,0.0,0.0],"spd":[-14.165362927807932,-1.4263636010541674,0.0],"spd_noise":[0.0,0.0,0.0],"RSSI":4.526594577158876e-9}
{"type":3,"rcvTime":18098.477318172583,"sendTime":18098.477207037668,"sender":337,"messageID":320037,"pos":[6170.052208957986,5732.6293601431329,1.895],"pos_noise":[0.0,0.0,0.0],"spd":[14.867424757994322,0.7618718904374817,0.0],"spd_noise":[0.0,0.0,0.0],"RSSI":5.7156512030493517e-8}
{"type":2,"rcvTime":18098.5,"pos":[6173.890077827029,5826.514765737911,1.895],"noise":[0.0,0.0,0.0],"spd":[-0.9016596970122102,-0.09083679835725471,0.0],"spd_noise":[0.0,0.0,0.0]}
{"type":2,"rcvTime":18098.6,"pos":[6173.779995211487,5826.503675575643,1.895],"noise":[0.0,0.0,0.0],"spd":[-1.1008926511742477,-0.11090832173056684,0.0],"spd_noise":[0.0,0.0,0.0]}
{"type":2,"rcvTime":18098.7,"pos":[6173.651822370325,5826.490762931808,1.895],"noise":[0.0,0.0,0.0],"spd":[-1.2818058348293664,-0.12913423826923393,0.0],"spd_noise":[0.0,0.0,0.0]}
{"type":3,"rcvTime":18098.710878476708,"sendTime":18098.71076332722,"sender":367,"messageID":321129,"pos":[1326.8514753412456,4312.921751989052,1.895],"pos_noise":[0.0,0.0,0.0],"spd":[11.367962887925268,0.6124944080318191,0.0],"spd_noise":[0.0,0.0,0.0],"RSSI":7.691768690667684e-9}
{"type":2,"rcvTime":18098.8,"pos":[6173.50720445054,5826.476193545085,1.895],"noise":[0.0,0.0,0.0],"spd":[-1.4462665547742888,-0.14570266791587195,0.0],"spd_noise":[0.0,0.0,0.0]}
{"type":3,"rcvTime":18098.87748061689,"sendTime":18098.87737149713,"sender":505,"messageID":321504,"pos":[5532.812927253544,9557.513780309819,1.895],"pos_noise":[0.0,0.0,0.0],"spd":[2.3870317408683338e-15,-4.763468301692454e-14,0.0],"spd_noise":[0.0,0.0,0.0],"RSSI":3.767437714865259e-8}
{"type":2,"rcvTime":18098.899999999998,"pos":[6173.339683821675,5826.459316847995,1.895],"noise":[0.0,0.0,0.0],"spd":[-1.6753074800119666,-0.1687771653235896,0.0],"spd_noise":[0.0,0.0,0.0]}
{"type":3,"rcvTime":18098.994292721985,"sendTime":18098.99418733772,"sender":307,"messageID":322026,"pos":[6157.591946230302,5738.597055412137,1.895],"pos_noise":[0.0,0.0,0.0],"spd":[11.856639433158686,0.6068315872704262,0.0],"spd_noise":[0.0,0.0,0.0],"RSSI":1.415403477533598e-8}
{"type":2,"rcvTime":18099.0,"pos":[6173.150739799233,5826.4402818726889,1.895],"noise":[0.0,0.0,0.0],"spd":[-1.8895543566639864,-0.19036125120169743,0.0],"spd_noise":[0.0,0.0,0.0]}
{"type":2,"rcvTime":18099.1,"pos":[6172.947942061057,5826.419851218739,1.895],"noise":[0.0,0.0,0.0],"spd":[-2.0280998823792006,-0.20431888069839303,0.0],"spd_noise":[0.0,0.0,0.0]}
{"type":3,"rcvTime":18099.181736856255,"sendTime":18099.181627141872,"sender":379,"messageID":322908,"pos":[5870.810696782818,5712.505120677374,1.895],"pos_noise":[0.0,0.0,0.0],"spd":[5.132872849819985,0.5900933228325227,0.0],"spd_noise":[0.0,0.0,0.0],"RSSI":2.8133785229097119e-9}
{"type":2,"rcvTime":18099.2,"pos":[6172.728358618725,5826.397729505924,1.895],"noise":[0.0,0.0,0.0],"spd":[-2.195967063389681,-0.22123049083553468,0.0],"spd_noise":[0.0,0.0,0.0]}
{"type":2,"rcvTime":18099.3,"pos":[6172.496657593215,5826.374387019393,1.895],"noise":[0.0,0.0,0.0],"spd":[-2.3171502148456306,-0.23343896541773857,0.0],"spd_noise":[0.0,0.0,0.0]}
{"type":2,"rcvTime":18099.399999999998,"pos":[6172.246971749511,5826.34923267046,1.895],"noise":[0.0,0.0,0.0],"spd":[-2.497009260568814,-0.2515586838920544,0.0],"spd_noise":[0.0,0.0,0.0]}
{"type":3,"rcvTime":18099.438346100607,"sendTime":18099.43823476941,"sender":547,"messageID":323467,"pos":[5986.081201503068,5807.605014938268,1.895],"pos_noise":[0.0,0.0,0.0],"spd":[-14.158435403064724,-1.4256660425695487,0.0],"spd_noise":[0.0,0.0,0.0],"RSSI":2.354447176679199e-8}
{"type":3,"rcvTime":18099.47731449744,"sendTime":18099.477207037668,"sender":337,"messageID":323535,"pos":[6184.940193735614,5733.392285618926,1.895],"pos_noise":[0.0,0.0,0.0],"spd":[14.905680589293338,0.7638322866016907,0.0],"spd_noise":[0.0,0.0,0.0],"RSSI":2.4138931278940917e-9}
{"type":2,"rcvTime":18099.5,"pos":[6171.975459882196,5826.3218794807539,1.895],"noise":[0.0,0.0,0.0],"spd":[-2.7152826807524179,-0.2735484198441674,0.0],"spd_noise":[0.0,0.0,0.0]}
{"type":3,"rcvTime":18099.56717824581,"sendTime":18099.567066550488,"sender":223,"messageID":323903,"pos":[6317.540035855346,5843.341035538937,1.895],"pos_noise":[0.0,0.0,0.0],"spd":[7.850964849259365,0.5167340290452528,0.0],"spd_noise":[0.0,0.0,0.0],"RSSI":1.6529713816835854e-9}
{"type":2,"rcvTime":18099.6,"pos":[6171.683764966528,5826.292492970162,1.895],"noise":[0.0,0.0,0.0],"spd":[-2.917125355935545,-0.29388285693378227,0.0],"spd_noise":[0.0,0.0,0.0]}
{"type":3,"rcvTime":18099.69891844084,"sendTime":18099.6988100023,"sender":151,"messageID":324550,"pos":[6021.033631698984,5427.257780185659,1.895],"pos_noise":[0.0,0.0,0.0],"spd":[-3.1675521910975,4.666743559626949,0.0],"spd_noise":[0.0,0.0,0.0],"RSSI":2.264021991709014e-9}
{"type":2,"rcvTime":18099.7,"pos":[6171.370773119492,5826.2609609216619,1.895],"noise":[0.0,0.0,0.0],"spd":[-3.1301075340784374,-0.31533953203441708,0.0],"spd_noise":[0.0,0.0,0.0]}
{"type":3,"rcvTime":18099.710874761317,"sendTime":18099.71076332722,"sender":367,"messageID":324610,"pos":[10886.387845817953,3536.319906823337,1.895],"pos_noise":[0.0,0.0,0.0],"spd":[11.435143258294972,0.5852591008789557,0.0],"spd_noise":[0.0,0.0,0.0],"RSSI":1.8286393516747785e-8}
{"type":2,"rcvTime":18099.8,"pos":[6171.042976432469,5826.227937374463,1.895],"noise":[0.0,0.0,0.0],"spd":[-3.2781648768535547,-0.3302554199636589,0.0],"spd_noise":[0.0,0.0,0.0]}
{"type":3,"rcvTime":18099.877476953614,"sendTime":18099.87737149713,"sender":505,"messageID":324996,"pos":[9899.515251023695,7434.392838971689,1.895],"pos_noise":[0.0,0.0,0.0],"spd":[2.311183604958309e-15,-4.612108692616442e-14,0.0],"spd_noise":[0.0,0.0,0.0],"RSSI":9.249597234114385e-9}
{"type":2,"rcvTime":18099.899999999998,"pos":[6170.694977498612,5826.1928785722479,1.895],"noise":[0.0,0.0,0.0],"spd":[-3.4801995484354455,-0.35060919953765459,0.0],"spd_noise":[0.0,0.0,0.0]}
{"type":3,"rcvTime":18099.994302096402,"sendTime":18099.99418733772,"sender":307,"messageID":325409,"pos":[6169.401639813614,5739.2014842760449,1.895],"pos_noise":[0.0,0.0,0.0],"spd":[11.76579089677553,0.602181891895495,0.0],"spd_noise":[0.0,0.0,0.0],"RSSI":8.987363158277335e-8}
{"type":2,"rcvTime":18100.0,"pos":[6170.33125007463,5826.15623521913,1.895],"noise":[0.0,0.0,0.0],"spd":[-3.6374939505340868,-0.366455665708352,0.0],"spd_noise":[0.0,0.0,0.0]}
