{"type":2,"rcvTime":18000.0,"pos":[3643.8432686690427,5226.6776691774489,1.895],"noise":[0.0,0.0,0.0],"spd":[5.027791419908197,-31.9350420100134,0.0],"spd_noise":[0.0,0.0,0.0]}
{"type":3,"rcvTime":18000.02322513403,"sendTime":18000.023117568577,"sender":37,"messageID":198,"pos":[3650.0924965629358,5186.984424439546,1.895],"pos_noise":[0.0,0.0,0.0],"spd":[4.989724295067114,-31.693250907407916,0.0],"spd_noise":[0.0,0.0,0.0],"RSSI":9.26522002025296e-8}
{"type":3,"rcvTime":18000.039028233827,"sendTime":18000.038918097736,"sender":109,"messageID":288,"pos":[3463.24362094962,5199.59779697386,1.895],"pos_noise":[0.0,0.0,0.0],"spd":[0.0,-0.0,0.0],"spd_noise":[0.0,0.0,0.0],"RSSI":1.5095096478367647e-9}
{"type":3,"rcvTime":18000.076614360838,"sendTime":18000.07649628073,"sender":187,"messageID":535,"pos":[3961.6845568385035,5251.775841885688,1.895],"pos_noise":[0.0,0.0,0.0],"spd":[-0.0,-0.0,0.0],"spd_noise":[0.0,0.0,0.0],"RSSI":4.6032630472177629e-9}
{"type":2,"rcvTime":18000.1,"pos":[3644.3448932833218,5223.491498194535,1.895],"noise":[0.0,0.0,0.0],"spd":[5.010737783835026,-31.826722364480028,0.0],"spd_noise":[0.0,0.0,0.0]}
{"type":3,"rcvTime":18000.12570054112,"sendTime":18000.125585315982,"sender":7,"messageID":686,"pos":[10237.821372114122,10803.765674703754,1.895],"pos_noise":[0.0,0.0,0.0],"spd":[-3.795730289308574,24.33288285887651,0.0],"spd_noise":[0.0,0.0,0.0],"RSSI":7.819124714091407e-8}
{"type":2,"rcvTime":18000.2,"pos":[3644.8471066509684,5220.301587624605,1.895],"noise":[0.0,0.0,0.0],"spd":[5.016618852385861,-31.864077170088526,0.0],"spd_noise":[0.0,0.0,0.0]}
{"type":3,"rcvTime":18000.215693841154,"sendTime":18000.215577012394,"sender":13,"messageID":991,"pos":[3621.466006744884,5314.403046128521,1.895],"pos_noise":[0.0,0.0,0.0],"spd":[-4.64296185759133,29.765298888820323,0.0],"spd_noise":[0.0,0.0,0.0],"RSSI":2.9041291741067964e-8}
{"type":3,"rcvTime":18000.262540720276,"sendTime":18000.262427347945,"sender":181,"messageID":1077,"pos":[3480.180238067189,5184.416143884115,1.895],"pos_noise":[0.0,0.0,0.0],"spd":[-0.49525382589508717,-0.09690318116404871,0.0],"spd_noise":[0.0,0.0,0.0],"RSSI":8.614628374440846e-9}
{"type":3,"rcvTime":18000.27687491145,"sendTime":18000.27676791628,"sender":205,"messageID":1156,"pos":[3818.5091147854657,5261.844254621023,1.895],"pos_noise":[0.0,0.0,0.0],"spd":[0.42593840938990709,-0.2732007735003242,0.0],"spd_noise":[0.0,0.0,0.0],"RSSI":1.613497656203909e-8}
{"type":2,"rcvTime":18000.3,"pos":[3645.3507258936535,5217.102747352808,1.895],"noise":[0.0,0.0,0.0],"spd":[5.030662164808253,-31.953276131364598,0.0],"spd_noise":[0.0,0.0,0.0]}
{"type":2,"rcvTime":18000.4,"pos":[3645.8538583529418,5213.906998984976,1.895],"noise":[0.0,0.0,0.0],"spd":[5.0257996762256929,-31.922391044040134,0.0],"spd_noise":[0.0,0.0,0.0]}
{"type":3,"rcvTime":18000.415211885036,"sendTime":18000.41510119615,"sender":19,"messageID":1376,"pos":[3621.540961057602,5292.518131543072,1.895],"pos_noise":[0.0,0.0,0.0],"spd":[-4.6171570900580669,29.601020243331559,0.0],"spd_noise":[0.0,0.0,0.0],"RSSI":1.181109704046835e-8}
{"type":2,"rcvTime":18000.5,"pos":[3646.355630435837,5210.719891325088,1.895],"noise":[0.0,0.0,0.0],"spd":[5.012210850641735,-31.836078848534976,0.0],"spd_noise":[0.0,0.0,0.0]}
{"type":2,"rcvTime":18000.6,"pos":[3646.857595641189,5207.531557008551,1.895],"noise":[0.0,0.0,0.0],"spd":[5.014139954522037,-31.84833194505744,0.0],"spd_noise":[0.0,0.0,0.0]}
{"type":3,"rcvTime":18000.632769937518,"sendTime":18000.632655769587,"sender":235,"messageID":1743,"pos":[7197.155512394384,8626.263989484869,1.895],"pos_noise":[0.0,0.0,0.0],"spd":[1.57339871959445,-1.1938854605970515,0.0],"spd_noise":[0.0,0.0,0.0],"RSSI":1.145731388424758e-8}
{"type":3,"rcvTime":18000.678989365868,"sendTime":18000.678883041255,"sender":145,"messageID":1869,"pos":[3949.702993012005,5256.84963971242,1.895],"pos_noise":[0.0,0.0,0.0],"spd":[1.5522150544916776,0.21941595737470327,0.0],"spd_noise":[0.0,0.0,0.0],"RSSI":4.552070544386734e-9}
{"type":2,"rcvTime":18000.7,"pos":[3647.3609171234509,5204.334608022779,1.895],"noise":[0.0,0.0,0.0],"spd":[5.027687830287322,-31.93438403940119,0.0],"spd_noise":[0.0,0.0,0.0]}
{"type":3,"rcvTime":18000.76074895958,"sendTime":18000.760641143657,"sender":217,"messageID":2238,"pos":[3822.9909623636065,5266.731055967155,1.895],"pos_noise":[0.0,0.0,0.0],"spd":[1.3794611855397468,-1.0448550398480719,0.0],"spd_noise":[0.0,0.0,0.0],"RSSI":7.360636944227479e-9}
{"type":2,"rcvTime":18000.8,"pos":[3647.863406424076,5201.14294480829,1.895],"noise":[0.0,0.0,0.0],"spd":[5.019375152148405,-31.881584369835826,0.0],"spd_noise":[0.0,0.0,0.0]}
{"type":3,"rcvTime":18000.817685969592,"sendTime":18000.81757072732,"sender":25,"messageID":2420,"pos":[3625.9204347858615,5285.846407912411,1.895],"pos_noise":[0.0,0.0,0.0],"spd":[-4.842662668028036,31.045549404162128,0.0],"spd_noise":[0.0,0.0,0.0],"RSSI":6.741149064844786e-8}
{"type":3,"rcvTime":18000.86064358471,"sendTime":18000.860533911735,"sender":43,"messageID":2587,"pos":[3606.797964055352,5510.6870017517289,1.895],"pos_noise":[0.0,0.0,0.0],"spd":[2.7067424653634357,-32.15484336575658,0.0],"spd_noise":[0.0,0.0,0.0],"RSSI":2.441807861235406e-9}
{"type":2,"rcvTime":18000.9,"pos":[3648.366559658639,5197.947064482068,1.895],"noise":[0.0,0.0,0.0],"spd":[5.026007200837334,-31.92370917888966,0.0],"spd_noise":[0.0,0.0,0.0]}
{"type":2,"rcvTime":18001.0,"pos":[3648.868895433508,5194.756376417709,1.895],"noise":[0.0,0.0,0.0],"spd":[5.017841580457223,-31.871843576681117,0.0],"spd_noise":[0.0,0.0,0.0]}
{"type":3,"rcvTime":18001.039024300662,"sendTime":18001.038918097736,"sender":109,"messageID":2884,"pos":[3464.3639550221084,5199.555798134844,1.895],"pos_noise":[0.0,0.0,0.0],"spd":[2.0015104276366899,-0.07578209755109544,0.0],"spd_noise":[0.0,0.0,0.0],"RSSI":6.168601351118314e-9}
{"type":3,"rcvTime":18001.07661041241,"sendTime":18001.07649628073,"sender":187,"messageID":3116,"pos":[3960.2670208335878,5251.594275566251,1.895],"pos_noise":[0.0,0.0,0.0],"spd":[-2.480131813933861,-0.3150351372963208,0.0],"spd_noise":[0.0,0.0,0.0],"RSSI":1.4653288388929457e-8}
{"type":2,"rcvTime":18001.1,"pos":[3649.3715497264345,5191.563665220992,1.895],"noise":[0.0,0.0,0.0],"spd":[5.021023263366534,-31.892052684176109,0.0],"spd_noise":[0.0,0.0,0.0]}
{"type":3,"rcvTime":18001.12569698632,"sendTime":18001.125585315982,"sender":7,"messageID":3258,"pos":[9472.27434749715,10241.075790952891,1.895],"pos_noise":[0.0,0.0,0.0],"spd":[-3.7921220885891189,24.309752151806749,0.0],"spd_noise":[0.0,0.0,0.0],"RSSI":7.920517669904008e-8}
{"type":2,"rcvTime":18001.2,"pos":[3649.8750833911497,5188.365368515114,1.895],"noise":[0.0,0.0,0.0],"spd":[5.029807324842282,-31.947846441100834,0.0],"spd_noise":[0.0,0.0,0.0]}
{"type":3,"rcvTime":18001.215690323257,"sendTime":18001.215577012394,"sender":13,"messageID":3564,"pos":[3617.900316904568,5344.367253493746,1.895],"pos_noise":[0.0,0.0,0.0],"spd":[-3.4611554509433239,29.996680574848328,0.0],"spd_noise":[0.0,0.0,0.0],"RSSI":8.540169900309642e-9}
{"type":3,"rcvTime":18001.262537072387,"sendTime":18001.262427347945,"sender":181,"messageID":3650,"pos":[3478.5078988059769,5184.095650646335,1.895],"pos_noise":[0.0,0.0,0.0],"spd":[-2.4656416956438926,-0.4790620931155978,0.0],"spd_noise":[0.0,0.0,0.0],"RSSI":1.489080332678145e-9}
{"type":2,"rcvTime":18001.3,"pos":[3650.378207169809,5185.169675284067,1.895],"noise":[0.0,0.0,0.0],"spd":[5.025712965257355,-31.921840281636375,0.0],"spd_noise":[0.0,0.0,0.0]}
{"type":2,"rcvTime":18001.4,"pos":[3650.8812755979668,5181.974333623012,1.895],"noise":[0.0,0.0,0.0],"spd":[5.025160068048037,-31.918328442329469,0.0],"spd_noise":[0.0,0.0,0.0]}
