{"type":2,"rcvTime":18094.6,"pos":[3606.503203467885,6079.953705339727,1.895],"noise":[0.0,0.0,0.0],"spd":[-4.490839402536444,-38.968777224784549,0.0],"spd_noise":[0.0,0.0,0.0]}
{"type":3,"rcvTime":18094.617392717377,"sendTime":18094.61727431398,"sender":535,"messageID":306210,"pos":[3583.610980205858,5690.748620112987,1.895],"pos_noise":[0.0,0.0,0.0],"spd":[-1.3530942300908802,32.341664314800677,0.0],"spd_noise":[0.0,0.0,0.0],"RSSI":9.283466376047506e-9}
{"type":2,"rcvTime":18094.7,"pos":[3606.0541561709,6076.057145585275,1.895],"noise":[0.0,0.0,0.0],"spd":[-4.485541964418662,-38.922809273758939,0.0],"spd_noise":[0.0,0.0,0.0]}
{"type":2,"rcvTime":18094.8,"pos":[3605.603632986318,6072.1477789745099,1.895],"noise":[0.0,0.0,0.0],"spd":[-4.50028463360476,-39.050737204319549,0.0],"spd_noise":[0.0,0.0,0.0]}
{"type":2,"rcvTime":18094.899999999998,"pos":[3605.1541541336498,6068.247474441909,1.895],"noise":[0.0,0.0,0.0],"spd":[-4.489852782321928,-38.96021593369869,0.0],"spd_noise":[0.0,0.0,0.0]}
{"type":2,"rcvTime":18095.0,"pos":[3604.7038975842417,6064.340421529264,1.895],"noise":[0.0,0.0,0.0],"spd":[-4.497621209799531,-39.02762562992281,0.0],"spd_noise":[0.0,0.0,0.0]}
{"type":2,"rcvTime":18095.1,"pos":[3604.2534643561978,6060.431835506704,1.895],"noise":[0.0,0.0,0.0],"spd":[-4.49938605604457,-39.04293989392307,0.0],"spd_noise":[0.0,0.0,0.0]}
{"type":3,"rcvTime":18095.173606297347,"sendTime":18095.173493042123,"sender":589,"messageID":308442,"pos":[3598.93186736368,6014.254248402491,1.895],"pos_noise":[0.0,0.0,0.0],"spd":[-4.478598437603718,-38.86255756459514,0.0],"spd_noise":[0.0,0.0,0.0],"RSSI":1.1512030718464669e-8}
{"type":2,"rcvTime":18095.2,"pos":[3603.8043162439737,6056.534400938836,1.895],"noise":[0.0,0.0,0.0],"spd":[-4.486549009749504,-38.93154780156655,0.0],"spd_noise":[0.0,0.0,0.0]}
{"type":2,"rcvTime":18095.3,"pos":[3603.3538686012018,6052.625689834022,1.895],"noise":[0.0,0.0,0.0],"spd":[-4.499530045036803,-39.044189342951188,0.0],"spd_noise":[0.0,0.0,0.0]}
{"type":2,"rcvTime":18095.399999999998,"pos":[3602.90432776821,6048.724847473812,1.895],"noise":[0.0,0.0,0.0],"spd":[-4.490471904943047,-38.96558830387791,0.0],"spd_noise":[0.0,0.0,0.0]}
{"type":2,"rcvTime":18095.5,"pos":[3602.4549807182886,6044.825686645412,1.895],"noise":[0.0,0.0,0.0],"spd":[-4.4885362021819719,-38.948791450751567,0.0],"spd_noise":[0.0,0.0,0.0]}
{"type":2,"rcvTime":18095.6,"pos":[3602.005358759596,6040.924140325638,1.895],"noise":[0.0,0.0,0.0],"spd":[-4.491282271107952,-38.972620169311408,0.0],"spd_noise":[0.0,0.0,0.0]}
{"type":3,"rcvTime":18095.602540921325,"sendTime":18095.60242271237,"sender":553,"messageID":309567,"pos":[3606.4931918527238,5471.977396127197,1.895],"pos_noise":[0.0,0.0,0.0],"spd":[-4.148467861107329,35.94603269010005,0.0],"spd_noise":[0.0,0.0,0.0],"RSSI":2.1875349550553965e-9}
{"type":3,"rcvTime":18095.6173809272,"sendTime":18095.61727431398,"sender":535,"messageID":309661,"pos":[3582.257177446108,5723.1072197068319,1.895],"pos_noise":[0.0,0.0,0.0],"spd":[-1.3529074447406553,32.33719977052759,0.0],"spd_noise":[0.0,0.0,0.0],"RSSI":7.069662610442997e-9}
{"type":3,"rcvTime":18095.6420939215,"sendTime":18095.641985257247,"sender":541,"messageID":309833,"pos":[3608.6411056602316,5567.389250791555,1.895],"pos_noise":[0.0,0.0,0.0],"spd":[3.1331089966188738,-37.21477720981708,0.0],"spd_noise":[0.0,0.0,0.0],"RSSI":4.6295361142176479e-9}
{"type":2,"rcvTime":18095.7,"pos":[3601.5552678659107,6037.018524872753,1.895],"noise":[0.0,0.0,0.0],"spd":[-4.495966471649761,-39.01326681712421,0.0],"spd_noise":[0.0,0.0,0.0]}
{"type":2,"rcvTime":18095.8,"pos":[3601.105293647177,6033.113921854257,1.895],"noise":[0.0,0.0,0.0],"spd":[-4.494801003336941,-39.00315359081458,0.0],"spd_noise":[0.0,0.0,0.0]}
{"type":2,"rcvTime":18095.899999999998,"pos":[3600.6545710558209,6029.202824912593,1.895],"noise":[0.0,0.0,0.0],"spd":[-4.502276511657283,-39.06802151247003,0.0],"spd_noise":[0.0,0.0,0.0]}
{"type":2,"rcvTime":18096.0,"pos":[3600.204444907027,6025.296903537297,1.895],"noise":[0.0,0.0,0.0],"spd":[-4.496318635587501,-39.01632268188647,0.0],"spd_noise":[0.0,0.0,0.0]}
{"type":3,"rcvTime":18096.046278832247,"sendTime":18096.04617205374,"sender":571,"messageID":311490,"pos":[3591.4390744724698,5889.215646579841,1.895],"pos_noise":[0.0,0.0,0.0],"spd":[-1.4113706218666878,-36.12640934314011,0.0],"spd_noise":[0.0,0.0,0.0],"RSSI":3.7016041677449096e-9}
{"type":2,"rcvTime":18096.1,"pos":[3599.754307691487,6021.39088613149,1.895],"noise":[0.0,0.0,0.0],"spd":[-4.49642918153158,-39.01728193248549,0.0],"spd_noise":[0.0,0.0,0.0]}
{"type":3,"rcvTime":18096.173607832287,"sendTime":18096.173493042123,"sender":589,"messageID":312057,"pos":[3596.015094251988,5975.117150836965,1.895],"pos_noise":[0.0,0.0,0.0],"spd":[-2.598588818207874,-39.145992957326999,0.0],"spd_noise":[0.0,0.0,0.0],"RSSI":2.8948422829541726e-8}
{"type":2,"rcvTime":18096.2,"pos":[3599.3042326906327,6017.4854085869469,1.895],"noise":[0.0,0.0,0.0],"spd":[-4.495807717853351,-39.01188924808391,0.0],"spd_noise":[0.0,0.0,0.0]}
{"type":2,"rcvTime":18096.3,"pos":[3598.8550574983798,6013.5877390350319,1.895],"noise":[0.0,0.0,0.0],"spd":[-4.486819512672246,-38.933895061664298,0.0],"spd_noise":[0.0,0.0,0.0]}
{"type":2,"rcvTime":18096.399999999998,"pos":[3598.4056663136027,6009.6881952311509,1.895],"noise":[0.0,0.0,0.0],"spd":[-4.488977066092288,-38.95261700008794,0.0],"spd_noise":[0.0,0.0,0.0]}
{"type":2,"rcvTime":18096.5,"pos":[3598.051002726242,6005.786742823386,1.895],"noise":[0.0,0.0,0.0],"spd":[-3.665945300334802,-38.97182180829652,0.0],"spd_noise":[0.0,0.0,0.0]}
{"type":2,"rcvTime":18096.6,"pos":[3597.7909708199565,6001.869537030453,1.895],"noise":[0.0,0.0,0.0],"spd":[-2.5974636426108339,-39.12904294363622,0.0],"spd_noise":[0.0,0.0,0.0]}
{"type":3,"rcvTime":18096.602536535494,"sendTime":18096.60242271237,"sender":553,"messageID":313233,"pos":[3603.261179803085,5507.984237835823,1.895],"pos_noise":[0.0,0.0,0.0],"spd":[-2.9554656476478655,36.07844165513605,0.0],"spd_noise":[0.0,0.0,0.0],"RSSI":3.211625016009028e-9}
{"type":3,"rcvTime":18096.617389540563,"sendTime":18096.61727431398,"sender":535,"messageID":313324,"pos":[3581.1345319397908,5755.45766495599,1.895],"pos_noise":[0.0,0.0,0.0],"spd":[-0.03130338898871162,32.33158491651983,0.0],"spd_noise":[0.0,0.0,0.0],"RSSI":1.6274423233000616e-8}
{"type":3,"rcvTime":18096.642098049353,"sendTime":18096.641985257247,"sender":541,"messageID":313482,"pos":[3611.7757951220207,5530.155700963443,1.895],"pos_noise":[0.0,0.0,0.0],"spd":[3.1410977737513736,-37.30966716146153,0.0],"spd_noise":[0.0,0.0,0.0],"RSSI":2.159848185542144e-9}
{"type":2,"rcvTime":18096.7,"pos":[3597.531464471077,5997.960248406395,1.895],"noise":[0.0,0.0,0.0],"spd":[-2.592213839716772,-39.04995819361429,0.0],"spd_noise":[0.0,0.0,0.0]}
{"type":2,"rcvTime":18096.8,"pos":[3597.2710294376527,5994.0369697742239,1.895],"noise":[0.0,0.0,0.0],"spd":[-2.6014904872450748,-39.189704649947028,0.0],"spd_noise":[0.0,0.0,0.0]}
{"type":2,"rcvTime":18096.899999999998,"pos":[3597.0109635533447,5990.119252125234,1.895],"noise":[0.0,0.0,0.0],"spd":[-2.597803049721115,-39.13415588349636,0.0],"spd_noise":[0.0,0.0,0.0]}
{"type":2,"rcvTime":18097.0,"pos":[3596.7513127922286,5986.207788027949,1.895],"noise":[0.0,0.0,0.0],"spd":[-2.5936563762836757,-39.071689036926567,0.0],"spd_noise":[0.0,0.0,0.0]}
{"type":2,"rcvTime":18097.1,"pos":[3596.490784807908,5982.283109153038,1.895],"noise":[0.0,0.0,0.0],"spd":[-2.6024189755054176,-39.20369170122617,0.0],"spd_noise":[0.0,0.0,0.0]}
{"type":3,"rcvTime":18097.173604047304,"sendTime":18097.173493042123,"sender":589,"messageID":315680,"pos":[3593.418063475265,5935.9946287267989,1.895],"pos_noise":[0.0,0.0,0.0],"spd":[-2.5963185373482196,-39.11179270297337,0.0],"spd_noise":[0.0,0.0,0.0],"RSSI":5.635688989003548e-8}
{"type":2,"rcvTime":18097.2,"pos":[3596.2308670019499,5978.36762220481,1.895],"noise":[0.0,0.0,0.0],"spd":[-2.596323892272046,-39.111873371289039,0.0],"spd_noise":[0.0,0.0,0.0]}
{"type":2,"rcvTime":18097.3,