{"type":2,"rcvTime":25299.3,"pos":[3639.0362010409055,5180.354533292791,1.895],"noise":[0.0,0.0,0.0],"spd":[-4.060452921492147,26.031938437823734,0.0],"spd_noise":[0.0,0.0,0.0]}
{"type":3,"rcvTime":25299.30550359812,"sendTime":25299.305393835948,"sender":2641,"messageID":6235144,"pos":[3600.005062070863,6023.56678036243,1.895],"pos_noise":[0.0,0.0,0.0],"spd":[4.428695278565163,-35.76496914548702,0.0],"spd_noise":[0.0,0.0,0.0],"RSSI":2.4410016581804668e-9}
{"type":3,"rcvTime":25299.391331256447,"sendTime":25299.39121710416,"sender":1093,"messageID":6240553,"pos":[3789.3898733965609,5258.586362245819,1.895],"pos_noise":[0.0,0.0,0.0],"spd":[-12.099472193378436,-1.78747722541024,0.0],"spd_noise":[0.0,0.0,0.0],"RSSI":7.1190216556026479e-9}
{"type":2,"rcvTime":25299.399999999998,"pos":[3638.6257390428156,5182.986043045998,1.895],"noise":[0.0,0.0,0.0],"spd":[-4.099700728000778,26.28355974771368,0.0],"spd_noise":[0.0,0.0,0.0]}
{"type":3,"rcvTime":25299.441694225865,"sendTime":25299.441582517,"sender":2845,"messageID":6243669,"pos":[3612.853292635157,5416.867799453881,1.895],"pos_noise":[0.0,0.0,0.0],"spd":[-3.428079468264369,29.703943903207319,0.0],"spd_noise":[0.0,0.0,0.0],"RSSI":1.0385777312508225e-8}
{"type":3,"rcvTime":25299.452868230695,"sendTime":25299.45275952518,"sender":2581,"messageID":6244744,"pos":[3623.3433393151956,5394.212869616697,1.895],"pos_noise":[0.0,0.0,0.0],"spd":[3.8527994346601948,-31.10664987227253,0.0],"spd_noise":[0.0,0.0,0.0],"RSSI":2.0859488261458904e-8}
{"type":3,"rcvTime":25299.4773567168,"sendTime":25299.477247646777,"sender":745,"messageID":6246214,"pos":[3760.0967807425306,5253.969999335491,1.895],"pos_noise":[0.0,0.0,0.0],"spd":[-11.846840806376476,-5.09440472632076,0.0],"spd_noise":[0.0,0.0,0.0],"RSSI":1.9135754948265778e-9}
{"type":3,"rcvTime":25299.478691065968,"sendTime":25299.478580215713,"sender":925,"messageID":6246562,"pos":[3968.614598566389,5249.329938880525,1.895],"pos_noise":[0.0,0.0,0.0],"spd":[-11.124519510380284,-1.4347511144223056,0.0],"spd_noise":[0.0,0.0,0.0],"RSSI":5.992028054188482e-9}
{"type":2,"rcvTime":25299.5,"pos":[3638.211909757937,5185.639140785591,1.895],"noise":[0.0,0.0,0.0],"spd":[-4.133333240054987,26.499180886611958,0.0],"spd_noise":[0.0,0.0,0.0]}
{"type":3,"rcvTime":25299.54459396313,"sendTime":25299.544483275058,"sender":2611,"messageID":6249969,"pos":[3587.732766274106,5757.405745635452,1.895],"pos_noise":[0.0,0.0,0.0],"spd":[-0.029040704090017967,29.932030315316888,0.0],"spd_noise":[0.0,0.0,0.0],"RSSI":2.4868587862984815e-9}
{"type":3,"rcvTime":25299.55864096331,"sendTime":25299.5585344309,"sender":2617,"messageID":6251129,"pos":[3613.5505219913104,5509.07566030089,1.895],"pos_noise":[0.0,0.0,0.0],"spd":[2.5103662671428408,-29.817896998683034,0.0],"spd_noise":[0.0,0.0,0.0],"RSSI":1.6993249132769685e-8}
{"type":3,"rcvTime":25299.569984365615,"sendTime":25299.569873774515,"sender":2725,"messageID":6251970,"pos":[3595.10344995271,5567.207345171875,1.895],"pos_noise":[0.0,0.0,0.0],"spd":[-2.518017879672227,30.737966008598386,0.0],"spd_noise":[0.0,0.0,0.0],"RSSI":1.7999774694761744e-9}
{"type":3,"rcvTime":25299.57828600266,"sendTime":25299.57817207882,"sender":2755,"messageID":6252852,"pos":[3601.3515713301997,5663.099389861963,1.895],"pos_noise":[0.0,0.0,0.0],"spd":[1.5483901088834203,-36.08912891592841,0.0],"spd_noise":[0.0,0.0,0.0],"RSSI":1.711461551947832e-9}
{"type":3,"rcvTime":25299.598422365627,"sendTime":25299.598316283384,"sender":2893,"messageID":6253821,"pos":[3642.070269714465,5203.720241309264,1.895],"pos_noise":[0.0,0.0,0.0],"spd":[-3.4393275944965695,29.80140772040017,0.0],"spd_noise":[0.0,0.0,0.0],"RSSI":1.297309778855264e-8}
{"type":2,"rcvTime":25299.6,"pos":[3637.7948119193099,5188.313193524934,1.895],"noise":[0.0,0.0,0.0],"spd":[-4.165979604993668,26.70847974529635,0.0],"spd_noise":[0.0,0.0,0.0]}
{"type":3,"rcvTime":25299.60009601437,"sendTime":25299.59998703003,"sender":1189,"messageID":6254178,"pos":[3310.1648764558365,5203.117176478661,1.895],"pos_noise":[0.0,0.0,0.0],"spd":[-9.684533209624434,2.23577878937057,0.0],"spd_noise":[0.0,0.0,0.0],"RSSI":1.2810084361449322e-9}
{"type":3,"rcvTime":25299.600598080553,"sendTime":25299.600488955388,"sender":979,"messageID":6254410,"pos":[3786.22765121952,5264.490027301583,1.895],"pos_noise":[0.0,0.0,0.0],"spd":[-12.895188549055062,-2.746590796027815,0.0],"spd_noise":[0.0,0.0,0.0],"RSSI":2.1735568293913514e-9}
{"type":3,"rcvTime":25299.683181278742,"sendTime":25299.683074365836,"sender":1099,"messageID":6256910,"pos":[3818.528926720213,5253.780095963861,1.895],"pos_noise":[0.0,0.0,0.0],"spd":[-8.379758804978814,5.767536188750523,0.0],"spd_noise":[0.0,0.0,0.0],"RSSI":9.156536110950351e-9}
{"type":3,"rcvTime":25299.68918937491,"sendTime":25299.68907664213,"sender":2875,"messageID":6257646,"pos":[3630.1420628587595,5258.782213710217,1.895],"pos_noise":[0.0,0.0,0.0],"spd":[-3.983508137341212,34.52373719030449,0.0],"spd_noise":[0.0,0.0,0.0],"RSSI":2.872936250076352e-9}
{"type":2,"rcvTime":25299.7,"pos":[3637.3754341115475,5191.001863356833,1.895],"noise":[0.0,0.0,0.0],"spd":[-4.188751971662568,26.854475489778574,0.0],"spd_noise":[0.0,0.0,0.0]}
{"type":3,"rcvTime":25299.721281889586,"sendTime":25299.721173802485,"sender":2683,"messageID":6259518,"pos":[3608.205323798441,6065.91042299704,1.895],"pos_noise":[0.0,0.0,0.0],"spd":[3.040659836120485,-36.11915246143321,0.0],"spd_noise":[0.0,0.0,0.0],"RSSI":5.513129557959062e-9}
{"type":3,"rcvTime":25299.79977016694,"sendTime":25299.799661193043,"sender":433,"messageID":6264688,"pos":[2746.3438325685235,5471.987817949999,1.895],"pos_noise":[0.0,0.0,0.0],"spd":[14.066675020386479,1.7332073381752074,0.0],"spd_noise":[0.0,0.0,0.0],"RSSI":9.036684668056923e-8}
{"type":2,"rcvTime":25299.8,"pos":[3636.9527768581199,5193.71155801757,1.895],"noise":[0.0,0.0,0.0],"spd":[-4.2215071252287,27.064471802440097,0.0],"spd_noise":[0.0,0.0,0.0]}
{"type":3,"rcvTime":25299.805341163665,"sendTime":25299.805235839216,"sender":349,"messageID":6265846,"pos":[2727.9557917282647,5480.409226909546,1.895],"pos_noise":[0.0,0.0,0.0],"spd":[15.208650722212428,1.7594219957646607,0.0],"spd_noise":[0.0,0.0,0.0],"RSSI":3.066202606286638e-8}
{"type":3,"rcvTime":25299.82783860076,"sendTime":25299.827723529375,"sender":2527,"messageID":6267402,"pos":[3603.244372214953,5984.28584109504,1.895],"pos_noise":[0.0,0.0,0.0],"spd":[4.800245385058321,-30.493179841844957,0.0],"spd_noise":[0.0,0.0,0.0],"RSSI":8.691432211619086e-8}
{"type":2,"rcvTime":25299.899999999998,"pos":[3636.526640456244,5196.443557820111,1.895],"noise":[0.0,0.0,0.0],"spd":[-4.256256913250366,27.287255900661614,0.0],"spd_noise":[0.0,0.0,0.0]}
{"type":3,"rcvTime":25299.91051738979,"sendTime":25299.910399282493,"sender":2689,"messageID":6273462,"pos":[3607.859439401615,5576.673809898261,1.895],"pos_noise":[0.0,0.0,0.0],"spd":[2.7636285045028057,-32.82612229474417,0.0],"spd_noise":[0.0,0.0,0.0],"RSSI":3.809172061733883e-9}
{"type":3,"rcvTime":25299.916816399083,"sendTime":25299.916698274297,"sender":2809,"messageID":6274657,"pos":[3595.6692947323169,5519.939809539193,1.895],"pos_noise":[0.0,0.0,0.0],"spd":[-2.744064569072701,33.49693823552929,0.0],"spd_noise":[0.0,0.0,0.0],"RSSI":1.1057105313424346e-8}
{"type":3,"rcvTime":25299.937358654348,"sendTime":25299.937252065167,"sender":895,"messageID":6276355,"pos":[3816.5638167066674,5251.130809900018,1.895],"pos_noise":[0.0,0.0,0.0],"spd":[-11.086374734425658,7.637672048094226,0.0],"spd_noise":[0.0,0.0,0.0],"RSSI":2.485505213950161e-9}
{"type":3,"rcvTime":25299.98414475016,"sendTime":25299.98403857187,"sender":2521,"messageID":6279198,"pos":[3601.491167225837,6007.613787499705,1.895],"pos_noise":[0.0,0.0,0.0],"spd":[4.801413608604815,-30.50060088969589,0.0],"spd_noise":[0.0,0.0,0.0],"RSSI":3.1433828827478348e-8}
{"type":3,"rcvTime":25299.984833989154,"sendTime":25299.98471578206,"sender":2821,"messageID":6279530,"pos":[3591.2002557628309,5815.834432513148,1.895],"pos_noise":[0.0,0.0,0.0],