{"type":2,"rcvTime":18094.2,"pos":[3612.871027410298,6077.597907840299,1.895],"noise":[0.0,0.0,0.0],"spd":[-3.1230795891874338,-27.13304659645558,0.0],"spd_noise":[0.0,0.0,0.0]}
{"type":3,"rcvTime":18094.280893775725,"sendTime":18094.280778704724,"sender":577,"messageID":292516,"pos":[3592.8302466749175,5707.811199808047,1.895],"pos_noise":[0.0,0.0,0.0],"spd":[1.6783949256773237,-39.04837174022784,0.0],"spd_noise":[0.0,0.0,0.0],"RSSI":5.115402170831801e-9}
{"type":2,"rcvTime":18094.3,"pos":[3612.5591962956339,6074.88874596248,1.895],"noise":[0.0,0.0,0.0],"spd":[-3.121735757688249,-27.121371504090495,0.0],"spd_noise":[0.0,0.0,0.0]}
{"type":2,"rcvTime":18094.399999999998,"pos":[3612.246822452961,6072.1748689104529,1.895],"noise":[0.0,0.0,0.0],"spd":[-3.1271689981504928,-27.168575029464046,0.0],"spd_noise":[0.0,0.0,0.0]}
{"type":3,"rcvTime":18094.432259776673,"sendTime":18094.432146426756,"sender":535,"messageID":292821,"pos":[3602.3747563663007,6074.303207757842,1.895],"pos_noise":[0.0,0.0,0.0],"spd":[3.2128970124825186,30.425293027883784,0.0],"spd_noise":[0.0,0.0,0.0],"RSSI":0.000003245926745575686}
{"type":3,"rcvTime":18094.447426443177,"sendTime":18094.44731564005,"sender":601,"messageID":292968,"pos":[3591.2020667020708,5818.945852495265,1.895],"pos_noise":[0.0,0.0,0.0],"spd":[-0.023380020597231614,-40.16979788286525,0.0],"spd_noise":[0.0,0.0,0.0],"RSSI":2.785457405248087e-9}
{"type":2,"rcvTime":18094.5,"pos":[3611.9349832991736,6069.465637189423,1.895],"noise":[0.0,0.0,0.0],"spd":[-3.1218162372103999,-27.12207070324451,0.0],"spd_noise":[0.0,0.0,0.0]}
{"type":2,"rcvTime":18094.6,"pos":[3611.623211762053,6066.75699291618,1.895],"noise":[0.0,0.0,0.0],"spd":[-3.1211393279508159,-27.1161897738742,0.0],"spd_noise":[0.0,0.0,0.0]}
{"type":2,"rcvTime":18094.7,"pos":[3611.3104221759724,6064.039503921215,1.895],"noise":[0.0,0.0,0.0],"spd":[-3.131330998034969,-27.204734126136765,0.0],"spd_noise":[0.0,0.0,0.0]}
{"type":2,"rcvTime":18094.8,"pos":[3610.9981044969256,6061.3261148139349,1.895],"noise":[0.0,0.0,0.0],"spd":[-3.126606745087235,-27.163690223256354,0.0],"spd_noise":[0.0,0.0,0.0]}
{"type":3,"rcvTime":18094.884215076163,"sendTime":18094.884109130737,"sender":625,"messageID":294430,"pos":[3602.0096967482556,5965.676309892494,1.895],"pos_noise":[0.0,0.0,0.0],"spd":[-2.3334538884067945,-35.170766826816649,0.0],"spd_noise":[0.0,0.0,0.0],"RSSI":1.5054168150323035e-8}
{"type":2,"rcvTime":18094.899999999998,"pos":[3610.6851876019475,6058.6075197702289,1.895],"noise":[0.0,0.0,0.0],"spd":[-3.132605485149314,-27.21580676046788,0.0],"spd_noise":[0.0,0.0,0.0]}
{"type":2,"rcvTime":18095.0,"pos":[3610.3720190870515,6055.886738674341,1.895],"noise":[0.0,0.0,0.0],"spd":[-3.1351244476826509,-27.23769129008744,0.0],"spd_noise":[0.0,0.0,0.0]}
{"type":3,"rcvTime":18095.088959393775,"sendTime":18095.08884350192,"sender":619,"messageID":295171,"pos":[3595.644527474484,5912.261218312385,1.895],"pos_noise":[0.0,0.0,0.0],"spd":[-1.3500453119815863,-34.482096559585297,0.0],"spd_noise":[0.0,0.0,0.0],"RSSI":2.3862591598021418e-9}
{"type":2,"rcvTime":18095.1,"pos":[3610.060106807381,6053.17687164194,1.895],"noise":[0.0,0.0,0.0],"spd":[-3.1225482991216739,-27.128430794110188,0.0],"spd_noise":[0.0,0.0,0.0]}
{"type":3,"rcvTime":18095.13889208677,"sendTime":18095.138778815603,"sender":631,"messageID":295600,"pos":[3599.654304129324,5980.07044210495,1.895],"pos_noise":[0.0,0.0,0.0],"spd":[-2.4233715326197848,-36.516233152624668,0.0],"spd_noise":[0.0,0.0,0.0],"RSSI":2.073214213710647e-8}
{"type":2,"rcvTime":18095.2,"pos":[3609.748080314883,6050.466012338321,1.895],"noise":[0.0,0.0,0.0],"spd":[-3.123691681718082,-27.13836440367087,0.0],"spd_noise":[0.0,0.0,0.0]}
{"type":3,"rcvTime":18095.280887140965,"sendTime":18095.280778704724,"sender":577,"messageID":296011,"pos":[3594.5136172419649,5668.647068248173,1.895],"pos_noise":[0.0,0.0,0.0],"spd":[1.6813032670883826,-39.11603519346468,0.0],"spd_noise":[0.0,0.0,0.0],"RSSI":5.231671865390205e-9}
{"type":2,"rcvTime":18095.3,"pos":[3609.436166119965,6047.756128666418,1.895],"noise":[0.0,0.0,0.0],"spd":[-3.122567472628425,-27.128597371880418,0.0],"spd_noise":[0.0,0.0,0.0]}
{"type":2,"rcvTime":18095.399999999998,"pos":[3609.123002732956,6045.035392121171,1.895],"noise":[0.0,0.0,0.0],"spd":[-3.135073112496483,-27.2372452944096,0.0],"spd_noise":[0.0,0.0,0.0]}
{"type":3,"rcvTime":18095.447432750036,"sendTime":18095.44731564005,"sender":601,"messageID":296382,"pos":[3591.17861997952,5778.661452313502,1.895],"pos_noise":[0.0,0.0,0.0],"spd":[-0.02344969778895394,-40.28951200787602,0.0],"spd_noise":[0.0,0.0,0.0],"RSSI":5.616682453251616e-9}
{"type":2,"rcvTime":18095.5,"pos":[3608.811051729033,6042.325188655793,1.895],"noise":[0.0,0.0,0.0],"spd":[-3.1229359669320129,-27.13179881867104,0.0],"spd_noise":[0.0,0.0,0.0]}
{"type":2,"rcvTime":18095.6,"pos":[3608.498742308788,6039.6118713002729,1.895],"noise":[0.0,0.0,0.0],"spd":[-3.1265240663676745,-27.162971917658849,0.0],"spd_noise":[0.0,0.0,0.0]}
{"type":2,"rcvTime":18095.7,"pos":[3608.186196599921,6036.896501089546,1.895],"noise":[0.0,0.0,0.0],"spd":[-3.1288895475720737,-27.18352301471197,0.0],"spd_noise":[0.0,0.0,0.0]}
{"type":2,"rcvTime":18095.8,"pos":[3607.873691863139,6034.181486840763,1.895],"noise":[0.0,0.0,0.0],"spd":[-3.1284793767604786,-27.17995948601355,0.0],"spd_noise":[0.0,0.0,0.0]}
{"type":3,"rcvTime":18095.884221435725,"sendTime":18095.884109130737,"sender":625,"messageID":297826,"pos":[3602.0096967482556,5965.676309892494,1.895],"pos_noise":[0.0,0.0,0.0],"spd":[-2.333672323523374,-35.174059169806657,0.0],"spd_noise":[0.0,0.0,0.0],"RSSI":3.469393182166157e-8}
{"type":2,"rcvTime":18095.899999999998,"pos":[3607.5616049444577,6031.470102559669,1.895],"noise":[0.0,0.0,0.0],"spd":[-3.1242966071643458,-27.143619943868339,0.0],"spd_noise":[0.0,0.0,0.0]}
{"type":2,"rcvTime":18096.0,"pos":[3607.2494977610247,6028.758542220157,1.895],"noise":[0.0,0.0,0.0],"spd":[-3.1244994772328629,-27.14538246155798,0.0],"spd_noise":[0.0,0.0,0.0]}
{"type":2,"rcvTime":18096.1,"pos":[3606.9376724712844,6026.049430948781,1.895],"noise":[0.0,0.0,0.0],"spd":[-3.1216774444732957,-27.12086488389932,0.0],"spd_noise":[0.0,0.0,0.0]}
{"type":3,"rcvTime":18096.13889275203,"sendTime":18096.138778815603,"sender":631,"messageID":299026,"pos":[3597.2279253870426,5943.50889523639,1.895],"pos_noise":[0.0,0.0,0.0],"spd":[-2.4220340774875779,-36.4960798980947,0.0],"spd_noise":[0.0,0.0,0.0],"RSSI":1.0728188804072466e-7}
{"type":2,"rcvTime":18096.2,"pos":[3606.624928637243,6023.3323394435969,1.895],"noise":[0.0,0.0,0.0],"spd":[-3.1308729751785817,-27.200754862998644,0.0],"spd_noise":[0.0,0.0,0.0]}
{"type":2,"rcvTime":18096.3,"pos":[3606.3122738543836,6020.61602160741,1.895],"noise":[0.0,0.0,0.0],"spd":[-3.12998148538163,-27.193009676387765,0.0],"spd_noise":[0.0,0.0,0.0]}
{"type":3,"rcvTime":18096.30707791756,"sendTime":18096.306963950305,"sender":613,"messageID":299512,"pos":[3600.5549586617678,5465.944199995709,1.895],"pos_noise":[0.0,0.0,0.0],"spd":[-4.254549016692566,36.880293654790978,0.0],"spd_noise":[0.0,0.0,0.0],"RSSI":2.9571519188285074e-9}
{"type":2,"rcvTime":18096.399999999998,"pos":[3605.999236858063,6017.896383133584,1.895],"noise":[0.0,0.0,0.0],"spd":[-3.133807817554162,-27.22625252088914,0.0],"spd_noise":[0.0,0.0,0.0]}
{"type":3,"rcvTime":18096.447432923585,"sendTime":18096.44731564005,"sender":601,"messageID":299808,"pos":[3591.5165640267057,5738.37442876644,1.895],"pos_noise":[0.0,0.0,0.0],"spd":[1.7286785219327184,-40.21823500002644,0.0],"spd_noise":[0.0,0.0,0.0],"RSSI":4.3058853012415518e-9}
{"type":2,"rcvTime":18096.5,"pos":[3605.687280478145,6015.186132962029,1.895],"noise":[0.0,0.0,0.0],"spd":[-3.1229897859181667,-27.132266393389324,0.0],"spd_noise":[0.0,0.0,0.0]}
{"type":2,"rcvTime":18096.6,"pos":[3605.3742897552235,6012.466896507506,1.895],"noise":[0.0,0.0,0.0],"spd":[-3.1333445753831734,-27.222227912783617,0.0],"spd_noise":[0.0,0.0,0.0]}
{"type":2,"rcvTime":18096.7,"pos":[3605.062203524608,6009.755518204269,1.895],