{"type":2,"rcvTime":18059.1,"pos":[3575.859708871421,5195.191182084113,1.895],"noise":[0.0,0.0,0.0],"spd":[-0.0,-0.0,0.0],"spd_noise":[0.0,0.0,0.0]}
{"type":3,"rcvTime":18059.15345264085,"sendTime":18059.153338484,"sender":133,"messageID":182783,"pos":[3185.7284345794826,5251.193222408444,1.895],"pos_noise":[0.0,0.0,0.0],"spd":[-1.4594707761489712,0.583435781286479,0.0],"spd_noise":[0.0,0.0,0.0],"RSSI":5.415382487519868e-9}
{"type":2,"rcvTime":18059.2,"pos":[3575.843452694099,5195.171141681906,1.895],"noise":[0.0,0.0,0.0],"spd":[-0.16255246672408817,-0.20039254914187105,0.0],"spd_noise":[0.0,0.0,0.0]}
{"type":3,"rcvTime":18059.28022175044,"sendTime":18059.28010400492,"sender":505,"messageID":183108,"pos":[3635.9680604841739,5200.024665575004,1.895],"pos_noise":[0.0,0.0,0.0],"spd":[-4.636840319323212,29.72721124281327,0.0],"spd_noise":[0.0,0.0,0.0],"RSSI":1.376766959411447e-7}
{"type":2,"rcvTime":18059.3,"pos":[3575.8123376912506,5195.13278351446,1.895],"noise":[0.0,0.0,0.0],"spd":[-0.3111322154729878,-0.38355971481239095,0.0],"spd_noise":[0.0,0.0,0.0]}
{"type":3,"rcvTime":18059.384124790467,"sendTime":18059.384008635025,"sender":445,"messageID":183463,"pos":[3615.1774829075204,5216.50366438767,1.895],"pos_noise":[0.0,0.0,0.0],"spd":[13.977389507556428,1.8636519343433238,0.0],"spd_noise":[0.0,0.0,0.0],"RSSI":9.965857512349194e-8}
{"type":2,"rcvTime":18059.4,"pos":[3575.767060508337,5195.076966397163,1.895],"noise":[0.0,0.0,0.0],"spd":[-0.4527459084154883,-0.5581392182437905,0.0],"spd_noise":[0.0,0.0,0.0]}
{"type":2,"rcvTime":18059.5,"pos":[3575.7071567041859,5195.00311777303,1.895],"noise":[0.0,0.0,0.0],"spd":[-0.5990037472056992,-0.7384439637680086,0.0],"spd_noise":[0.0,0.0,0.0]}
{"type":2,"rcvTime":18059.6,"pos":[3575.6332045958158,5194.911950583694,1.895],"noise":[0.0,0.0,0.0],"spd":[-0.7394787468866386,-0.9116197010801679,0.0],"spd_noise":[0.0,0.0,0.0]}
{"type":3,"rcvTime":18059.620070210476,"sendTime":18059.619955711998,"sender":151,"messageID":184280,"pos":[3822.42581302402,5267.159121027574,1.895],"pos_noise":[0.0,0.0,0.0],"spd":[0.0,-0.0,0.0],"spd_noise":[0.0,0.0,0.0],"RSSI":4.177944445556892e-9}
{"type":2,"rcvTime":18059.7,"pos":[3575.545985454824,5194.804427970537,1.895],"noise":[0.0,0.0,0.0],"spd":[-0.8721414778614736,-1.0751645759869133,0.0],"spd_noise":[0.0,0.0,0.0]}
{"type":2,"rcvTime":18059.8,"pos":[3575.4447681951517,5194.6796486602529,1.895],"noise":[0.0,0.0,0.0],"spd":[-1.0121146508928869,-1.2477216679863608,0.0],"spd_noise":[0.0,0.0,0.0]}
{"type":2,"rcvTime":18059.9,"pos":[3575.3271890332068,5194.534698611429,1.895],"noise":[0.0,0.0,0.0],"spd":[-1.1757243065943977,-1.4494175058342467,0.0],"spd_noise":[0.0,0.0,0.0]}
{"type":2,"rcvTime":18060.0,"pos":[3575.19507835276,5194.371834297173,1.895],"noise":[0.0,0.0,0.0],"spd":[-1.3210311724736637,-1.6285499044266905,0.0],"spd_noise":[0.0,0.0,0.0]}
{"type":3,"rcvTime":18060.019587493414,"sendTime":18060.019480162624,"sender":463,"messageID":185240,"pos":[3536.743794108075,5206.8465011476459,1.895],"pos_noise":[0.0,0.0,0.0],"spd":[13.520314608156586,1.665864160287641,0.0],"spd_noise":[0.0,0.0,0.0],"RSSI":2.567103024595273e-7}
{"type":2,"rcvTime":18060.1,"pos":[3575.047551620681,5194.189965276643,1.895],"noise":[0.0,0.0,0.0],"spd":[-1.4751828632641964,-1.818586087171767,0.0],"spd_noise":[0.0,0.0,0.0]}
{"type":3,"rcvTime":18060.153452665836,"sendTime":18060.153338484,"sender":133,"messageID":185724,"pos":[3184.7526174582555,5251.583313552316,1.895],"pos_noise":[0.0,0.0,0.0],"spd":[-0.9059885443475254,0.3621765799264067,0.0],"spd_noise":[0.0,0.0,0.0],"RSSI":2.891575659534215e-9}
{"type":2,"rcvTime":18060.2,"pos":[3574.8907094157659,5193.9966122633709,1.895],"noise":[0.0,0.0,0.0],"spd":[-1.5683322586156743,-1.9334194401297425,0.0],"spd_noise":[0.0,0.0,0.0]}
{"type":3,"rcvTime":18060.28021890671,"sendTime":18060.28010400492,"sender":505,"messageID":186037,"pos":[3631.146803660849,5230.934188045626,1.895],"pos_noise":[0.0,0.0,0.0],"spd":[-4.968261152152048,31.851980790439876,0.0],"spd_noise":[0.0,0.0,0.0],"RSSI":5.268244464865952e-9}
{"type":2,"rcvTime":18060.3,"pos":[3574.724494557801,5193.791704766339,1.895],"noise":[0.0,0.0,0.0],"spd":[-1.6620534233632234,-2.048957662900217,0.0],"spd_noise":[0.0,0.0,0.0]}
{"type":3,"rcvTime":18060.3841219255,"sendTime":18060.384008635025,"sender":445,"messageID":186384,"pos":[3629.1806137514165,5218.37074850019,1.895],"pos_noise":[0.0,0.0,0.0],"spd":[13.942887506507033,1.8590516675338916,0.0],"spd_noise":[0.0,0.0,0.0],"RSSI":6.906920560683535e-8}
{"type":2,"rcvTime":18060.4,"pos":[3574.5466407033929,5193.572448867134,1.895],"noise":[0.0,0.0,0.0],"spd":[-1.7784367245956896,-2.1924334703211159,0.0],"spd_noise":[0.0,0.0,0.0]}
{"type":2,"rcvTime":18060.5,"pos":[3574.354893263256,5193.336065137654,1.895],"noise":[0.0,0.0,0.0],"spd":[-1.9173646279410504,-2.363701967559796,0.0],"spd_noise":[0.0,0.0,0.0]}
{"type":2,"rcvTime":18060.6,"pos":[3574.1527416483106,5193.0868552779179,1.895],"noise":[0.0,0.0,0.0],"spd":[-2.02140041975605,-2.4919559273059268,0.0],"spd_noise":[0.0,0.0,0.0]}
{"type":3,"rcvTime":18060.62006725525,"sendTime":18060.619955711998,"sender":151,"messageID":187210,"pos":[3822.42581302402,5267.159121027574,1.895],"pos_noise":[0.0,0.0,0.0],"spd":[0.0,-0.0,0.0],"spd_noise":[0.0,0.0,0.0],"RSSI":5.1229286529614428e-9}
{"type":2,"rcvTime":18060.7,"pos":[3573.9397862261196,5192.824326626298,1.895],"noise":[0.0,0.0,0.0],"spd":[-2.129432307136583,-2.625136221257354,0.0],"spd_noise":[0.0,0.0,0.0]}
{"type":2,"rcvTime":18060.8,"pos":[3573.714145087516,5192.546159189857,1.895],"noise":[0.0,0.0,0.0],"spd":[-2.2562822088212024,-2.7815151164482208,0.0],"spd_noise":[0.0,0.0,0.0]}
{"type":2,"rcvTime":18060.9,"pos":[3573.473540561602,5192.249545085779,1.895],"noise":[0.0,0.0,0.0],"spd":[-2.4059075155419178,-2.9659712322746576,0.0],"spd_noise":[0.0,0.0,0.0]}
{"type":2,"rcvTime":18061.0,"pos":[3573.2226891531356,5191.940298759276,1.895],"noise":[0.0,0.0,0.0],"spd":[-2.5083704748355934,-3.0922862247152809,0.0],"spd_noise":[0.0,0.0,0.0]}
{"type":3,"rcvTime":18061.01959435258,"sendTime":18061.019480162624,"sender":463,"messageID":188191,"pos":[3550.3301258921517,5208.52052360945,1.895],"pos_noise":[0.0,0.0,0.0],"spd":[13.575577823199014,1.6726974262943504,0.0],"spd_noise":[0.0,0.0,0.0],"RSSI":6.691564827018054e-8}
{"type":2,"rcvTime":18061.1,"pos":[3572.962138373832,5191.61909517561,1.895],"noise":[0.0,0.0,0.0],"spd":[-2.605358630408424,-3.2118519509303518,0.0],"spd_noise":[0.0,0.0,0.0]}
{"type":2,"rcvTime":18061.2,"pos":[3572.6864774230218,5191.279263970677,1.895],"noise":[0.0,0.0,0.0],"spd":[-2.7564516950671025,-3.3981174994919285,0.0],"spd_noise":[0.0,0.0,0.0]}
{"type":3,"rcvTime":18061.280215812014,"sendTime":18061.28010400492,"sender":505,"messageID":189008,"pos":[3626.0043049901757,5263.903221648508,1.895],"pos_noise":[0.0,0.0,0.0],"spd":[-5.290207664811588,33.916009597060689,0.0],"spd_noise":[0.0,0.0,0.0],"RSSI":1.2189891162862418e-7}
{"type":2,"rcvTime":18061.3,"pos":[3572.3979871159774,5190.923616903631,1.895],"noise":[0.0,0.0,0.0],"spd":[-2.884737912735903,-3.5562670661923079,0.0],"spd_noise":[0.0,0.0,0.0]}
{"type":3,"rcvTime":18061.38411892252,"sendTime":18061.384008635025,"sender":445,"messageID":189355,"pos":[3643.1862891886969,5220.238171891827,1.895],"pos_noise":[0.0,0.0,0.0],"spd":[14.049414608526082,1.8732552811364285,0.0],"spd_noise":[0.0,0.0,0.0],"RSSI":9.800470447035069e-9}
{"type":2,"rcvTime":18061.4,"pos":[3572.096866095602,5190.55239885884,1.895],"noise":[0.0,0.0,0.0],"spd":[-3.0110378150918835,-3.7119679294254674,0.0],"spd_noise":[0.0,0.0,0.0]}
{"type":2,"rcvTime":18061.5,"pos":[3571.786831326794,5190.170192061884,1.895],"noise":[0.0,0.0,0.0],"spd":[-3.1001701963841907,-3.821849160132481,0.0],"spd_noise":[0.0,0.0,0.0]}
{"type":2,"rcvTime":18061.6,"pos":[3571.4659806049919,5189.774651499925,1.895],"noise":[0.0,0.0,0.0],"spd":[-3.208323534308965,-3.9551791767217057,0.0],"spd_noise":[0.0,0.0,0.0]}
{"type":3,"rcvTime":18061.62006416098,