{"type":2,"rcvTime":18098.1,"pos":[6149.52938423305,5824.060572188865,1.895],"noise":[0.0,0.0,0.0],"spd":[-0.0,-0.0,0.0],"spd_noise":[0.0,0.0,0.0]}
{"type":3,"rcvTime":18098.10550651816,"sendTime":18098.105391250225,"sender":205,"messageID":305396,"pos":[6296.4022754249249,5841.949792510607,1.895],"pos_noise":[0.0,0.0,0.0],"spd":[14.231268366295272,0.9366722157740098,0.0],"spd_noise":[0.0,0.0,0.0],"RSSI":2.1096900464200357e-9}
{"type":3,"rcvTime":18098.114719183413,"sendTime":18098.114604051552,"sender":559,"messageID":305470,"pos":[5977.423598248197,5388.702056310661,1.895],"pos_noise":[0.0,0.0,0.0],"spd":[4.886612428203775,9.82250162038991,0.0],"spd_noise":[0.0,0.0,0.0],"RSSI":3.839276446426576e-9}
{"type":2,"rcvTime":18098.2,"pos":[6149.505765538336,5824.058192747246,1.895],"noise":[0.0,0.0,0.0],"spd":[-0.23620121409073359,-0.02379585349909151,0.0],"spd_noise":[0.0,0.0,0.0]}
{"type":3,"rcvTime":18098.256777183942,"sendTime":18098.256661856918,"sender":367,"messageID":305923,"pos":[6125.953268446668,5736.97776445142,1.895],"pos_noise":[0.0,0.0,0.0],"spd":[12.145672970107869,0.6807485114382672,0.0],"spd_noise":[0.0,0.0,0.0],"RSSI":1.4469618892792839e-8}
{"type":2,"rcvTime":18098.3,"pos":[6149.459297371261,5824.053511358539,1.895],"noise":[0.0,0.0,0.0],"spd":[-0.46470973999504758,-0.04681671487206386,0.0],"spd_noise":[0.0,0.0,0.0]}
{"type":2,"rcvTime":18098.399999999998,"pos":[6149.389231445753,5824.046452637419,1.895],"noise":[0.0,0.0,0.0],"spd":[-0.7007015786303825,-0.07059147505159805,0.0],"spd_noise":[0.0,0.0,0.0]}
{"type":2,"rcvTime":18098.5,"pos":[6149.299864848984,5824.037449489604,1.895],"noise":[0.0,0.0,0.0],"spd":[-0.8937199498641808,-0.09003691652496793,0.0],"spd_noise":[0.0,0.0,0.0]}
{"type":3,"rcvTime":18098.58941543215,"sendTime":18098.589305537287,"sender":55,"messageID":307074,"pos":[6002.772128383094,5424.88090102653,1.895],"pos_noise":[0.0,0.0,0.0],"spd":[-5.799459943302142,-11.725139518818559,0.0],"spd_noise":[0.0,0.0,0.0],"RSSI":1.4941394238228002e-9}
{"type":2,"rcvTime":18098.6,"pos":[6149.190739739702,5824.02645579034,1.895],"noise":[0.0,0.0,0.0],"spd":[-1.091317010188584,-0.10994363342067382,0.0],"spd_noise":[0.0,0.0,0.0]}
{"type":2,"rcvTime":18098.7,"pos":[6149.060906910013,5824.013375912633,1.895],"noise":[0.0,0.0,0.0],"spd":[-1.2984067228233676,-0.1308066780157004,0.0],"spd_noise":[0.0,0.0,0.0]}
{"type":3,"rcvTime":18098.707646022936,"sendTime":18098.70753503414,"sender":403,"messageID":307268,"pos":[5868.859613490044,5712.280116716997,1.895],"pos_noise":[0.0,0.0,0.0],"spd":[4.213069268793195,0.4670150631066254,0.0],"spd_noise":[0.0,0.0,0.0],"RSSI":2.5356646715052338e-9}
{"type":3,"rcvTime":18098.743108441926,"sendTime":18098.742999092352,"sender":355,"messageID":307342,"pos":[6097.141987937436,5657.940766562579,1.895],"pos_noise":[0.0,0.0,0.0],"spd":[-0.966211014247002,-14.088260238339562,0.0],"spd_noise":[0.0,0.0,0.0],"RSSI":5.392140903490119e-9}
{"type":2,"rcvTime":18098.8,"pos":[6148.914165178454,5823.998592564631,1.895],"noise":[0.0,0.0,0.0],"spd":[-1.4675059554036192,-0.14784240994804782,0.0],"spd_noise":[0.0,0.0,0.0]}
{"type":3,"rcvTime":18098.814290504997,"sendTime":18098.81417504414,"sender":229,"messageID":307682,"pos":[4460.814665554971,6017.115502515883,1.895],"pos_noise":[0.0,0.0,0.0],"spd":[12.165933112318316,0.9418284751075738,0.0],"spd_noise":[0.0,0.0,0.0],"RSSI":7.659309129811077e-9}
{"type":2,"rcvTime":18098.899999999998,"pos":[6148.745656462065,5823.981616323657,1.895],"noise":[0.0,0.0,0.0],"spd":[-1.6851889521136355,-0.16977266428181662,0.0],"spd_noise":[0.0,0.0,0.0]}
{"type":2,"rcvTime":18099.0,"pos":[6148.560071719138,5823.962919775584,1.895],"noise":[0.0,0.0,0.0],"spd":[-1.8559595323239138,-0.18697677444814984,0.0],"spd_noise":[0.0,0.0,0.0]}
{"type":3,"rcvTime":18099.023194680358,"sendTime":18099.023077207523,"sender":313,"messageID":308309,"pos":[6161.63416337331,5738.803939079201,1.895],"pos_noise":[0.0,0.0,0.0],"spd":[12.874489769397036,0.6589259213037169,0.0],"spd_noise":[0.0,0.0,0.0],"RSSI":6.506363879453216e-8}
{"type":3,"rcvTime":18099.054700898334,"sendTime":18099.05458405628,"sender":565,"messageID":308448,"pos":[6100.846311352812,5747.54407919179,1.895],"pos_noise":[0.0,0.0,0.0],"spd":[0.26793683083338795,-5.346843859170856,0.0],"spd_noise":[0.0,0.0,0.0],"RSSI":5.817118158835391e-8}
{"type":3,"rcvTime":18099.08692262412,"sendTime":18099.08681163867,"sender":469,"messageID":308525,"pos":[6095.611701834962,5635.62776398569,1.895],"pos_noise":[0.0,0.0,0.0],"spd":[-1.0135583714244483,-14.77862898764586,0.0],"spd_noise":[0.0,0.0,0.0],"RSSI":1.2287602383905174e-8}
{"type":2,"rcvTime":18099.1,"pos":[6148.3603152961109,5823.942795515867,1.895],"noise":[0.0,0.0,0.0],"spd":[-1.9976848937771135,-0.2012547532940336,0.0],"spd_noise":[0.0,0.0,0.0]}
{"type":2,"rcvTime":18099.2,"pos":[6148.142454493065,5823.920847348612,1.895],"noise":[0.0,0.0,0.0],"spd":[-2.1787396299691768,-0.21949493040072105,0.0],"spd_noise":[0.0,0.0,0.0]}
{"type":3,"rcvTime":18099.256774626505,"sendTime":18099.256661856918,"sender":367,"messageID":309287,"pos":[6138.178601770781,5737.603466065087,1.895],"pos_noise":[0.0,0.0,0.0],"spd":[12.356515609064552,0.6324156201648096,0.0],"spd_noise":[0.0,0.0,0.0],"RSSI":1.8359579851746904e-8}
{"type":2,"rcvTime":18099.3,"pos":[6147.903983372716,5823.896822815693,1.895],"noise":[0.0,0.0,0.0],"spd":[-2.384855252732655,-0.24025984129262555,0.0],"spd_noise":[0.0,0.0,0.0]}
{"type":2,"rcvTime":18099.399999999998,"pos":[6147.642307503942,5823.870460543757,1.895],"noise":[0.0,0.0,0.0],"spd":[-2.616916753872145,-0.26363864357795127,0.0],"spd_noise":[0.0,0.0,0.0]}
{"type":2,"rcvTime":18099.5,"pos":[6147.364056048176,5823.842428380997,1.895],"noise":[0.0,0.0,0.0],"spd":[-2.7826826363386094,-0.2803385605094441,0.0],"spd_noise":[0.0,0.0,0.0]}
{"type":3,"rcvTime":18099.512046868065,"sendTime":18099.51193142277,"sender":589,"messageID":310071,"pos":[5894.553017604326,5214.4975385786369,1.895],"pos_noise":[0.0,0.0,0.0],"spd":[7.074324321650949,14.21998636755101,0.0],"spd_noise":[0.0,0.0,0.0],"RSSI":2.1640667735805075e-9}
{"type":2,"rcvTime":18099.6,"pos":[6147.06649983494,5823.812451379884,1.895],"noise":[0.0,0.0,0.0],"spd":[-2.9757418721402137,-0.29978811884194209,0.0],"spd_noise":[0.0,0.0,0.0]}
{"type":2,"rcvTime":18099.7,"pos":[6146.748466924386,5823.780411474515,1.895],"noise":[0.0,0.0,0.0],"spd":[-3.18052121433663,-0.32041840749402059,0.0],"spd_noise":[0.0,0.0,0.0]}
{"type":3,"rcvTime":18099.707641870104,"sendTime":18099.70753503414,"sender":403,"messageID":310606,"pos":[5874.199580389903,5712.895935480449,1.895],"pos_noise":[0.0,0.0,0.0],"spd":[6.153582715311455,0.7096470389432736,0.0],"spd_noise":[0.0,0.0,0.0],"RSSI":4.108266042628055e-9}
{"type":3,"rcvTime":18099.743109881663,"sendTime":18099.742999092352,"sender":355,"messageID":310680,"pos":[6096.164498440166,5643.688055493576,1.895],"pos_noise":[0.0,0.0,0.0],"spd":[-0.9741229277669008,-14.203623337091276,0.0],"spd_noise":[0.0,0.0,0.0],"RSSI":7.3611688901163069e-9}
{"type":2,"rcvTime":18099.8,"pos":[6146.413331913826,5823.7466486353,1.895],"noise":[0.0,0.0,0.0],"spd":[-3.3515525449647316,-0.33764878669866607,0.0],"spd_noise":[0.0,0.0,0.0]}
{"type":3,"rcvTime":18099.814291911873,"sendTime":18099.81417504414,"sender":229,"messageID":311016,"pos":[4460.814665554971,6017.115502515883,1.895],"pos_noise":[0.0,0.0,0.0],"spd":[11.823865353056524,3.19224960677469,0.0],"spd_noise":[0.0,0.0,0.0],"RSSI":6.562090730076205e-9}
{"type":3,"rcvTime":18099.895550014164,"sendTime":18099.895435403985,"sender":655,"messageID":311286,"pos":[6324.882634542836,5732.777982974421,1.895],"pos_noise":[0.0,0.0,0.0],"spd":[-13.696731304005896,-0.8686687960651188,0.0],"spd_noise":[0.0,0.0,0.0],"RSSI":6.572032328103854e-9}
{"type":2,"rcvTime":18099.899999999998,"pos":[6146.058386736527,5823.710890040782,1.895],"noise":[0.0,0.0,0.0],"spd":[-3.5496661787586776,-0.357607545268478,0.0],"spd_noise":[0.0,0.0,0.0]}
{"type":2,"rcvTime":18100.0,