{"type":2,"rcvTime":25272.7,"pos":[3566.2204193397349,5180.302884298478,1.895],"noise":[0.0,0.0,0.0],"spd":[0.3012927280509321,3.926524584922815,0.0],"spd_noise":[0.0,0.0,0.0]}
{"type":3,"rcvTime":25272.71398573013,"sendTime":25272.713876807222,"sender":2467,"messageID":4695937,"pos":[3629.6073116184495,5240.8040136163549,1.895],"pos_noise":[0.0,0.0,0.0],"spd":[-5.350417460967241,34.3020201572646,0.0],"spd_noise":[0.0,0.0,0.0],"RSSI":5.718489059289455e-8}
{"type":3,"rcvTime":25272.749662815862,"sendTime":25272.749545003287,"sender":2311,"messageID":4697804,"pos":[3587.7882394665959,5669.768886512414,1.895],"pos_noise":[0.0,0.0,0.0],"spd":[-1.3459136532808285,32.202786717688059,0.0],"spd_noise":[0.0,0.0,0.0],"RSSI":3.4652995175352356e-9}
{"type":3,"rcvTime":25272.77754182381,"sendTime":25272.77743339883,"sender":2317,"messageID":4699708,"pos":[3603.269043457462,5552.608939478479,1.895],"pos_noise":[0.0,0.0,0.0],"spd":[2.964418490262168,-35.21591486621627,0.0],"spd_noise":[0.0,0.0,0.0],"RSSI":2.3766144252580237e-9}
{"type":3,"rcvTime":25272.788404641942,"sendTime":25272.7882945647,"sender":2293,"messageID":4700233,"pos":[3590.8465851979456,5675.544852059949,1.895],"pos_noise":[0.0,0.0,0.0],"spd":[-1.3094232638496964,31.361712444649343,0.0],"spd_noise":[0.0,0.0,0.0],"RSSI":3.191115415625984e-9}
{"type":2,"rcvTime":25272.8,"pos":[3566.2471067771396,5180.650681869815,1.895],"noise":[0.0,0.0,0.0],"spd":[0.2668642321496577,3.4778435415635307,0.0],"spd_noise":[0.0,0.0,0.0]}
{"type":3,"rcvTime":25272.874272580568,"sendTime":25272.874162445405,"sender":2395,"messageID":4706871,"pos":[3594.532961547146,5871.969375482591,1.895],"pos_noise":[0.0,0.0,0.0],"spd":[-0.01742987191290397,-29.9161964038202,0.0],"spd_noise":[0.0,0.0,0.0],"RSSI":1.5165167955416496e-9}
{"type":2,"rcvTime":25272.899999999998,"pos":[3566.270351234112,5180.953609631652,1.895],"noise":[0.0,0.0,0.0],"spd":[0.2324357362482876,3.0291624982042539,0.0],"spd_noise":[0.0,0.0,0.0]}
{"type":3,"rcvTime":25272.92959867888,"sendTime":25272.92948738993,"sender":2023,"messageID":4707771,"pos":[3546.131382800654,5194.702968249239,1.895],"pos_noise":[0.0,0.0,0.0],"spd":[-13.365774185302504,-1.644691449828279,0.0],"spd_noise":[0.0,0.0,0.0],"RSSI":9.155811174584652e-8}
{"type":3,"rcvTime":25272.942432412307,"sendTime":25272.9423201018,"sender":1585,"messageID":4708799,"pos":[3525.960249959464,5192.217418416049,1.895],"pos_noise":[0.0,0.0,0.0],"spd":[-14.756927963321225,-1.8216686193974499,0.0],"spd_noise":[0.0,0.0,0.0],"RSSI":2.02483626195453e-8}
{"type":3,"rcvTime":25272.95810429205,"sendTime":25272.957991833147,"sender":2347,"messageID":4710321,"pos":[3600.1906935087779,5589.1783071562499,1.895],"pos_noise":[0.0,0.0,0.0],"spd":[2.9796866294818784,-35.39729326896429,0.0],"spd_noise":[0.0,0.0,0.0],"RSSI":9.548205271965855e-9}
{"type":3,"rcvTime":25272.973595121308,"sendTime":25272.973487392068,"sender":967,"messageID":4710878,"pos":[3818.4486345386228,5261.890118808212,1.895],"pos_noise":[0.0,0.0,0.0],"spd":[0.0,-0.0,0.0],"spd_noise":[0.0,0.0,0.0],"RSSI":3.876579888251971e-9}
{"type":2,"rcvTime":25273.0,"pos":[3566.2901527106525,5181.211667583987,1.895],"noise":[0.0,0.0,0.0],"spd":[0.19800724034700085,2.58048145484497,0.0],"spd_noise":[0.0,0.0,0.0]}
{"type":3,"rcvTime":25273.03363668624,"sendTime":25273.03352969559,"sender":2377,"messageID":4714276,"pos":[4061.115447240316,4993.647196004681,1.895],"pos_noise":[0.0,0.0,0.0],"spd":[14.18534949468972,2.006745831141307,0.0],"spd_noise":[0.0,0.0,0.0],"RSSI":3.500167652442122e-9}
{"type":2,"rcvTime":25273.1,"pos":[3566.306511206761,5181.424855726821,1.895],"noise":[0.0,0.0,0.0],"spd":[0.16357874444564306,2.1318004114856925,0.0],"spd_noise":[0.0,0.0,0.0]}
{"type":3,"rcvTime":25273.115760673663,"sendTime":25273.115648828818,"sender":2383,"messageID":4716875,"pos":[3599.2208964043727,5477.508435738082,1.895],"pos_noise":[0.0,0.0,0.0],"spd":[-3.434813852407305,29.774470344416775,0.0],"spd_noise":[0.0,0.0,0.0],"RSSI":4.215631505429333e-9}
{"type":3,"rcvTime":25273.12543723645,"sendTime":25273.125319232462,"sender":1105,"messageID":4717455,"pos":[3961.6845568385035,5251.775841885688,1.895],"pos_noise":[0.0,0.0,0.0],"spd":[-0.0,-0.0,0.0],"spd_noise":[0.0,0.0,0.0],"RSSI":2.115281612606424e-9}
{"type":3,"rcvTime":25273.16138545285,"sendTime":25273.16127146101,"sender":2113,"messageID":4719226,"pos":[3795.4865086516185,5269.512851932757,1.895],"pos_noise":[0.0,0.0,0.0],"spd":[9.606358898472037,1.250597414202923,0.0],"spd_noise":[0.0,0.0,0.0],"RSSI":1.0761917622841264e-8}
{"type":3,"rcvTime":25273.182127844633,"sendTime":25273.182015779057,"sender":1501,"messageID":4721537,"pos":[3504.9160269285855,5192.586572574803,1.895],"pos_noise":[0.0,0.0,0.0],"spd":[-11.622723931549189,-1.8285504710397925,0.0],"spd_noise":[0.0,0.0,0.0],"RSSI":2.0062586834456706e-8}
{"type":2,"rcvTime":25273.2,"pos":[3566.3194267224378,5181.593174060154,1.895],"noise":[0.0,0.0,0.0],"spd":[0.1291502485443208,1.6831193681264117,0.0],"spd_noise":[0.0,0.0,0.0]}
{"type":3,"rcvTime":25273.26901169571,"sendTime":25273.26889202604,"sender":859,"messageID":4727166,"pos":[3974.4595690227745,5394.158420646547,1.895],"pos_noise":[0.0,0.0,0.0],"spd":[-12.828883241444517,-2.680410558988506,0.0],"spd_noise":[0.0,0.0,0.0],"RSSI":1.8462302390421642e-9}
{"type":2,"rcvTime":25273.3,"pos":[3566.3288992576819,5181.716622583984,1.895],"noise":[0.0,0.0,0.0],"spd":[0.09472175264301554,1.2344383247671296,0.0],"spd_noise":[0.0,0.0,0.0]}
{"type":3,"rcvTime":25273.3257702294,"sendTime":25273.325660063932,"sender":2227,"messageID":4730187,"pos":[3587.6828396906705,5808.864691131755,1.895],"pos_noise":[0.0,0.0,0.0],"spd":[-0.03091310166313035,31.861896090850537,0.0],"spd_noise":[0.0,0.0,0.0],"RSSI":1.7232182863130842e-9}
{"type":3,"rcvTime":25273.356313697015,"sendTime":25273.356203308096,"sender":1693,"messageID":4731865,"pos":[3948.69952651302,5260.042832103142,1.895],"pos_noise":[0.0,0.0,0.0],"spd":[4.584507687486664e-14,6.479798634979665e-15,0.0],"spd_noise":[0.0,0.0,0.0],"RSSI":4.473640098134917e-9}
{"type":3,"rcvTime":25273.378354219138,"sendTime":25273.378238455854,"sender":2323,"messageID":4734240,"pos":[3591.6618337118954,5656.019011813091,1.895],"pos_noise":[0.0,0.0,0.0],"spd":[-1.3165762071685952,31.533031037947116,0.0],"spd_noise":[0.0,0.0,0.0],"RSSI":2.3139167378762857e-9}
{"type":3,"rcvTime":25273.38353525744,"sendTime":25273.383426225373,"sender":2233,"messageID":4734557,"pos":[3628.730420173105,5377.565870283529,1.895],"pos_noise":[0.0,0.0,0.0],"spd":[4.355806258335259,-35.15928602737195,0.0],"spd_noise":[0.0,0.0,0.0],"RSSI":4.075099458908233e-9}
{"type":3,"rcvTime":25273.39132984895,"sendTime":25273.39121710416,"sender":1093,"messageID":4735671,"pos":[3970.9315433758795,5246.303166144659,1.895],"pos_noise":[0.0,0.0,0.0],"spd":[-0.0,-0.0,0.0],"spd_noise":[0.0,0.0,0.0],"RSSI":2.6554568258255054e-9}
