{"type":2,"rcvTime":25266.7,"pos":[2684.8978883018405,5180.425950736509,1.895],"noise":[0.0,0.0,0.0],"spd":[-12.510320531557883,7.4149206999462609,0.0],"spd_noise":[0.0,0.0,0.0]}
{"type":3,"rcvTime":25266.790755317765,"sendTime":25266.790636989288,"sender":1207,"messageID":4346731,"pos":[2754.0700849399806,5459.842522534191,1.895],"pos_noise":[0.0,0.0,0.0],"spd":[-0.0,0.0,0.0],"spd_noise":[0.0,0.0,0.0],"RSSI":4.362453397939577e-9}
{"type":2,"rcvTime":25266.8,"pos":[2683.640134216333,5181.171426983943,1.895],"noise":[0.0,0.0,0.0],"spd":[-12.5776431739666,7.4548231191938119,0.0],"spd_noise":[0.0,0.0,0.0]}
{"type":2,"rcvTime":25266.899999999998,"pos":[2682.389909591583,5181.912440487655,1.895],"noise":[0.0,0.0,0.0],"spd":[-12.502347953869501,7.410195318915104,0.0],"spd_noise":[0.0,0.0,0.0]}
{"type":2,"rcvTime":25267.0,"pos":[2681.143121517877,5182.651417132806,1.895],"noise":[0.0,0.0,0.0],"spd":[-12.467982163869032,7.389826567613705,0.0],"spd_noise":[0.0,0.0,0.0]}
{"type":2,"rcvTime":25267.1,"pos":[2679.887431797413,5183.395669822215,1.895],"noise":[0.0,0.0,0.0],"spd":[-12.556999355599329,7.442587439400374,0.0],"spd_noise":[0.0,0.0,0.0]}
{"type":2,"rcvTime":25267.2,"pos":[2678.631066824775,5184.140322736487,1.895],"noise":[0.0,0.0,0.0],"spd":[-12.563751932266204,7.446589720590178,0.0],"spd_noise":[0.0,0.0,0.0]}
{"type":2,"rcvTime":25267.3,"pos":[2677.381805541513,5184.880765263562,1.895],"noise":[0.0,0.0,0.0],"spd":[-12.492714460622926,7.404485506103341,0.0],"spd_noise":[0.0,0.0,0.0]}
{"type":2,"rcvTime":25267.399999999998,"pos":[2676.1268112980849,5185.624605740745,1.895],"noise":[0.0,0.0,0.0],"spd":[-12.550044528664277,7.438465283611066,0.0],"spd_noise":[0.0,0.0,0.0]}
{"type":3,"rcvTime":25267.411469244144,"sendTime":25267.411354407668,"sender":337,"messageID":4384158,"pos":[2759.209550668818,5461.977424793508,1.895],"pos_noise":[0.0,0.0,0.0],"spd":[-3.4256292442370754,0.8372450132216722,0.0],"spd_noise":[0.0,0.0,0.0],"RSSI":5.7847499252089208e-9}
{"type":2,"rcvTime":25267.5,"pos":[2674.87250053563,5186.368041115821,1.895],"noise":[0.0,0.0,0.0],"spd":[-12.543209663326835,7.434414229578718,0.0],"spd_noise":[0.0,0.0,0.0]}
{"type":2,"rcvTime":25267.6,"pos":[2673.621402771481,5187.109572133004,1.895],"noise":[0.0,0.0,0.0],"spd":[-12.511079418890218,7.415370495729812,0.0],"spd_noise":[0.0,0.0,0.0]}
{"type":2,"rcvTime":25267.7,"pos":[2672.3643263477508,5187.854646727393,1.895],"noise":[0.0,0.0,0.0],"spd":[-12.570866501068954,7.450806556067491,0.0],"spd_noise":[0.0,0.0,0.0]}
{"type":3,"rcvTime":25267.79075136488,"sendTime":25267.790636989288,"sender":1207,"messageID":4405970,"pos":[2754.0700849399806,5459.842522534191,1.895],"pos_noise":[0.0,0.0,0.0],"spd":[-0.0,0.0,0.0],"spd_noise":[0.0,0.0,0.0],"RSSI":2.883055941551353e-9}
{"type":2,"rcvTime":25267.8,"pos":[2671.1122693316517,5188.596746297326,1.895],"noise":[0.0,0.0,0.0],"spd":[-12.520672016430782,7.421056069481007,0.0],"spd_noise":[0.0,0.0,0.0]}
{"type":3,"rcvTime":25267.89518420603,"sendTime":25267.89507411397,"sender":1963,"messageID":4412341,"pos":[2786.218942056665,5595.757366311001,1.895],"pos_noise":[0.0,0.0,0.0],"spd":[1.7063652993221042,13.96760591082832,0.0],"spd_noise":[0.0,0.0,0.0],"RSSI":5.6880875229139059e-9}
{"type":2,"rcvTime":25267.899999999998,"pos":[2669.8654228501889,5189.335757561005,1.895],"noise":[0.0,0.0,0.0],"spd":[-12.468566246184667,7.390172755710305,0.0],"spd_noise":[0.0,0.0,0.0]}
{"type":2,"rcvTime":25268.0,"pos":[2668.6115030532234,5190.078961209157,1.895],"noise":[0.0,0.0,0.0],"spd":[-12.539299976628174,7.43209694148461,0.0],"spd_noise":[0.0,0.0,0.0]}
{"type":2,"rcvTime":25268.1,"pos":[2667.3549379931366,5190.823732716119,1.895],"noise":[0.0,0.0,0.0],"spd":[-12.565752823032636,7.44777565713952,0.0],"spd_noise":[0.0,0.0,0.0]}
{"type":2,"rcvTime":25268.2,"pos":[2666.0977770357196,5191.568857413987,1.895],"noise":[0.0,0.0,0.0],"spd":[-12.5717118448153,7.451307594935962,0.0],"spd_noise":[0.0,0.0,0.0]}
{"type":2,"rcvTime":25268.3,"pos":[2664.8502085044185,5192.308296639706,1.895],"noise":[0.0,0.0,0.0],"spd":[-12.47578680330462,7.394452410921284,0.0],"spd_noise":[0.0,0.0,0.0]}
{"type":2,"rcvTime":25268.399999999998,"pos":[2663.611085184516,5192.590921532954,1.895],"noise":[0.0,0.0,0.0],"spd":[-13.134672577976576,6.247187704883795,0.0],"spd_noise":[0.0,0.0,0.0]}
{"type":3,"rcvTime":25268.41146911097,"sendTime":25268.411354407668,"sender":337,"messageID":4442338,"pos":[2756.762783345489,5462.575429888022,1.895],"pos_noise":[0.0,0.0,0.0],"spd":[-1.719351280840073,0.42022010650465338,0.0],"spd_noise":[0.0,0.0,0.0],"RSSI":2.629457735036608e-9}
{"type":2,"rcvTime":25268.5,"pos":[2662.4036221519847,5191.78661254826,1.895],"noise":[0.0,0.0,0.0],"spd":[-14.466256942156953,1.1040047718279309,0.0],"spd_noise":[0.0,0.0,0.0]}
{"type":2,"rcvTime":25268.6,"pos":[2661.196921305098,5190.982811266696,1.895],"noise":[0.0,0.0,0.0],"spd":[-13.763416153676437,-4.560059160147055,0.0],"spd_noise":[0.0,0.0,0.0]}
{"type":2,"rcvTime":25268.7,"pos":[2659.983665387581,5190.174643555635,1.895],"noise":[0.0,0.0,0.0],"spd":[-12.132657874118399,-8.081742855444482,0.0],"spd_noise":[0.0,0.0,0.0]}
{"type":3,"rcvTime":25268.790749389394,"sendTime":25268.790636989288,"sender":1207,"messageID":4463838,"pos":[2754.0700849399806,5459.842522534191,1.895],"pos_noise":[0.0,0.0,0.0],"spd":[-0.0,0.0,0.0],"spd_noise":[0.0,0.0,0.0],"RSSI":1.9774891935336908e-9}
{"type":2,"rcvTime":25268.8,"pos":[2658.7720263860794,5189.367552896247,1.895],"noise":[0.0,0.0,0.0],"spd":[-12.116488582429917,-8.070972251099365,0.0],"spd_noise":[0.0,0.0,0.0]}
{"type":2,"rcvTime":25268.899999999998,"pos":[2657.560393151852,5188.560466078525,1.895],"noise":[0.0,0.0,0.0],"spd":[-12.116430909212678,-8.070933834116359,0.0],"spd_noise":[0.0,0.0,0.0]}
{"type":2,"rcvTime":25269.0,"pos":[2656.3441819610177,5187.750329816197,1.895],"noise":[0.0,0.0,0.0],"spd":[-12.162210847707823,-8.1014285282464,0.0],"spd_noise":[0.0,0.0,0.0]}
{"type":2,"rcvTime":25269.1,"pos":[2655.130567393781,5186.941923203253,1.895],"noise":[0.0,0.0,0.0],"spd":[-12.136244400487107,-8.084131893700505,0.0],"spd_noise":[0.0,0.0,0.0]}
{"type":2,"rcvTime":25269.2,"pos":[2653.92372215015,5186.138025736883,1.895],"noise":[0.0,0.0,0.0],"spd":[-12.06855061374765,-8.039040061145745,0.0],"spd_noise":[0.0,0.0,0.0]}
{"type":2,"rcvTime":25269.3,"pos":[2652.713403560885,5185.331814623614,1.895],"noise":[0.0,0.0,0.0],"spd":[-12.103284352639904,-8.062176718343846,0.0],"spd_noise":[0.0,0.0,0.0]}
{"type":2,"rcvTime":25269.399999999998,"pos":[2651.501204823431,5184.52435111583,1.895],"noise":[0.0,0.0,0.0],"spd":[-12.122085987487964,-8.074700765395756,0.0],"spd_noise":[0.0,0.0,0.0]}
{"type":3,"rcvTime":25269.411463367967,"sendTime":25269.411354407668,"sender":337,"messageID":4500612,"pos":[2755.6047459183475,5462.858461410663,1.895],"pos_noise":[0.0,0.0,0.0],"spd":[-0.7592136182929591,0.1855565125604493,0.0],"spd_noise":[0.0,0.0,0.0],"RSSI":3.804681269717357e-9}
{"type":2,"rcvTime":25269.5,"pos":[2650.284256751958,5183.713724006409,1.895],"noise":[0.0,0.0,0.0],"spd":[-12.169579714038449,-8.106337039099844,0.0],"spd_noise":[0.0,0.0,0.0]}
{"type":2,"rcvTime":25269.6,"pos":[2649.069088117718,5182.904282206449,1.895],"noise":[0.0,0.0,0.0],"spd":[-12.151785196949725,-8.094483848078065,0.0],"spd_noise":[0.0,0.0,0.0]}
{"type":2,"rcvTime":25269.7,"pos":[2647.8531958841329,5182.094358406263,1.895],"noise":[0.0,0.0,0.0],"spd":[-12.159021249264506,-8.09930388954823,0.0],"spd_noise":[0.0,0.0,0.0]}
{"type":2,"rcvTime":25269.8,"pos":[2646.6455617810036,5181.289935468914,1.895],"noise":[0.0,0.0,0.0],"spd":[-12.076439272904724,-8.044294813683854,0.0],"spd_noise":[0.0,0.0,0.0]}
{"type":3,"rcvTime":25269.82847130334,"sendTime":25269.82835900481,"sender":2143,"messageID":4525106,"pos":[2646.9651024166635,5501.831556629426,1.895],"pos_noise":[0.0,0.0,0.0],"spd":[14.305880248809772,-3.1174402019593607,0.0],"spd_noise":[0.0,0.0,0.0],"RSSI":2.653807775204578e-9}
{"type":3,"rcvTime":25269.89518794974,"sendTime":25269.89507411397,