{"type":2,"rcvTime":25299.5,"pos":[6324.823425532998,5732.774185496505,1.895],"noise":[0.0,0.0,0.0],"spd":[-14.887036364524042,-0.9442911405554726,0.0],"spd_noise":[0.0,0.0,0.0]}
{"type":3,"rcvTime":25299.505032220284,"sendTime":25299.504915643764,"sender":1819,"messageID":6244867,"pos":[5939.746983061427,5721.131272199944,1.895],"pos_noise":[0.0,0.0,0.0],"spd":[13.893364338234355,1.7703304742127449,0.0],"spd_noise":[0.0,0.0,0.0],"RSSI":1.7169762483831426e-9}
{"type":3,"rcvTime":25299.52457835454,"sendTime":25299.52447053292,"sender":1987,"messageID":6246503,"pos":[6100.864455567172,5747.18200026137,1.895],"pos_noise":[0.0,0.0,0.0],"spd":[2.344357838399996e-15,-4.678309910947342e-14,0.0],"spd_noise":[0.0,0.0,0.0],"RSSI":1.485368885664175e-8}
{"type":2,"rcvTime":25299.6,"pos":[6323.336715001785,5732.678832603002,1.895],"noise":[0.0,0.0,0.0],"spd":[-14.868713305112449,-0.9464212022874526,0.0],"spd_noise":[0.0,0.0,0.0]}
{"type":3,"rcvTime":25299.613963814925,"sendTime":25299.61385249947,"sender":2959,"messageID":6252006,"pos":[6321.5517292574609,5916.768236256519,1.895],"pos_noise":[0.0,0.0,0.0],"spd":[-3.7377745044685497,15.303666096520632,0.0],"spd_noise":[0.0,0.0,0.0],"RSSI":1.6163542617182506e-8}
{"type":3,"rcvTime":25299.614140753594,"sendTime":25299.613952505308,"sender":2251,"messageID":6252205,"pos":[6128.488804640253,5727.19019401242,1.895],"pos_noise":[0.0,0.0,0.0],"spd":[-0.7769797238406342,-0.03980852868454252,0.0],"spd_noise":[0.0,0.0,0.0],"RSSI":1.49967017007164e-8}
{"type":3,"rcvTime":25299.63491599003,"sendTime":25299.634799428375,"sender":2059,"messageID":6253994,"pos":[5874.685239577942,5706.308374397452,1.895],"pos_noise":[0.0,0.0,0.0],"spd":[14.007348573990786,1.6188268014903185,0.0],"spd_noise":[0.0,0.0,0.0],"RSSI":2.6821922499707909e-9}
{"type":3,"rcvTime":25299.67353299004,"sendTime":25299.673414370744,"sender":1237,"messageID":6256553,"pos":[6118.49045109458,5720.038173734048,1.895],"pos_noise":[0.0,0.0,0.0],"spd":[-4.5288076825986098e-14,-2.6103368288035789e-15,0.0],"spd_noise":[0.0,0.0,0.0],"RSSI":2.6765265278108516e-8}
{"type":2,"rcvTime":25299.7,"pos":[6321.845394038868,5732.583184011045,1.895],"noise":[0.0,0.0,0.0],"spd":[-14.914612228825688,-0.9526555530127585,0.0],"spd_noise":[0.0,0.0,0.0]}
{"type":3,"rcvTime":25299.74545230772,"sendTime":25299.745334430598,"sender":163,"messageID":6259727,"pos":[6156.957971898211,5731.958354148151,1.895],"pos_noise":[0.0,0.0,0.0],"spd":[11.88691332969637,0.6091374449426846,0.0],"spd_noise":[0.0,0.0,0.0],"RSSI":5.368841429600219e-9}
{"type":3,"rcvTime":25299.751634307817,"sendTime":25299.751527819782,"sender":307,"messageID":6260659,"pos":[6179.314542761736,5733.104002650478,1.895],"pos_noise":[0.0,0.0,0.0],"spd":[14.366732674998805,0.7362142375452454,0.0],"spd_noise":[0.0,0.0,0.0],"RSSI":1.2979400808880433e-9}
{"type":3,"rcvTime":25299.763276764734,"sendTime":25299.763164604596,"sender":1675,"messageID":6261990,"pos":[6111.312053933853,5722.93517984071,1.895],"pos_noise":[0.0,0.0,0.0],"spd":[-0.0,-0.0,0.0],"spd_noise":[0.0,0.0,0.0],"RSSI":6.307467959480539e-9}
{"type":3,"rcvTime":25299.767275073216,"sendTime":25299.76716816383,"sender":2911,"messageID":6262757,"pos":[6149.438415386267,5824.051407623986,1.895],"pos_noise":[0.0,0.0,0.0],"spd":[-8.75968025773199,-0.8824851680559056,0.0],"spd_noise":[0.0,0.0,0.0],"RSSI":9.502289079856833e-9}
{"type":3,"rcvTime":25299.79048733449,"sendTime":25299.790373521857,"sender":301,"messageID":6263970,"pos":[6141.568897380407,5731.169750641774,1.895],"pos_noise":[0.0,0.0,0.0],"spd":[11.090766572929115,0.5683394019381095,0.0],"spd_noise":[0.0,0.0,0.0],"RSSI":3.1944583143483607e-9}
{"type":3,"rcvTime":25299.79386157269,"sendTime":25299.79375027842,"sender":1753,"messageID":6264540,"pos":[6106.104418271269,5725.936101219644,1.895],"pos_noise":[0.0,0.0,0.0],"spd":[-0.0,-0.0,0.0],"spd_noise":[0.0,0.0,0.0],"RSSI":9.742782468846812e-9}
{"type":2,"rcvTime":25299.8,"pos":[6320.357870545485,5732.487778976729,1.895],"noise":[0.0,0.0,0.0],"spd":[-14.876423926888354,-0.953512309962957,0.0],"spd_noise":[0.0,0.0,0.0]}
{"type":3,"rcvTime":25299.800884482607,"sendTime":25299.800769992777,"sender":1417,"messageID":6265262,"pos":[5670.34402248938,5681.191234842822,1.895],"pos_noise":[0.0,0.0,0.0],"spd":[-18.24547894018314,-2.2967089624430105,0.0],"spd_noise":[0.0,0.0,0.0],"RSSI":1.5273142890261064e-9}
{"type":3,"rcvTime":25299.801551910146,"sendTime":25299.80143900141,"sender":2695,"messageID":6265642,"pos":[6117.464839728889,5820.830261936342,1.895],"pos_noise":[0.0,0.0,0.0],"spd":[-6.670262439826222,-0.6719888736781429,0.0],"spd_noise":[0.0,0.0,0.0],"RSSI":3.321960382582293e-9}
{"type":3,"rcvTime":25299.803990171775,"sendTime":25299.803879814597,"sender":2389,"messageID":6266044,"pos":[6097.576052615725,5746.990130177591,1.895],"pos_noise":[0.0,0.0,0.0],"spd":[0.06533797615316905,-1.3038594040179144,0.0],"spd_noise":[0.0,0.0,0.0],"RSSI":1.369901248018725e-8}
{"type":3,"rcvTime":25299.830647474086,"sendTime":25299.830533455544,"sender":1375,"messageID":6268120,"pos":[6054.661009491643,5725.289435352448,1.895],"pos_noise":[0.0,0.0,0.0],"spd":[5.934791693610272,0.5134125376987865,0.0],"spd_noise":[0.0,0.0,0.0],"RSSI":3.8058855579023878e-9}
{"type":3,"rcvTime":25299.855467497524,"sendTime":25299.85535641713,"sender":739,"messageID":6269639,"pos":[6107.539758605972,5552.559485102456,1.895],"pos_noise":[0.0,0.0,0.0],"spd":[11.138187210962999,0.6487767338130125,0.0],"spd_noise":[0.0,0.0,0.0],"RSSI":2.294183281424929e-8}
{"type":3,"rcvTime":25299.857593499175,"sendTime":25299.85748449806,"sender":727,"messageID":6270074,"pos":[6117.544670964995,5729.90529670916,1.895],"pos_noise":[0.0,0.0,0.0],"spd":[6.04640170797282,0.3479214390621215,0.0],"spd_noise":[0.0,0.0,0.0],"RSSI":4.137585348345915e-9}
{"type":3,"rcvTime":25299.869651637866,"sendTime":25299.869540443222,"sender":2287,"messageID":6270771,"pos":[6097.94476508355,5739.632246648629,1.895],"pos_noise":[0.0,0.0,0.0],"spd":[0.022286136474208058,-0.44473352760472475,0.0],"spd_noise":[0.0,0.0,0.0],"RSSI":4.438110143596353e-9}
{"type":3,"rcvTime":25299.881215855992,"sendTime":25299.881100104376,"sender":2503,"messageID":6271526,"pos":[6098.391541899209,5796.530509828572,1.895],"pos_noise":[0.0,0.0,0.0],"spd":[0.26127750109775507,-5.213952848279119,0.0],"spd_noise":[0.0,0.0,0.0],"RSSI":6.638383001086393e-9}
{"type":2,"rcvTime":25299.899999999998,"pos":[6318.874305931267,5732.392627852354,1.895],"noise":[0.0,0.0,0.0],"spd":[-14.836792850528556,-0.9515847899854352,0.0],"spd_noise":[0.0,0.0,0.0]}
{"type":3,"rcvTime":25299.91660892038,"sendTime":25299.91649750401,"sender":2851,"messageID":6272686,"pos":[6129.92281536529,5822.085328148766,1.895],"pos_noise":[0.0,0.0,0.0],"spd":[-6.85787398577227,-0.6908896099830256,0.0],"spd_noise":[0.0,0.0,0.0],"RSSI":1.5526989898485729e-9}
{"type":3,"rcvTime":25299.984957202792,"sendTime":25299.98484545732,"sender":2035,"messageID":6276079,"pos":[6100.539065734449,5753.675354025092,1.895],"pos_noise":[0.0,0.0,0.0],"spd":[6.064928451945998e-12,-1.2102936855916339e-10,0.0],"spd_noise":[0.0,0.0,0.0],"RSSI":7.22806465331587e-9}
{"type":2,"rcvTime":25300.0,"pos":[6317.393341121782,5732.2976434712,1.895],"noise":[0.0,0.0,0.0],"spd":[-14.810792793702904,-0.9499172288847546,0.0],"spd_noise":[0.0,0.0,0.0]}
