{"type":2,"rcvTime":25200.0,"pos":[3595.6010805579887,6010.158272348143,1.895],"noise":[0.0,0.0,0.0],"spd":[2.5880157101579366,29.777283727577847,0.0],"spd_noise":[0.0,0.0,0.0]}
{"type":3,"rcvTime":25200.03130652716,"sendTime":25200.031196590047,"sender":733,"messageID":3875,"pos":[3590.0209377610478,5936.1318169773899,1.895],"pos_noise":[0.0,0.0,0.0],"spd":[2.222136904441259,29.84341376329363,0.0],"spd_noise":[0.0,0.0,0.0],"RSSI":3.645582939633453e-9}
{"type":3,"rcvTime":25200.03427853432,"sendTime":25200.03417131002,"sender":37,"messageID":4172,"pos":[3584.405720293366,5785.248746544993,1.895],"pos_noise":[0.0,0.0,0.0],"spd":[-0.029474193598215578,30.41056605561935,0.0],"spd_noise":[0.0,0.0,0.0],"RSSI":1.1788146112411465e-8}
{"type":3,"rcvTime":25200.09421591643,"sendTime":25200.094100280432,"sender":907,"messageID":6818,"pos":[3608.2578009255678,6066.366063242985,1.895],"pos_noise":[0.0,0.0,0.0],"spd":[-3.4279701486995228,-29.76384659689223,0.0],"spd_noise":[0.0,0.0,0.0],"RSSI":4.67853158276283e-8}
{"type":3,"rcvTime":25200.09884992607,"sendTime":25200.098743402865,"sender":319,"messageID":7623,"pos":[3599.0694332553759,5641.792200611342,1.895],"pos_noise":[0.0,0.0,0.0],"spd":[1.9149955300058904,-31.875383147508729,0.0],"spd_noise":[0.0,0.0,0.0],"RSSI":2.813587624669256e-9}
{"type":2,"rcvTime":25200.1,"pos":[3595.914618701641,6013.1273964311699,1.895],"noise":[0.0,0.0,0.0],"spd":[3.0877837639944207,29.732293767924046,0.0],"spd_noise":[0.0,0.0,0.0]}
{"type":3,"rcvTime":25200.186371446922,"sendTime":25200.186260211278,"sender":7,"messageID":15148,"pos":[3592.980473205631,5975.878531341947,1.895],"pos_noise":[0.0,0.0,0.0],"spd":[2.218163249701206,29.790047374209477,0.0],"spd_noise":[0.0,0.0,0.0],"RSSI":1.442683808438533e-7}
{"type":3,"rcvTime":25200.198211168856,"sendTime":25200.19810148328,"sender":19,"messageID":15635,"pos":[3587.665223579868,5827.0214810269749,1.895],"pos_noise":[0.0,0.0,0.0],"spd":[-0.02936687884059254,30.268216121694935,0.0],"spd_noise":[0.0,0.0,0.0],"RSSI":7.104402515267001e-9}
{"type":2,"rcvTime":25200.2,"pos":[3596.228872883121,6016.10330120484,1.895],"noise":[0.0,0.0,0.0],"spd":[3.146317544451109,29.79480290738091,0.0],"spd_noise":[0.0,0.0,0.0]}
{"type":3,"rcvTime":25200.2086832816,"sendTime":25200.208568308273,"sender":109,"messageID":17435,"pos":[3600.6686208387225,6029.324740396732,1.895],"pos_noise":[0.0,0.0,0.0],"spd":[-3.9176464276139688,-33.994956666029967,0.0],"spd_noise":[0.0,0.0,0.0],"RSSI":0.00000192877494827206}
{"type":3,"rcvTime":25200.24633067157,"sendTime":25200.24621106987,"sender":115,"messageID":18750,"pos":[3495.7322484517978,5247.990637709796,1.895],"pos_noise":[0.0,0.0,0.0],"spd":[2.5475540756675216,-30.259610329024537,0.0],"spd_noise":[0.0,0.0,0.0],"RSSI":3.495389068821508e-9}
{"type":2,"rcvTime":25200.3,"pos":[3596.5434336984264,6019.082109720509,1.895],"noise":[0.0,0.0,0.0],"spd":[3.1493875668765325,29.82387521550277,0.0],"spd_noise":[0.0,0.0,0.0]}
{"type":3,"rcvTime":25200.327681969608,"sendTime":25200.327569447225,"sender":1171,"messageID":23808,"pos":[3594.932915222599,5658.891972372183,1.895],"pos_noise":[0.0,0.0,0.0],"spd":[1.2977081330433722,-30.1915769728887,0.0],"spd_noise":[0.0,0.0,0.0],"RSSI":2.821222919940535e-9}
{"type":2,"rcvTime":25200.399999999998,"pos":[3596.8576104419828,6022.057281177332,1.895],"noise":[0.0,0.0,0.0],"spd":[3.1455422348086716,29.787460928179035,0.0],"spd_noise":[0.0,0.0,0.0]}
{"type":2,"rcvTime":25200.5,"pos":[3597.1720320323809,6025.034771269602,1.895],"noise":[0.0,0.0,0.0],"spd":[3.1479936450328767,29.810675140808063,0.0],"spd_noise":[0.0,0.0,0.0]}
{"type":3,"rcvTime":25200.571116684143,"sendTime":25200.57100856211,"sender":73,"messageID":39578,"pos":[3588.9160963772148,5914.616690037429,1.895],"pos_noise":[0.0,0.0,0.0],"spd":[1.275646588243204,29.96150641530917,0.0],"spd_noise":[0.0,0.0,0.0],"RSSI":4.828531600113528e-8}
{"type":3,"rcvTime":25200.573790677536,"sendTime":25200.573679488152,"sender":91,"messageID":40233,"pos":[3812.237797152163,5495.50642926045,1.895],"pos_noise":[0.0,0.0,0.0],"spd":[2.5266903928144428,-30.015908367470176,0.0],"spd_noise":[0.0,0.0,0.0],"RSSI":4.5470955446275549e-9}
{"type":3,"rcvTime":25200.58942413306,"sendTime":25200.589305537287,"sender":55,"messageID":40599,"pos":[3596.7216967027795,5547.45307178139,1.895],"pos_noise":[0.0,0.0,0.0],"spd":[-2.8945672812300038,35.33458257717945,0.0],"spd_noise":[0.0,0.0,0.0],"RSSI":2.1526015027723517e-9}
{"type":2,"rcvTime":25200.6,"pos":[3597.485860417664,6028.0066438648359,1.895],"noise":[0.0,0.0,0.0],"spd":[3.142054466590214,29.754432676833713,0.0],"spd_noise":[0.0,0.0,0.0]}
{"type":3,"rcvTime":25200.606552153928,"sendTime":25200.60644177347,"sender":601,"messageID":41733,"pos":[3601.4241307559307,5661.408209807103,1.895],"pos_noise":[0.0,0.0,0.0],"spd":[1.3634944885233896,-31.77967108561231,0.0],"spd_noise":[0.0,0.0,0.0],"RSSI":6.987872755311976e-9}
{"type":3,"rcvTime":25200.697621169063,"sendTime":25200.697509495774,"sender":241,"messageID":46662,"pos":[3595.2736534580506,5605.490870483545,1.895],"pos_noise":[0.0,0.0,0.0],"spd":[-2.609639613720608,31.856817763865455,0.0],"spd_noise":[0.0,0.0,0.0],"RSSI":7.148738345949646e-9}
{"type":2,"rcvTime":25200.7,"pos":[3597.8004995812545,6030.98619431824,1.895],"noise":[0.0,0.0,0.0],"spd":[3.1501719910747227,29.83130350716458,0.0],"spd_noise":[0.0,0.0,0.0]}
{"type":3,"rcvTime":25200.760912189144,"sendTime":25200.76080246083,"sender":1063,"messageID":50462,"pos":[3597.129043458008,5684.5876834755749,1.895],"pos_noise":[0.0,0.0,0.0],"spd":[1.2994930723834409,-30.260468226483199,0.0],"spd_noise":[0.0,0.0,0.0],"RSSI":1.5161801591392799e-9}
{"type":3,"rcvTime":25200.762687965514,"sendTime":25200.762573137647,"sender":157,"messageID":50788,"pos":[3601.9506087508586,5568.2713314575089,1.895],"pos_noise":[0.0,0.0,0.0],"spd":[2.5061075723142367,-29.77139401944572,0.0],"spd_noise":[0.0,0.0,0.0],"RSSI":4.037240375716679e-9}
{"type":2,"rcvTime":25200.8,"pos":[3598.114966086644,6033.964109743716,1.895],"noise":[0.0,0.0,0.0],"spd":[3.1484433345964639,29.81493358319396,0.0],"spd_noise":[0.0,0.0,0.0]}
{"type":3,"rcvTime":25200.8292581514,"sendTime":25200.82914691069,"sender":25,"messageID":54219,"pos":[3597.893680321047,5573.507251798365,1.895],"pos_noise":[0.0,0.0,0.0],"spd":[-2.61117965055954,31.875617552414626,0.0],"spd_noise":[0.0,0.0,0.0],"RSSI":2.9214841920657158e-9}
{"type":2,"rcvTime":25200.899999999998,"pos":[3598.4289690799416,6036.937635831099,1.895],"noise":[0.0,0.0,0.0],"spd":[3.143802644623971,29.770987464849119,0.0],"spd_noise":[0.0,0.0,0.0]}
{"type":3,"rcvTime":25200.916971294027,"sendTime":25200.91686133435,"sender":49,"messageID":57327,"pos":[3587.13089858373,5685.496647502236,1.895],"pos_noise":[0.0,0.0,0.0],"spd":[-1.6092639358721837,38.5037949299674,0.0],"spd_noise":[0.0,0.0,0.0],"RSSI":1.3652848159730979e-9}
{"type":3,"rcvTime":25200.948327294038,"sendTime":25200.948209499707,"sender":1015,"messageID":59015,"pos":[3600.5754866846989,5465.766254105116,1.895],"pos_noise":[0.0,0.0,0.0],"spd":[-3.812330405461148,33.046949115146819,0.0],"spd_noise":[0.0,0.0,0.0],"RSSI":1.6767179503883946e-9}
{"type":2,"rcvTime":25201.0,"pos":[3598.7425159690135,6039.906842730954,1.895],"noise":[0.0,0.0,0.0],"spd":[3.139236122330063,29.727743695009726,0.0],"spd_noise":[0.0,0.0,0.0]}
{"type":3,"rcvTime":25201.03131329519,"sendTime":25201.031196590047,"sender":733,"messageID":65515,"pos":[3592.241823973673,5965.958433884771,1.895],"pos_noise":[0.0,0.0,0.0],"spd":[2.2213179994838807,29.832415827249308,0.0],"spd_noise":[0.0,0.0,0.0],"RSSI":3.158080418793471e-8}
{"type":3,"rcvTime":25201.034285298672,"sendTime":25201.03417131002,"sender":37,"messageID":65796,"pos":[3584.376177591119,5815.729997717279,1.895],"pos_noise":[0.0,0.0,0.0],"spd":[-0.02951550711943908,30.453192078826807,0.0],"spd_noise":[0.0,0.0,0.0],"RSSI":1.2390766158804675e-8}
{"type":3,"rcvTime":25201.094209312396,"sendTime":25201.094100280432,"sender":907,"messageID":68518,