{"type":2,"rcvTime":25297.2,"pos":[4594.560956603449,5180.413630999966,1.895],"noise":[0.0,0.0,0.0],"spd":[-13.170818990266082,10.012443491106655,0.0],"spd_noise":[0.0,0.0,0.0]}
{"type":3,"rcvTime":25297.2040235084,"sendTime":25297.203906225972,"sender":355,"messageID":6096198,"pos":[4430.576994501352,5300.511439069296,1.895],"pos_noise":[0.0,0.0,0.0],"spd":[10.140049287737652,-4.9121982419590479,0.0],"spd_noise":[0.0,0.0,0.0],"RSSI":1.0717844643818957e-8}
{"type":3,"rcvTime":25297.276538953163,"sendTime":25297.276423047297,"sender":1141,"messageID":6101370,"pos":[4444.814255136872,5293.625612795358,1.895],"pos_noise":[0.0,0.0,0.0],"spd":[11.357962442822414,-5.493258725070375,0.0],"spd_noise":[0.0,0.0,0.0],"RSSI":1.051463663128996e-8}
{"type":3,"rcvTime":25297.287335955523,"sendTime":25297.287219694445,"sender":2839,"messageID":6101633,"pos":[4524.273341979842,5223.41068401789,1.895],"pos_noise":[0.0,0.0,0.0],"spd":[-10.356866492983319,7.603572773053435,0.0],"spd_noise":[0.0,0.0,0.0],"RSSI":1.716401730905714e-8}
{"type":2,"rcvTime":25297.3,"pos":[4593.24734642458,5181.412236150867,1.895],"noise":[0.0,0.0,0.0],"spd":[-13.14206793861799,9.990586970254804,0.0],"spd_noise":[0.0,0.0,0.0]}
{"type":3,"rcvTime":25297.341370537426,"sendTime":25297.341255446805,"sender":2269,"messageID":6104492,"pos":[4615.961306519495,5364.386115593933,1.895],"pos_noise":[0.0,0.0,0.0],"spd":[4.650103444284614e-15,-4.6933602205119057e-14,0.0],"spd_noise":[0.0,0.0,0.0],"RSSI":2.0129650190680568e-9}
{"type":3,"rcvTime":25297.353116537448,"sendTime":25297.353006083984,"sender":499,"messageID":6105118,"pos":[4599.602876044044,5238.4161231009879,1.895],"pos_noise":[0.0,0.0,0.0],"spd":[-1.4038307372557973,-12.615894038301299,0.0],"spd_noise":[0.0,0.0,0.0],"RSSI":1.6304850036984769e-7}
{"type":3,"rcvTime":25297.373521427184,"sendTime":25297.37340712803,"sender":1075,"messageID":6107245,"pos":[4615.320341168084,5370.855393791894,1.895],"pos_noise":[0.0,0.0,0.0],"spd":[4.566772849683442e-15,-4.6092544575888379e-14,0.0],"spd_noise":[0.0,0.0,0.0],"RSSI":1.2074926781614128e-8}
{"type":2,"rcvTime":25297.399999999998,"pos":[4591.93865345129,5182.407103246981,1.895],"noise":[0.0,0.0,0.0],"spd":[-13.092873549893693,9.953189444896225,0.0],"spd_noise":[0.0,0.0,0.0]}
{"type":2,"rcvTime":25297.5,"pos":[4590.625019816083,5183.405726229366,1.895],"noise":[0.0,0.0,0.0],"spd":[-13.142302608533497,9.990765366088056,0.0],"spd_noise":[0.0,0.0,0.0]}
{"type":3,"rcvTime":25297.549168256275,"sendTime":25297.549053441035,"sender":1255,"messageID":6118079,"pos":[4424.869898120718,5306.978407185292,1.895],"pos_noise":[0.0,0.0,0.0],"spd":[7.761452237163465,-3.2856089424744194,0.0],"spd_noise":[0.0,0.0,0.0],"RSSI":3.0954881658152268e-9}
{"type":3,"rcvTime":25297.550653413313,"sendTime":25297.550539240707,"sender":661,"messageID":6118340,"pos":[4601.556105073086,5255.9693293451359,1.895],"pos_noise":[0.0,0.0,0.0],"spd":[-1.3779914399683063,-12.383682399131717,0.0],"spd_noise":[0.0,0.0,0.0],"RSSI":2.3247528567723205e-8}
{"type":2,"rcvTime":25297.6,"pos":[4589.311293030042,5184.403604541097,1.895],"noise":[0.0,0.0,0.0],"spd":[-13.120662131499298,9.971626613892422,0.0],"spd_noise":[0.0,0.0,0.0]}
{"type":3,"rcvTime":25297.607077953082,"sendTime":25297.60696748416,"sender":2863,"messageID":6121503,"pos":[4537.21352421374,5222.155989802496,1.895],"pos_noise":[0.0,0.0,0.0],"spd":[-9.759243988330104,6.750704634685747,0.0],"spd_noise":[0.0,0.0,0.0],"RSSI":5.252405692668406e-8}
{"type":3,"rcvTime":25297.663531051046,"sendTime":25297.663414390943,"sender":2827,"messageID":6125956,"pos":[4523.586095784698,5228.010511761693,1.895],"pos_noise":[0.0,0.0,0.0],"spd":[-10.294268562937385,7.553379719556166,0.0],"spd_noise":[0.0,0.0,0.0],"RSSI":2.3935861437458098e-9}
{"type":2,"rcvTime":25297.7,"pos":[4587.991984049317,5185.405485797137,1.895],"noise":[0.0,0.0,0.0],"spd":[-13.171152270813098,10.006509462635992,0.0],"spd_noise":[0.0,0.0,0.0]}
{"type":3,"rcvTime":25297.73405056985,"sendTime":25297.733942991355,"sender":553,"messageID":6129367,"pos":[4465.472524226083,5280.206193705434,1.895],"pos_noise":[0.0,0.0,0.0],"spd":[10.967162354640733,-8.530704013555713,0.0],"spd_noise":[0.0,0.0,0.0],"RSSI":6.552878082406142e-9}
{"type":2,"rcvTime":25297.8,"pos":[4586.673278328517,5186.406908938496,1.895],"noise":[0.0,0.0,0.0],"spd":[-13.166806412822174,9.999726573422537,0.0],"spd_noise":[0.0,0.0,0.0]}
{"type":3,"rcvTime":25297.818752569823,"sendTime":25297.81863993574,"sender":2887,"messageID":6136892,"pos":[4536.81110344634,5218.422716597651,1.895],"pos_noise":[0.0,0.0,0.0],"spd":[-10.557284852006357,7.304421293756582,0.0],"spd_noise":[0.0,0.0,0.0],"RSSI":7.142529771704402e-9}
{"type":2,"rcvTime":25297.899999999998,"pos":[4585.352522248426,5187.409889119617,1.895],"noise":[0.0,0.0,0.0],"spd":[-13.187699939641984,10.01471950303631,0.0],"spd_noise":[0.0,0.0,0.0]}
{"type":3,"rcvTime":25297.946544640734,"sendTime":25297.946437034476,"sender":1669,"messageID":6144036,"pos":[4572.615260592667,5329.987801376458,1.895],"pos_noise":[0.0,0.0,0.0],"spd":[-9.75344807713142,0.7594684902730626,0.0],"spd_noise":[0.0,0.0,0.0],"RSSI":6.856326006158852e-9}
{"type":3,"rcvTime":25297.961085641335,"sendTime":25297.960976906026,"sender":1837,"messageID":6145073,"pos":[4417.106152310481,5290.927835313252,1.895],"pos_noise":[0.0,0.0,0.0],"spd":[-2.9004151802036106,-4.520369112018641,0.0],"spd_noise":[0.0,0.0,0.0],"RSSI":5.443125044769599e-9}
{"type":2,"rcvTime":25298.0,"pos":[4584.03725462584,5188.408701374363,1.895],"noise":[0.0,0.0,0.0],"spd":[-13.132897897238609,9.973102914446537,0.0],"spd_noise":[0.0,0.0,0.0]}
{"type":2,"rcvTime":25298.1,"pos":[4582.725533892404,5189.404820126822,1.895],"noise":[0.0,0.0,0.0],"spd":[-13.097482342069766,9.946208395107785,0.0],"spd_noise":[0.0,0.0,0.0]}
{"type":3,"rcvTime":25298.1657468262,"sendTime":25298.165632585296,"sender":769,"messageID":6156874,"pos":[4443.817595744389,5297.774058975227,1.895],"pos_noise":[0.0,0.0,0.0],"spd":[11.118407367932666,-5.3774259134884609,0.0],"spd_noise":[0.0,0.0,0.0],"RSSI":1.943173727425303e-9}
{"type":2,"rcvTime":25298.2,"pos":[4581.411442736434,5190.40273897459,1.895],"noise":[0.0,0.0,0.0],"spd":[-13.121150922192776,9.964182279261355,0.0],"spd_noise":[0.0,0.0,0.0]}
{"type":3,"rcvTime":25298.204012836824,"sendTime":25298.203906225972,"sender":355,"messageID":6160430,"pos":[4441.158118495732,5295.393896904862,1.895],"pos_noise":[0.0,0.0,0.0],"spd":[10.70584237489021,-5.17786199163697,0.0],"spd_noise":[0.0,0.0,0.0],"RSSI":1.7596996046400824e-8}
{"type":3,"rcvTime":25298.20570787859,"sendTime":25298.205589608195,"sender":2647,"messageID":6161102,"pos":[4611.267643251803,5342.835676352269,1.895],"pos_noise":[0.0,0.0,0.0],"spd":[0.39053836202634775,2.0546880833753029,0.0],"spd_noise":[0.0,0.0,0.0],"RSSI":4.2937392851033269e-9}
{"type":3,"rcvTime":25298.287325150457,"sendTime":25298.287219694445,"sender":2839,"messageID":6166124,"pos":[4514.025122691041,5230.93449261477,1.895],"pos_noise":[0.0,0.0,0.0],"spd":[-10.304582498326545,7.5651880783717619,0.0],"spd_noise":[0.0,0.0,0.0],"RSSI":5.4759518318455739e-9}
{"type":2,"rcvTime":25298.3,"pos":[4580.09441364248,5191.402888888043,1.895],"noise":[0.0,0.0,0.0],"spd":[-13.15048612280557,9.986459386491365,0.0],"spd_noise":[0.0,0.0,0.0]}
{"type":3,"rcvTime":25298.353121879252,"sendTime":25298.353006083984,"sender":499,"messageID":6169469,"pos":[4598.357371891532,5227.2230725462909,1.895],"pos_noise":[0.0,0.0,0.0],"spd":[-1.1193818152520492,-10.05961900878937,0.0],"spd_noise":[0.0,0.0,0.0],"RSSI":5.2629011825070988e-8}
{"type":2,"rcvTime":25298.399999999998,"pos":[4578.768195961835,5192.385874167956,1.895],"noise":[0.0,0.0,0.0],"spd":[-13.165595332023463,9.918460207409352,0.0],"spd_noise":[0.0,0.0,0.0]}
{"type":2,"rcvTime":25298.5,"pos":[4577.431995791776,5193.3655869276849,1.895],"noise":[0.0,0.0,0.0],"spd":[-13.268996613918361,9.8810682235684,0.0],"spd_noise":[0.0,0.0,0.0]}
{"type":3,"rcvTime":25298.549165860186,"sendTime":25298.549053441035,"sender":1255,