{"type":2,"rcvTime":25200.0,"pos":[6316.378317557792,5745.456521191512,1.895],"noise":[0.0,0.0,0.0],"spd":[13.658925757366454,0.8769775767162847,0.0],"spd_noise":[0.0,0.0,0.0]}
{"type":3,"rcvTime":25200.001294770158,"sendTime":25200.0011820714,"sender":793,"messageID":1063,"pos":[6085.751996293838,5734.472739316415,1.895],"pos_noise":[0.0,0.0,0.0],"spd":[0.0,0.0,0.0],"spd_noise":[0.0,0.0,0.0],"RSSI":2.4431455875933709e-9}
{"type":3,"rcvTime":25200.015979024032,"sendTime":25200.015872979766,"sender":229,"messageID":2228,"pos":[6122.05647098285,5824.609518475954,1.895],"pos_noise":[0.0,0.0,0.0],"spd":[-7.42716073665646,-0.7490563328311199,0.0],"spd_noise":[0.0,0.0,0.0],"RSSI":1.3995586531208909e-9}
{"type":3,"rcvTime":25200.02239009148,"sendTime":25200.022271508817,"sender":1135,"messageID":3224,"pos":[6105.320998342874,5722.590057510804,1.895],"pos_noise":[0.0,0.0,0.0],"spd":[-0.0,-0.0,0.0],"spd_noise":[0.0,0.0,0.0],"RSSI":2.3792627779310256e-8}
{"type":3,"rcvTime":25200.0611445138,"sendTime":25200.061036680825,"sender":811,"messageID":4840,"pos":[6102.527455156516,5819.325410167006,1.895],"pos_noise":[0.0,0.0,0.0],"spd":[-1.1848429440626434,-0.11936580946410085,0.0],"spd_noise":[0.0,0.0,0.0],"RSSI":5.7528818543651398e-9}
{"type":3,"rcvTime":25200.095532242747,"sendTime":25200.095419244375,"sender":169,"messageID":7079,"pos":[6100.363832723471,5757.172236278097,1.895],"pos_noise":[0.0,0.0,0.0],"spd":[1.9294956506143479e-14,-3.8504269602105315e-13,0.0],"spd_noise":[0.0,0.0,0.0],"RSSI":1.1881631816505746e-8}
{"type":2,"rcvTime":25200.1,"pos":[6317.708015619237,5745.541895063837,1.895],"noise":[0.0,0.0,0.0],"spd":[13.297496692990585,0.8537718582995744,0.0],"spd_noise":[0.0,0.0,0.0]}
{"type":3,"rcvTime":25200.161727543076,"sendTime":25200.161618529582,"sender":145,"messageID":12560,"pos":[6087.232654608517,5643.303825785428,1.895],"pos_noise":[0.0,0.0,0.0],"spd":[6.717396489483679,12.539699850426267,0.0],"spd_noise":[0.0,0.0,0.0],"RSSI":6.0906964916338599e-9}
{"type":3,"rcvTime":25200.171552423464,"sendTime":25200.171436847653,"sender":757,"messageID":13718,"pos":[6133.14791628127,5822.410237693418,1.895],"pos_noise":[0.0,0.0,0.0],"spd":[-7.563078869975336,-0.7619347660205276,0.0],"spd_noise":[0.0,0.0,0.0],"RSSI":1.5518675501867648e-9}
{"type":3,"rcvTime":25200.17741320388,"sendTime":25200.177305631572,"sender":1165,"messageID":14668,"pos":[6207.585840995251,5508.023017693062,1.895],"pos_noise":[0.0,0.0,0.0],"spd":[-5.3697142884499489,4.15764077919696,0.0],"spd_noise":[0.0,0.0,0.0],"RSSI":2.854182972948011e-9}
{"type":2,"rcvTime":25200.2,"pos":[6319.010383315905,5745.625514177587,1.895],"noise":[0.0,0.0,0.0],"spd":[13.02418243785087,0.8362235915146729,0.0],"spd_noise":[0.0,0.0,0.0]}
{"type":3,"rcvTime":25200.218108285175,"sendTime":25200.217997175176,"sender":1009,"messageID":17706,"pos":[5895.581581218226,5816.932099329642,1.895],"pos_noise":[0.0,0.0,0.0],"spd":[13.694562854109434,0.04675866349588831,0.0],"spd_noise":[0.0,0.0,0.0],"RSSI":2.3507093636879159e-9}
{"type":3,"rcvTime":25200.248140674026,"sendTime":25200.248033559183,"sender":295,"messageID":19097,"pos":[6112.448699178837,5719.689936214561,1.895],"pos_noise":[0.0,0.0,0.0],"spd":[-0.4773735072427796,-0.02751509303083947,0.0],"spd_noise":[0.0,0.0,0.0],"RSSI":2.502079716623898e-8}
{"type":3,"rcvTime":25200.261374061974,"sendTime":25200.26126036723,"sender":613,"messageID":19951,"pos":[6232.754279684291,5509.612851557452,1.895],"pos_noise":[0.0,0.0,0.0],"spd":[5.781382503866401,11.011714973683285,0.0],"spd_noise":[0.0,0.0,0.0],"RSSI":8.643423489853639e-9}
{"type":2,"rcvTime":25200.3,"pos":[6320.272169569797,5745.70652774124,1.895],"noise":[0.0,0.0,0.0],"spd":[12.618352259735122,0.8101670792782738,0.0],"spd_noise":[0.0,0.0,0.0]}
{"type":3,"rcvTime":25200.313772368223,"sendTime":25200.31365380925,"sender":1261,"messageID":22771,"pos":[6038.4137388947769,5819.504978005918,1.895],"pos_noise":[0.0,0.0,0.0],"spd":[12.853599224437089,1.2931546292010006,0.0],"spd_noise":[0.0,0.0,0.0],"RSSI":1.4596059798625006e-8}
{"type":3,"rcvTime":25200.315352380647,"sendTime":25200.315244806232,"sender":223,"messageID":23134,"pos":[6114.885318883662,5820.570390705929,1.895],"pos_noise":[0.0,0.0,0.0],"spd":[-4.569228845580921,-0.46032235961110609,0.0],"spd_noise":[0.0,0.0,0.0],"RSSI":4.833201986278681e-9}
{"type":3,"rcvTime":25200.327982747025,"sendTime":25200.327867327724,"sender":697,"messageID":24154,"pos":[6086.159024283686,5731.1948122603,1.895],"pos_noise":[0.0,0.0,0.0],"spd":[0.7785694967683176,0.06035035817356242,0.0],"spd_noise":[0.0,0.0,0.0],"RSSI":5.681728653311946e-9}
{"type":3,"rcvTime":25200.38820576216,"sendTime":25200.388097425686,"sender":877,"messageID":28153,"pos":[6105.51099826587,5719.290057538548,1.895],"pos_noise":[0.0,0.0,0.0],"spd":[-0.0,-0.0,0.0],"spd_noise":[0.0,0.0,0.0],"RSSI":2.538356764449577e-9}
{"type":3,"rcvTime":25200.399327882533,"sendTime":25200.399218609324,"sender":871,"messageID":28832,"pos":[6100.639170282279,5751.677706351281,1.895],"pos_noise":[0.0,0.0,0.0],"spd":[0.0,-0.0,0.0],"spd_noise":[0.0,0.0,0.0],"RSSI":1.954277418109805e-9}
{"type":2,"rcvTime":25200.399999999998,"pos":[6321.507321301413,5745.785831223206,1.895],"noise":[0.0,0.0,0.0],"spd":[12.351996699665343,0.7930655986938048,0.0],"spd_noise":[0.0,0.0,0.0]}
{"type":3,"rcvTime":25200.406598198748,"sendTime":25200.40648287395,"sender":715,"messageID":29394,"pos":[6340.131751198478,6084.310293528412,1.895],"pos_noise":[0.0,0.0,0.0],"spd":[0.06800428167920121,-0.4407637158897863,0.0],"spd_noise":[0.0,0.0,0.0],"RSSI":3.8568519450711729e-9}
{"type":3,"rcvTime":25200.428728251143,"sendTime":25200.428618830396,"sender":379,"messageID":30720,"pos":[6082.541970480384,5827.267718028047,1.895],"pos_noise":[0.0,0.0,0.0],"spd":[1.4858347189905879,0.1495747187990848,0.0],"spd_noise":[0.0,0.0,0.0],"RSSI":3.7126112958758539e-9}
{"type":2,"rcvTime":25200.5,"pos":[6322.704037312479,5745.86266692215,1.895],"noise":[0.0,0.0,0.0],"spd":[11.967624576601976,0.7683868106961755,0.0],"spd_noise":[0.0,0.0,0.0]}
{"type":3,"rcvTime":25200.511710206833,"sendTime":25200.5115972911,"sender":997,"messageID":35102,"pos":[6311.315657024585,6041.616756622336,1.895],"pos_noise":[0.0,0.0,0.0],"spd":[0.06766007812212729,-0.4413127121818082,0.0],"spd_noise":[0.0,0.0,0.0],"RSSI":2.111564874403056e-9}
{"type":3,"rcvTime":25200.530805427872,"sendTime":25200.530697436072,"sender":595,"messageID":35855,"pos":[6100.939533978045,5745.683764506012,1.895],"pos_noise":[0.0,0.0,0.0],"spd":[2.3411804056694628e-15,-4.6719691489704027e-14,0.0],"spd_noise":[0.0,0.0,0.0],"RSSI":1.2209282347965497e-8}
{"type":3,"rcvTime":25200.536454481884,"sendTime":25200.536336537916,"sender":1069,"messageID":36218,"pos":[6110.8128824965119,5722.9064244391179,1.895],"pos_noise":[0.0,0.0,0.0],"spd":[-0.0,-0.0,0.0],"spd_noise":[0.0,0.0,0.0],"RSSI":1.7137864185599297e-8}
{"type":3,"rcvTime":25200.572517915407,"sendTime":25200.572405111976,"sender":607,"messageID":39878,"pos":[6144.1765656673519,5823.5213078718429,1.895],"pos_noise":[0.0,0.0,0.0],"spd":[-7.132508839297439,-0.7185574217907318,0.0],"spd_noise":[0.0,0.0,0.0],"RSSI":8.58475271530763e-9}
{"type":2,"rcvTime":25200.6,"pos":[6323.86392998794,5745.937138361987,1.895],"noise":[0.0,0.0,0.0],"spd":[11.59937692877854,0.7447433020075546,0.0],"spd_noise":[0.0,0.0,0.0]}
{"type":3,"rcvTime":25200.62978291105,"sendTime":25200.629671416013,"sender":649,"messageID":43193,"pos":[6047.6221400397639,5724.680510218359,1.895],"pos_noise":[0.0,0.0,0.0],"spd":[11.23108449861792,0.9715892134433496,0.0],"spd_noise":[0.0,0.0,0.0],"RSSI":6.96743647928445e-9}
{"type":3,"rcvTime":25200.670896198906,"sendTime":25200.67078879103,"sender":247,"messageID":44457,"pos":[6227.071958772997,5578.458825756658,1.895],"pos_noise":[0.0,0.0,0.0],"spd":[-1.27613110207311,-0.12870249041643939,0.0],"spd_noise":[0.0,0.0,0.0],"RSSI":2.343313749912874e-9}
{"type":3,"rcvTime":25200.673525075177,"sendTime":25200.673414370744,"sender":1237,"messageID":45686,