{"type":2,"rcvTime":18095.6,"pos":[3613.1304430260227,6079.851688375916,1.895],"noise":[0.0,0.0,0.0],"spd":[-4.883281454786173,-42.42552886421073,0.0],"spd_noise":[0.0,0.0,0.0]}
{"type":3,"rcvTime":18095.684861334346,"sendTime":18095.684744858507,"sender":577,"messageID":248173,"pos":[3620.6230159501435,5909.891497980435,1.895],"pos_noise":[0.0,0.0,0.0],"spd":[-1.3799119660540214,-35.32117203716637,0.0],"spd_noise":[0.0,0.0,0.0],"RSSI":2.7634208916228086e-9}
{"type":2,"rcvTime":18095.7,"pos":[3612.6429053130384,6075.616002698951,1.895],"noise":[0.0,0.0,0.0],"spd":[-4.880731396807957,-42.403374180070908,0.0],"spd_noise":[0.0,0.0,0.0]}
{"type":2,"rcvTime":18095.8,"pos":[3612.155033679268,6071.377415946952,1.895],"noise":[0.0,0.0,0.0],"spd":[-4.884074271870338,-42.43241679078218,0.0],"spd_noise":[0.0,0.0,0.0]}
{"type":3,"rcvTime":18095.85421973461,"sendTime":18095.85410270388,"sender":553,"messageID":248484,"pos":[3591.215149420812,5841.423598632157,1.895],"pos_noise":[0.0,0.0,0.0],"spd":[-0.019054731397224298,-32.73841038286234,0.0],"spd_noise":[0.0,0.0,0.0],"RSSI":1.2620892340579233e-8}
{"type":3,"rcvTime":18095.87823826474,"sendTime":18095.878124352683,"sender":535,"messageID":248559,"pos":[3591.168828990852,5761.839309907987,1.895],"pos_noise":[0.0,0.0,0.0],"spd":[-0.01906155083045754,-32.750127019887369,0.0],"spd_noise":[0.0,0.0,0.0],"RSSI":7.3863247059731709e-9}
{"type":2,"rcvTime":18095.899999999998,"pos":[3611.667106523402,6067.138346823759,1.895],"noise":[0.0,0.0,0.0],"spd":[-4.884630102593994,-42.43724580025633,0.0],"spd_noise":[0.0,0.0,0.0]}
{"type":2,"rcvTime":18096.0,"pos":[3611.179665988784,6062.903505424078,1.895],"noise":[0.0,0.0,0.0],"spd":[-4.879758545902955,-42.394922135163607,0.0],"spd_noise":[0.0,0.0,0.0]}
{"type":3,"rcvTime":18096.09606025845,"sendTime":18096.095948227077,"sender":541,"messageID":249258,"pos":[3591.1884545115897,5795.558407724658,1.895],"pos_noise":[0.0,0.0,0.0],"spd":[-0.01901739183799722,-32.67425635096808,0.0],"spd_noise":[0.0,0.0,0.0],"RSSI":2.081894407154361e-8}
{"type":2,"rcvTime":18096.1,"pos":[3610.692195273275,6058.6684018154169,1.895],"noise":[0.0,0.0,0.0],"spd":[-4.880060686268523,-42.397547104614108,0.0],"spd_noise":[0.0,0.0,0.0]}
{"type":2,"rcvTime":18096.2,"pos":[3610.2043183147927,6054.42976880277,1.895],"noise":[0.0,0.0,0.0],"spd":[-4.884127577473176,-42.43287990530393,0.0],"spd_noise":[0.0,0.0,0.0]}
{"type":2,"rcvTime":18096.3,"pos":[3609.7158667773139,6050.186143897274,1.895],"noise":[0.0,0.0,0.0],"spd":[-4.889879677611463,-42.48285365608382,0.0],"spd_noise":[0.0,0.0,0.0]}
{"type":2,"rcvTime":18096.399999999998,"pos":[3609.228334977453,6045.950509593019,1.895],"noise":[0.0,0.0,0.0],"spd":[-4.880672200632597,-42.4028598887881,0.0],"spd_noise":[0.0,0.0,0.0]}
{"type":3,"rcvTime":18096.458722171927,"sendTime":18096.458614057257,"sender":511,"messageID":250556,"pos":[3359.5710029380195,5507.982642587928,1.895],"pos_noise":[0.0,0.0,0.0],"spd":[5.388721314451009,-43.49679089928244,0.0],"spd_noise":[0.0,0.0,0.0],"RSSI":1.8343115607953524e-9}
{"type":2,"rcvTime":18096.5,"pos":[3608.739670144465,6041.705031594502,1.895],"noise":[0.0,0.0,0.0],"spd":[-4.89201497516879,-42.501404937435967,0.0],"spd_noise":[0.0,0.0,0.0]}
{"type":2,"rcvTime":18096.6,"pos":[3608.2516515837958,6037.46516835425,1.895],"noise":[0.0,0.0,0.0],"spd":[-4.885545154455071,-42.44519569204606,0.0],"spd_noise":[0.0,0.0,0.0]}
{"type":2,"rcvTime":18096.7,"pos":[3607.763038858033,6033.220143058819,1.895],"noise":[0.0,0.0,0.0],"spd":[-4.891493330665666,-42.49687293486906,0.0],"spd_noise":[0.0,0.0,0.0]}
{"type":2,"rcvTime":18096.8,"pos":[3607.275096663273,6028.980943279015,1.895],"noise":[0.0,0.0,0.0],"spd":[-4.884780656688283,-42.4385538012659,0.0],"spd_noise":[0.0,0.0,0.0]}
{"type":3,"rcvTime":18096.85421655889,"sendTime":18096.85410270388,"sender":553,"messageID":251277,"pos":[3591.1960895781605,5808.676406476595,1.895],"pos_noise":[0.0,0.0,0.0],"spd":[-0.0190168618763758,-32.67334581235252,0.0],"spd_noise":[0.0,0.0,0.0],"RSSI":4.516455770315609e-9}
{"type":3,"rcvTime":18096.878235088985,"sendTime":18096.878124352683,"sender":535,"messageID":251359,"pos":[3591.914237139202,5729.1224420675439,1.895],"pos_noise":[0.0,0.0,0.0],"spd":[1.401999912432848,-32.617957146374347,0.0],"spd_noise":[0.0,0.0,0.0],"RSSI":1.557233025575291e-8}
{"type":2,"rcvTime":18096.899999999998,"pos":[3606.787143593959,6024.741649022019,1.895],"noise":[0.0,0.0,0.0],"spd":[-4.884889521654489,-42.43949961075332,0.0],"spd_noise":[0.0,0.0,0.0]}
{"type":2,"rcvTime":18097.0,"pos":[3606.2994354164295,6020.504482363764,1.895],"noise":[0.0,0.0,0.0],"spd":[-4.882437914348856,-42.41820025751401,0.0],"spd_noise":[0.0,0.0,0.0]}
{"type":3,"rcvTime":18097.080690381186,"sendTime":18097.080578515724,"sender":559,"messageID":251970,"pos":[3608.530360237394,5454.325548794071,1.895],"pos_noise":[0.0,0.0,0.0],"spd":[-4.078249055243326,35.337594207402968,0.0],"spd_noise":[0.0,0.0,0.0],"RSSI":3.021410601862888e-9}
{"type":3,"rcvTime":18097.09606338428,"sendTime":18097.095948227077,"sender":541,"messageID":252064,"pos":[3591.1693809082369,5762.787572964228,1.895],"pos_noise":[0.0,0.0,0.0],"spd":[-0.019064732945806019,-32.75559429182035,0.0],"spd_noise":[0.0,0.0,0.0],"RSSI":2.502423950907969e-8}
{"type":2,"rcvTime":18097.1,"pos":[3605.81076428961,6016.258949684976,1.895],"noise":[0.0,0.0,0.0],"spd":[-4.89207798260949,-42.50195234065629,0.0],"spd_noise":[0.0,0.0,0.0]}
{"type":3,"rcvTime":18097.117093155885,"sendTime":18097.11698063775,"sender":505,"messageID":252151,"pos":[3614.8554040824649,5493.57639220654,1.895],"pos_noise":[0.0,0.0,0.0],"spd":[3.1395719100932357,-37.29154309487099,0.0],"spd_noise":[0.0,0.0,0.0],"RSSI":2.2172735673409976e-9}
{"type":2,"rcvTime":18097.2,"pos":[3605.3221979542788,6012.014327425624,1.895],"noise":[0.0,0.0,0.0],"spd":[-4.8910289168747209,-42.49283814783596,0.0],"spd_noise":[0.0,0.0,0.0]}
{"type":2,"rcvTime":18097.3,"pos":[3604.8334767606399,6007.768359770623,1.895],"noise":[0.0,0.0,0.0],"spd":[-4.892579200647698,-42.50630687982102,0.0],"spd_noise":[0.0,0.0,0.0]}
{"type":2,"rcvTime":18097.399999999998,"pos":[3604.5202922164778,6003.517026714893,1.895],"noise":[0.0,0.0,0.0],"spd":[-3.39152116982055,-42.546772665044567,0.0],"spd_noise":[0.0,0.0,0.0]}
{"type":2,"rcvTime":18097.5,"pos":[3604.2378201679568,5999.259493020743,1.895],"noise":[0.0,0.0,0.0],"spd":[-2.827822667293232,-42.622094292585497,0.0],"spd_noise":[0.0,0.0,0.0]}
{"type":3,"rcvTime":18097.521509752325,"sendTime":18097.52140000933,"sender":547,"messageID":253522,"pos":[3596.9433651761567,5504.387165681606,1.895],"pos_noise":[0.0,0.0,0.0],"spd":[-2.966096363375162,36.20729184159201,0.0],"spd_noise":[0.0,0.0,0.0],"RSSI":5.044099550937386e-9}
{"type":2,"rcvTime":18097.6,"pos":[3603.955289362085,5995.001073711894,1.895],"noise":[0.0,0.0,0.0],"spd":[-2.8284108860867644,-42.630960165622699,0.0],"spd_noise":[0.0,0.0,0.0]}
{"type":2,"rcvTime":18097.7,"pos":[3603.672317581217,5990.7360078484,1.895],"noise":[0.0,0.0,0.0],"spd":[-2.8328254789512536,-42.69749870627339,0.0],"spd_noise":[0.0,0.0,0.0]}
{"type":2,"rcvTime":18097.8,"pos":[3603.3899623914878,5986.480235497525,1.895],"noise":[0.0,0.0,0.0],"spd":[-2.8266527960012017,-42.604461516290317,0.0],"spd_noise":[0.0,0.0,0.0]}
{"type":3,"rcvTime":18097.854220121593,"sendTime":18097.85410270388,"sender":553,"messageID":254185,"pos":[3591.1769955868455,5775.8705426490409,1.895],"pos_noise":[0.0,0.0,0.0],"spd":[-0.0190521548341531,-32.73398351974097,0.0],"spd_noise":[0.0,0.0,0.0],"RSSI":4.670550736587812e-9}
{"type":3,"rcvTime":18097.878238651163,"sendTime":18097.878124352683,"sender":535,"messageID":254264,"pos":[3593.3201099899617,5696.414379825383,1.895],"pos_noise":[0.0,0.0,0.0],"spd":[1.4047819561163424,-32.68268224432257,0.0],"spd_noise":[0.0,0.0,0.0],"RSSI":1.822301044075017e-8}
{"type":2,"rcvTime":18097.899999999998,"pos":[3603.107209111397,5982.218462966687,1.895],"noise":[0.0,0.0,0.0],"spd":[-2.830638071545322,-42.664529211477887,0.0],