{"type":2,"rcvTime":18095.7,"pos":[3645.6687897736367,5180.651593014685,1.895],"noise":[0.0,0.0,0.0],"spd":[-5.3732702549746549,34.44584986759169,0.0],"spd_noise":[0.0,0.0,0.0]}
{"type":3,"rcvTime":18095.75946725838,"sendTime":18095.759359827265,"sender":421,"messageID":309424,"pos":[4002.4729223028996,5260.504422852408,1.895],"pos_noise":[0.0,0.0,0.0],"spd":[15.18797943941594,2.176493433214435,0.0],"spd_noise":[0.0,0.0,0.0],"RSSI":3.639340087224936e-9}
{"type":2,"rcvTime":18095.8,"pos":[3645.13372716434,5184.081661750296,1.895],"noise":[0.0,0.0,0.0],"spd":[-5.357054811748575,34.341899257159258,0.0],"spd_noise":[0.0,0.0,0.0]}
{"type":2,"rcvTime":18095.899999999998,"pos":[3644.596948486398,5187.522731503935,1.895],"noise":[0.0,0.0,0.0],"spd":[-5.374236116582352,34.45204161346578,0.0],"spd_noise":[0.0,0.0,0.0]}
{"type":3,"rcvTime":18095.979187280842,"sendTime":18095.979077254888,"sender":193,"messageID":310222,"pos":[3777.5621390756039,5257.88713145213,1.895],"pos_noise":[0.0,0.0,0.0],"spd":[-15.119024758753615,-5.805170784867002,0.0],"spd_noise":[0.0,0.0,0.0],"RSSI":3.101729294035463e-9}
{"type":2,"rcvTime":18096.0,"pos":[3644.061331321554,5190.956355269582,1.895],"noise":[0.0,0.0,0.0],"spd":[-5.362607030149395,34.37749227081992,0.0],"spd_noise":[0.0,0.0,0.0]}
{"type":3,"rcvTime":18096.011759914207,"sendTime":18096.011646026047,"sender":529,"messageID":310468,"pos":[3631.7005029385938,5353.591895482195,1.895],"pos_noise":[0.0,0.0,0.0],"spd":[5.178717401714793,-41.80167702211416,0.0],"spd_noise":[0.0,0.0,0.0],"RSSI":3.87610247170636e-9}
{"type":3,"rcvTime":18096.03903025305,"sendTime":18096.038918097736,"sender":109,"messageID":310560,"pos":[4117.56342953756,5288.311177150587,1.895],"pos_noise":[0.0,0.0,0.0],"spd":[11.014957612392499,2.773479470503518,0.0],"spd_noise":[0.0,0.0,0.0],"RSSI":1.6568399618515174e-9}
{"type":3,"rcvTime":18096.062326486775,"sendTime":18096.062216170874,"sender":535,"messageID":310647,"pos":[3581.716045804247,5736.041350620981,1.895],"pos_noise":[0.0,0.0,0.0],"spd":[-1.3509671774405084,32.29082349287064,0.0],"spd_noise":[0.0,0.0,0.0],"RSSI":1.3059641566233262e-9}
{"type":2,"rcvTime":18096.1,"pos":[3643.5252765114285,5194.392784601106,1.895],"noise":[0.0,0.0,0.0],"spd":[-5.3669887412264309,34.40558163815083,0.0],"spd_noise":[0.0,0.0,0.0]}
{"type":3,"rcvTime":18096.15320329084,"sendTime":18096.15308930236,"sender":199,"messageID":310978,"pos":[3691.9603984255666,5236.884334168869,1.895],"pos_noise":[0.0,0.0,0.0],"spd":[15.299785103283341,6.15024401178274,0.0],"spd_noise":[0.0,0.0,0.0],"RSSI":2.124400786625342e-8}
{"type":3,"rcvTime":18096.1670959632,"sendTime":18096.166989095742,"sender":553,"messageID":311086,"pos":[3604.7374013886894,5489.963465241604,1.895],"pos_noise":[0.0,0.0,0.0],"spd":[-2.951017276765665,36.02413877749601,0.0],"spd_noise":[0.0,0.0,0.0],"RSSI":9.160608218698017e-9}
{"type":2,"rcvTime":18096.2,"pos":[3642.990348619479,5197.821989718605,1.895],"noise":[0.0,0.0,0.0],"spd":[-5.355706019662237,34.33325269977746,0.0],"spd_noise":[0.0,0.0,0.0]}
{"type":3,"rcvTime":18096.270225218384,"sendTime":18096.2701131416,"sender":487,"messageID":311348,"pos":[3346.8817043641477,5195.039537803597,1.895],"pos_noise":[0.0,0.0,0.0],"spd":[-14.806984629380427,2.9727061339940126,0.0],"spd_noise":[0.0,0.0,0.0],"RSSI":8.797374926811475e-9}
{"type":3,"rcvTime":18096.29296893835,"sendTime":18096.292855126736,"sender":523,"messageID":311543,"pos":[3632.439805553462,5299.109089505188,1.895],"pos_noise":[0.0,0.0,0.0],"spd":[6.269730074586205,-39.82346851749436,0.0],"spd_noise":[0.0,0.0,0.0],"RSSI":2.258724798975793e-8}
{"type":2,"rcvTime":18096.3,"pos":[3642.4544099313995,5201.257674638926,1.895],"noise":[0.0,0.0,0.0],"spd":[-5.36582612556888,34.39812858209867,0.0],"spd_noise":[0.0,0.0,0.0]}
{"type":2,"rcvTime":18096.399999999998,"pos":[3641.918733825584,5204.691676251164,1.895],"noise":[0.0,0.0,0.0],"spd":[-5.363197148030354,34.38127527651377,0.0],"spd_noise":[0.0,0.0,0.0]}
{"type":2,"rcvTime":18096.5,"pos":[3641.3832795132395,5208.124256035679,1.895],"noise":[0.0,0.0,0.0],"spd":[-5.360976548498946,34.36703991618312,0.0],"spd_noise":[0.0,0.0,0.0]}
{"type":3,"rcvTime":18096.518397513475,"sendTime":18096.518287291612,"sender":541,"messageID":311982,"pos":[3611.4620299298046,5533.882574729126,1.895],"pos_noise":[0.0,0.0,0.0],"spd":[3.142330461111547,-37.324308907257087,0.0],"spd_noise":[0.0,0.0,0.0],"RSSI":9.170696262513984e-9}
{"type":3,"rcvTime":18096.529155514243,"sendTime":18096.529044246025,"sender":583,"messageID":312143,"pos":[3628.201555392546,5292.626927316176,1.895],"pos_noise":[0.0,0.0,0.0],"spd":[-5.354256911240186,34.32396305515678,0.0],"spd_noise":[0.0,0.0,0.0],"RSSI":1.0620798691518722e-8}
{"type":3,"rcvTime":18096.55346035152,"sendTime":18096.553352986786,"sender":469,"messageID":312293,"pos":[3735.309426803142,7085.470042307861,1.895],"pos_noise":[0.0,0.0,0.0],"spd":[14.192542378079477,3.2677796807289045,0.0],"spd_noise":[0.0,0.0,0.0],"RSSI":3.90711930029755e-9}
{"type":3,"rcvTime":18096.556410514244,"sendTime":18096.55629287008,"sender":601,"messageID":312372,"pos":[4884.814424933866,2679.7715387074279,1.895],"pos_noise":[0.0,0.0,0.0],"spd":[-5.357529456275802,34.34494201016754,0.0],"spd_noise":[0.0,0.0,0.0],"RSSI":2.393634580182763e-8}
{"type":2,"rcvTime":18096.6,"pos":[3640.8464893515617,5211.565399406878,1.895],"noise":[0.0,0.0,0.0],"spd":[-5.374351091918898,34.45277867357875,0.0],"spd_noise":[0.0,0.0,0.0]}
{"type":3,"rcvTime":18096.65058331821,"sendTime":18096.650476861745,"sender":67,"messageID":312606,"pos":[3903.273884422707,5236.955065500454,1.895],"pos_noise":[0.0,0.0,0.0],"spd":[-15.364827871969224,-2.1719209639581398,0.0],"spd_noise":[0.0,0.0,0.0],"RSSI":1.714851349097363e-8}
{"type":3,"rcvTime":18096.68786848393,"sendTime":18096.687751292015,"sender":517,"messageID":312902,"pos":[3645.7291944693245,5235.921480586907,1.895],"pos_noise":[0.0,0.0,0.0],"spd":[6.0827978633744739,-38.63959097304152,0.0],"spd_noise":[0.0,0.0,0.0],"RSSI":2.8064025203959205e-7}
{"type":2,"rcvTime":18096.7,"pos":[3640.3099089032145,5215.005198391219,1.895],"noise":[0.0,0.0,0.0],"spd":[-5.3722514389262498,34.43931865233901,0.0],"spd_noise":[0.0,0.0,0.0]}
{"type":3,"rcvTime":18096.75947485013,"sendTime":18096.759359827265,"sender":421,"messageID":313101,"pos":[4017.634872655282,5262.769937290284,1.895],"pos_noise":[0.0,0.0,0.0],"spd":[15.195293698729616,2.5710044468632735,0.0],"spd_noise":[0.0,0.0,0.0],"RSSI":1.7294170776835916e-9}
{"type":2,"rcvTime":18096.8,"pos":[3639.7751974467448,5218.433016028899,1.895],"noise":[0.0,0.0,0.0],"spd":[-5.353539064416259,34.31936123115335,0.0],"spd_noise":[0.0,0.0,0.0]}
{"type":2,"rcvTime":18096.899999999998,"pos":[3639.239887282841,5221.864671736398,1.895],"noise":[0.0,0.0,0.0],"spd":[-5.359533332159958,34.35778804333444,0.0],"spd_noise":[0.0,0.0,0.0]}
{"type":3,"rcvTime":18096.9791948461,"sendTime":18096.979077254888,"sender":193,"messageID":313863,"pos":[3762.7031883655047,5251.496032308754,1.895],"pos_noise":[0.0,0.0,0.0],"spd":[-14.857863629406,-6.390631570624481,0.0],"spd_noise":[0.0,0.0,0.0],"RSSI":4.462545850795338e-9}
{"type":2,"rcvTime":18097.0,"pos":[3638.7030548668406,5225.306085982873,1.895],"noise":[0.0,0.0,0.0],"spd":[-5.3747741428275079,34.45549068087232,0.0],"spd_noise":[0.0,0.0,0.0]}
{"type":3,"rcvTime":18097.0117580012,"sendTime":18097.011646026047,"sender":529,"messageID":314097,"pos":[3637.1071163833219,5311.923033736769,1.895],"pos_noise":[0.0,0.0,0.0],"spd":[6.541070700454797,-41.55163522432459,0.0],"spd_noise":[0.0,0.0,0.0],"RSSI":1.1754303318200976e-7}
{"type":3,"rcvTime":18097.039037345345,"sendTime":18097.038918097736,"sender":109,"messageID":314188,"pos":[4129.0171471152639,5291.1951329206,1.895],"pos_noise":[0.0,0.0,0.0],"spd":[11.774398255067157,2.964700635908331,0.0],"spd_noise":[0.0,0.0,0.0],"RSSI":2.6020303163131996e-9}
{"type":2,"rcvTime":18097.1,"pos":[3638.1677471858599,5228.7377257733619,1.895],"noise":[0.0,0.0,0.0],