{"type":2,"rcvTime":18099.0,"pos":[3645.3775805704678,5182.518416758218,1.895],"noise":[0.0,0.0,0.0],"spd":[-5.194265671297724,33.298324297060208,0.0],"spd_noise":[0.0,0.0,0.0]}
{"type":2,"rcvTime":18099.1,"pos":[3644.8582499332576,5185.847634220235,1.895],"noise":[0.0,0.0,0.0],"spd":[-5.199546072963786,33.332174804181338,0.0],"spd_noise":[0.0,0.0,0.0]}
{"type":3,"rcvTime":18099.146899895655,"sendTime":18099.14678346831,"sender":415,"messageID":246602,"pos":[4043.1550056991679,5267.541954607327,1.895],"pos_noise":[0.0,0.0,0.0],"spd":[14.316623104566789,2.9492017602925459,0.0],"spd_noise":[0.0,0.0,0.0],"RSSI":6.157072934170297e-9}
{"type":3,"rcvTime":18099.16188780185,"sendTime":18099.16177247404,"sender":511,"messageID":246736,"pos":[3613.0698138762738,5450.329769154639,1.895],"pos_noise":[0.0,0.0,0.0],"spd":[4.618542194721283,-37.298122517210057,0.0],"spd_noise":[0.0,0.0,0.0],"RSSI":4.295730757568405e-9}
{"type":2,"rcvTime":18099.2,"pos":[3644.3377719009388,5189.184207165553,1.895],"noise":[0.0,0.0,0.0],"spd":[-5.211033809873649,33.405818012532737,0.0],"spd_noise":[0.0,0.0,0.0]}
{"type":3,"rcvTime":18099.249904824508,"sendTime":18099.24979627505,"sender":109,"messageID":246815,"pos":[3666.2321121066727,5228.570800551727,1.895],"pos_noise":[0.0,0.0,0.0],"spd":[13.284266639432131,3.8893428677582344,0.0],"spd_noise":[0.0,0.0,0.0],"RSSI":1.0164236373761437e-7}
{"type":3,"rcvTime":18099.299639183562,"sendTime":18099.299524093607,"sender":403,"messageID":246964,"pos":[4026.3802352934706,5267.68414858336,1.895],"pos_noise":[0.0,0.0,0.0],"spd":[13.169155261537038,2.1969278805765248,0.0],"spd_noise":[0.0,0.0,0.0],"RSSI":3.5557140838259395e-9}
{"type":2,"rcvTime":18099.3,"pos":[3643.81695182764,5192.522972796457,1.895],"noise":[0.0,0.0,0.0],"spd":[-5.214458329255841,33.427771213267138,0.0],"spd_noise":[0.0,0.0,0.0]}
{"type":2,"rcvTime":18099.399999999998,"pos":[3643.2970323299257,5195.855965203628,1.895],"noise":[0.0,0.0,0.0],"spd":[-5.205441753098254,33.369969611280648,0.0],"spd_noise":[0.0,0.0,0.0]}
{"type":2,"rcvTime":18099.5,"pos":[3642.77649154245,5199.192940446727,1.895],"noise":[0.0,0.0,0.0],"spd":[-5.21166211543466,33.40984582390246,0.0],"spd_noise":[0.0,0.0,0.0]}
{"type":3,"rcvTime":18099.592670720915,"sendTime":18099.592562064016,"sender":541,"messageID":247744,"pos":[5560.0,5820.0,1.895],"pos_noise":[0.0,0.0,0.0],"spd":[-0.019564167839334683,-33.57944857287628,0.0],"spd_noise":[0.0,0.0,0.0],"RSSI":1.6108549191481687e-9}
{"type":2,"rcvTime":18099.6,"pos":[3642.257849488185,5202.517743683582,1.895],"noise":[0.0,0.0,0.0],"spd":[-5.192651970261695,33.28797951613899,0.0],"spd_noise":[0.0,0.0,0.0]}
{"type":3,"rcvTime":18099.633471697252,"sendTime":18099.633357152205,"sender":505,"messageID":247933,"pos":[5560.0,5820.0,1.895],"pos_noise":[0.0,0.0,0.0],"spd":[5.940088002015297,-37.733940078489819,0.0],"spd_noise":[0.0,0.0,0.0],"RSSI":2.5910023541626725e-8}
{"type":3,"rcvTime":18099.64410717438,"sendTime":18099.64399019652,"sender":115,"messageID":248065,"pos":[3721.591409575385,5238.129463115447,1.895],"pos_noise":[0.0,0.0,0.0],"spd":[-14.143456276123079,-5.683905346031149,0.0],"spd_noise":[0.0,0.0,0.0],"RSSI":1.7426347958153723e-8}
{"type":2,"rcvTime":18099.7,"pos":[3641.738649197601,5205.846125546399,1.895],"noise":[0.0,0.0,0.0],"spd":[-5.198241040598602,33.323808772548769,0.0],"spd_noise":[0.0,0.0,0.0]}
{"type":2,"rcvTime":18099.8,"pos":[3641.219291419566,5209.175516997199,1.895],"noise":[0.0,0.0,0.0],"spd":[-5.199817807301367,33.33391678248356,0.0],"spd_noise":[0.0,0.0,0.0]}
{"type":3,"rcvTime":18099.895183306184,"sendTime":18099.895070996787,"sender":577,"messageID":248816,"pos":[3634.9407741317966,5249.424537355957,1.895],"pos_noise":[0.0,0.0,0.0],"spd":[-5.196811432838542,33.31464413873438,0.0],"spd_noise":[0.0,0.0,0.0],"RSSI":4.802194747885408e-7}
{"type":2,"rcvTime":18099.899999999998,"pos":[3640.7004777647146,5212.50142029561,1.895],"noise":[0.0,0.0,0.0],"spd":[-5.1943700378869439,33.29899334880949,0.0],"spd_noise":[0.0,0.0,0.0]}
{"type":3,"rcvTime":18099.98415642539,"sendTime":18099.984042235417,"sender":133,"messageID":249183,"pos":[3622.913651889166,5214.207061934441,1.895],"pos_noise":[0.0,0.0,0.0],"spd":[12.26187402512314,1.6334431562213632,0.0],"spd_noise":[0.0,0.0,0.0],"RSSI":2.750927658379543e-7}
{"type":2,"rcvTime":18100.0,"pos":[3640.1814156345064,5215.8289164684579,1.895],"noise":[0.0,0.0,0.0],"spd":[-5.196857776858261,33.31494123139299,0.0],"spd_noise":[0.0,0.0,0.0]}
