{"type":2,"rcvTime":25298.5,"pos":[6324.8734641091709,5904.042140580928,1.895],"noise":[0.0,0.0,0.0],"spd":[-3.1994821189453757,11.801368471519713,0.0],"spd_noise":[0.0,0.0,0.0]}
{"type":2,"rcvTime":25298.6,"pos":[6324.553450991257,5905.222516835528,1.895],"noise":[0.0,0.0,0.0],"spd":[-3.2076598395106794,11.831532194918572,0.0],"spd_noise":[0.0,0.0,0.0]}
{"type":3,"rcvTime":25298.67719084012,"sendTime":25298.677081576316,"sender":193,"messageID":6453728,"pos":[6091.596566088957,5800.290927890602,1.895],"pos_noise":[0.0,0.0,0.0],"spd":[-0.3882073497028706,7.746915858441695,0.0],"spd_noise":[0.0,0.0,0.0],"RSSI":2.1649677030520616e-9}
{"type":2,"rcvTime":25298.7,"pos":[6324.23498198786,5906.397197585763,1.895],"noise":[0.0,0.0,0.0],"spd":[-3.192182367357331,11.774443158285124,0.0],"spd_noise":[0.0,0.0,0.0]}
{"type":2,"rcvTime":25298.8,"pos":[6323.915645810632,5907.575076927998,1.895],"noise":[0.0,0.0,0.0],"spd":[-3.2008745068827886,11.80650432866815,0.0],"spd_noise":[0.0,0.0,0.0]}
{"type":3,"rcvTime":25298.800600064347,"sendTime":25298.80048212889,"sender":2839,"messageID":6464500,"pos":[6094.936161641421,5799.670774346276,1.895],"pos_noise":[0.0,0.0,0.0],"spd":[0.5379165934596194,-10.73445567572053,0.0],"spd_noise":[0.0,0.0,0.0],"RSSI":4.716675736708632e-9}
{"type":3,"rcvTime":25298.808851175712,"sendTime":25298.80874517332,"sender":2875,"messageID":6465224,"pos":[6285.167605703275,6001.568586625841,1.895],"pos_noise":[0.0,0.0,0.0],"spd":[-14.003102795383559,3.6375712154508608,0.0],"spd_noise":[0.0,0.0,0.0],"RSSI":1.0735818208652575e-8}
{"type":2,"rcvTime":25298.899999999998,"pos":[6323.59530218465,5908.756672269736,1.895],"noise":[0.0,0.0,0.0],"spd":[-3.210972695762977,11.843751746668853,0.0],"spd_noise":[0.0,0.0,0.0]}
{"type":3,"rcvTime":25298.941320811617,"sendTime":25298.94120635306,"sender":2779,"messageID":6471738,"pos":[6096.871650046376,5761.046915654173,1.895],"pos_noise":[0.0,0.0,0.0],"spd":[0.29367022580858107,-5.8603695453214439,0.0],"spd_noise":[0.0,0.0,0.0],"RSSI":1.4033932463676323e-8}
{"type":3,"rcvTime":25298.945721887252,"sendTime":25298.9456106395,"sender":2809,"messageID":6472384,"pos":[6097.616685535366,5746.179275334728,1.895],"pos_noise":[0.0,0.0,0.0],"spd":[0.03402229258368839,-0.678935723802581,0.0],"spd_noise":[0.0,0.0,0.0],"RSSI":1.271365442537563e-8}
{"type":2,"rcvTime":25299.0,"pos":[6323.277235416517,5909.929869365306,1.895],"noise":[0.0,0.0,0.0],"spd":[-3.1881505516836619,11.759571707029786,0.0],"spd_noise":[0.0,0.0,0.0]}
{"type":3,"rcvTime":25299.039578303895,"sendTime":25299.039465095382,"sender":2869,"messageID":6478252,"pos":[6098.556118656291,5793.246279660486,1.895],"pos_noise":[0.0,0.0,0.0],"spd":[0.1264465898198845,-2.523319284581525,0.0],"spd_noise":[0.0,0.0,0.0],"RSSI":1.9279460253914784e-9}
{"type":3,"rcvTime":25299.059433205664,"sendTime":25299.05931891594,"sender":2773,"messageID":6479630,"pos":[6099.514240180554,6073.278617858981,1.895],"pos_noise":[0.0,0.0,0.0],"spd":[3.360933611807465,-0.8827914260995451,0.0],"spd_noise":[0.0,0.0,0.0],"RSSI":2.7897898243616725e-8}
{"type":2,"rcvTime":25299.1,"pos":[6322.957909353786,5911.107711399971,1.895],"noise":[0.0,0.0,0.0],"spd":[-3.2007731239584715,11.806130375258784,0.0],"spd_noise":[0.0,0.0,0.0]}
{"type":3,"rcvTime":25299.13943428206,"sendTime":25299.13932136623,"sender":2497,"messageID":6484760,"pos":[6100.864455567172,5747.18200026137,1.895],"pos_noise":[0.0,0.0,0.0],"spd":[2.323880727421341e-15,-4.6374465795530228e-14,0.0],"spd_noise":[0.0,0.0,0.0],"RSSI":1.887058981960445e-9}
{"type":3,"rcvTime":25299.145005514267,"sendTime":25299.144893533783,"sender":1423,"messageID":6485319,"pos":[4445.632157760139,6029.153610215569,1.895],"pos_noise":[0.0,0.0,0.0],"spd":[4.789587171434622,0.4084297349843895,0.0],"spd_noise":[0.0,0.0,0.0],"RSSI":1.0724621810372907e-8}
{"type":3,"rcvTime":25299.192696545844,"sendTime":25299.192585206634,"sender":2761,"messageID":6487226,"pos":[6152.455204524943,5824.355331008368,1.895],"pos_noise":[0.0,0.0,0.0],"spd":[0.027560972172756699,-0.5499961104878683,0.0],"spd_noise":[0.0,0.0,0.0],"RSSI":5.758984961027166e-9}
{"type":2,"rcvTime":25299.2,"pos":[6322.637852023141,5912.288250734318,1.895],"noise":[0.0,0.0,0.0],"spd":[-3.208103006981592,11.833166829032596,0.0],"spd_noise":[0.0,0.0,0.0]}
{"type":3,"rcvTime":25299.218471918408,"sendTime":25299.218361334686,"sender":2641,"messageID":6488937,"pos":[6099.43776555149,5775.652474908521,1.895],"pos_noise":[0.0,0.0,0.0],"spd":[1.048416695460409e-13,-2.0921798442315817e-12,0.0],"spd_noise":[0.0,0.0,0.0],"RSSI":9.775993772309789e-9}
{"type":3,"rcvTime":25299.245539651914,"sendTime":25299.24543394358,"sender":2923,"messageID":6491246,"pos":[6318.02691227147,5917.339994754336,1.895],"pos_noise":[0.0,0.0,0.0],"spd":[-1.5320537244308957,14.844672072334213,0.0],"spd_noise":[0.0,0.0,0.0],"RSSI":6.544032005557299e-8}
{"type":3,"rcvTime":25299.25480982036,"sendTime":25299.254699848498,"sender":1783,"messageID":6491976,"pos":[6101.578897059629,5732.253829038996,1.895],"pos_noise":[0.0,0.0,0.0],"spd":[12.712837877590634,0.8666216243329192,0.0],"spd_noise":[0.0,0.0,0.0],"RSSI":2.612467303416211e-9}
{"type":3,"rcvTime":25299.275525832294,"sendTime":25299.275410736213,"sender":1543,"messageID":6494161,"pos":[6119.452527606394,5733.315538996907,1.895],"pos_noise":[0.0,0.0,0.0],"spd":[13.158127792638148,0.7567209171645808,0.0],"spd_noise":[0.0,0.0,0.0],"RSSI":9.335758822424476e-9}
{"type":3,"rcvTime":25299.293004854502,"sendTime":25299.29288856522,"sender":775,"messageID":6495157,"pos":[6137.851881376102,5730.979274479555,1.895],"pos_noise":[0.0,0.0,0.0],"spd":[11.221515396826112,0.5750395437076001,0.0],"spd_noise":[0.0,0.0,0.0],"RSSI":8.265023167775738e-9}
{"type":3,"rcvTime":25299.29687298727,"sendTime":25299.29676139876,"sender":3061,"messageID":6495548,"pos":[6317.7498332424079,5936.989166906545,1.895],"pos_noise":[0.0,0.0,0.0],"spd":[-2.2881607379463939,14.196390259356445,0.0],"spd_noise":[0.0,0.0,0.0],"RSSI":1.1157702716976019e-7}
{"type":2,"rcvTime":25299.3,"pos":[6322.323630286378,5913.462916466025,1.895],"noise":[0.0,0.0,0.0],"spd":[-3.1855227675003765,11.78820978203246,0.0],"spd_noise":[0.0,0.0,0.0]}
{"type":3,"rcvTime":25299.318313798867,"sendTime":25299.318205367217,"sender":3079,"messageID":6496834,"pos":[6141.321032078153,5823.233630015436,1.895],"pos_noise":[0.0,0.0,0.0],"spd":[-2.6638875524150786,-0.2683706693859981,0.0],"spd_noise":[0.0,0.0,0.0],"RSSI":1.9860308169661845e-9}
{"type":3,"rcvTime":25299.36327708898,"sendTime":25299.363161252113,"sender":409,"messageID":6499562,"pos":[6093.0373234143639,5771.539731446531,1.895],"pos_noise":[0.0,0.0,0.0],"spd":[-0.6597502117948759,13.165720283965284,0.0],"spd_noise":[0.0,0.0,0.0],"RSSI":4.789140570536596e-9}
{"type":3,"rcvTime":25299.364974237207,"sendTime":25299.364859783975,"sender":2593,"messageID":6499948,"pos":[6101.23989767381,5739.689822660743,1.895],"pos_noise":[0.0,0.0,0.0],"spd":[2.3556569372425008e-15,-4.700857955966394e-14,0.0],"spd_noise":[0.0,0.0,0.0],"RSSI":1.3107586804272039e-8}
{"type":3,"rcvTime":25299.380477259725,"sendTime":25299.38036974375,"sender":3037,"messageID":6501189,"pos":[6161.9940840760359,5825.316315824712,1.895],"pos_noise":[0.0,0.0,0.0],"spd":[-5.508560477233014,-0.5549543790945749,0.0],"spd_noise":[0.0,0.0,0.0],"RSSI":5.427724707922471e-9}
{"type":3,"rcvTime":25299.382786004986,"sendTime":25299.382673756685,"sender":2329,"messageID":6501571,"pos":[6099.82206188725,5727.160946118522,1.895],"pos_noise":[0.0,0.0,0.0],"spd":[-0.0,0.0,0.0],"spd_noise":[0.0,0.0,0.0],"RSSI":4.13375655278601e-9}
{"type":2,"rcvTime":25299.399999999998,"pos":[6322.051841412895,5914.626730360171,1.895],"noise":[0.0,0.0,0.0],"spd":[-3.0841454280261915,11.811243598519843,0.0],"spd_noise":[0.0,0.0,0.0]}
{"type":3,"rcvTime":25299.4084552649,"sendTime":25299.408343919833,"sender":2611,"messageID":6503909,"pos":[6097.9498976738109,5739.529822660743,1.895],"pos_noise":[0.0,0.0,0.0],"spd":[2.335604180910669e-15,-4.660841450319875e-14,0.0],