{"type":2,"rcvTime":25297.7,"pos":[3612.887090867612,6077.737465774495,1.895],"noise":[0.0,0.0,0.0],"spd":[-3.4496050777088507,-29.969871929269748,0.0],"spd_noise":[0.0,0.0,0.0]}
{"type":3,"rcvTime":25297.737156996747,"sendTime":25297.73704734817,"sender":2707,"messageID":6394295,"pos":[3615.064108054455,5461.057550324051,1.895],"pos_noise":[0.0,0.0,0.0],"spd":[3.7169513505819884,-30.0098425094968,0.0],"spd_noise":[0.0,0.0,0.0],"RSSI":2.0195758443558099e-9}
{"type":2,"rcvTime":25297.8,"pos":[3612.54391913764,6074.756019329082,1.895],"noise":[0.0,0.0,0.0],"spd":[-3.435486101618253,-29.847207480535617,0.0],"spd_noise":[0.0,0.0,0.0]}
{"type":3,"rcvTime":25297.88933834317,"sendTime":25297.88923007888,"sender":2791,"messageID":6403094,"pos":[3601.7345951782265,5961.5298670502929,1.895],"pos_noise":[0.0,0.0,0.0],"spd":[1.2858384932712666,-29.969702649548457,0.0],"spd_noise":[0.0,0.0,0.0],"RSSI":6.500302702253425e-9}
{"type":2,"rcvTime":25297.899999999998,"pos":[3612.1998206246378,6071.7665210724949,1.895],"noise":[0.0,0.0,0.0],"spd":[-3.4447641100926806,-29.927814019386188,0.0],"spd_noise":[0.0,0.0,0.0]}
{"type":2,"rcvTime":25298.0,"pos":[3611.855310881995,6068.773450088194,1.895],"noise":[0.0,0.0,0.0],"spd":[-3.448880922728841,-29.963580533141564,0.0],"spd_noise":[0.0,0.0,0.0]}
{"type":3,"rcvTime":25298.049258308623,"sendTime":25298.049140065395,"sender":2737,"messageID":6413687,"pos":[3631.626490802394,5249.265779421841,1.895],"pos_noise":[0.0,0.0,0.0],"spd":[1.483307764470875,34.75285211807177,0.0],"spd_noise":[0.0,0.0,0.0],"RSSI":5.231539502542275e-9}
{"type":3,"rcvTime":25298.071978029853,"sendTime":25298.071862302346,"sender":2881,"messageID":6416013,"pos":[3591.177165014197,5776.161640016645,1.895],"pos_noise":[0.0,0.0,0.0],"spd":[-0.017428439375123378,-29.944237403446686,0.0],"spd_noise":[0.0,0.0,0.0],"RSSI":1.5687248571382327e-9}
{"type":2,"rcvTime":25298.1,"pos":[3611.5108072808704,6065.78043246087,1.895],"noise":[0.0,0.0,0.0],"spd":[-3.4488194401043339,-29.963046377399384,0.0],"spd_noise":[0.0,0.0,0.0]}
{"type":3,"rcvTime":25298.163603038978,"sendTime":25298.163488918217,"sender":3025,"messageID":6421358,"pos":[3597.0995701016606,5991.454050186411,1.895],"pos_noise":[0.0,0.0,0.0],"spd":[-2.1962936375128199,-33.08568660958795,0.0],"spd_noise":[0.0,0.0,0.0],"RSSI":5.299133056342675e-9}
{"type":2,"rcvTime":25298.2,"pos":[3611.1666768271127,6062.790656705748,1.895],"noise":[0.0,0.0,0.0],"spd":[-3.445083868429595,-29.930592052288437,0.0],"spd_noise":[0.0,0.0,0.0]}
{"type":3,"rcvTime":25298.269697944652,"sendTime":25298.26957828137,"sender":2755,"messageID":6428377,"pos":[3608.9329305369144,5485.324591517209,1.895],"pos_noise":[0.0,0.0,0.0],"spd":[2.837649351023102,-33.7099563688334,0.0],"spd_noise":[0.0,0.0,0.0],"RSSI":1.8110695976584969e-9}
{"type":3,"rcvTime":25298.273149956334,"sendTime":25298.273036387796,"sender":2725,"messageID":6428817,"pos":[3581.1031617320375,5886.2573628929899,1.895],"pos_noise":[0.0,0.0,0.0],"spd":[0.6018843126002428,33.307530067393518,0.0],"spd_noise":[0.0,0.0,0.0],"RSSI":2.984961496822093e-9}
{"type":2,"rcvTime":25298.3,"pos":[3610.822625794452,6059.801570954283,1.895],"noise":[0.0,0.0,0.0],"spd":[-3.4442887852316379,-29.923684437915456,0.0],"spd_noise":[0.0,0.0,0.0]}
{"type":3,"rcvTime":25298.322596062182,"sendTime":25298.322490714443,"sender":3085,"messageID":6432123,"pos":[3606.4903626755838,6079.842280741843,1.895],"pos_noise":[0.0,0.0,0.0],"spd":[-3.994231539655372,-34.65951576115736,0.0],"spd_noise":[0.0,0.0,0.0],"RSSI":6.261361747409237e-7}
{"type":2,"rcvTime":25298.399999999998,"pos":[3610.4788615292848,6056.814976614107,1.895],"noise":[0.0,0.0,0.0],"spd":[-3.4414179609485004,-29.898742963700618,0.0],"spd_noise":[0.0,0.0,0.0]}
{"type":3,"rcvTime":25298.48796078126,"sendTime":25298.487849838006,"sender":2749,"messageID":6442973,"pos":[3588.698669737406,5726.989109152876,1.895],"pos_noise":[0.0,0.0,0.0],"spd":[-1.2513891750489029,29.971750577384375,0.0],"spd_noise":[0.0,0.0,0.0],"RSSI":7.060441448908116e-9}
{"type":2,"rcvTime":25298.5,"pos":[3610.1353554278759,6053.830625178438,1.895],"noise":[0.0,0.0,0.0],"spd":[-3.4388334881404094,-29.876289286454516,0.0],"spd_noise":[0.0,0.0,0.0]}
{"type":3,"rcvTime":25298.509037095744,"sendTime":25298.508925159833,"sender":2587,"messageID":6445208,"pos":[3622.6993297059095,5306.49640642582,1.895],"pos_noise":[0.0,0.0,0.0],"spd":[2.152944213810861,28.9550545646532,0.0],"spd_noise":[0.0,0.0,0.0],"RSSI":6.178309214963799e-8}
{"type":3,"rcvTime":25298.54075109339,"sendTime":25298.540642713477,"sender":2767,"messageID":6446518,"pos":[3635.186183406231,5226.44514949737,1.895],"pos_noise":[0.0,0.0,0.0],"spd":[-0.03370866474026269,34.77956308955493,0.0],"spd_noise":[0.0,0.0,0.0],"RSSI":9.163621353621052e-9}
{"type":3,"rcvTime":25298.555968096247,"sendTime":25298.55586220911,"sender":3049,"messageID":6447527,"pos":[3599.4455982006518,6018.712092637171,1.895],"pos_noise":[0.0,0.0,0.0],"spd":[-3.795758104062567,-32.93728381223447,0.0],"spd_noise":[0.0,0.0,0.0],"RSSI":2.423577970339731e-7}
{"type":2,"rcvTime":25298.6,"pos":[3609.7908407035909,6050.837510914061,1.895],"noise":[0.0,0.0,0.0],"spd":[-3.4489307938595199,-29.964013809231365,0.0],"spd_noise":[0.0,0.0,0.0]}
{"type":3,"rcvTime":25298.60305033443,"sendTime":25298.6029434558,"sender":2821,"messageID":6449027,"pos":[3600.6488588135878,5679.477873848232,1.895],"pos_noise":[0.0,0.0,0.0],"spd":[1.2922296893830115,-30.118665562106647,0.0],"spd_noise":[0.0,0.0,0.0],"RSSI":8.219480812744652e-9}
{"type":3,"rcvTime":25298.658034338274,"sendTime":25298.657926948927,"sender":3007,"messageID":6451741,"pos":[3593.364995378891,5935.195193543991,1.895],"pos_noise":[0.0,0.0,0.0],"spd":[-2.1966345257354775,-33.09082186136016,0.0],"spd_noise":[0.0,0.0,0.0],"RSSI":1.4221483990369359e-8}
{"type":3,"rcvTime":25298.659837204905,"sendTime":25298.659719599364,"sender":2815,"messageID":6452017,"pos":[3588.400288263344,5655.124799341999,1.895],"pos_noise":[0.0,0.0,0.0],"spd":[-1.4638314287706103,35.02412742186514,0.0],"spd_noise":[0.0,0.0,0.0],"RSSI":1.3023780882593593e-9}
{"type":3,"rcvTime":25298.68048445862,"sendTime":25298.68036843394,"sender":2989,"messageID":6454772,"pos":[3620.750527472652,5348.4390997183559,1.895],"pos_noise":[0.0,0.0,0.0],"spd":[-3.428751802423946,29.709769607175145,0.0],"spd_noise":[0.0,0.0,0.0],"RSSI":1.5720031029049305e-9}
{"type":2,"rcvTime":25298.7,"pos":[3609.4464429101878,6047.845412535116,1.895],"noise":[0.0,0.0,0.0],"spd":[-3.447760200875349,-29.95384379817074,0.0],"spd_noise":[0.0,0.0,0.0]}
{"type":2,"rcvTime":25298.8,"pos":[3609.1017910199968,6044.851106585154,1.895],"noise":[0.0,0.0,0.0],"spd":[-3.450303959315838,-29.975943752475926,0.0],"spd_noise":[0.0,0.0,0.0]}
{"type":3,"rcvTime":25298.88934938304,"sendTime":25298.88923007888,"sender":2791,"messageID":6468478,"pos":[3601.7345951782265,5961.5298670502929,1.895],"pos_noise":[0.0,0.0,0.0],"spd":[2.5126840742552245,-29.845427695953963,0.0],"spd_noise":[0.0,0.0,0.0],"RSSI":1.3749169782068775e-9}
{"type":2,"rcvTime":25298.899999999998,"pos":[3608.758110151935,6041.865236791852,1.895],"noise":[0.0,0.0,0.0],"spd":[-3.4405830740032754,-29.891489537798188,0.0],"spd_noise":[0.0,0.0,0.0]}
{"type":2,"rcvTime":25299.0,"pos":[3608.413871215818,6038.874518551332,1.895],"noise":[0.0,0.0,0.0],"spd":[-3.446169883404587,-29.940027256893189,0.0],"spd_noise":[0.0,0.0,0.0]}
{"type":3,"rcvTime":25299.049253492216,"sendTime":25299.049140065395,"sender":2737,"messageID":6478866,"pos":[3631.626490802394,5249.265779421841,1.895],"pos_noise":[0.0,0.0,0.0],"spd":[2.536253965690267,34.1102066162785,0.0],"spd_noise":[0.0,0.0,0.0],"RSSI":3.622046637539801e-8}
{"type":3,"rcvTime":25299.076438781565,"sendTime":25299.076324303118,"sender":2719,"messageID":6481162,"pos":[3585.1423836913229,5959.443727158785,1.895],"pos_noise":[0.0,0.0,0.0],"spd":[2.3558500057174318,31.728701804130098,0.0],"spd_noise":[0.0,0.0,0.0],"RSSI":1.2231397028118894e-7}
{"type":2,"rcvTime":25299.1,