{"type":2,"rcvTime":25200.0,"pos":[3653.76310531595,5206.117178988744,1.895],"noise":[0.0,0.0,0.0],"spd":[5.161763549399795,-32.78969543991824,0.0],"spd_noise":[0.0,0.0,0.0]}
{"type":3,"rcvTime":25200.00947254376,"sendTime":25200.009356701747,"sender":85,"messageID":2081,"pos":[3594.6645628871767,5665.135271604469,1.895],"pos_noise":[0.0,0.0,0.0],"spd":[1.3655989754738778,-31.77107820491061,0.0],"spd_noise":[0.0,0.0,0.0],"RSSI":2.703147705175974e-9}
{"type":3,"rcvTime":25200.030768063687,"sendTime":25200.030661048833,"sender":931,"messageID":3627,"pos":[3589.664304586143,5703.861398435702,1.895],"pos_noise":[0.0,0.0,0.0],"spd":[-1.3553410332352565,32.46147897502212,0.0],"spd_noise":[0.0,0.0,0.0],"RSSI":3.006157175226549e-9}
{"type":3,"rcvTime":25200.04413156605,"sendTime":25200.044016361702,"sender":961,"messageID":4649,"pos":[3631.304770512387,5229.921447980915,1.895],"pos_noise":[0.0,0.0,0.0],"spd":[-4.46632323564981,28.6340104815567,0.0],"spd_noise":[0.0,0.0,0.0],"RSSI":2.3781164816713854e-7}
{"type":3,"rcvTime":25200.062248669623,"sendTime":25200.062130806735,"sender":1285,"messageID":6166,"pos":[3462.9758132016706,5192.998364347597,1.895],"pos_noise":[0.0,0.0,0.0],"spd":[0.0,-0.0,0.0],"spd_noise":[0.0,0.0,0.0],"RSSI":1.2946607572872065e-8}
{"type":3,"rcvTime":25200.090349836802,"sendTime":25200.090232982067,"sender":601,"messageID":8022,"pos":[3820.4325803971785,5264.525077186061,1.895],"pos_noise":[0.0,0.0,0.0],"spd":[0.0,-0.0,0.0],"spd_noise":[0.0,0.0,0.0],"RSSI":3.4365455063662645e-9}
{"type":2,"rcvTime":25200.1,"pos":[3654.2780817065947,5202.845832123203,1.895],"noise":[0.0,0.0,0.0],"spd":[5.155419512162837,-32.74939544422223,0.0],"spd_noise":[0.0,0.0,0.0]}
{"type":3,"rcvTime":25200.19416909125,"sendTime":25200.194058087887,"sender":1165,"messageID":9956,"pos":[4012.9377658262817,5255.2756535805469,1.895],"pos_noise":[0.0,0.0,0.0],"spd":[-12.59837298920509,-2.0527670113417719,0.0],"spd_noise":[0.0,0.0,0.0],"RSSI":7.449950080160484e-9}
{"type":2,"rcvTime":25200.2,"pos":[3654.7963147978,5199.553797324463,1.895],"noise":[0.0,0.0,0.0],"spd":[5.188022283703973,-32.95650197652759,0.0],"spd_noise":[0.0,0.0,0.0]}
{"type":3,"rcvTime":25200.278442093408,"sendTime":25200.27832530136,"sender":991,"messageID":15134,"pos":[3949.6601294986796,5253.518454862341,1.895],"pos_noise":[0.0,0.0,0.0],"spd":[0.5289466258171445,0.07482800735027172,0.0],"spd_noise":[0.0,0.0,0.0],"RSSI":1.5174472824750975e-8}
{"type":3,"rcvTime":25200.287029104846,"sendTime":25200.286915045464,"sender":241,"messageID":15690,"pos":[3664.857927296655,5210.987235437102,1.895],"pos_noise":[0.0,0.0,0.0],"spd":[-11.742397974875586,-3.438024834943841,0.0],"spd_noise":[0.0,0.0,0.0],"RSSI":2.1965868445375388e-7}
{"type":2,"rcvTime":25200.3,"pos":[3655.319201906534,5196.232198246789,1.895],"noise":[0.0,0.0,0.0],"spd":[5.23461357063727,-33.2524694485119,0.0],"spd_noise":[0.0,0.0,0.0]}
{"type":3,"rcvTime":25200.31665136915,"sendTime":25200.316541127395,"sender":1315,"messageID":17677,"pos":[3463.265331946772,5196.292290591396,1.895],"pos_noise":[0.0,0.0,0.0],"spd":[0.778278251030783,-0.02975259322189691,0.0],"spd_noise":[0.0,0.0,0.0],"RSSI":1.743332299456292e-8}
{"type":3,"rcvTime":25200.359555417795,"sendTime":25200.35944446898,"sender":73,"messageID":20712,"pos":[3596.5660076066917,5589.714634415086,1.895],"pos_noise":[0.0,0.0,0.0],"spd":[-2.7066723960245619,33.04133214922501,0.0],"spd_noise":[0.0,0.0,0.0],"RSSI":1.7560862263454738e-9}
{"type":3,"rcvTime":25200.379169017167,"sendTime":25200.379056895847,"sender":427,"messageID":22023,"pos":[3948.8575649946935,5260.065169453358,1.895],"pos_noise":[0.0,0.0,0.0],"spd":[0.7909203322174279,0.11178963671647371,0.0],"spd_noise":[0.0,0.0,0.0],"RSSI":9.37036626650412e-9}
{"type":2,"rcvTime":25200.399999999998,"pos":[3655.8456171885948,5192.888186726602,1.895],"noise":[0.0,0.0,0.0],"spd":[5.269934051226532,-33.47684001297445,0.0],"spd_noise":[0.0,0.0,0.0]}
{"type":3,"rcvTime":25200.433397304812,"sendTime":25200.433288063854,"sender":97,"messageID":25558,"pos":[3641.3358425370149,5242.6040973395679,1.895],"pos_noise":[0.0,0.0,0.0],"spd":[4.671244270699748,-29.67036011739618,0.0],"spd_noise":[0.0,0.0,0.0],"RSSI":1.2513600040643735e-7}
{"type":3,"rcvTime":25200.44723756964,"sendTime":25200.447125378527,"sender":103,"messageID":27629,"pos":[3619.696834022857,5450.483355697797,1.895],"pos_noise":[0.0,0.0,0.0],"spd":[3.6747657175940229,-29.662049064108115,0.0],"spd_noise":[0.0,0.0,0.0],"RSSI":1.2699588892552874e-8}
{"type":3,"rcvTime":25200.466419577933,"sendTime":25200.466310772812,"sender":55,"messageID":29158,"pos":[3638.5695697879298,5226.161804524753,1.895],"pos_noise":[0.0,0.0,0.0],"spd":[-5.117646979364369,32.80715303000345,0.0],"spd_noise":[0.0,0.0,0.0],"RSSI":5.798613552897536e-8}
{"type":3,"rcvTime":25200.48350965483,"sendTime":25200.483393540373,"sender":739,"messageID":31055,"pos":[3818.6585273643597,5261.730950082028,1.895],"pos_noise":[0.0,0.0,0.0],"spd":[0.8642273429122007,-0.5983647271048042,0.0],"spd_noise":[0.0,0.0,0.0],"RSSI":1.064872390096671e-8}
{"type":2,"rcvTime":25200.5,"pos":[3656.3759464795186,5189.519311774109,1.895],"noise":[0.0,0.0,0.0],"spd":[5.30911712453317,-33.725747392754218,0.0],"spd_noise":[0.0,0.0,0.0]}
{"type":3,"rcvTime":25200.566708579725,"sendTime":25200.56660144846,"sender":79,"messageID":33465,"pos":[3647.555391246762,5203.099365989224,1.895],"pos_noise":[0.0,0.0,0.0],"spd":[4.652355358930436,-29.550383344182924,0.0],"spd_noise":[0.0,0.0,0.0],"RSSI":5.176041667151803e-7}
{"type":3,"rcvTime":25200.580029622,"sendTime":25200.57991240034,"sender":457,"messageID":34868,"pos":[3961.7448245773309,5248.460324742438,1.895],"pos_noise":[0.0,0.0,0.0],"spd":[-1.1540843785271878,-0.14602700299736014,0.0],"spd_noise":[0.0,0.0,0.0],"RSSI":5.393347372177441e-9}
{"type":3,"rcvTime":25200.598431788734,"sendTime":25200.59831597353,"sender":1159,"messageID":36379,"pos":[3985.9526780639068,5254.7735482296889,1.895],"pos_noise":[0.0,0.0,0.0],"spd":[-12.360260633984414,-1.7318512493036225,0.0],"spd_noise":[0.0,0.0,0.0],"RSSI":2.621844505539195e-9}
{"type":2,"rcvTime":25200.6,"pos":[3656.9056700413245,5186.1542846680199,1.895],"noise":[0.0,0.0,0.0],"spd":[5.3030531810754379,-33.687226670671368,0.0],"spd_noise":[0.0,0.0,0.0]}
{"type":3,"rcvTime":25200.630939525156,"sendTime":25200.630831810413,"sender":1039,"messageID":39137,"pos":[3583.3800896156296,5696.267368029098,1.895],"pos_noise":[0.0,0.0,0.0],"spd":[-1.3937861645515748,33.31428311353671,0.0],"spd_noise":[0.0,0.0,0.0],"RSSI":1.604918108396111e-9}
{"type":3,"rcvTime":25200.634391530537,"sendTime":25200.634274053155,"sender":49,"messageID":39503,"pos":[3586.7524590624109,5694.551319888443,1.895],"pos_noise":[0.0,0.0,0.0],"spd":[-1.5849407317501599,37.921829695627788,0.0],"spd_noise":[0.0,0.0,0.0],"RSSI":2.3567104296685566e-9}
{"type":3,"rcvTime":25200.64919079017,"sendTime":25200.64907833445,"sender":553,"messageID":40795,"pos":[3961.960955711067,5245.156317713098,1.895],"pos_noise":[0.0,0.0,0.0],"spd":[-1.5641164554259593,-0.19976487338348754,0.0],"spd_noise":[0.0,0.0,0.0],"RSSI":2.481241339478066e-9}
{"type":3,"rcvTime":25200.670753916038,"sendTime":25200.6706378737,"sender":43,"messageID":41960,"pos":[3584.7585057373328,5742.259323664141,1.895],"pos_noise":[0.0,0.0,0.0],"spd":[-1.5657704164638822,37.463154227873889,0.0],"spd_noise":[0.0,0.0,0.0],"RSSI":2.3040904363076606e-9}
{"type":3,"rcvTime":25200.67299739864,"sendTime":25200.67288915883,"sender":1105,"messageID":42909,"pos":[3815.0904332306406,5267.754332229387,1.895],"pos_noise":[0.0,0.0,0.0],"spd":[0.40965705293571666,-0.15447401114621768,0.0],"spd_noise":[0.0,0.0,0.0],"RSSI":1.2351383929522673e-8}
{"type":2,"rcvTime":25200.7,"pos":[3657.4358600570128,5182.786294450464,1.895],"noise":[0.0,0.0,0.0],"spd":[5.307722842619141,-33.71689032699217,0.0],"spd_noise":[0.0,0.0,0.0]}
{"type":3,"rcvTime":25200.728666409286,"sendTime":25200.72855873359,"sender":1051,"messageID":45788,"pos":[3949.8141112817008,5256.86534702144,1.895],