{"type":2,"rcvTime":25299.399999999998,"pos":[6324.924289518734,5732.78065459233,1.895],"noise":[0.0,0.0,0.0],"spd":[-15.711122816426576,-0.9963272864391707,0.0],"spd_noise":[0.0,0.0,0.0]}
{"type":3,"rcvTime":25299.4084550737,"sendTime":25299.408343919833,"sender":2611,"messageID":6503909,"pos":[6097.9498976738109,5739.529822660743,1.895],"pos_noise":[0.0,0.0,0.0],"spd":[2.335604180910669e-15,-4.660841450319875e-14,0.0],"spd_noise":[0.0,0.0,0.0],"RSSI":1.9987701664984806e-8}
{"type":3,"rcvTime":25299.441430468687,"sendTime":25299.441321470775,"sender":823,"messageID":6505761,"pos":[6302.453323933598,5845.655109704632,1.895],"pos_noise":[0.0,0.0,0.0],"spd":[10.629692942112085,0.6986960643960742,0.0],"spd_noise":[0.0,0.0,0.0],"RSSI":3.847897496281828e-9}
{"type":3,"rcvTime":25299.47848814471,"sendTime":25299.478375085815,"sender":3031,"messageID":6507267,"pos":[6169.0526075231159,5829.349250783124,1.895],"pos_noise":[0.0,0.0,0.0],"spd":[-5.866655235845475,-0.5916736439078583,0.0],"spd_noise":[0.0,0.0,0.0],"RSSI":1.7232978419860135e-9}
{"type":2,"rcvTime":25299.5,"pos":[6323.350975735144,5732.6797472411649,1.895],"noise":[0.0,0.0,0.0],"spd":[-15.73484161568024,-1.001518456749528,0.0],"spd_noise":[0.0,0.0,0.0]}
{"type":3,"rcvTime":25299.502560798264,"sendTime":25299.502453079913,"sender":1123,"messageID":6509655,"pos":[6100.16362362781,5761.16753162572,1.895],"pos_noise":[0.0,0.0,0.0],"spd":[0.0,-0.0,0.0],"spd_noise":[0.0,0.0,0.0],"RSSI":2.141287099170168e-9}
{"type":3,"rcvTime":25299.56994801416,"sendTime":25299.569834214868,"sender":1321,"messageID":6513086,"pos":[5925.7908094648769,5817.035245604055,1.895],"pos_noise":[0.0,0.0,0.0],"spd":[12.510111467859686,0.04271447717470111,0.0],"spd_noise":[0.0,0.0,0.0],"RSSI":1.2808697741637228e-9}
{"type":2,"rcvTime":25299.6,"pos":[6321.778970596925,5732.578923822359,1.895],"noise":[0.0,0.0,0.0],"spd":[-15.721519970804622,-1.0043514943141212,0.0],"spd_noise":[0.0,0.0,0.0]}
{"type":3,"rcvTime":25299.627701070236,"sendTime":25299.627585543552,"sender":1477,"messageID":6515542,"pos":[6062.607685836709,5725.9768938984639,1.895],"pos_noise":[0.0,0.0,0.0],"spd":[4.872570183339497,0.4215208809500043,0.0],"spd_noise":[0.0,0.0,0.0],"RSSI":1.3165494274542004e-8}
{"type":3,"rcvTime":25299.677193862135,"sendTime":25299.677081576316,"sender":193,"messageID":6519169,"pos":[6091.284390495176,5806.520583408272,1.895],"pos_noise":[0.0,0.0,0.0],"spd":[-0.2532760221454655,5.05427842626759,0.0],"spd_noise":[0.0,0.0,0.0],"RSSI":1.768196778185063e-8}
{"type":3,"rcvTime":25299.68062921107,"sendTime":25299.680514482316,"sender":475,"messageID":6520457,"pos":[6096.853256482859,5722.107824523753,1.895],"pos_noise":[0.0,0.0,0.0],"spd":[4.303389785732785,-6.30617989205034,0.0],"spd_noise":[0.0,0.0,0.0],"RSSI":4.220407949017973e-9}
{"type":2,"rcvTime":25299.7,"pos":[6320.197879465801,5732.477517656814,1.895],"noise":[0.0,0.0,0.0],"spd":[-15.812151036671107,-1.0138650430576673,0.0],"spd_noise":[0.0,0.0,0.0]}
{"type":3,"rcvTime":25299.700084573495,"sendTime":25299.699972998722,"sender":2953,"messageID":6522690,"pos":[6101.648117180686,5819.2368221479759,1.895],"pos_noise":[0.0,0.0,0.0],"spd":[-11.411092904463425,-1.1495990656289388,0.0],"spd_noise":[0.0,0.0,0.0],"RSSI":2.8470615596799849e-9}
{"type":3,"rcvTime":25299.705577698238,"sendTime":25299.705469678065,"sender":2563,"messageID":6523331,"pos":[6099.788181521171,5768.659709226346,1.895],"pos_noise":[0.0,0.0,0.0],"spd":[0.0,-0.0,0.0],"spd_noise":[0.0,0.0,0.0],"RSSI":7.1813527000508379e-9}
{"type":3,"rcvTime":25299.719728727567,"sendTime":25299.719620154006,"sender":691,"messageID":6523897,"pos":[6143.465143842941,5734.566440406427,1.895],"pos_noise":[0.0,0.0,0.0],"spd":[14.160780175095154,0.7258603102797577,0.0],"spd_noise":[0.0,0.0,0.0],"RSSI":1.786834131563637e-9}
{"type":3,"rcvTime":25299.730240126177,"sendTime":25299.73012202629,"sender":175,"messageID":6524642,"pos":[6292.544273975856,5841.69586695227,1.895],"pos_noise":[0.0,0.0,0.0],"spd":[15.098881955299522,0.9937767212859799,0.0],"spd_noise":[0.0,0.0,0.0],"RSSI":9.931938464036399e-9}
{"type":3,"rcvTime":25299.756746729763,"sendTime":25299.756634331912,"sender":1447,"messageID":6526797,"pos":[6157.993541919105,5738.617609376914,1.895],"pos_noise":[0.0,0.0,0.0],"spd":[13.697639220893646,0.70105531985956,0.0],"spd_noise":[0.0,0.0,0.0],"RSSI":5.571466577774045e-9}
{"type":2,"rcvTime":25299.8,"pos":[6318.623702657088,5732.376554953957,1.895],"noise":[0.0,0.0,0.0],"spd":[-15.742984833388558,-1.0097050668123507,0.0],"spd_noise":[0.0,0.0,0.0]}
{"type":3,"rcvTime":25299.800590223087,"sendTime":25299.80048212889,"sender":2839,"messageID":6529607,"pos":[6095.528530116215,5787.849697968064,1.895],"pos_noise":[0.0,0.0,0.0],"spd":[0.5994791221853298,-11.962973709840372,0.0],"spd_noise":[0.0,0.0,0.0],"RSSI":1.699927801367993e-9}
{"type":3,"rcvTime":25299.829067314116,"sendTime":25299.82894967743,"sender":1795,"messageID":6531023,"pos":[5784.983384249794,5705.399708702526,1.895],"pos_noise":[0.0,0.0,0.0],"spd":[15.381185088993363,0.8926580632007263,0.0],"spd_noise":[0.0,0.0,0.0],"RSSI":2.3594832249153154e-8}
{"type":2,"rcvTime":25299.899999999998,"pos":[6317.041963043496,5732.275107196804,1.895],"noise":[0.0,0.0,0.0],"spd":[-15.818618727780823,-1.0145559846811335,0.0],"spd_noise":[0.0,0.0,0.0]}
{"type":3,"rcvTime":25299.94132389083,"sendTime":25299.94120635306,"sender":2779,"messageID":6536826,"pos":[6097.100180561304,5756.486449007705,1.895],"pos_noise":[0.0,0.0,0.0],"spd":[0.18116414019293504,-3.615241575708961,0.0],"spd_noise":[0.0,0.0,0.0],"RSSI":1.439547514448965e-8}
{"type":3,"rcvTime":25299.945724921985,"sendTime":25299.9456106395,"sender":2809,"messageID":6537481,"pos":[6097.6406247938189,5745.701552743718,1.895],"pos_noise":[0.0,0.0,0.0],"spd":[0.021613489721086986,-0.43131044892558237,0.0],"spd_noise":[0.0,0.0,0.0],"RSSI":3.707819245242201e-9}
{"type":2,"rcvTime":25300.0,"pos":[6315.46765822675,5732.174136283918,1.895],"noise":[0.0,0.0,0.0],"spd":[-15.744265012663897,-1.0097871734467925,0.0],"spd_noise":[0.0,0.0,0.0]}
