{"type":2,"rcvTime":18097.8,"pos":[3645.3284633948785,5182.833286991054,1.895],"noise":[0.0,0.0,0.0],"spd":[-5.205658526004842,33.37135925419984,0.0],"spd_noise":[0.0,0.0,0.0]}
{"type":2,"rcvTime":18097.899999999998,"pos":[3644.8096754220475,5186.159025652479,1.895],"noise":[0.0,0.0,0.0],"spd":[-5.194112909116727,33.29734500085839,0.0],"spd_noise":[0.0,0.0,0.0]}
{"type":3,"rcvTime":18097.984154923983,"sendTime":18097.984042235417,"sender":133,"messageID":242430,"pos":[3598.694906425122,5210.980805984537,1.895],"pos_noise":[0.0,0.0,0.0],"spd":[12.221482161304638,1.6213337935427954,0.0],"spd_noise":[0.0,0.0,0.0],"RSSI":2.1819570309417998e-8}
{"type":2,"rcvTime":18098.0,"pos":[3644.2895540435099,5189.493312235486,1.895],"noise":[0.0,0.0,0.0],"spd":[-5.20746298690751,33.38292691902885,0.0],"spd_noise":[0.0,0.0,0.0]}
{"type":2,"rcvTime":18098.1,"pos":[3643.7704817051264,5192.820873848793,1.895],"noise":[0.0,0.0,0.0],"spd":[-5.196959981260585,33.31559642224162,0.0],"spd_noise":[0.0,0.0,0.0]}
{"type":3,"rcvTime":18098.104843156936,"sendTime":18098.104730840307,"sender":529,"messageID":242757,"pos":[3598.5855615314756,5565.061206789323,1.895],"pos_noise":[0.0,0.0,0.0],"spd":[-2.974207433889762,36.307229440910557,0.0],"spd_noise":[0.0,0.0,0.0],"RSSI":7.981049397660899e-9}
{"type":2,"rcvTime":18098.2,"pos":[3643.2515053085187,5196.147820418401,1.895],"noise":[0.0,0.0,0.0],"spd":[-5.195999410772608,33.309438595583738,0.0],"spd_noise":[0.0,0.0,0.0]}
{"type":3,"rcvTime":18098.24991316435,"sendTime":18098.24979627505,"sender":109,"messageID":243175,"pos":[3652.75082205292,5224.8344149723229,1.895],"pos_noise":[0.0,0.0,0.0],"spd":[13.775861496683462,1.8335926760633339,0.0],"spd_noise":[0.0,0.0,0.0],"RSSI":5.103872611533425e-8}
{"type":2,"rcvTime":18098.3,"pos":[3642.732019754086,5199.47803099171,1.895],"noise":[0.0,0.0,0.0],"spd":[-5.20109710649584,33.34211784922644,0.0],"spd_noise":[0.0,0.0,0.0]}
{"type":3,"rcvTime":18098.32173813432,"sendTime":18098.321632079176,"sender":511,"messageID":243262,"pos":[3609.3707992553156,5480.202030727377,1.895],"pos_noise":[0.0,0.0,0.0],"spd":[3.2039116335800559,-37.4666135858964,0.0],"spd_noise":[0.0,0.0,0.0],"RSSI":2.4225991377207504e-8}
{"type":2,"rcvTime":18098.399999999998,"pos":[3642.212020532282,5202.811534477588,1.895],"noise":[0.0,0.0,0.0],"spd":[-5.206239951868887,33.37508653890814,0.0],"spd_noise":[0.0,0.0,0.0]}
{"type":2,"rcvTime":18098.5,"pos":[3641.6933625993149,5206.136439506345,1.895],"noise":[0.0,0.0,0.0],"spd":[-5.192810948067505,33.288998658176989,0.0],"spd_noise":[0.0,0.0,0.0]}
{"type":3,"rcvTime":18098.58552330474,"sendTime":18098.585416289,"sender":493,"messageID":244303,"pos":[3812.5968250071666,5245.185221421639,1.895],"pos_noise":[0.0,0.0,0.0],"spd":[1.821331175202092e-14,4.191267149393545e-14,0.0],"spd_noise":[0.0,0.0,0.0],"RSSI":1.1848819445581498e-8}
{"type":2,"rcvTime":18098.6,"pos":[3641.1748645126929,5209.4603198252029,1.895],"noise":[0.0,0.0,0.0],"spd":[-5.191210564073896,33.278739247403738,0.0],"spd_noise":[0.0,0.0,0.0]}
{"type":3,"rcvTime":18098.629562678565,"sendTime":18098.629444261638,"sender":403,"messageID":244550,"pos":[4018.4712161556037,5266.2914282868709,1.895],"pos_noise":[0.0,0.0,0.0],"spd":[13.169265037813857,2.507756222780586,0.0],"spd_noise":[0.0,0.0,0.0],"RSSI":2.346338714799772e-9}
{"type":3,"rcvTime":18098.644103687544,"sendTime":18098.64399019652,"sender":115,"messageID":244686,"pos":[3735.9005527241436,5243.880967564112,1.895],"pos_noise":[0.0,0.0,0.0],"spd":[-14.18732934058179,-5.708761433617651,0.0],"spd_noise":[0.0,0.0,0.0],"RSSI":1.3875276787251047e-8}
{"type":2,"rcvTime":18098.7,"pos":[3640.6552875073186,5212.791116653298,1.895],"noise":[0.0,0.0,0.0],"spd":[-5.202012714685988,33.34798744088268,0.0],"spd_noise":[0.0,0.0,0.0]}
{"type":2,"rcvTime":18098.8,"pos":[3640.137013054551,5216.113563346483,1.895],"noise":[0.0,0.0,0.0],"spd":[-5.188971538590077,33.264385765816999,0.0],"spd_noise":[0.0,0.0,0.0]}
{"type":2,"rcvTime":18098.899999999998,"pos":[3639.6172511581037,5219.4455454360399,1.895],"noise":[0.0,0.0,0.0],"spd":[-5.203863846866882,33.35985429629148,0.0],"spd_noise":[0.0,0.0,0.0]}
{"type":3,"rcvTime":18098.98415788846,"sendTime":18098.984042235417,"sender":133,"messageID":245467,"pos":[3610.8024689878386,5212.593692821091,1.895],"pos_noise":[0.0,0.0,0.0],"spd":[12.239129486959028,1.6304132841074777,0.0],"spd_noise":[0.0,0.0,0.0],"RSSI":8.437408946062178e-8}
{"type":2,"rcvTime":18099.0,"pos":[3639.097738425659,5222.77593023653,1.895],"noise":[0.0,0.0,0.0],"spd":[-5.201369213160257,33.343862214364559,0.0],"spd_noise":[0.0,0.0,0.0]}
{"type":2,"rcvTime":18099.1,"pos":[3638.5775690352477,5226.11052460413,1.895],"noise":[0.0,0.0,0.0],"spd":[-5.207943682500863,33.386008462946779,0.0],"spd_noise":[0.0,0.0,0.0]}
{"type":3,"rcvTime":18099.104843306224,"sendTime":18099.104730840307,"sender":529,"messageID":245777,"pos":[3595.6135630697619,5601.341470505268,1.895],"pos_noise":[0.0,0.0,0.0],"spd":[-2.971431892378344,36.27334739848369,0.0],"spd_noise":[0.0,0.0,0.0],"RSSI":8.572554815620044e-9}
{"type":3,"rcvTime":18099.15661266579,"sendTime":18099.156502745438,"sender":505,"messageID":246046,"pos":[3634.756169507578,5328.9271035857159,1.895],"pos_noise":[0.0,0.0,0.0],"spd":[4.693946305133565,-37.88869177171249,0.0],"spd_noise":[0.0,0.0,0.0],"RSSI":5.038901227657994e-8}
{"type":2,"rcvTime":18099.2,"pos":[3638.0573718046859,5229.445297443608,1.895],"noise":[0.0,0.0,0.0],"spd":[-5.208222418500514,33.387795326056409,0.0],"spd_noise":[0.0,0.0,0.0]}
{"type":3,"rcvTime":18099.249907767393,"sendTime":18099.24979627505,"sender":109,"messageID":246191,"pos":[3666.2321121066727,5228.570800551727,1.895],"pos_noise":[0.0,0.0,0.0],"spd":[13.284266639432131,3.8893428677582344,0.0],"spd_noise":[0.0,0.0,0.0],"RSSI":2.588810454277883e-8}
{"type":2,"rcvTime":18099.3,"pos":[3637.537816801976,5232.775953221572,1.895],"noise":[0.0,0.0,0.0],"spd":[-5.201792423681884,33.3465752448788,0.0],"spd_noise":[0.0,0.0,0.0]}
{"type":3,"rcvTime":18099.32174112665,"sendTime":18099.321632079176,"sender":511,"messageID":246277,"pos":[3613.996198976678,5442.848528642753,1.895],"pos_noise":[0.0,0.0,0.0],"spd":[4.625399314661444,-37.353498800207599,0.0],"spd_noise":[0.0,0.0,0.0],"RSSI":2.0959011728375593e-8}
{"type":3,"rcvTime":18099.326162309706,"sendTime":18099.326045906404,"sender":415,"messageID":246359,"pos":[4045.9918779135166,5268.144082852488,1.895],"pos_noise":[0.0,0.0,0.0],"spd":[14.239517428962048,2.9763875004949544,0.0],"spd_noise":[0.0,0.0,0.0],"RSSI":2.0732751810146655e-9}
{"type":3,"rcvTime":18099.362192443063,"sendTime":18099.362080093008,"sender":589,"messageID":246508,"pos":[3643.81695182764,5192.522972796457,1.895],"pos_noise":[0.0,0.0,0.0],"spd":[-5.214458329255841,33.427771213267138,0.0],"spd_noise":[0.0,0.0,0.0],"RSSI":1.0808602039598891e-7}
{"type":2,"rcvTime":18099.399999999998,"pos":[3637.0178748879454,5236.109089330627,1.895],"noise":[0.0,0.0,0.0],"spd":[-5.205666185588456,33.37140835668075,0.0],"spd_noise":[0.0,0.0,0.0]}
{"type":2,"rcvTime":18099.5,"pos":[3636.4982594233977,5239.440132704841,1.895],"noise":[0.0,0.0,0.0],"spd":[-5.202397768505362,33.35045586428664,0.0],"spd_noise":[0.0,0.0,0.0]}
{"type":3,"rcvTime":18099.585534617232,"sendTime":18099.585416289,"sender":493,"messageID":247379,"pos":[3812.5968250071666,5245.185221421639,1.895],"pos_noise":[0.0,0.0,0.0],"spd":[1.8276845213144193e-14,4.205887538706526e-14,0.0],"spd_noise":[0.0,0.0,0.0],"RSSI":8.736970523881614e-9}
{"type":2,"rcvTime":18099.6,"pos":[3635.978457440618,5242.772371771565,1.895],"noise":[0.0,0.0,0.0],"spd":[-5.204265191818417,33.362427155516808,0.0],"spd_noise":[0.0,0.0,0.0]}
{"type":3,"rcvTime":18099.62956108272,"sendTime":18099.629444261638,"sender":403,"messageID":247625,"pos":[4031.6834241358649,5268.568846439254,1.895],"pos_noise":[0.0,0.0,0.0],"spd":[13.242343063405965,2.2091373442245776,0.0],"spd_noise":[0.0,0.0,0.0],"RSSI":2.792250795023576e-9}
{"type":3,"rcvTime":18099.644102085313,"sendTime":18099.64399019652,