{"type":2,"rcvTime":25297.399999999998,"pos":[3606.4318114333298,6079.334208617432,1.895],"noise":[0.0,0.0,0.0],"spd":[-4.193831882481282,-36.391526326757539,0.0],"spd_noise":[0.0,0.0,0.0]}
{"type":2,"rcvTime":25297.5,"pos":[3606.0107811648647,6075.680763622838,1.895],"noise":[0.0,0.0,0.0],"spd":[-4.205679335271732,-36.49433132760501,0.0],"spd_noise":[0.0,0.0,0.0]}
{"type":3,"rcvTime":25297.55137293337,"sendTime":25297.551261597033,"sender":2545,"messageID":6256266,"pos":[3629.2672177842034,5264.390708012836,1.895],"pos_noise":[0.0,0.0,0.0],"spd":[-0.03104451208068126,32.03077234829545,0.0],"spd_noise":[0.0,0.0,0.0],"RSSI":1.8912103218654043e-8}
{"type":3,"rcvTime":25297.591536933476,"sendTime":25297.59142837692,"sender":2845,"messageID":6260438,"pos":[3596.5134022528225,5982.623825750117,1.895],"pos_noise":[0.0,0.0,0.0],"spd":[-2.3706456816272234,-35.7121828998254,0.0],"spd_noise":[0.0,0.0,0.0],"RSSI":2.0520867173023477e-8}
{"type":2,"rcvTime":25297.6,"pos":[3605.592024066143,6072.0470438148699,1.895],"noise":[0.0,0.0,0.0],"spd":[-4.182972599599595,-36.297296064358068,0.0],"spd_noise":[0.0,0.0,0.0]}
{"type":3,"rcvTime":25297.64943991489,"sendTime":25297.64932416808,"sender":2575,"messageID":6264024,"pos":[3591.2967903704827,5664.762085668039,1.895],"pos_noise":[0.0,0.0,0.0],"spd":[-1.2492076161011734,29.919500532371435,0.0],"spd_noise":[0.0,0.0,0.0],"RSSI":4.726939017015024e-9}
{"type":2,"rcvTime":25297.7,"pos":[3605.173015629046,6068.411143045112,1.895],"noise":[0.0,0.0,0.0],"spd":[-4.185483223394569,-36.319081733040537,0.0],"spd_noise":[0.0,0.0,0.0]}
{"type":3,"rcvTime":25297.7574091983,"sendTime":25297.75729255625,"sender":2533,"messageID":6271577,"pos":[3589.6014889959099,5705.365881006252,1.895],"pos_noise":[0.0,0.0,0.0],"spd":[-1.2468296419058125,29.862546188498034,0.0],"spd_noise":[0.0,0.0,0.0],"RSSI":1.1727530323462332e-8}
{"type":2,"rcvTime":25297.8,"pos":[3604.7536614887164,6064.772242472631,1.895],"noise":[0.0,0.0,0.0],"spd":[-4.188936459542955,-36.34904681932154,0.0],"spd_noise":[0.0,0.0,0.0]}
{"type":2,"rcvTime":25297.899999999998,"pos":[3604.333586686696,6061.127088435627,1.895],"noise":[0.0,0.0,0.0],"spd":[-4.19613516283577,-36.41151279501391,0.0],"spd_noise":[0.0,0.0,0.0]}
{"type":2,"rcvTime":25298.0,"pos":[3603.9152051884977,6057.4966278609149,1.895],"noise":[0.0,0.0,0.0],"spd":[-4.179220718850012,-36.264739521575929,0.0],"spd_noise":[0.0,0.0,0.0]}
{"type":3,"rcvTime":25298.045886198717,"sendTime":25298.045771543355,"sender":2875,"messageID":6285457,"pos":[3598.9751280740317,6014.629638576391,1.895],"pos_noise":[0.0,0.0,0.0],"spd":[-4.192786569701626,-36.38245573726491,0.0],"spd_noise":[0.0,0.0,0.0],"RSSI":2.868599747248637e-8}
{"type":3,"rcvTime":25298.093427262174,"sendTime":25298.093317879924,"sender":2671,"messageID":6288233,"pos":[3593.242028269662,5698.230974950715,1.895],"pos_noise":[0.0,0.0,0.0],"spd":[1.4671455959640969,-34.13359141636224,0.0],"spd_noise":[0.0,0.0,0.0],"RSSI":3.414650819336958e-9}
{"type":2,"rcvTime":25298.1,"pos":[3603.4961108434147,6053.859981633819,1.895],"noise":[0.0,0.0,0.0],"spd":[-4.18634135989961,-36.32652812051869,0.0],"spd_noise":[0.0,0.0,0.0]}
{"type":3,"rcvTime":25298.113610639386,"sendTime":25298.11350057409,"sender":2599,"messageID":6289008,"pos":[3592.335086171526,5641.3630277122779,1.895],"pos_noise":[0.0,0.0,0.0],"spd":[-2.4524628189147155,29.93810359256067,0.0],"spd_noise":[0.0,0.0,0.0],"RSSI":2.401000965088897e-9}
{"type":3,"rcvTime":25298.135138244586,"sendTime":25298.135025214775,"sender":2539,"messageID":6291526,"pos":[3581.1150564870724,5775.5728113905529,1.895],"pos_noise":[0.0,0.0,0.0],"spd":[-0.032513773455645687,33.5817258605621,0.0],"spd_noise":[0.0,0.0,0.0],"RSSI":2.5013568979097905e-8}
{"type":3,"rcvTime":25298.139344246505,"sendTime":25298.139230232406,"sender":2749,"messageID":6291843,"pos":[3594.517336336956,5845.150655342586,1.895],"pos_noise":[0.0,0.0,0.0],"spd":[-0.017429201674145146,-29.91504602249692,0.0],"spd_noise":[0.0,0.0,0.0],"RSSI":6.191869148738705e-9}
{"type":3,"rcvTime":25298.182043252717,"sendTime":25298.18192748809,"sender":2419,"messageID":6294578,"pos":[3584.75389664969,5894.410184635924,1.895],"pos_noise":[0.0,0.0,0.0],"spd":[1.1522906433005836,26.99735502156914,0.0],"spd_noise":[0.0,0.0,0.0],"RSSI":3.2510743767600628e-9}
{"type":2,"rcvTime":25298.2,"pos":[3603.0764308241239,6050.218253281608,1.895],"noise":[0.0,0.0,0.0],"spd":[-4.192191670667489,-36.377293564666278,0.0],"spd_noise":[0.0,0.0,0.0]}
{"type":3,"rcvTime":25298.225704019584,"sendTime":25298.225594393352,"sender":2707,"messageID":6298702,"pos":[3591.785987893355,5732.106200032146,1.895],"pos_noise":[0.0,0.0,0.0],"spd":[1.472344644563987,-34.25454887349466,0.0],"spd_noise":[0.0,0.0,0.0],"RSSI":7.827829513369301e-9}
{"type":3,"rcvTime":25298.227206024207,"sendTime":25298.22709734603,"sender":2887,"messageID":6299044,"pos":[3606.0638872857609,6047.317090763802,1.895],"pos_noise":[0.0,0.0,0.0],"spd":[-3.495614407412043,-30.35117765643282,0.0],"spd_noise":[0.0,0.0,0.0],"RSSI":0.00000910796555953284}
{"type":2,"rcvTime":25298.3,"pos":[3602.6585617448129,6046.592239166826,1.895],"noise":[0.0,0.0,0.0],"spd":[-4.174102156869269,-36.2203237490087,0.0],"spd_noise":[0.0,0.0,0.0]}
{"type":3,"rcvTime":25298.30215159686,"sendTime":25298.302032725933,"sender":2629,"messageID":6303890,"pos":[3585.4956898151237,5645.700282637188,1.895],"pos_noise":[0.0,0.0,0.0],"spd":[-2.112947058617039,34.950021284769437,0.0],"spd_noise":[0.0,0.0,0.0],"RSSI":7.40142489298948e-9}
{"type":3,"rcvTime":25298.347349127376,"sendTime":25298.347242351014,"sender":2893,"messageID":6305946,"pos":[3610.056264914471,6053.143493607095,1.895],"pos_noise":[0.0,0.0,0.0],"spd":[-3.152311268355244,-27.387008908431285,0.0],"spd_noise":[0.0,0.0,0.0],"RSSI":4.4466695403101089e-7}
{"type":3,"rcvTime":25298.361878446223,"sendTime":25298.361760818167,"sender":2527,"messageID":6307249,"pos":[3581.044108437128,5848.85123189875,1.895],"pos_noise":[0.0,0.0,0.0],"spd":[-0.028669263753494546,29.610938801904035,0.0],"spd_noise":[0.0,0.0,0.0],"RSSI":2.8709371036432594e-8}
{"type":2,"rcvTime":25298.399999999998,"pos":[3602.2406383041359,6042.965753337122,1.895],"noise":[0.0,0.0,0.0],"spd":[-4.17464517358512,-36.22503571831613,0.0],"spd_noise":[0.0,0.0,0.0]}
{"type":3,"rcvTime":25298.45408155813,"sendTime":25298.4539680087,"sender":2659,"messageID":6313312,"pos":[3600.570937769965,5540.824998582729,1.895],"pos_noise":[0.0,0.0,0.0],"spd":[-2.4463279268273139,29.863212738630027,0.0],"spd_noise":[0.0,0.0,0.0],"RSSI":3.990352037757407e-9}
{"type":2,"rcvTime":25298.5,"pos":[3601.822735956543,6039.339450540397,1.895],"noise":[0.0,0.0,0.0],"spd":[-4.174434474363622,-36.22320739842133,0.0],"spd_noise":[0.0,0.0,0.0]}
{"type":3,"rcvTime":25298.551367539552,"sendTime":25298.551261597033,"sender":2545,"messageID":6319417,"pos":[3629.2672177842034,5264.390708012836,1.895],"pos_noise":[0.0,0.0,0.0],"spd":[-0.030489043195031666,31.457656646747524,0.0],"spd_noise":[0.0,0.0,0.0],"RSSI":2.5366279587846286e-8}
{"type":3,"rcvTime":25298.591534339284,"sendTime":25298.59142837692,"sender":2845,"messageID":6323357,"pos":[3594.145011282771,5946.945608563848,1.895],"pos_noise":[0.0,0.0,0.0],"spd":[-2.3623207538682076,-35.586773461771489,0.0],"spd_noise":[0.0,0.0,0.0],"RSSI":3.1080931708082277e-8}
{"type":2,"rcvTime":25298.6,"pos":[3601.406050572197,6035.7237078117109,1.895],"noise":[0.0,0.0,0.0],"spd":[-4.162278205417781,-36.117722678534018,0.0],"spd_noise":[0.0,0.0,0.0]}
{"type":3,"rcvTime":25298.60757633517,"sendTime":25298.607460589104,"sender":2521,"messageID":6324950,"pos":[3608.5777480353997,6069.144050297445,1.895],"pos_noise":[0.0,0.0,0.0],"spd":[3.6969987619355018,-29.848749724991003,0.0],"spd_noise":[0.0,0.0,0.0],"RSSI":2.1079515974878448e-9}
{"type":3,"rcvTime":25298.649433092967,"sendTime":25298.64932416808,"sender":2575,"messageID":6327257,"pos":[3590.048063998368,5694.670060030145,1.895],"pos_noise":[0.0,0.0,0.0],"spd":[-1.2502937812676745,29.94551503857896,0.0],