{"type":2,"rcvTime":25200.0,"pos":[3651.6863588201038,5219.309547149936,1.895],"noise":[0.0,0.0,0.0],"spd":[3.9715048503177319,-25.22867102179557,0.0],"spd_noise":[0.0,0.0,0.0]}
{"type":3,"rcvTime":25200.062524608664,"sendTime":25200.062414580254,"sender":1003,"messageID":3883,"pos":[3832.999561644908,5239.849637561635,1.895],"pos_noise":[0.0,0.0,0.0],"spd":[-4.0208059795627418e-14,2.5744524505184567e-14,0.0],"spd_noise":[0.0,0.0,0.0],"RSSI":1.282538120996946e-8}
{"type":3,"rcvTime":25200.065820711683,"sendTime":25200.065709538758,"sender":25,"messageID":5133,"pos":[3637.335542590713,5212.665945509093,1.895],"pos_noise":[0.0,0.0,0.0],"spd":[-5.532730740829705,35.4694673838206,0.0],"spd_noise":[0.0,0.0,0.0],"RSSI":7.757030223142787e-7}
{"type":3,"rcvTime":25200.07346070949,"sendTime":25200.073345330544,"sender":865,"messageID":5433,"pos":[3948.69952651302,5260.042832103142,1.895],"pos_noise":[0.0,0.0,0.0],"spd":[4.5505836893344379e-14,6.431850045533551e-15,0.0],"spd_noise":[0.0,0.0,0.0],"RSSI":2.227685371760692e-9}
{"type":2,"rcvTime":25200.1,"pos":[3652.082807611798,5216.791137499286,1.895],"noise":[0.0,0.0,0.0],"spd":[3.968841821498985,-25.211754341447194,0.0],"spd_noise":[0.0,0.0,0.0]}
{"type":3,"rcvTime":25200.1108863106,"sendTime":25200.110778157832,"sender":859,"messageID":6130,"pos":[3588.573679555821,5906.574240125801,1.895],"pos_noise":[0.0,0.0,0.0],"spd":[1.27198647263028,29.875540146495973,0.0],"spd_noise":[0.0,0.0,0.0],"RSSI":1.3358862608049187e-9}
{"type":3,"rcvTime":25200.19334676549,"sendTime":25200.193239077926,"sender":97,"messageID":9818,"pos":[3605.487422304363,5526.255629083876,1.895],"pos_noise":[0.0,0.0,0.0],"spd":[2.827330888960856,-33.58737783181955,0.0],"spd_noise":[0.0,0.0,0.0],"RSSI":1.067350695626773e-8}
{"type":2,"rcvTime":25200.2,"pos":[3652.4794088967307,5214.27175914738,1.895],"noise":[0.0,0.0,0.0],"spd":[3.970368428599782,-25.22145199254462,0.0],"spd_noise":[0.0,0.0,0.0]}
{"type":3,"rcvTime":25200.200621542874,"sendTime":25200.200506201945,"sender":1123,"messageID":10357,"pos":[3463.316288884946,5199.595040364263,1.895],"pos_noise":[0.0,0.0,0.0],"spd":[0.4823932776607797,-0.018299266828694505,0.0],"spd_noise":[0.0,0.0,0.0],"RSSI":1.0414289751999718e-8}
{"type":3,"rcvTime":25200.205451775346,"sendTime":25200.205333715072,"sender":727,"messageID":10855,"pos":[3642.525001009188,5277.506349378688,1.895],"pos_noise":[0.0,0.0,0.0],"spd":[3.946842840770472,-25.072007553125844,0.0],"spd_noise":[0.0,0.0,0.0],"RSSI":1.788104304366217e-8}
{"type":3,"rcvTime":25200.24404849864,"sendTime":25200.243932312118,"sender":1141,"messageID":12716,"pos":[3589.9311041543639,5697.471339873342,1.895],"pos_noise":[0.0,0.0,0.0],"spd":[-1.2480798087233359,29.89248866261083,0.0],"spd_noise":[0.0,0.0,0.0],"RSSI":1.708556608606056e-9}
{"type":3,"rcvTime":25200.27320288783,"sendTime":25200.273096180055,"sender":283,"messageID":14108,"pos":[3456.7963413141949,5199.842370221107,1.895],"pos_noise":[0.0,0.0,0.0],"spd":[0.23802421359058008,-0.009029289581533339,0.0],"spd_noise":[0.0,0.0,0.0],"RSSI":7.168952065940365e-9}
{"type":2,"rcvTime":25200.3,"pos":[3652.8752039533535,5211.757502297164,1.895],"noise":[0.0,0.0,0.0],"spd":[3.962297291290551,-25.170180729966395,0.0],"spd_noise":[0.0,0.0,0.0]}
{"type":3,"rcvTime":25200.32931374299,"sendTime":25200.329195170663,"sender":787,"messageID":16200,"pos":[3463.265835742175,5196.292271331935,1.895],"pos_noise":[0.0,0.0,0.0],"spd":[0.7764041904190442,-0.029680950254898417,0.0],"spd_noise":[0.0,0.0,0.0],"RSSI":1.2050044519934447e-8}
{"type":3,"rcvTime":25200.347562935673,"sendTime":25200.347451337613,"sender":103,"messageID":17013,"pos":[3649.075528001244,5193.443907546159,1.895],"pos_noise":[0.0,0.0,0.0],"spd":[5.927685972205579,-37.650905682937487,0.0],"spd_noise":[0.0,0.0,0.0],"RSSI":0.0000014439639627600887}
{"type":3,"rcvTime":25200.361612724442,"sendTime":25200.361496341415,"sender":13,"messageID":17645,"pos":[3590.3167228973095,5625.639914181494,1.895],"pos_noise":[0.0,0.0,0.0],"spd":[-2.450958123501458,29.919353669758267,0.0],"spd_noise":[0.0,0.0,0.0],"RSSI":4.350012466618863e-9}
{"type":2,"rcvTime":25200.399999999998,"pos":[3653.27114492128,5209.242318556904,1.895],"noise":[0.0,0.0,0.0],"spd":[3.96375800676958,-25.179459809748829,0.0],"spd_noise":[0.0,0.0,0.0]}
{"type":3,"rcvTime":25200.42553599665,"sendTime":25200.42542253132,"sender":1135,"messageID":21191,"pos":[3463.2345221044595,5192.988480530872,1.895],"pos_noise":[0.0,0.0,0.0],"spd":[1.0053301239473352,-0.03840802765783463,0.0],"spd_noise":[0.0,0.0,0.0],"RSSI":3.3676789231388609e-9}
{"type":3,"rcvTime":25200.4992140017,"sendTime":25200.499103806447,"sender":1081,"messageID":23877,"pos":[3479.3661935104735,5187.622014587144,1.895],"pos_noise":[0.0,0.0,0.0],"spd":[-1.0104847918181946,-0.19761066224764615,0.0],"spd_noise":[0.0,0.0,0.0],"RSSI":4.315449915908216e-9}
{"type":2,"rcvTime":25200.5,"pos":[3653.6671671207784,5206.726618799505,1.895],"noise":[0.0,0.0,0.0],"spd":[3.9645712145849094,-25.184625648189923,0.0],"spd_noise":[0.0,0.0,0.0]}
{"type":3,"rcvTime":25200.502646115456,"sendTime":25200.502533061197,"sender":43,"messageID":24124,"pos":[3648.241348082484,5241.193705886134,1.895],"pos_noise":[0.0,0.0,0.0],"spd":[4.027095859686083,-25.58180852003245,0.0],"spd_noise":[0.0,0.0,0.0],"RSSI":2.6559630178713334e-8}
{"type":2,"rcvTime":25200.6,"pos":[3654.0630653153928,5204.211706773338,1.895],"noise":[0.0,0.0,0.0],"spd":[3.96332980389658,-25.176739684782036,0.0],"spd_noise":[0.0,0.0,0.0]}
{"type":3,"rcvTime":25200.606797320746,"sendTime":25200.60668848548,"sender":433,"messageID":30284,"pos":[3456.1557310252389,5193.258921450803,1.895],"pos_noise":[0.0,0.0,0.0],"spd":[0.4423331328481307,-0.01689906906779285,0.0],"spd_noise":[0.0,0.0,0.0],"RSSI":2.0343284169664149e-9}
{"type":2,"rcvTime":25200.7,"pos":[3654.460748904026,5201.6854531726189,1.895],"noise":[0.0,0.0,0.0],"spd":[3.9812033517517806,-25.290279986462573,0.0],"spd_noise":[0.0,0.0,0.0]}
{"type":3,"rcvTime":25200.734629885177,"sendTime":25200.734519179212,"sender":307,"messageID":37414,"pos":[3642.5304933065865,5277.471459993068,1.895],"pos_noise":[0.0,0.0,0.0],"spd":[3.4661868283599617,-22.018678180821448,0.0],"spd_noise":[0.0,0.0,0.0],"RSSI":5.889216154447005e-8}
{"type":3,"rcvTime":25200.771285911214,"sendTime":25200.77117567323,"sender":625,"messageID":38610,"pos":[3597.745861432608,5670.22423582159,1.895],"pos_noise":[0.0,0.0,0.0],"spd":[1.1642194122655497,-27.110436586558089,0.0],"spd_noise":[0.0,0.0,0.0],"RSSI":1.6438781151305646e-9}
{"type":3,"rcvTime":25200.785072918,"sendTime":25200.784957334166,"sender":841,"messageID":39715,"pos":[3592.6308817647416,5557.029873911574,1.895],"pos_noise":[0.0,0.0,0.0],"spd":[-2.378148026261687,29.03017605649254,0.0],"spd_noise":[0.0,0.0,0.0],"RSSI":2.0028841312511555e-9}
{"type":2,"rcvTime":25200.8,"pos":[3654.85836072063,5199.159655498044,1.895],"noise":[0.0,0.0,0.0],"spd":[3.9804848432419535,-25.285715717899899,0.0],"spd_noise":[0.0,0.0,0.0]}
{"type":3,"rcvTime":25200.834090469743,"sendTime":25200.83397689159,"sender":259,"messageID":41327,"pos":[3806.654311990147,5267.414383718308,1.895],"pos_noise":[0.0,0.0,0.0],"spd":[5.374615237214966,-1.2236330997113148,0.0],"spd_noise":[0.0,0.0,0.0],"RSSI":2.3416296643296716e-9}
{"type":3,"rcvTime":25200.834696630776,"sendTime":25200.83457821724,"sender":1093,"messageID":41845,"pos":[3478.0194223125774,5190.72184262984,1.895],"pos_noise":[0.0,0.0,0.0],"spd":[-2.081619016872517,-0.40708194304546937,0.0],"spd_noise":[0.0,0.0,0.0],"RSSI":1.3629336228544639e-8}
{"type":3,"rcvTime":25200.84217166416,"sendTime":25200.842056653695,"sender":247,"messageID":42107,"pos":[3599.7604622306159,5700.184192383465,1.895],"pos_noise":[0.0,0.0,0.0],"spd":[1.160884561574176,-27.05733675177822,0.0],"spd_noise":[0.0,0.0,0.0],"RSSI":1.824160517039561e-9}
{"type":3,"rcvTime":25200.843530321872,"sendTime":25200.843418612145,"sender":403,"messageID":42589,"pos":[3950.382391714858,5253.620630469072,1.895],"pos_noise":[0.0,0.0,0.0],