{"type":2,"rcvTime":25241.0,"pos":[5613.347017713165,5180.143282939322,1.895],"noise":[0.0,0.0,0.0],"spd":[-8.643504205314498,4.204699868331699,0.0],"spd_noise":[0.0,0.0,0.0]}
{"type":2,"rcvTime":25241.1,"pos":[5612.51448758597,5180.548273696895,1.895],"noise":[0.0,0.0,0.0],"spd":[-8.442024060066875,4.106688284131903,0.0],"spd_noise":[0.0,0.0,0.0]}
{"type":2,"rcvTime":25241.2,"pos":[5611.718360729696,5180.935555800106,1.895],"noise":[0.0,0.0,0.0],"spd":[-8.072887521996986,3.9271189432539086,0.0],"spd_noise":[0.0,0.0,0.0]}
{"type":2,"rcvTime":25241.3,"pos":[5610.948800826403,5181.309914202346,1.895],"noise":[0.0,0.0,0.0],"spd":[-7.803493239503997,3.7960699986118535,0.0],"spd_noise":[0.0,0.0,0.0]}
{"type":2,"rcvTime":25241.399999999998,"pos":[5610.196172194948,5181.6760362556719,1.895],"noise":[0.0,0.0,0.0],"spd":[-7.631806714838832,3.7125517529436107,0.0],"spd_noise":[0.0,0.0,0.0]}
{"type":2,"rcvTime":25241.5,"pos":[5609.470582817059,5182.029004853731,1.895],"noise":[0.0,0.0,0.0],"spd":[-7.357623208791072,3.579173053239873,0.0],"spd_noise":[0.0,0.0,0.0]}
{"type":2,"rcvTime":25241.6,"pos":[5608.77697530961,5182.366415622092,1.895],"noise":[0.0,0.0,0.0],"spd":[-7.0333205668516689,3.4214135099503677,0.0],"spd_noise":[0.0,0.0,0.0]}
{"type":2,"rcvTime":25241.7,"pos":[5608.110816988235,5182.690473520329,1.895],"noise":[0.0,0.0,0.0],"spd":[-6.754980262168063,3.28601270321158,0.0],"spd_noise":[0.0,0.0,0.0]}
{"type":3,"rcvTime":25241.77471401692,"sendTime":25241.774602530757,"sender":949,"messageID":2627817,"pos":[5254.0563448523339,5543.353850042835,1.895],"pos_noise":[0.0,0.0,0.0],"spd":[12.645576781844243,6.1597468087253299,0.0],"spd_noise":[0.0,0.0,0.0],"RSSI":1.4661001274885952e-9}
{"type":2,"rcvTime":25241.8,"pos":[5607.466825601382,5183.003748140805,1.895],"noise":[0.0,0.0,0.0],"spd":[-6.530203057748491,3.176668083323421,0.0],"spd_noise":[0.0,0.0,0.0]}
{"type":2,"rcvTime":25241.899999999998,"pos":[5606.850313384385,5183.303655305313,1.895],"noise":[0.0,0.0,0.0],"spd":[-6.251558711451003,3.0411193731755108,0.0],"spd_noise":[0.0,0.0,0.0]}
{"type":2,"rcvTime":25242.0,"pos":[5606.2626279530809,5183.5895394556459,1.895],"noise":[0.0,0.0,0.0],"spd":[-5.959249267693077,2.8989231700516249,0.0],"spd_noise":[0.0,0.0,0.0]}
{"type":2,"rcvTime":25242.1,"pos":[5605.6912599048669,5183.867485888021,1.895],"noise":[0.0,0.0,0.0],"spd":[-5.793787699214556,2.8184331027513935,0.0],"spd_noise":[0.0,0.0,0.0]}
{"type":2,"rcvTime":25242.2,"pos":[5605.147895535902,5184.131809712754,1.895],"noise":[0.0,0.0,0.0],"spd":[-5.509824721466742,2.680297102954785,0.0],"spd_noise":[0.0,0.0,0.0]}
{"type":2,"rcvTime":25242.3,"pos":[5604.624530928055,5184.38640449809,1.895],"noise":[0.0,0.0,0.0],"spd":[-5.307023094184733,2.581642673538322,0.0],"spd_noise":[0.0,0.0,0.0]}
{"type":2,"rcvTime":25242.399999999998,"pos":[5604.13286622708,5184.625578617099,1.895],"noise":[0.0,0.0,0.0],"spd":[-4.985579619917532,2.4252739946068786,0.0],"spd_noise":[0.0,0.0,0.0]}
{"type":2,"rcvTime":25242.5,"pos":[5603.653278262487,5184.858877913735,1.895],"noise":[0.0,0.0,0.0],"spd":[-4.863119067706031,2.365702106223585,0.0],"spd_noise":[0.0,0.0,0.0]}
{"type":2,"rcvTime":25242.6,"pos":[5603.201035649908,5185.078874851134,1.895],"noise":[0.0,0.0,0.0],"spd":[-4.585831661425392,2.2308134901032656,0.0],"spd_noise":[0.0,0.0,0.0]}
{"type":2,"rcvTime":25242.7,"pos":[5602.772020362439,5185.287572675522,1.895],"noise":[0.0,0.0,0.0],"spd":[-4.350301881738132,2.116238196320969,0.0],"spd_noise":[0.0,0.0,0.0]}
{"type":2,"rcvTime":25242.8,"pos":[5602.358551827175,5185.488707661343,1.895],"noise":[0.0,0.0,0.0],"spd":[-4.192654666497627,2.0395494819494,0.0],"spd_noise":[0.0,0.0,0.0]}
{"type":2,"rcvTime":25242.899999999998,"pos":[5601.974008491094,5185.67577175898,1.895],"noise":[0.0,0.0,0.0],"spd":[-3.8993472900108809,1.8968678266855752,0.0],"spd_noise":[0.0,0.0,0.0]}
{"type":2,"rcvTime":25243.0,"pos":[5601.607765850987,5185.853933340679,1.895],"noise":[0.0,0.0,0.0],"spd":[-3.71377452732165,1.8065945124943439,0.0],"spd_noise":[0.0,0.0,0.0]}
{"type":2,"rcvTime":25243.1,"pos":[5601.25959176691,5186.02330533272,1.895],"noise":[0.0,0.0,0.0],"spd":[-3.5305557106605449,1.7174662936618517,0.0],"spd_noise":[0.0,0.0,0.0]}
{"type":2,"rcvTime":25243.2,"pos":[5600.932057926698,5186.18263671755,1.895],"noise":[0.0,0.0,0.0],"spd":[-3.321259458648292,1.6156525035167449,0.0],"spd_noise":[0.0,0.0,0.0]}
{"type":2,"rcvTime":25243.3,"pos":[5600.627049941422,5186.331010224992,1.895],"noise":[0.0,0.0,0.0],"spd":[-3.0928427285665038,1.504537408055011,0.0],"spd_noise":[0.0,0.0,0.0]}
{"type":3,"rcvTime":25243.38740033965,"sendTime":25243.387291556224,"sender":337,"messageID":2736814,"pos":[5220.268521317067,5516.031612967598,1.895],"pos_noise":[0.0,0.0,0.0],"spd":[-12.527296131539549,-6.00920061556925,0.0],"spd_noise":[0.0,0.0,0.0],"RSSI":2.2428678454883568e-9}
{"type":2,"rcvTime":25243.399999999998,"pos":[5600.336386254464,5186.472405836916,1.895],"noise":[0.0,0.0,0.0],"spd":[-2.9473886391957597,1.4337801346269455,0.0],"spd_noise":[0.0,0.0,0.0]}
{"type":2,"rcvTime":25243.5,"pos":[5600.021778645658,5186.62544915591,1.895],"noise":[0.0,0.0,0.0],"spd":[-3.1901848549002298,1.5518902427447035,0.0],"spd_noise":[0.0,0.0,0.0]}
{"type":2,"rcvTime":25243.6,"pos":[5599.6832271150019,5186.790140181976,1.895],"noise":[0.0,0.0,0.0],"spd":[-3.43298107060468,1.6700003508625008,0.0],"spd_noise":[0.0,0.0,0.0]}
{"type":2,"rcvTime":25243.7,"pos":[5599.320731662496,5186.966478915112,1.895],"noise":[0.0,0.0,0.0],"spd":[-3.6757772863092406,1.7881104589800745,0.0],"spd_noise":[0.0,0.0,0.0]}
{"type":2,"rcvTime":25243.8,"pos":[5598.9342922881419,5187.154465355318,1.895],"noise":[0.0,0.0,0.0],"spd":[-3.9185735020137999,1.9062205670976478,0.0],"spd_noise":[0.0,0.0,0.0]}
{"type":2,"rcvTime":25243.899999999998,"pos":[5598.523908991938,5187.354099502595,1.895],"noise":[0.0,0.0,0.0],"spd":[-4.161369717718359,2.024330675215221,0.0],"spd_noise":[0.0,0.0,0.0]}
{"type":2,"rcvTime":25244.0,"pos":[5598.089581773886,5187.565381356942,1.895],"noise":[0.0,0.0,0.0],"spd":[-4.404165933423069,2.1424407833324858,0.0],"spd_noise":[0.0,0.0,0.0]}
{"type":2,"rcvTime":25244.1,"pos":[5597.631310633983,5187.78831091836,1.895],"noise":[0.0,0.0,0.0],"spd":[-4.646962149127791,2.260550891449724,0.0],"spd_noise":[0.0,0.0,0.0]}
{"type":2,"rcvTime":25244.2,"pos":[5597.149095572232,5188.02288818685,1.895],"noise":[0.0,0.0,0.0],"spd":[-4.889758364832037,2.3786609995679415,0.0],"spd_noise":[0.0,0.0,0.0]}
{"type":2,"rcvTime":25244.3,"pos":[5596.6429365886319,5188.269113162409,1.895],"noise":[0.0,0.0,0.0],"spd":[-5.132554580536596,2.4967711076855148,0.0],"spd_noise":[0.0,0.0,0.0]}
{"type":3,"rcvTime":25244.387407554565,"sendTime":25244.387291556224,"sender":337,"messageID":2803752,"pos":[5207.645474723786,5510.054213133516,1.895],"pos_noise":[0.0,0.0,0.0],"spd":[-12.620012372063244,-5.837508204102392,0.0],"spd_noise":[0.0,0.0,0.0],"RSSI":1.3039293647592529e-9}
{"type":2,"rcvTime":25244.399999999998,"pos":[5596.081961392838,5188.463939970289,1.895],"noise":[0.0,0.0,0.0],"spd":[-5.382407804610715,2.539836820459575,0.0],"spd_noise":[0.0,0.0,0.0]}
{"type":2,"rcvTime":25244.5,"pos":[5595.493772601869,5188.661434016892,1.895],"noise":[0.0,0.0,0.0],"spd":[-5.6492181047420388,2.5734463736068378,0.0],"spd_noise":[0.0,0.0,0.0]}
{"type":2,"rcvTime":25244.6,"pos":[5594.863138678943,5188.719708698262,1.895],"noise":[0.0,0.0,0.0],"spd":[-5.982912316042814,2.454540272493817,0.0],"spd_noise":[0.0,0.0,0.0]}
{"type":2,"rcvTime":25244.7,"pos":[5594.194219070858,5188.664476804017,1.895],"noise":[0.0,0.0,0.0],"spd":[-6.353389637994762,2.1750462506477059,0.0],"spd_noise":[0.0,0.0,0.0]}
{"type":2,"rcvTime":25244.8,"pos":[5593.638816763183,5188.276378263178,1.895],"noise":[0.0,0.0,0.0],"spd":[-6.697999939679311,1.4775441012856284,0.0],"spd_noise":[0.0,0.0,0.0]}
{"type":2,"rcvTime":25244.899999999998,"pos":[5593.1946803547639,5187.746807435323,1.895],"noise":[0.0,0.0,0.0],"spd":[-7.10437716854036,0.49728372766044018,0.0],