{"type":2,"rcvTime":25254.5,"pos":[4583.950414379136,5180.186446104623,1.895],"noise":[0.0,0.0,0.0],"spd":[-14.006351990167234,0.6011858600504477,0.0],"spd_noise":[0.0,0.0,0.0]}
{"type":2,"rcvTime":25254.6,"pos":[4582.831538585857,5181.036960753906,1.895],"noise":[0.0,0.0,0.0],"spd":[-14.049341803324707,0.8252741086365893,0.0],"spd_noise":[0.0,0.0,0.0]}
{"type":2,"rcvTime":25254.7,"pos":[4581.721630683696,5181.880658451016,1.895],"noise":[0.0,0.0,0.0],"spd":[-11.11421938818324,8.448485937194068,0.0],"spd_noise":[0.0,0.0,0.0]}
{"type":3,"rcvTime":25254.71305360757,"sendTime":25254.712946311804,"sender":511,"messageID":3532260,"pos":[4378.755978617979,5306.451701959371,1.895],"pos_noise":[0.0,0.0,0.0],"spd":[-13.080292946461608,1.018561746699959,0.0],"spd_noise":[0.0,0.0,0.0],"RSSI":4.503795548899231e-9}
{"type":3,"rcvTime":25254.726125728786,"sendTime":25254.726010005223,"sender":793,"messageID":3533876,"pos":[4617.86657717164,5449.50742614547,1.895],"pos_noise":[0.0,0.0,0.0],"spd":[2.3252666680804459,-13.086645740638805,0.0],"spd_noise":[0.0,0.0,0.0],"RSSI":2.4495962258276017e-7}
{"type":3,"rcvTime":25254.757488905558,"sendTime":25254.75737536978,"sender":2095,"messageID":3537277,"pos":[4555.952319539125,5205.015395703955,1.895],"pos_noise":[0.0,0.0,0.0],"spd":[-10.827494024988328,7.915381664016722,0.0],"spd_noise":[0.0,0.0,0.0],"RSSI":7.19286621507075e-8}
{"type":3,"rcvTime":25254.776154582563,"sendTime":25254.776046065617,"sender":877,"messageID":3539543,"pos":[4622.377425776079,5351.214133632836,1.895],"pos_noise":[0.0,0.0,0.0],"spd":[-4.6185131195585186e-14,-8.612531894568347e-15,0.0],"spd_noise":[0.0,0.0,0.0],"RSSI":3.2879859138061056e-9}
{"type":2,"rcvTime":25254.8,"pos":[4580.602404906773,5182.731439140744,1.895],"noise":[0.0,0.0,0.0],"spd":[-11.207525241884146,8.51941248320591,0.0],"spd_noise":[0.0,0.0,0.0]}
{"type":3,"rcvTime":25254.84353117683,"sendTime":25254.843418612145,"sender":403,"messageID":3544297,"pos":[3950.382391714858,5253.620630469072,1.895],"pos_noise":[0.0,0.0,0.0],"spd":[0.0,-0.0,0.0],"spd_noise":[0.0,0.0,0.0],"RSSI":8.694375941875436e-9}
{"type":3,"rcvTime":25254.85500417757,"sendTime":25254.854892395113,"sender":1663,"messageID":3544894,"pos":[4422.88798937538,5293.235369086663,1.895],"pos_noise":[0.0,0.0,0.0],"spd":[-4.2225911817606486e-14,2.0437532027643128e-14,0.0],"spd_noise":[0.0,0.0,0.0],"RSSI":3.0917740950787247e-9}
{"type":2,"rcvTime":25254.899999999998,"pos":[4579.488884761094,5183.577882688688,1.895],"noise":[0.0,0.0,0.0],"spd":[-11.150391098347079,8.475981901955063,0.0],"spd_noise":[0.0,0.0,0.0]}
{"type":3,"rcvTime":25254.975089915082,"sendTime":25254.97497995757,"sender":265,"messageID":3552289,"pos":[4411.680540615371,5313.817687940334,1.895],"pos_noise":[0.0,0.0,0.0],"spd":[0.0,-0.0,0.0],"spd_noise":[0.0,0.0,0.0],"RSSI":2.208089793492866e-8}
{"type":2,"rcvTime":25255.0,"pos":[4578.3738473280159,5184.425479604295,1.895],"noise":[0.0,0.0,0.0],"spd":[-11.16558466980749,8.487531311797895,0.0],"spd_noise":[0.0,0.0,0.0]}
{"type":3,"rcvTime":25255.005841918384,"sendTime":25255.005725280105,"sender":2119,"messageID":3554544,"pos":[4565.114521104329,5202.396858880294,1.895],"pos_noise":[0.0,0.0,0.0],"spd":[-11.704499455175608,8.581833560135657,0.0],"spd_noise":[0.0,0.0,0.0],"RSSI":2.8941465147618678e-7}
{"type":3,"rcvTime":25255.073463217126,"sendTime":25255.073345330544,"sender":865,"messageID":3560324,"pos":[4405.189546150357,5314.322232695683,1.895],"pos_noise":[0.0,0.0,0.0],"spd":[0.0,-0.0,0.0],"spd_noise":[0.0,0.0,0.0],"RSSI":1.5463769395800397e-8}
{"type":3,"rcvTime":25255.096160101104,"sendTime":25255.096045145998,"sender":541,"messageID":3561185,"pos":[4599.127195306577,5218.172299573749,1.895],"pos_noise":[0.0,0.0,0.0],"spd":[1.8647001822183687,-12.516391047662726,0.0],"spd_noise":[0.0,0.0,0.0],"RSSI":2.0141795377278829e-7}
{"type":2,"rcvTime":25255.1,"pos":[4577.262427928641,5185.270326267654,1.895],"noise":[0.0,0.0,0.0],"spd":[-11.129354978812194,8.459991272846862,0.0],"spd_noise":[0.0,0.0,0.0]}
{"type":2,"rcvTime":25255.2,"pos":[4576.145080565883,5186.119679078815,1.895],"noise":[0.0,0.0,0.0],"spd":[-11.188715476591229,8.505114219694953,0.0],"spd_noise":[0.0,0.0,0.0]}
{"type":2,"rcvTime":25255.3,"pos":[4575.0224896740069,5186.953051095329,1.895],"noise":[0.0,0.0,0.0],"spd":[-11.172930791039953,8.437128463181802,0.0],"spd_noise":[0.0,0.0,0.0]}
{"type":2,"rcvTime":25255.399999999998,"pos":[4573.896541437085,5187.7780399917469,1.895],"noise":[0.0,0.0,0.0],"spd":[-11.19572975202536,8.368044348621222,0.0],"spd_noise":[0.0,0.0,0.0]}
{"type":3,"rcvTime":25255.474169291552,"sendTime":25255.47405621968,"sender":1063,"messageID":3585791,"pos":[4458.335928486095,5332.51861216408,1.895],"pos_noise":[0.0,0.0,0.0],"spd":[-12.649908043846525,0.9834686723914859,0.0],"spd_noise":[0.0,0.0,0.0],"RSSI":9.357901160462241e-9}
{"type":2,"rcvTime":25255.5,"pos":[4572.770721548877,5188.602934846306,1.895],"noise":[0.0,0.0,0.0],"spd":[-11.23553990845507,8.311837079535158,0.0],"spd_noise":[0.0,0.0,0.0]}
{"type":2,"rcvTime":25255.6,"pos":[4571.644791357947,5189.4279105203199,1.895],"noise":[0.0,0.0,0.0],"spd":[-11.274660837552162,8.261010317207204,0.0],"spd_noise":[0.0,0.0,0.0]}
{"type":2,"rcvTime":25255.7,"pos":[4570.518198546288,5190.253371700438,1.895],"noise":[0.0,0.0,0.0],"spd":[-11.281296083708425,8.265872001096755,0.0],"spd_noise":[0.0,0.0,0.0]}
{"type":3,"rcvTime":25255.72612130454,"sendTime":25255.726010005223,"sender":793,"messageID":3605731,"pos":[4617.86657717164,5449.50742614547,1.895],"pos_noise":[0.0,0.0,0.0],"spd":[1.111329188684286,-13.197034115636699,0.0],"spd_noise":[0.0,0.0,0.0],"RSSI":2.711528783146953e-7}
{"type":3,"rcvTime":25255.757484520593,"sendTime":25255.75737536978,"sender":2095,"messageID":3609164,"pos":[4544.976983380697,5212.772871196025,1.895],"pos_noise":[0.0,0.0,0.0],"spd":[-11.040178576663632,7.6685813257779069,0.0],"spd_noise":[0.0,0.0,0.0],"RSSI":5.9259183083525389e-8}
{"type":2,"rcvTime":25255.8,"pos":[4569.385444451743,5191.083347288772,1.895],"noise":[0.0,0.0,0.0],"spd":[-11.342992959261812,8.311077664741948,0.0],"spd_noise":[0.0,0.0,0.0]}
{"type":3,"rcvTime":25255.843526702327,"sendTime":25255.843418612145,"sender":403,"messageID":3616226,"pos":[3950.382391714858,5253.620630469072,1.895],"pos_noise":[0.0,0.0,0.0],"spd":[0.0,-0.0,0.0],"spd_noise":[0.0,0.0,0.0],"RSSI":1.4483678766361747e-8}
{"type":3,"rcvTime":25255.85499970308,"sendTime":25255.854892395113,"sender":1663,"messageID":3616840,"pos":[4422.88798937538,5293.235369086663,1.895],"pos_noise":[0.0,0.0,0.0],"spd":[-4.219376628185479e-14,2.042197344315811e-14,0.0],"spd_noise":[0.0,0.0,0.0],"RSSI":6.8343847714842429e-9}
{"type":2,"rcvTime":25255.899999999998,"pos":[4568.253313190037,5191.912866523818,1.895],"noise":[0.0,0.0,0.0],"spd":[-11.336756134733223,8.306507906718212,0.0],"spd_noise":[0.0,0.0,0.0]}
{"type":3,"rcvTime":25255.975091511875,"sendTime":25255.97497995757,"sender":265,"messageID":3624318,"pos":[4411.680540615371,5313.817687940334,1.895],"pos_noise":[0.0,0.0,0.0],"spd":[0.0,-0.0,0.0],"spd_noise":[0.0,0.0,0.0],"RSSI":1.8377025895682055e-9}
{"type":2,"rcvTime":25256.0,"pos":[4567.128879762386,5192.736745510573,1.895],"noise":[0.0,0.0,0.0],"spd":[-11.259672787263359,8.25002848459815,0.0],"spd_noise":[0.0,0.0,0.0]}
{"type":3,"rcvTime":25256.00583051498,"sendTime":25256.005725280105,"sender":2119,"messageID":3626612,"pos":[4553.362501483275,5210.9191184371079,1.895],"pos_noise":[0.0,0.0,0.0],"spd":[-11.71139513052419,8.367386709607543,0.0],"spd_noise":[0.0,0.0,0.0],"RSSI":4.42657016799643e-7}
{"type":3,"rcvTime":25256.073451717086,"sendTime":25256.073345330544,"sender":865,"messageID":3632517,"pos":[4405.189546150357,5314.322232695683,1.895],"pos_noise":[0.0,0.0,0.0],"spd":[0.0,-0.0,0.0],"spd_noise":[0.0,0.0,0.0],"RSSI":1.6476300538431666e-8}
{"type":3,"rcvTime":25256.09616171967,"sendTime":25256.096045145998,"sender":541,"messageID":3633376,"pos":[4600.991401826019,5205.693269916367,1.895],"pos_noise":[0.0,0.0,0.0],