{"type":2,"rcvTime":25299.5,"pos":[3645.5293369618118,5181.545568264728,1.895],"noise":[0.0,0.0,0.0],"spd":[-4.474546561465586,28.6844978510241,0.0],"spd_noise":[0.0,0.0,0.0]}
{"type":3,"rcvTime":25299.52099289903,"sendTime":25299.520880293334,"sender":853,"messageID":6379403,"pos":[4417.53948353169,5295.9163485535059,1.895],"pos_noise":[0.0,0.0,0.0],"spd":[-14.331851776443412,-5.755082758969876,0.0],"spd_noise":[0.0,0.0,0.0],"RSSI":1.2381550383569768e-8}
{"type":3,"rcvTime":25299.528020250895,"sendTime":25299.5279092127,"sender":2431,"messageID":6380027,"pos":[3635.1559732301745,5281.856796874561,1.895],"pos_noise":[0.0,0.0,0.0],"spd":[4.660853548169347,-29.604361325307257,0.0],"spd_noise":[0.0,0.0,0.0],"RSSI":2.2363624337606946e-8}
{"type":3,"rcvTime":25299.54690360268,"sendTime":25299.546787248924,"sender":1033,"messageID":6381488,"pos":[3730.1239500337617,5238.004204219175,1.895],"pos_noise":[0.0,0.0,0.0],"spd":[-14.689674982752666,-5.9033273295190489,0.0],"spd_noise":[0.0,0.0,0.0],"RSSI":6.142356941310838e-8}
{"type":3,"rcvTime":25299.551538775264,"sendTime":25299.551425727688,"sender":2413,"messageID":6382135,"pos":[3603.1458662166648,6050.820771452691,1.895],"pos_noise":[0.0,0.0,0.0],"spd":[4.654594747552552,-29.564607277465187,0.0],"spd_noise":[0.0,0.0,0.0],"RSSI":1.3685251095054814e-8}
{"type":2,"rcvTime":25299.6,"pos":[3645.0825820686379,5184.409532154062,1.895],"noise":[0.0,0.0,0.0],"spd":[-4.472916642960872,28.674049106512464,0.0],"spd_noise":[0.0,0.0,0.0]}
{"type":3,"rcvTime":25299.60679777052,"sendTime":25299.60668848548,"sender":433,"messageID":6387167,"pos":[3970.1397088750229,5259.506326368047,1.895],"pos_noise":[0.0,0.0,0.0],"spd":[10.549084329734573,1.3457144680156037,0.0],"spd_noise":[0.0,0.0,0.0],"RSSI":9.124532903444103e-9}
{"type":3,"rcvTime":25299.607568395662,"sendTime":25299.607460589104,"sender":2521,"messageID":6387497,"pos":[3608.5777480353997,6069.144050297445,1.895],"pos_noise":[0.0,0.0,0.0],"spd":[3.660858909009511,-29.549795802198326,0.0],"spd_noise":[0.0,0.0,0.0],"RSSI":2.3249728529655797e-8}
{"type":3,"rcvTime":25299.626048400612,"sendTime":25299.625933603056,"sender":2863,"messageID":6388071,"pos":[3622.0764747361779,5289.084903924667,1.895],"pos_noise":[0.0,0.0,0.0],"spd":[-4.9772371692859809,31.90952686472437,0.0],"spd_noise":[0.0,0.0,0.0],"RSSI":6.03957699129901e-8}
{"type":3,"rcvTime":25299.643930400976,"sendTime":25299.643817445776,"sender":2917,"messageID":6389203,"pos":[3639.305882722688,5221.441601817145,1.895],"pos_noise":[0.0,0.0,0.0],"spd":[-4.456546511560793,28.569106853136544,0.0],"spd_noise":[0.0,0.0,0.0],"RSSI":6.227929770801444e-8}
{"type":3,"rcvTime":25299.65498888507,"sendTime":25299.65487645166,"sender":1219,"messageID":6390830,"pos":[3551.1246632394229,5208.618421510606,1.895],"pos_noise":[0.0,0.0,0.0],"spd":[15.45080503157549,1.9037511439359117,0.0],"spd_noise":[0.0,0.0,0.0],"RSSI":5.977678543345582e-8}
{"type":3,"rcvTime":25299.6610538883,"sendTime":25299.660941988135,"sender":2389,"messageID":6391849,"pos":[3760.53617178999,5180.33573727849,1.895],"pos_noise":[0.0,0.0,0.0],"spd":[-10.272060223096745,-1.3676066541548886,0.0],"spd_noise":[0.0,0.0,0.0],"RSSI":1.0602849871981246e-7}
{"type":3,"rcvTime":25299.688256948728,"sendTime":25299.688141463743,"sender":2383,"messageID":6392911,"pos":[3647.4406322945994,5203.828280865015,1.895],"pos_noise":[0.0,0.0,0.0],"spd":[4.653830584482928,-29.559753539985285,0.0],"spd_noise":[0.0,0.0,0.0],"RSSI":0.0000011419603549883196}
{"type":2,"rcvTime":25299.7,"pos":[3644.633325703724,5187.289531961172,1.895],"noise":[0.0,0.0,0.0],"spd":[-4.497961415270642,28.834600954086445,0.0],"spd_noise":[0.0,0.0,0.0]}
{"type":3,"rcvTime":25299.713063106807,"sendTime":25299.712946311804,"sender":511,"messageID":6393981,"pos":[3801.3843568304125,5261.875525339599,1.895],"pos_noise":[0.0,0.0,0.0],"spd":[-13.241836882026407,3.6997199403256189,0.0],"spd_noise":[0.0,0.0,0.0],"RSSI":6.117165192362001e-9}
{"type":3,"rcvTime":25299.717789363396,"sendTime":25299.71768166921,"sender":2515,"messageID":6395003,"pos":[3626.1510543127176,5398.386048380538,1.895],"pos_noise":[0.0,0.0,0.0],"spd":[3.9087185013784619,-31.55047392833246,0.0],"spd_noise":[0.0,0.0,0.0],"RSSI":2.5330788905120938e-8}
{"type":3,"rcvTime":25299.719773098663,"sendTime":25299.719654728422,"sender":577,"messageID":6395361,"pos":[4433.653662864519,5291.691716746005,1.895],"pos_noise":[0.0,0.0,0.0],"spd":[-5.467226555332821,-12.58127220446083,0.0],"spd_noise":[0.0,0.0,0.0],"RSSI":4.3514043584997479e-9}
{"type":3,"rcvTime":25299.781380142238,"sendTime":25299.78126639933,"sender":2635,"messageID":6399341,"pos":[3022.181079068064,5194.322901210099,1.895],"pos_noise":[0.0,0.0,0.0],"spd":[3.0068075711273978,4.88807220119203,0.0],"spd_noise":[0.0,0.0,0.0],"RSSI":2.0413851260657014e-9}
{"type":2,"rcvTime":25299.8,"pos":[3644.185322163608,5190.161500418127,1.895],"noise":[0.0,0.0,0.0],"spd":[-4.485418114740087,28.75419095674017,0.0],"spd_noise":[0.0,0.0,0.0]}
{"type":3,"rcvTime":25299.840620344065,"sendTime":25299.840502525447,"sender":2461,"messageID":6401019,"pos":[3630.879428131966,5309.020144746984,1.895],"pos_noise":[0.0,0.0,0.0],"spd":[4.661875915820649,-29.61085510182598,0.0],"spd_noise":[0.0,0.0,0.0],"RSSI":3.3090485524523e-8}
{"type":2,"rcvTime":25299.899999999998,"pos":[3643.736616031086,5193.037972909196,1.895],"noise":[0.0,0.0,0.0],"spd":[-4.4924524803682079,28.799285413349606,0.0],"spd_noise":[0.0,0.0,0.0]}
{"type":3,"rcvTime":25299.922138165137,"sendTime":25299.92202853691,"sender":1393,"messageID":6404704,"pos":[3777.143711768426,5261.300558377093,1.895],"pos_noise":[0.0,0.0,0.0],"spd":[-12.984858585785507,-4.776049517536424,0.0],"spd_noise":[0.0,0.0,0.0],"RSSI":1.89837534734278e-9}
{"type":3,"rcvTime":25299.943856464888,"sendTime":25299.943744259377,"sender":2743,"messageID":6405217,"pos":[3638.314084825051,5227.799614695682,1.895],"pos_noise":[0.0,0.0,0.0],"spd":[-3.4385837182375766,29.794962111743286,0.0],"spd_noise":[0.0,0.0,0.0],"RSSI":5.92785973693023e-9}
{"type":2,"rcvTime":25300.0,"pos":[3643.287111066361,5195.91956638857,1.895],"noise":[0.0,0.0,0.0],"spd":[-4.500450400285613,28.850556824530437,0.0],"spd_noise":[0.0,0.0,0.0]}
