{"type":2,"rcvTime":25298.6,"pos":[6124.012862699193,5821.489935917738,1.895],"noise":[0.0,0.0,0.0],"spd":[-0.0,-0.0,0.0],"spd_noise":[0.0,0.0,0.0]}
{"type":3,"rcvTime":25298.64101673284,"sendTime":25298.640899935832,"sender":1855,"messageID":6326339,"pos":[5919.123279979975,5807.112010855374,1.895],"pos_noise":[0.0,0.0,0.0],"spd":[-12.522846328718107,-0.042503253452832807,0.0],"spd_noise":[0.0,0.0,0.0],"RSSI":8.847312331374478e-9}
{"type":3,"rcvTime":25298.649564794014,"sendTime":25298.64945515506,"sender":2593,"messageID":6327585,"pos":[6095.649878031914,5785.428125853986,1.895],"pos_noise":[0.0,0.0,0.0],"spd":[0.6218419128948937,-12.409236919744899,0.0],"spd_noise":[0.0,0.0,0.0],"RSSI":6.812833624636958e-8}
{"type":3,"rcvTime":25298.661519154462,"sendTime":25298.661404050326,"sender":1303,"messageID":6329286,"pos":[6144.228277429381,5737.9130929457119,1.895],"pos_noise":[0.0,0.0,0.0],"spd":[13.783695804574239,0.7054597595473358,0.0],"spd_noise":[0.0,0.0,0.0],"RSSI":1.5157340437861213e-8}
{"type":2,"rcvTime":25298.7,"pos":[6123.987037453313,5821.487334179344,1.895],"noise":[0.0,0.0,0.0],"spd":[-0.25826805861686849,-0.026018955533311969,0.0],"spd_noise":[0.0,0.0,0.0]}
{"type":3,"rcvTime":25298.728021771727,"sendTime":25298.7279052441,"sender":1069,"messageID":6332462,"pos":[6249.183668250487,5838.841962887166,1.895],"pos_noise":[0.0,0.0,0.0],"spd":[12.63296441775993,0.8314752043466528,0.0],"spd_noise":[0.0,0.0,0.0],"RSSI":1.3159987162278069e-8}
{"type":3,"rcvTime":25298.73583571787,"sendTime":25298.735725718736,"sender":1645,"messageID":6333763,"pos":[5790.627606217017,5705.82000391453,1.895],"pos_noise":[0.0,0.0,0.0],"spd":[4.126246739521912,0.4565387961158,0.0],"spd_noise":[0.0,0.0,0.0],"RSSI":5.5375411181833648e-9}
{"type":2,"rcvTime":25298.8,"pos":[6123.937497453797,5821.482343321971,1.895],"noise":[0.0,0.0,0.0],"spd":[-0.49542991995472987,-0.049911588472104199,0.0],"spd_noise":[0.0,0.0,0.0]}
{"type":3,"rcvTime":25298.83422692389,"sendTime":25298.83411734132,"sender":379,"messageID":6337217,"pos":[4880.922159430769,5708.587822210858,1.895],"pos_noise":[0.0,0.0,0.0],"spd":[10.221679277809774,0.588174841125364,0.0],"spd_noise":[0.0,0.0,0.0],"RSSI":1.045628722303323e-7}
{"type":3,"rcvTime":25298.86500052907,"sendTime":25298.864891893605,"sender":2857,"messageID":6339733,"pos":[6150.357358792015,5824.143985652178,1.895],"pos_noise":[0.0,0.0,0.0],"spd":[-5.477034693085936,-0.5517783457109345,0.0],"spd_noise":[0.0,0.0,0.0],"RSSI":2.1443003777326706e-8}
{"type":2,"rcvTime":25298.899999999998,"pos":[6123.864799818521,5821.475019471899,1.895],"noise":[0.0,0.0,0.0],"spd":[-0.7270202659978181,-0.07324292471209357,0.0],"spd_noise":[0.0,0.0,0.0]}
{"type":3,"rcvTime":25298.915772946086,"sendTime":25298.915655781657,"sender":2359,"messageID":6340883,"pos":[6100.35444839083,5757.359506393958,1.895],"pos_noise":[0.0,0.0,0.0],"spd":[0.09569472295469672,-1.9096469126432874,0.0],"spd_noise":[0.0,0.0,0.0],"RSSI":5.574839792035932e-9}
{"type":3,"rcvTime":25298.91762623748,"sendTime":25298.917511808686,"sender":109,"messageID":6341249,"pos":[6038.193175026893,5318.715907984004,1.895],"pos_noise":[0.0,0.0,0.0],"spd":[3.117454481616729e-15,4.553527775604405e-14,0.0],"spd_noise":[0.0,0.0,0.0],"RSSI":1.6890390961709986e-8}
{"type":3,"rcvTime":25298.972636237988,"sendTime":25298.972523676603,"sender":2377,"messageID":6343875,"pos":[6100.839703615582,5747.675940642582,1.895],"pos_noise":[0.0,0.0,0.0],"spd":[0.026845041606957676,-0.5357092767677693,0.0],"spd_noise":[0.0,0.0,0.0],"RSSI":6.9862899714133029e-9}
{"type":2,"rcvTime":25299.0,"pos":[6123.76899818881,5821.46536803317,1.895],"noise":[0.0,0.0,0.0],"spd":[-0.9580741663918592,-0.09652021727510436,0.0],"spd_noise":[0.0,0.0,0.0]}
{"type":3,"rcvTime":25299.052547858966,"sendTime":25299.05243487912,"sender":187,"messageID":6348440,"pos":[6234.406048324863,5837.86933095842,1.895],"pos_noise":[0.0,0.0,0.0],"spd":[12.43936752113535,0.8187330629275854,0.0],"spd_noise":[0.0,0.0,0.0],"RSSI":4.383097988232438e-8}
{"type":3,"rcvTime":25299.065107710572,"sendTime":25299.064998670947,"sender":481,"messageID":6349693,"pos":[6091.393436957089,5804.344494352397,1.895],"pos_noise":[0.0,0.0,0.0],"spd":[-0.307683712514365,6.140017270889202,0.0],"spd_noise":[0.0,0.0,0.0],"RSSI":1.8334062415713927e-7}
{"type":3,"rcvTime":25299.069755742654,"sendTime":25299.069648044602,"sender":2641,"messageID":6350047,"pos":[6095.080406436438,5796.792280956394,1.895],"pos_noise":[0.0,0.0,0.0],"spd":[0.5897345171319004,-11.768514136933149,0.0],"spd_noise":[0.0,0.0,0.0],"RSSI":2.5208219772174927e-7}
{"type":2,"rcvTime":25299.1,"pos":[6123.65015326249,5821.453395120724,1.895],"noise":[0.0,0.0,0.0],"spd":[-1.1885210518578283,-0.11973635673069727,0.0],"spd_noise":[0.0,0.0,0.0]}
{"type":3,"rcvTime":25299.13109202517,"sendTime":25299.130983223487,"sender":2449,"messageID":6353332,"pos":[6170.600800449942,5826.1833908003,1.895],"pos_noise":[0.0,0.0,0.0],"spd":[0.22376529999734347,-4.465373858695424,0.0],"spd_noise":[0.0,0.0,0.0],"RSSI":2.4849373936624834e-8}
{"type":3,"rcvTime":25299.1425914412,"sendTime":25299.142475898145,"sender":757,"messageID":6354659,"pos":[6163.917308425886,5735.614787626461,1.895],"pos_noise":[0.0,0.0,0.0],"spd":[11.297026683647803,0.5790686100946485,0.0],"spd_noise":[0.0,0.0,0.0],"RSSI":1.1499773297698624e-8}
{"type":3,"rcvTime":25299.143612470758,"sendTime":25299.143500305385,"sender":2911,"messageID":6355006,"pos":[6135.768457195588,5822.674241449391,1.895],"pos_noise":[0.0,0.0,0.0],"spd":[-3.6443107115728989,-0.3671424134358791,0.0],"spd_noise":[0.0,0.0,0.0],"RSSI":0.000001063478474358986}
{"type":3,"rcvTime":25299.180969021214,"sendTime":25299.180857412655,"sender":2179,"messageID":6356426,"pos":[6174.01974048132,5826.527828471469,1.895],"pos_noise":[0.0,0.0,0.0],"spd":[2.382276475769901e-15,-4.753978878416378e-14,0.0],"spd_noise":[0.0,0.0,0.0],"RSSI":1.4130294768858842e-8}
{"type":3,"rcvTime":25299.196402188576,"sendTime":25299.196295385154,"sender":1309,"messageID":6358818,"pos":[6004.35559260121,5428.082292028793,1.895],"pos_noise":[0.0,0.0,0.0],"spd":[-5.6694429293068,-11.462275796365529,0.0],"spd_noise":[0.0,0.0,0.0],"RSSI":1.6002656986128663e-9}
{"type":2,"rcvTime":25299.2,"pos":[6123.506967219271,5821.438969986964,1.895],"noise":[0.0,0.0,0.0],"spd":[-1.4319469241681447,-0.14426005114811497,0.0],"spd_noise":[0.0,0.0,0.0]}
{"type":3,"rcvTime":25299.208824104862,"sendTime":25299.208716689143,"sender":2677,"messageID":6360322,"pos":[6097.717198742127,5809.987441289623,1.895],"pos_noise":[0.0,0.0,0.0],"spd":[0.574970972096231,-11.473898537127506,0.0],"spd_noise":[0.0,0.0,0.0],"RSSI":2.0937007756889915e-8}
{"type":3,"rcvTime":25299.233245407628,"sendTime":25299.233136787592,"sender":2869,"messageID":6361952,"pos":[6169.09834972089,5826.032027914314,1.895],"pos_noise":[0.0,0.0,0.0],"spd":[-6.604554153877843,-0.6653691585674983,0.0],"spd_noise":[0.0,0.0,0.0],"RSSI":1.5592059764819924e-8}
{"type":3,"rcvTime":25299.28852890136,"sendTime":25299.28841771744,"sender":313,"messageID":6364977,"pos":[6170.480953257551,5732.651330876823,1.895],"pos_noise":[0.0,0.0,0.0],"spd":[13.497350964178484,0.6916633150881679,0.0],"spd_noise":[0.0,0.0,0.0],"RSSI":2.2979324665040258e-8}
{"type":2,"rcvTime":25299.3,"pos":[6123.339103872846,5821.422058763139,1.895],"noise":[0.0,0.0,0.0],"spd":[-1.6787348626415373,-0.16912245353610248,0.0],"spd_noise":[0.0,0.0,0.0]}
{"type":3,"rcvTime":25299.350501288496,"sendTime":25299.350388628056,"sender":2401,"messageID":6368434,"pos":[6047.706446027955,5536.700568584545,1.895],"pos_noise":[0.0,0.0,0.0],"spd":[5.167831249770378,12.272965284047379,0.0],"spd_noise":[0.0,0.0,0.0],"RSSI":1.0085197522875196e-8}
{"type":3,"rcvTime":25299.38787035128,"sendTime":25299.387754051248,"sender":1159,"messageID":6370433,"pos":[5035.837303544848,5447.384741550105,1.895],"pos_noise":[0.0,0.0,0.0],"spd":[14.958240299395385,1.5067690838178676,0.0],"spd_noise":[0.0,0.0,0.0],"RSSI":5.02435799561968e-7}
{"type":3,"rcvTime":25299.38890496113,