{"type":2,"rcvTime":25268.6,"pos":[3566.2235681379277,5180.343920249122,1.895],"noise":[0.0,0.0,0.0],"spd":[0.4698489904983558,6.123193295527399,0.0],"spd_noise":[0.0,0.0,0.0]}
{"type":3,"rcvTime":25268.60450676582,"sendTime":25268.6043912319,"sender":1945,"messageID":4487720,"pos":[3641.228732863243,5243.284426264518,1.895],"pos_noise":[0.0,0.0,0.0],"spd":[5.397579059949491,-34.28382357894364,0.0],"spd_noise":[0.0,0.0,0.0],"RSSI":2.5577665148383145e-8}
{"type":3,"rcvTime":25268.606802934388,"sendTime":25268.60668848548,"sender":433,"messageID":4488108,"pos":[3820.4325803971785,5264.525077186061,1.895],"pos_noise":[0.0,0.0,0.0],"spd":[0.0,-0.0,0.0],"spd_noise":[0.0,0.0,0.0],"RSSI":1.1937243749794393e-8}
{"type":3,"rcvTime":25268.610254945004,"sendTime":25268.610145085957,"sender":1351,"messageID":4488459,"pos":[3585.178072891651,5199.369776861139,1.895],"pos_noise":[0.0,0.0,0.0],"spd":[-13.884074852265094,-1.6076297197380159,0.0],"spd_noise":[0.0,0.0,0.0],"RSSI":4.092179014441662e-7}
{"type":3,"rcvTime":25268.656978800314,"sendTime":25268.65686951047,"sender":1939,"messageID":4490678,"pos":[3608.5870825764229,5202.308029926537,1.895],"pos_noise":[0.0,0.0,0.0],"spd":[-14.042473830815773,-1.872783852315115,0.0],"spd_noise":[0.0,0.0,0.0],"RSSI":7.376017467373178e-8}
{"type":2,"rcvTime":25268.7,"pos":[3566.2671118421578,5180.911393039731,1.895],"noise":[0.0,0.0,0.0],"spd":[0.4354204945970274,5.674512252168118,0.0],"spd_noise":[0.0,0.0,0.0]}
{"type":3,"rcvTime":25268.73344543836,"sendTime":25268.73333729096,"sender":1915,"messageID":4495618,"pos":[3635.414763039287,5323.611054848967,1.895],"pos_noise":[0.0,0.0,0.0],"spd":[3.3468828209243068,-27.01543719392943,0.0],"spd_noise":[0.0,0.0,0.0],"RSSI":3.5503962679456216e-9}
{"type":3,"rcvTime":25268.78311246234,"sendTime":25268.783006181475,"sender":1933,"messageID":4498707,"pos":[3636.175754532422,5275.3794480729879,1.895],"pos_noise":[0.0,0.0,0.0],"spd":[5.2937108726170429,-33.624083615819568,0.0],"spd_noise":[0.0,0.0,0.0],"RSSI":5.0927999860289649e-9}
{"type":2,"rcvTime":25268.8,"pos":[3566.3072125659557,5181.433996020838,1.895],"noise":[0.0,0.0,0.0],"spd":[0.40099199869569898,5.225831208808838,0.0],"spd_noise":[0.0,0.0,0.0]}
{"type":3,"rcvTime":25268.828450480236,"sendTime":25268.828345411082,"sender":1249,"messageID":4501127,"pos":[3562.0436652897544,5196.66101382103,1.895],"pos_noise":[0.0,0.0,0.0],"spd":[-13.777705584018938,-1.6793825038848334,0.0],"spd_noise":[0.0,0.0,0.0],"RSSI":2.748210168629647e-7}
{"type":3,"rcvTime":25268.884124961347,"sendTime":25268.884013806284,"sender":2233,"messageID":4505469,"pos":[3606.4292269260988,5415.0234707373169,1.895],"pos_noise":[0.0,0.0,0.0],"spd":[-3.5838469827015486,31.066354769292326,0.0],"spd_noise":[0.0,0.0,0.0],"RSSI":2.1183552693323479e-9}
{"type":2,"rcvTime":25268.899999999998,"pos":[3566.343870309321,5181.911729192444,1.895],"noise":[0.0,0.0,0.0],"spd":[0.3665635027943705,4.777150165449558,0.0],"spd_noise":[0.0,0.0,0.0]}
{"type":3,"rcvTime":25268.92213820247,"sendTime":25268.92202853691,"sender":1393,"messageID":4507105,"pos":[3975.0978044886326,5253.48771390441,1.895],"pos_noise":[0.0,0.0,0.0],"spd":[-0.0,-0.0,0.0],"spd_noise":[0.0,0.0,0.0],"RSSI":3.830208936895936e-9}
{"type":3,"rcvTime":25268.930164994705,"sendTime":25268.930057132897,"sender":1963,"messageID":4507434,"pos":[3630.111792522376,5366.415680707164,1.895],"pos_noise":[0.0,0.0,0.0],"spd":[2.9642393542567757,-23.926807835053557,0.0],"spd_noise":[0.0,0.0,0.0],"RSSI":6.7556889125488029e-9}
{"type":3,"rcvTime":25268.94816496572,"sendTime":25268.94804837485,"sender":901,"messageID":4508301,"pos":[3822.42581302402,5267.159121027574,1.895],"pos_noise":[0.0,0.0,0.0],"spd":[0.0,-0.0,0.0],"spd_noise":[0.0,0.0,0.0],"RSSI":4.275462564759457e-9}
{"type":3,"rcvTime":25268.949667818557,"sendTime":25268.949559969547,"sender":2227,"messageID":4508628,"pos":[3610.865258936867,5434.093899956613,1.895],"pos_noise":[0.0,0.0,0.0],"spd":[-3.421903612957593,29.650430773956228,0.0],"spd_noise":[0.0,0.0,0.0],"RSSI":4.6863949783812098e-9}
{"type":3,"rcvTime":25268.950492873595,"sendTime":25268.950375561366,"sender":2131,"messageID":4508991,"pos":[3591.83858686268,5651.785635454465,1.895],"pos_noise":[0.0,0.0,0.0],"spd":[-1.2613638877062228,30.21065275563872,0.0],"spd_noise":[0.0,0.0,0.0],"RSSI":4.48958396481759e-9}
{"type":3,"rcvTime":25268.972192219637,"sendTime":25268.972080531526,"sender":895,"messageID":4511151,"pos":[3818.4486345386228,5261.890118808212,1.895],"pos_noise":[0.0,0.0,0.0],"spd":[0.0,-0.0,0.0],"spd_noise":[0.0,0.0,0.0],"RSSI":1.6351380750528362e-9}
{"type":3,"rcvTime":25268.997725272486,"sendTime":25268.997611395454,"sender":2071,"messageID":4513025,"pos":[3588.678906236824,5727.462460466591,1.895],"pos_noise":[0.0,0.0,0.0],"spd":[-1.249906386476953,29.936236630065037,0.0],"spd_noise":[0.0,0.0,0.0],"RSSI":2.1726784009309935e-9}
{"type":2,"rcvTime":25269.0,"pos":[3566.377085072255,5182.344592554549,1.895],"noise":[0.0,0.0,0.0],"spd":[0.3321350068929825,4.328469122090282,0.0],"spd_noise":[0.0,0.0,0.0]}
{"type":3,"rcvTime":25269.043077907365,"sendTime":25269.042969100785,"sender":2029,"messageID":4515945,"pos":[3618.821459959521,5403.880999988087,1.895],"pos_noise":[0.0,0.0,0.0],"spd":[4.063629141985235,-32.81679179535754,0.0],"spd_noise":[0.0,0.0,0.0],"RSSI":4.772022437308922e-9}
{"type":3,"rcvTime":25269.049046012202,"sendTime":25269.04893983514,"sender":1897,"messageID":4517172,"pos":[3645.0028021783775,5261.766313067293,1.895],"pos_noise":[0.0,0.0,0.0],"spd":[4.627021027222741,-29.392785784308967,0.0],"spd_noise":[0.0,0.0,0.0],"RSSI":1.781811437527409e-8}
{"type":3,"rcvTime":25269.0630301192,"sendTime":25269.062923384365,"sender":421,"messageID":4518154,"pos":[3974.5042388390704,5250.089537345601,1.895],"pos_noise":[0.0,0.0,0.0],"spd":[-0.0,-0.0,0.0],"spd_noise":[0.0,0.0,0.0],"RSSI":2.8567892041454888e-9}
{"type":2,"rcvTime":25269.1,"pos":[3566.406856854757,5182.732586107152,1.895],"noise":[0.0,0.0,0.0],"spd":[0.2977065109916602,3.8797880787310019,0.0],"spd_noise":[0.0,0.0,0.0]}
{"type":3,"rcvTime":25269.122252121975,"sendTime":25269.122135775397,"sender":1009,"messageID":4521184,"pos":[4432.000563726099,5296.158796666589,1.895],"pos_noise":[0.0,0.0,0.0],"spd":[-0.0,-0.0,0.0],"spd_noise":[0.0,0.0,0.0],"RSSI":3.7216076319241959e-9}
{"type":3,"rcvTime":25269.12625014663,"sendTime":25269.126137590498,"sender":1129,"messageID":4521808,"pos":[3969.4459048948085,5246.112592669091,1.895],"pos_noise":[0.0,0.0,0.0],"spd":[-0.0,-0.0,0.0],"spd_noise":[0.0,0.0,0.0],"RSSI":2.580580059428241e-9}
{"type":3,"rcvTime":25269.146059394214,"sendTime":25269.145940984505,"sender":2275,"messageID":4523121,"pos":[3622.8942680662905,5329.863815531985,1.895],"pos_noise":[0.0,0.0,0.0],"spd":[-3.4175693663377868,29.612874988092913,0.0],"spd_noise":[0.0,0.0,0.0],"RSSI":2.8202061600855889e-9}
{"type":3,"rcvTime":25269.166686757395,"sendTime":25269.166571069185,"sender":2209,"messageID":4524369,"pos":[3596.9652707267334,5688.401354849756,1.895],"pos_noise":[0.0,0.0,0.0],"spd":[1.5998091152195613,-37.25373680575125,0.0],"spd_noise":[0.0,0.0,0.0],"RSSI":3.029345423300461e-9}
{"type":3,"rcvTime":25269.179955758307,"sendTime":25269.179845177336,"sender":553,"messageID":4525049,"pos":[3178.8732272224226,5262.053866192658,1.895],"pos_noise":[0.0,0.0,0.0],"spd":[0.0,-0.0,0.0],"spd_noise":[0.0,0.0,0.0],"RSSI":6.706072249428138e-9}
{"type":3,"rcvTime":25269.183658782404,"sendTime":25269.18355099857,"sender":2281,"messageID":4525596,"pos":[3615.8646661092795,5333.232952759416,1.895],"pos_noise":[0.0,0.0,0.0],"spd":[-4.041894922694689,35.03691486122394,0.0],"spd_noise":[0.0,0.0,0.0],"RSSI":2.3412583773131877e-9}
{"type":3,"rcvTime":25269.18429048259,"sendTime":25269.184182741865,"sender":2047,"messageID":4525953,"pos":[3601.25997725944,6034.45617230819,1.895],"pos_noise":[0.0,0.0,0.0],"spd":[4.065425452502716,-32.83129832295547,0.0],"spd_noise":[0.0,0.0,0.0],"RSSI":2.475230337265451e-8}
{"type":3,"rcvTime":25269.18688329,