{"type":2,"rcvTime":25299.6,"pos":[6324.771591554201,5736.074329762964,1.895],"noise":[0.0,0.0,0.0],"spd":[-13.072376688748204,-0.8342263616216988,0.0],"spd_noise":[0.0,0.0,0.0]}
{"type":3,"rcvTime":25299.607854946527,"sendTime":25299.60774675873,"sender":955,"messageID":5879727,"pos":[6091.198673617917,5808.231116287884,1.895],"pos_noise":[0.0,0.0,0.0],"spd":[-0.20570960189487337,4.105061324503147,0.0],"spd_noise":[0.0,0.0,0.0],"RSSI":1.5166537535796544e-9}
{"type":3,"rcvTime":25299.62982178941,"sendTime":25299.629707936896,"sender":1333,"messageID":5881419,"pos":[6094.351206924258,5713.785169992024,1.895],"pos_noise":[0.0,0.0,0.0],"spd":[3.122602428369309e-15,4.5610471535659559e-14,0.0],"spd_noise":[0.0,0.0,0.0],"RSSI":1.104861712685926e-8}
{"type":3,"rcvTime":25299.688350267854,"sendTime":25299.688242399505,"sender":2551,"messageID":5884921,"pos":[6099.038199660762,5783.626057422443,1.895],"pos_noise":[0.0,0.0,0.0],"spd":[0.21104593857637306,-4.211551197236207,0.0],"spd_noise":[0.0,0.0,0.0],"RSSI":3.931486057697515e-9}
{"type":2,"rcvTime":25299.7,"pos":[6323.465138154735,5735.990537989615,1.895],"noise":[0.0,0.0,0.0],"spd":[-13.064748169874122,-0.834983529353493,0.0],"spd_noise":[0.0,0.0,0.0]}
{"type":3,"rcvTime":25299.70543958414,"sendTime":25299.705320905614,"sender":1315,"messageID":5886675,"pos":[6065.098011562975,5726.192329336946,1.895],"pos_noise":[0.0,0.0,0.0],"spd":[4.137990145079617,0.3579731405984967,0.0],"spd_noise":[0.0,0.0,0.0],"RSSI":1.4635779462027155e-8}
{"type":3,"rcvTime":25299.706499591757,"sendTime":25299.706387613016,"sender":2353,"messageID":5887082,"pos":[5560.0,5820.0,1.895],"pos_noise":[0.0,0.0,0.0],"spd":[2.3132804994690268e-15,-4.616293174273215e-14,0.0],"spd_noise":[0.0,0.0,0.0],"RSSI":2.3394822353490694e-8}
{"type":3,"rcvTime":25299.707117921043,"sendTime":25299.707002393203,"sender":991,"messageID":5887513,"pos":[6275.252895598577,5843.867209307977,1.895],"pos_noise":[0.0,0.0,0.0],"spd":[18.352307788565253,1.206308149655863,0.0],"spd_noise":[0.0,0.0,0.0],"RSSI":3.1839992657995319e-9}
{"type":3,"rcvTime":25299.750721890614,"sendTime":25299.750615288314,"sender":2779,"messageID":5890832,"pos":[6103.882284438476,5822.776585272028,1.895],"pos_noise":[0.0,0.0,0.0],"spd":[-14.244203819991063,-1.4365800681860129,0.0],"spd_noise":[0.0,0.0,0.0],"RSSI":2.6117913157969815e-9}
{"type":3,"rcvTime":25299.75189266207,"sendTime":25299.75177807114,"sender":2497,"messageID":5891535,"pos":[5560.0,5820.0,1.895],"pos_noise":[0.0,0.0,0.0],"spd":[-5.594857340680861,4.081833185967546,0.0],"spd_noise":[0.0,0.0,0.0],"RSSI":1.5854101605063789e-8}
{"type":3,"rcvTime":25299.767096149153,"sendTime":25299.76698164944,"sender":619,"messageID":5893952,"pos":[5560.0,5820.0,1.895],"pos_noise":[0.0,0.0,0.0],"spd":[11.382293985160726,0.7789918394833106,0.0],"spd_noise":[0.0,0.0,0.0],"RSSI":1.616034349558301e-8}
{"type":3,"rcvTime":25299.784237176602,"sendTime":25299.78412626679,"sender":1927,"messageID":5895069,"pos":[5560.0,5820.0,1.895],"pos_noise":[0.0,0.0,0.0],"spd":[1.8188786046458073,0.1167497147957201,0.0],"spd_noise":[0.0,0.0,0.0],"RSSI":0.000004145760829970137}
{"type":3,"rcvTime":25299.794346525025,"sendTime":25299.794234196655,"sender":487,"messageID":5896387,"pos":[6118.756845661157,5729.975047543632,1.895],"pos_noise":[0.0,0.0,0.0],"spd":[12.664600944968959,0.7287451940401096,0.0],"spd_noise":[0.0,0.0,0.0],"RSSI":1.408144700237166e-8}
{"type":2,"rcvTime":25299.8,"pos":[6322.156507972699,5735.906606604342,1.895],"noise":[0.0,0.0,0.0],"spd":[-13.086436847430568,-0.8376178239081449,0.0],"spd_noise":[0.0,0.0,0.0]}
{"type":3,"rcvTime":25299.801113716752,"sendTime":25299.800996233942,"sender":229,"messageID":5897082,"pos":[6089.611581504928,5727.727225391192,1.895],"pos_noise":[0.0,0.0,0.0],"spd":[3.606525052781169,-0.06264778654778566,0.0],"spd_noise":[0.0,0.0,0.0],"RSSI":5.4329960855880939e-9}
{"type":3,"rcvTime":25299.835057619086,"sendTime":25299.834941433182,"sender":2815,"messageID":5898693,"pos":[6313.606753324497,5964.518144140059,1.895],"pos_noise":[0.0,0.0,0.0],"spd":[-1.596914333265377,13.132746755155463,0.0],"spd_noise":[0.0,0.0,0.0],"RSSI":7.019161762267786e-9}
{"type":3,"rcvTime":25299.847830619125,"sendTime":25299.84772195411,"sender":133,"messageID":5899699,"pos":[6319.227208372147,5843.4520816930139,1.895],"pos_noise":[0.0,0.0,0.0],"spd":[4.289877303608764,0.2823507206772442,0.0],"spd_noise":[0.0,0.0,0.0],"RSSI":2.0651975181165953e-8}
{"type":3,"rcvTime":25299.851218825224,"sendTime":25299.85111299436,"sender":337,"messageID":5900031,"pos":[6092.979410886785,5772.695411468146,1.895],"pos_noise":[0.0,0.0,0.0],"spd":[-0.4608834106855068,9.197211247721404,0.0],"spd_noise":[0.0,0.0,0.0],"RSSI":1.5547286773262657e-8}
{"type":3,"rcvTime":25299.862535891432,"sendTime":25299.862418566132,"sender":613,"messageID":5900660,"pos":[5560.0,5820.0,1.895],"pos_noise":[0.0,0.0,0.0],"spd":[-0.4370303466198572,8.721208718555351,0.0],"spd_noise":[0.0,0.0,0.0],"RSSI":2.576134511310597e-9}
{"type":2,"rcvTime":25299.899999999998,"pos":[6320.8448609498059,5735.822481728475,1.895],"noise":[0.0,0.0,0.0],"spd":[-13.116525576544359,-0.840797614527169,0.0],"spd_noise":[0.0,0.0,0.0]}
{"type":3,"rcvTime":25299.932766658374,"sendTime":25299.932653894182,"sender":2887,"messageID":5902892,"pos":[5560.0,5820.0,1.895],"pos_noise":[0.0,0.0,0.0],"spd":[-2.021088177584811,12.539397273007563,0.0],"spd_noise":[0.0,0.0,0.0],"RSSI":1.4119145383874969e-8}
{"type":3,"rcvTime":25299.942299845345,"sendTime":25299.94219101178,"sender":1909,"messageID":5904012,"pos":[5560.0,5820.0,1.895],"pos_noise":[0.0,0.0,0.0],"spd":[3.492988634583964,-2.1540752910003224,0.0],"spd_noise":[0.0,0.0,0.0],"RSSI":2.883127274456227e-9}
{"type":3,"rcvTime":25299.95738161181,"sendTime":25299.957269488976,"sender":1843,"messageID":5905224,"pos":[5560.0,5820.0,1.895],"pos_noise":[0.0,0.0,0.0],"spd":[15.80782861427781,2.0142767472075615,0.0],"spd_noise":[0.0,0.0,0.0],"RSSI":3.5719068728120414e-9}
{"type":3,"rcvTime":25299.98045061203,"sendTime":25299.98033563187,"sender":511,"messageID":5907343,"pos":[6187.977526848589,5733.547931856141,1.895],"pos_noise":[0.0,0.0,0.0],"spd":[14.817925689219859,0.759335341589359,0.0],"spd_noise":[0.0,0.0,0.0],"RSSI":4.962780915861725e-9}
{"type":2,"rcvTime":25300.0,"pos":[6319.534670959597,5735.738450302059,1.895],"noise":[0.0,0.0,0.0],"spd":[-13.10192618513541,-0.8403159498750037,0.0],"spd_noise":[0.0,0.0,0.0]}
