{"type":2,"rcvTime":25200.0,"pos":[4903.251486103211,5244.965945320772,1.895],"noise":[0.0,0.0,0.0],"spd":[-7.623919554987167,-1.3134305646735985,0.0],"spd_noise":[0.0,0.0,0.0]}
{"type":2,"rcvTime":25200.1,"pos":[4902.489814432809,5244.834726353293,1.895],"noise":[0.0,0.0,0.0],"spd":[-7.617667898711842,-1.3123535443323456,0.0],"spd_noise":[0.0,0.0,0.0]}
{"type":2,"rcvTime":25200.2,"pos":[4901.717635126506,5244.701697155517,1.895],"noise":[0.0,0.0,0.0],"spd":[-7.7227573799260968,-1.3304581079581717,0.0],"spd_noise":[0.0,0.0,0.0]}
{"type":2,"rcvTime":25200.3,"pos":[4900.946134371533,5244.568784856936,1.895],"noise":[0.0,0.0,0.0],"spd":[-7.715971019225294,-1.3292889700228819,0.0],"spd_noise":[0.0,0.0,0.0]}
{"type":2,"rcvTime":25200.399999999998,"pos":[4900.184026779459,5244.437490789917,1.895],"noise":[0.0,0.0,0.0],"spd":[-7.622027659827301,-1.3131046335157204,0.0],"spd_noise":[0.0,0.0,0.0]}
{"type":3,"rcvTime":25200.40977410908,"sendTime":25200.409663170343,"sender":829,"messageID":18804,"pos":[4884.4703270732,5240.553196660493,1.895],"pos_noise":[0.0,0.0,0.0],"spd":[-6.109948618151643,-2.7108319128682076,0.0],"spd_noise":[0.0,0.0,0.0],"RSSI":1.30835831377012e-7}
{"type":2,"rcvTime":25200.5,"pos":[4899.44673961188,5244.310472726065,1.895],"noise":[0.0,0.0,0.0],"spd":[-7.373792418500397,-1.2703392618660068,0.0],"spd_noise":[0.0,0.0,0.0]}
{"type":2,"rcvTime":25200.6,"pos":[4898.741461239143,5244.188969060572,1.895],"noise":[0.0,0.0,0.0],"spd":[-7.0536644966871029,-1.2151883917548972,0.0],"spd_noise":[0.0,0.0,0.0]}
{"type":2,"rcvTime":25200.7,"pos":[4898.056634263155,5244.07098871263,1.895],"noise":[0.0,0.0,0.0],"spd":[-6.849124989000152,-1.1799508162346578,0.0],"spd_noise":[0.0,0.0,0.0]}
{"type":2,"rcvTime":25200.8,"pos":[4897.407160293199,5243.959098895726,1.895],"noise":[0.0,0.0,0.0],"spd":[-6.495550778935237,-1.1190378998504514,0.0],"spd_noise":[0.0,0.0,0.0]}
{"type":2,"rcvTime":25200.899999999998,"pos":[4896.781102192275,5243.851243108545,1.895],"noise":[0.0,0.0,0.0],"spd":[-6.261362846303692,-1.078692564831691,0.0],"spd_noise":[0.0,0.0,0.0]}
{"type":2,"rcvTime":25201.0,"pos":[4896.1874153712119,5243.74896416777,1.895],"noise":[0.0,0.0,0.0],"spd":[-5.9376096216348339,-1.022917136245722,0.0],"spd_noise":[0.0,0.0,0.0]}
{"type":2,"rcvTime":25201.1,"pos":[4895.617773290372,5243.650827597138,1.895],"noise":[0.0,0.0,0.0],"spd":[-5.697132191720134,-0.9814882617296591,0.0],"spd_noise":[0.0,0.0,0.0]}
{"type":2,"rcvTime":25201.2,"pos":[4895.07129471515,5243.556681579666,1.895],"noise":[0.0,0.0,0.0],"spd":[-5.46546820837873,-0.9415777466382984,0.0],"spd_noise":[0.0,0.0,0.0]}
{"type":2,"rcvTime":25201.3,"pos":[4894.554088085926,5243.467578462802,1.895],"noise":[0.0,0.0,0.0],"spd":[-5.172712192842121,-0.891142442851234,0.0],"spd_noise":[0.0,0.0,0.0]}
{"type":2,"rcvTime":25201.399999999998,"pos":[4894.052998861589,5243.381252013771,1.895],"noise":[0.0,0.0,0.0],"spd":[-5.0115180161676,-0.8633722969363104,0.0],"spd_noise":[0.0,0.0,0.0]}
{"type":3,"rcvTime":25201.409774217896,"sendTime":25201.409663170343,"sender":829,"messageID":69395,"pos":[4882.1691541927789,5232.200416498957,1.895],"pos_noise":[0.0,0.0,0.0],"spd":[1.6790184528835275,-8.61279319834343,0.0],"spd_noise":[0.0,0.0,0.0],"RSSI":6.820414725467755e-7}
{"type":2,"rcvTime":25201.5,"pos":[4893.585001678493,5243.3006265821909,1.895],"noise":[0.0,0.0,0.0],"spd":[-4.680556277577929,-0.806355002870447,0.0],"spd_noise":[0.0,0.0,0.0]}
{"type":2,"rcvTime":25201.6,"pos":[4893.134788869036,5243.22306499982,1.895],"noise":[0.0,0.0,0.0],"spd":[-4.502690331630526,-0.7757126845541313,0.0],"spd_noise":[0.0,0.0,0.0]}
{"type":2,"rcvTime":25201.7,"pos":[4892.70864149206,5243.149649352404,1.895],"noise":[0.0,0.0,0.0],"spd":[-4.262005953291222,-0.734248157460123,0.0],"spd_noise":[0.0,0.0,0.0]}
{"type":2,"rcvTime":25201.8,"pos":[4892.301449150032,5243.07949923292,1.895],"noise":[0.0,0.0,0.0],"spd":[-4.072431932295135,-0.7015888000714105,0.0],"spd_noise":[0.0,0.0,0.0]}
{"type":2,"rcvTime":25201.899999999998,"pos":[4891.924718134717,5243.014596917699,1.895],"noise":[0.0,0.0,0.0],"spd":[-3.767780624285997,-0.6491042038455153,0.0],"spd_noise":[0.0,0.0,0.0]}
{"type":2,"rcvTime":25202.0,"pos":[4891.562105383382,5242.952126863115,1.895],"noise":[0.0,0.0,0.0],"spd":[-3.626580353253267,-0.6247785600113975,0.0],"spd_noise":[0.0,0.0,0.0]}
{"type":2,"rcvTime":25202.1,"pos":[4891.221518985497,5242.893451455844,1.895],"noise":[0.0,0.0,0.0],"spd":[-3.406289311688996,-0.5868273480354358,0.0],"spd_noise":[0.0,0.0,0.0]}
{"type":2,"rcvTime":25202.2,"pos":[4890.854327880422,5242.830192653465,1.895],"noise":[0.0,0.0,0.0],"spd":[-3.6723696082198939,-0.632667022969161,0.0],"spd_noise":[0.0,0.0,0.0]}
{"type":3,"rcvTime":25202.288392448325,"sendTime":25202.288279719884,"sender":763,"messageID":115546,"pos":[4815.57460574439,5421.713646134516,1.895],"pos_noise":[0.0,0.0,0.0],"spd":[17.891594959168466,1.2545935489685299,0.0],"spd_noise":[0.0,0.0,0.0],"RSSI":5.159912131297319e-9}
{"type":2,"rcvTime":25202.3,"pos":[4890.460532068156,5242.762350455978,1.895],"noise":[0.0,0.0,0.0],"spd":[-3.9384499047507055,-0.6785066979033865,0.0],"spd_noise":[0.0,0.0,0.0]}
{"type":2,"rcvTime":25202.399999999998,"pos":[4890.040131548699,5242.6899248633849,1.895],"noise":[0.0,0.0,0.0],"spd":[-4.20453020128172,-0.7243463728364332,0.0],"spd_noise":[0.0,0.0,0.0]}
{"type":3,"rcvTime":25202.40977458627,"sendTime":25202.409663170343,"sender":829,"messageID":119730,"pos":[4884.060738351598,5222.497233577298,1.895],"pos_noise":[0.0,0.0,0.0],"spd":[2.093533936830269,-10.739116547922983,0.0],"spd_noise":[0.0,0.0,0.0],"RSSI":3.0325903008295e-7}
{"type":2,"rcvTime":25202.5,"pos":[4889.593126322052,5242.612915875683,1.895],"noise":[0.0,0.0,0.0],"spd":[-4.470610497812633,-0.7701860477700692,0.0],"spd_noise":[0.0,0.0,0.0]}
{"type":2,"rcvTime":25202.6,"pos":[4889.119516388214,5242.5313234928739,1.895],"noise":[0.0,0.0,0.0],"spd":[-4.736690794343423,-0.8160257227044141,0.0],"spd_noise":[0.0,0.0,0.0]}
{"type":2,"rcvTime":25202.7,"pos":[4888.619301747186,5242.445147714957,1.895],"noise":[0.0,0.0,0.0],"spd":[-5.002771090874329,-0.8618653976380899,0.0],"spd_noise":[0.0,0.0,0.0]}
{"type":2,"rcvTime":25202.8,"pos":[4888.092482398967,5242.354388541933,1.895],"noise":[0.0,0.0,0.0],"spd":[-5.268851387405235,-0.9077050725717657,0.0],"spd_noise":[0.0,0.0,0.0]}
{"type":2,"rcvTime":25202.899999999998,"pos":[4887.539058343558,5242.259045973802,1.895],"noise":[0.0,0.0,0.0],"spd":[-5.53493168393614,-0.9535447475054415,0.0],"spd_noise":[0.0,0.0,0.0]}
{"type":2,"rcvTime":25203.0,"pos":[4886.9590295809589,5242.159120010563,1.895],"noise":[0.0,0.0,0.0],"spd":[-5.801011980467046,-0.9993844224391172,0.0],"spd_noise":[0.0,0.0,0.0]}
{"type":2,"rcvTime":25203.1,"pos":[4886.376298731312,5241.998367778146,1.895],"noise":[0.0,0.0,0.0],"spd":[-5.958340233210614,-1.0874660289419207,0.0],"spd_noise":[0.0,0.0,0.0]}
{"type":2,"rcvTime":25203.2,"pos":[4885.780015059753,5241.808641155377,1.895],"noise":[0.0,0.0,0.0],"spd":[-6.1389593262343908,-1.2115140428379814,0.0],"spd_noise":[0.0,0.0,0.0]}
{"type":2,"rcvTime":25203.3,"pos":[4885.227044863003,5241.495627820298,1.895],"noise":[0.0,0.0,0.0],"spd":[-6.32070458707831,-1.4874275202495769,0.0],"spd_noise":[0.0,0.0,0.0]}
{"type":2,"rcvTime":25203.399999999998,"pos":[4884.725166528141,5241.05279399542,1.895],"noise":[0.0,0.0,0.0],"spd":[-6.4102241166896178,-1.9253245146954544,0.0],"spd_noise":[0.0,0.0,0.0]}
{"type":3,"rcvTime":25203.409774784475,"sendTime":25203.409663170343,"sender":829,"messageID":170234,"pos":[4886.301112426416,5211.004877099508,1.895],"pos_noise":[0.0,0.0,0.0],"spd":[2.2828514034276514,-11.710250716125215,0.0],"spd_noise":[0.0,0.0,0.0],"RSSI":5.9549557486917377e-8}
{"type":2,"rcvTime":25203.5,"pos":[4884.428693138996,5240.440037762401,1.895],"noise":[0.0,0.0,0.0],"spd":[-6.408291258517297,-2.6715675831157359,0.0],"spd_noise":[0.0,0.0,0.0]}
{"type":2,"rcvTime":25203.6,"pos":[4884.2368732495019,5239.764498795548,1.895],"noise":[0.0,0.0,0.0],