{"type":2,"rcvTime":18094.6,"pos":[3606.503203467885,6079.953705339727,1.895],"noise":[0.0,0.0,0.0],"spd":[-4.490839402536444,-38.968777224784549,0.0],"spd_noise":[0.0,0.0,0.0]}
{"type":2,"rcvTime":18094.7,"pos":[3606.0541561709,6076.057145585275,1.895],"noise":[0.0,0.0,0.0],"spd":[-4.485541964418662,-38.922809273758939,0.0],"spd_noise":[0.0,0.0,0.0]}
{"type":2,"rcvTime":18094.8,"pos":[3605.603632986318,6072.1477789745099,1.895],"noise":[0.0,0.0,0.0],"spd":[-4.50028463360476,-39.050737204319549,0.0],"spd_noise":[0.0,0.0,0.0]}
{"type":3,"rcvTime":18094.84932542355,"sendTime":18094.8492109098,"sender":589,"messageID":307174,"pos":[3600.278272694336,6025.937536242845,1.895],"pos_noise":[0.0,0.0,0.0],"spd":[-4.485140045758279,-38.919321667698728,0.0],"spd_noise":[0.0,0.0,0.0],"RSSI":1.1276059767511413e-8}
{"type":2,"rcvTime":18094.899999999998,"pos":[3605.1541541336498,6068.247474441909,1.895],"noise":[0.0,0.0,0.0],"spd":[-4.489852782321928,-38.96021593369869,0.0],"spd_noise":[0.0,0.0,0.0]}
{"type":2,"rcvTime":18095.0,"pos":[3604.7038975842417,6064.340421529264,1.895],"noise":[0.0,0.0,0.0],"spd":[-4.497621209799531,-39.02762562992281,0.0],"spd_noise":[0.0,0.0,0.0]}
{"type":2,"rcvTime":18095.1,"pos":[3604.2534643561978,6060.431835506704,1.895],"noise":[0.0,0.0,0.0],"spd":[-4.49938605604457,-39.04293989392307,0.0],"spd_noise":[0.0,0.0,0.0]}
{"type":2,"rcvTime":18095.2,"pos":[3603.8043162439737,6056.534400938836,1.895],"noise":[0.0,0.0,0.0],"spd":[-4.486549009749504,-38.93154780156655,0.0],"spd_noise":[0.0,0.0,0.0]}
{"type":3,"rcvTime":18095.25150161774,"sendTime":18095.251385458974,"sender":553,"messageID":308320,"pos":[3608.151717891811,5457.606444437445,1.895],"pos_noise":[0.0,0.0,0.0],"spd":[-4.1449501942584,35.915552481102768,0.0],"spd_noise":[0.0,0.0,0.0],"RSSI":2.9106028286878955e-9}
{"type":3,"rcvTime":18095.265795624044,"sendTime":18095.265679524793,"sender":535,"messageID":308494,"pos":[3582.7986532731376,5710.164862077259,1.895],"pos_noise":[0.0,0.0,0.0],"spd":[-1.3520347200736236,32.316339901642589,0.0],"spd_noise":[0.0,0.0,0.0],"RSSI":1.2605659616825378e-8}
{"type":3,"rcvTime":18095.281064624203,"sendTime":18095.280956878047,"sender":571,"messageID":308654,"pos":[3592.5709958980639,5918.189082849323,1.895],"pos_noise":[0.0,0.0,0.0],"spd":[-1.4129770746343103,-36.167529208817459,0.0],"spd_noise":[0.0,0.0,0.0],"RSSI":3.010249339433298e-9}
{"type":2,"rcvTime":18095.3,"pos":[3603.3538686012018,6052.625689834022,1.895],"noise":[0.0,0.0,0.0],"spd":[-4.499530045036803,-39.044189342951188,0.0],"spd_noise":[0.0,0.0,0.0]}
{"type":2,"rcvTime":18095.399999999998,"pos":[3602.90432776821,6048.724847473812,1.895],"noise":[0.0,0.0,0.0],"spd":[-4.490471904943047,-38.96558830387791,0.0],"spd_noise":[0.0,0.0,0.0]}
{"type":2,"rcvTime":18095.5,"pos":[3602.4549807182886,6044.825686645412,1.895],"noise":[0.0,0.0,0.0],"spd":[-4.4885362021819719,-38.948791450751567,0.0],"spd_noise":[0.0,0.0,0.0]}
{"type":3,"rcvTime":18095.54480486304,"sendTime":18095.544694163695,"sender":541,"messageID":309329,"pos":[3608.328138469343,5571.106645971704,1.895],"pos_noise":[0.0,0.0,0.0],"spd":[3.1429276313795957,-37.33140204014349,0.0],"spd_noise":[0.0,0.0,0.0],"RSSI":2.08738430390538e-9}
{"type":2,"rcvTime":18095.6,"pos":[3602.005358759596,6040.924140325638,1.895],"noise":[0.0,0.0,0.0],"spd":[-4.491282271107952,-38.972620169311408,0.0],"spd_noise":[0.0,0.0,0.0]}
{"type":2,"rcvTime":18095.7,"pos":[3601.5552678659107,6037.018524872753,1.895],"noise":[0.0,0.0,0.0],"spd":[-4.495966471649761,-39.01326681712421,0.0],"spd_noise":[0.0,0.0,0.0]}
{"type":2,"rcvTime":18095.8,"pos":[3601.105293647177,6033.113921854257,1.895],"noise":[0.0,0.0,0.0],"spd":[-4.494801003336941,-39.00315359081458,0.0],"spd_noise":[0.0,0.0,0.0]}
{"type":3,"rcvTime":18095.84932193414,"sendTime":18095.8492109098,"sender":589,"messageID":310659,"pos":[3596.79516622561,5986.868410509774,1.895],"pos_noise":[0.0,0.0,0.0],"spd":[-2.5985980043609144,-39.14613134054473,0.0],"spd_noise":[0.0,0.0,0.0],"RSSI":1.034905780803989e-8}
{"type":2,"rcvTime":18095.899999999998,"pos":[3600.6545710558209,6029.202824912593,1.895],"noise":[0.0,0.0,0.0],"spd":[-4.502276511657283,-39.06802151247003,0.0],"spd_noise":[0.0,0.0,0.0]}
{"type":2,"rcvTime":18096.0,"pos":[3600.204444907027,6025.296903537297,1.895],"noise":[0.0,0.0,0.0],"spd":[-4.496318635587501,-39.01632268188647,0.0],"spd_noise":[0.0,0.0,0.0]}
{"type":2,"rcvTime":18096.1,"pos":[3599.754307691487,6021.39088613149,1.895],"noise":[0.0,0.0,0.0],"spd":[-4.49642918153158,-39.01728193248549,0.0],"spd_noise":[0.0,0.0,0.0]}
{"type":2,"rcvTime":18096.2,"pos":[3599.3042326906327,6017.4854085869469,1.895],"noise":[0.0,0.0,0.0],"spd":[-4.495807717853351,-39.01188924808391,0.0],"spd_noise":[0.0,0.0,0.0]}
{"type":3,"rcvTime":18096.265793764414,"sendTime":18096.265679524793,"sender":535,"messageID":312003,"pos":[3581.4454810580525,5742.508390389715,1.895],"pos_noise":[0.0,0.0,0.0],"spd":[-1.3522189823216009,32.32074413872069,0.0],"spd_noise":[0.0,0.0,0.0],"RSSI":1.4198582007444987e-9}
{"type":2,"rcvTime":18096.3,"pos":[3598.8550574983798,6013.5877390350319,1.895],"noise":[0.0,0.0,0.0],"spd":[-4.486819512672246,-38.933895061664298,0.0],"spd_noise":[0.0,0.0,0.0]}
{"type":2,"rcvTime":18096.399999999998,"pos":[3598.4056663136027,6009.6881952311509,1.895],"noise":[0.0,0.0,0.0],"spd":[-4.488977066092288,-38.95261700008794,0.0],"spd_noise":[0.0,0.0,0.0]}
{"type":2,"rcvTime":18096.5,"pos":[3598.051002726242,6005.786742823386,1.895],"noise":[0.0,0.0,0.0],"spd":[-3.665945300334802,-38.97182180829652,0.0],"spd_noise":[0.0,0.0,0.0]}
{"type":3,"rcvTime":18096.544803011988,"sendTime":18096.544694163695,"sender":541,"messageID":312968,"pos":[3611.4620299298046,5533.882574729126,1.895],"pos_noise":[0.0,0.0,0.0],"spd":[3.142330461111547,-37.324308907257087,0.0],"spd_noise":[0.0,0.0,0.0],"RSSI":1.7723109510057503e-9}
{"type":2,"rcvTime":18096.6,"pos":[3597.7909708199565,6001.869537030453,1.895],"noise":[0.0,0.0,0.0],"spd":[-2.5974636426108339,-39.12904294363622,0.0],"spd_noise":[0.0,0.0,0.0]}
{"type":2,"rcvTime":18096.7,"pos":[3597.531464471077,5997.960248406395,1.895],"noise":[0.0,0.0,0.0],"spd":[-2.592213839716772,-39.04995819361429,0.0],"spd_noise":[0.0,0.0,0.0]}
{"type":2,"rcvTime":18096.8,"pos":[3597.2710294376527,5994.0369697742239,1.895],"noise":[0.0,0.0,0.0],"spd":[-2.6014904872450748,-39.189704649947028,0.0],"spd_noise":[0.0,0.0,0.0]}
{"type":3,"rcvTime":18096.84932201272,"sendTime":18096.8492109098,"sender":589,"messageID":314295,"pos":[3594.197440191839,5947.735414819748,1.895],"pos_noise":[0.0,0.0,0.0],"spd":[-2.5960593001340745,-39.10788746868309,0.0],"spd_noise":[0.0,0.0,0.0],"RSSI":5.759988467076107e-8}
{"type":2,"rcvTime":18096.899999999998,"pos":[3597.0109635533447,5990.119252125234,1.895],"noise":[0.0,0.0,0.0],"spd":[-2.597803049721115,-39.13415588349636,0.0],"spd_noise":[0.0,0.0,0.0]}
{"type":2,"rcvTime":18097.0,"pos":[3596.7513127922286,5986.207788027949,1.895],"noise":[0.0,0.0,0.0],"spd":[-2.5936563762836757,-39.071689036926567,0.0],"spd_noise":[0.0,0.0,0.0]}
{"type":2,"rcvTime":18097.1,"pos":[3596.490784807908,5982.283109153038,1.895],"noise":[0.0,0.0,0.0],"spd":[-2.6024189755054176,-39.20369170122617,0.0],"spd_noise":[0.0,0.0,0.0]}
{"type":2,"rcvTime":18097.2,"pos":[3596.2308670019499,5978.36762220481,1.895],"noise":[0.0,0.0,0.0],"spd":[-2.596323892272046,-39.111873371289039,0.0],"spd_noise":[0.0,0.0,0.0]}
{"type":3,"rcvTime":18097.265788340257,"sendTime":18097.265679524793,"sender":535,"messageID":315636,"pos":[3581.1157218667856,5774.885576513358,1.895],"pos_noise":[0.0,0.0,0.0],"spd":[-0.031362842828587398,32.392991589741729,0.0],"spd_noise":[0.0,0.0,0.0],"RSSI":5.6519587106833109e-9}
{"type":3,"rcvTime":18097.28107034109,"sendTime":18097.280956878047,"sender":571,"messageID":315778,"pos":[3591.21764933688,5845.718766927144,1.895],"pos_noise":[0.0,0.0,0.0],"spd":[-0.02108803732629351,-36.23188413047192,0.0],"spd_noise":[0.0,0.0,0.0],"RSSI":5.09966377273766e-9}
{"type":2,"rcvTime":18097.3,