{"type":2,"rcvTime":18059.1,"pos":[3569.9647420129297,5185.866541642584,1.895],"noise":[0.0,0.0,0.0],"spd":[-0.0,-0.0,0.0],"spd_noise":[0.0,0.0,0.0]}
{"type":3,"rcvTime":18059.18546919878,"sendTime":18059.18535160064,"sender":451,"messageID":195995,"pos":[3594.4771628049527,5776.197809350363,1.895],"pos_noise":[0.0,0.0,0.0],"spd":[-0.02055352131424711,-35.27755014325967,0.0],"spd_noise":[0.0,0.0,0.0],"RSSI":1.9051762621916955e-9}
{"type":2,"rcvTime":18059.2,"pos":[3569.962752191255,5185.840729542425,1.895],"noise":[0.0,0.0,0.0],"spd":[-0.1016256346669056,-0.23809020804482557,0.0],"spd_noise":[0.0,0.0,0.0]}
{"type":3,"rcvTime":18059.208614016265,"sendTime":18059.208502494497,"sender":199,"messageID":196160,"pos":[3479.622397154866,5187.67211783684,1.895],"pos_noise":[0.0,0.0,0.0],"spd":[-0.0,-0.0,0.0],"spd_noise":[0.0,0.0,0.0],"RSSI":7.591665156089286e-9}
{"type":3,"rcvTime":18059.222262108295,"sendTime":18059.222146311495,"sender":427,"messageID":196248,"pos":[5560.0,5820.0,1.895],"pos_noise":[0.0,0.0,0.0],"spd":[-0.035790232933250658,36.92726110167492,0.0],"spd_noise":[0.0,0.0,0.0],"RSSI":1.3900076500494087e-9}
{"type":2,"rcvTime":18059.3,"pos":[3569.958791868186,5185.789355966079,1.895],"noise":[0.0,0.0,0.0],"spd":[-0.19921621795126749,-0.47515823841762985,0.0],"spd_noise":[0.0,0.0,0.0]}
{"type":3,"rcvTime":18059.32596108489,"sendTime":18059.325846266467,"sender":205,"messageID":196487,"pos":[3177.115140579926,5259.262671355736,1.895],"pos_noise":[0.0,0.0,0.0],"spd":[0.0,-0.0,0.0],"spd_noise":[0.0,0.0,0.0],"RSSI":2.3111087647966069e-9}
{"type":3,"rcvTime":18059.370849814022,"sendTime":18059.37073226408,"sender":355,"messageID":196701,"pos":[3834.949170246346,5238.601336930608,1.895],"pos_noise":[0.0,0.0,0.0],"spd":[-1.6791982541542648,1.0751615676774833,0.0],"spd_noise":[0.0,0.0,0.0],"RSSI":2.1911101938143017e-9}
{"type":3,"rcvTime":18059.375591522166,"sendTime":18059.375476040692,"sender":433,"messageID":196786,"pos":[3588.8385816089937,5723.638110277666,1.895],"pos_noise":[0.0,0.0,0.0],"spd":[-1.2975577061914623,31.07752304803832,0.0],"spd_noise":[0.0,0.0,0.0],"RSSI":1.4018883978258405e-9}
{"type":2,"rcvTime":18059.4,"pos":[3569.9531001145835,5185.715522156775,1.895],"noise":[0.0,0.0,0.0],"spd":[-0.27999371807807219,-0.6855096472588437,0.0],"spd_noise":[0.0,0.0,0.0]}
{"type":2,"rcvTime":18059.5,"pos":[3569.9457511527168,5185.620190930774,1.895],"noise":[0.0,0.0,0.0],"spd":[-0.35093549579592239,-0.8893506593810955,0.0],"spd_noise":[0.0,0.0,0.0]}
{"type":3,"rcvTime":18059.51083295318,"sendTime":18059.510723795185,"sender":475,"messageID":197439,"pos":[5560.0,5820.0,1.895],"pos_noise":[0.0,0.0,0.0],"spd":[-4.1656190290624599,36.109409585604,0.0],"spd_noise":[0.0,0.0,0.0],"RSSI":5.85395475077996e-9}
{"type":3,"rcvTime":18059.551413480982,"sendTime":18059.551304920948,"sender":439,"messageID":197657,"pos":[5560.0,5820.0,1.895],"pos_noise":[0.0,0.0,0.0],"spd":[-1.2964729971532228,31.051543417247755,0.0],"spd_noise":[0.0,0.0,0.0],"RSSI":2.7572055772225088e-9}
{"type":3,"rcvTime":18059.55587959752,"sendTime":18059.555764711415,"sender":445,"messageID":197827,"pos":[3627.8277510053114,5218.190366800709,1.895],"pos_noise":[0.0,0.0,0.0],"spd":[15.713353420758962,2.095113789435009,0.0],"spd_noise":[0.0,0.0,0.0],"RSSI":3.645552514041347e-8}
{"type":2,"rcvTime":18059.6,"pos":[3569.9367249973477,5185.503103038221,1.895],"noise":[0.0,0.0,0.0],"spd":[-0.41498294541068289,-1.0985152985966598,0.0],"spd_noise":[0.0,0.0,0.0]}
{"type":2,"rcvTime":18059.7,"pos":[3569.9260506261068,5185.36463437888,1.895],"noise":[0.0,0.0,0.0],"spd":[-0.4682008652133899,-1.3074090026552257,0.0],"spd_noise":[0.0,0.0,0.0]}
{"type":2,"rcvTime":18059.8,"pos":[3569.9137997547697,5185.205715254611,1.895],"noise":[0.0,0.0,0.0],"spd":[-0.507476331018616,-1.5108653435074227,0.0],"spd_noise":[0.0,0.0,0.0]}
{"type":3,"rcvTime":18059.896483809465,"sendTime":18059.896373876367,"sender":109,"messageID":198607,"pos":[3948.69952651302,5260.042832103142,1.895],"pos_noise":[0.0,0.0,0.0],"spd":[4.6435725122088309e-14,6.56328157288624e-15,0.0],"spd_noise":[0.0,0.0,0.0],"RSSI":1.320722850853291e-9}
{"type":2,"rcvTime":18059.9,"pos":[3569.8996106950878,5185.021653821194,1.895],"noise":[0.0,0.0,0.0],"spd":[-0.5474990720558159,-1.7629091404900024,0.0],"spd_noise":[0.0,0.0,0.0]}
{"type":2,"rcvTime":18060.0,"pos":[3569.8839405232295,5184.818379301335,1.895],"noise":[0.0,0.0,0.0],"spd":[-0.5553608840882904,-1.9615572512783628,0.0],"spd_noise":[0.0,0.0,0.0]}
{"type":2,"rcvTime":18060.1,"pos":[3569.867059366485,5184.599395804354,1.895],"noise":[0.0,0.0,0.0],"spd":[-0.5409678005440857,-2.1285384824419095,0.0],"spd_noise":[0.0,0.0,0.0]}
{"type":2,"rcvTime":18060.2,"pos":[3569.8483785049727,5184.357066416463,1.895],"noise":[0.0,0.0,0.0],"spd":[-0.5284796054380511,-2.3721896299195235,0.0],"spd_noise":[0.0,0.0,0.0]}
{"type":3,"rcvTime":18060.20861718187,"sendTime":18060.208502494497,"sender":199,"messageID":199492,"pos":[3479.622397154866,5187.67211783684,1.895],"pos_noise":[0.0,0.0,0.0],"spd":[-0.0,-0.0,0.0],"spd_noise":[0.0,0.0,0.0],"RSSI":5.1008209025933167e-8}
{"type":2,"rcvTime":18060.3,"pos":[3569.8279931386016,5184.0926260772789,1.895],"noise":[0.0,0.0,0.0],"spd":[-0.49341558679603239,-2.6057937887734599,0.0],"spd_noise":[0.0,0.0,0.0]}
{"type":3,"rcvTime":18060.32596425068,"sendTime":18060.325846266467,"sender":205,"messageID":199799,"pos":[3177.2391461953959,5259.184487651155,1.895],"pos_noise":[0.0,0.0,0.0],"spd":[0.6150081327411463,-0.38775352215023148,0.0],"spd_noise":[0.0,0.0,0.0],"RSSI":1.2978488659165348e-9}
{"type":3,"rcvTime":18060.37084780921,"sendTime":18060.37073226408,"sender":355,"messageID":200021,"pos":[3833.7745372793144,5239.353434081231,1.895],"pos_noise":[0.0,0.0,0.0],"spd":[-0.7850238407731903,0.5026371729613903,0.0],"spd_noise":[0.0,0.0,0.0],"RSSI":1.0383740909014172e-8}
{"type":3,"rcvTime":18060.37559093879,"sendTime":18060.375476040692,"sender":433,"messageID":200102,"pos":[3587.7354425102455,5754.647369632618,1.895],"pos_noise":[0.0,0.0,0.0],"spd":[-0.1052734285319423,31.048923803033877,0.0],"spd_noise":[0.0,0.0,0.0],"RSSI":2.5888128304218249e-9}
{"type":2,"rcvTime":18060.4,"pos":[3569.806287204159,5183.811055240546,1.895],"noise":[0.0,0.0,0.0],"spd":[-0.43157853021038719,-2.7907266452794965,0.0],"spd_noise":[0.0,0.0,0.0]}
{"type":2,"rcvTime":18060.5,"pos":[3569.782852118966,5183.507053744352,1.895],"noise":[0.0,0.0,0.0],"spd":[-0.35777977332067775,-3.0277946614969366,0.0],"spd_noise":[0.0,0.0,0.0]}
{"type":3,"rcvTime":18060.510832489163,"sendTime":18060.510723795185,"sender":475,"messageID":200778,"pos":[5560.0,5820.0,1.895],"pos_noise":[0.0,0.0,0.0],"spd":[-4.162717376809727,36.084256793440847,0.0],"spd_noise":[0.0,0.0,0.0],"RSSI":2.9943839273996529e-9}
{"type":3,"rcvTime":18060.55587648317,"sendTime":18060.555764711415,"sender":445,"messageID":201162,"pos":[3643.547909842594,5220.286387979013,1.895],"pos_noise":[0.0,0.0,0.0],"spd":[15.675363953363269,2.090048527115424,0.0],"spd_noise":[0.0,0.0,0.0],"RSSI":3.301205947887405e-8}
{"type":2,"rcvTime":18060.6,"pos":[3569.7581361413565,5183.186436425867,1.895],"noise":[0.0,0.0,0.0],"spd":[-0.25882884060691449,-3.205067570282145,0.0],"spd_noise":[0.0,0.0,0.0]}
{"type":2,"rcvTime":18060.7,"pos":[3569.732349125302,5182.85192552487,1.895],"noise":[0.0,0.0,0.0],"spd":[-0.25785539774524937,-3.344917505945181,0.0],"spd_noise":[0.0,0.0,0.0]}
{"type":3,"rcvTime":18060.78247651464,"sendTime":18060.782360388293,"sender":331,"messageID":201637,"pos":[4096.28573165498,5269.49790834081,1.895],"pos_noise":[0.0,0.0,0.0],"spd":[-10.792570848578818,-2.454050034877546,0.0],"spd_noise":[0.0,0.0,0.0],"RSSI":2.0433335319575835e-9}
{"type":2,"rcvTime":18060.8,"pos":[3569.7049661216708,5182.496711366029,1.895],"noise":[0.0,0.0,0.0],"spd":[-0.27381435983002319,-3.5519382319875216,0.0],"spd_noise":[0.0,0.0,0.0]}
{"type":3,"rcvTime":18060.896480518306,"sendTime":18060.896373876367,"sender":109,"messageID":202000,"pos":[3948.69952651302,5260.042832103142,1.895],