{"type":2,"rcvTime":25297.7,"pos":[3612.887090867612,6077.737465774495,1.895],"noise":[0.0,0.0,0.0],"spd":[-3.4496050777088507,-29.969871929269748,0.0],"spd_noise":[0.0,0.0,0.0]}
{"type":2,"rcvTime":25297.8,"pos":[3612.54391913764,6074.756019329082,1.895],"noise":[0.0,0.0,0.0],"spd":[-3.435486101618253,-29.847207480535617,0.0],"spd_noise":[0.0,0.0,0.0]}
{"type":3,"rcvTime":25297.832290746075,"sendTime":25297.832182985312,"sender":2725,"messageID":6397920,"pos":[3581.020820406572,5872.904184689241,1.895],"pos_noise":[0.0,0.0,0.0],"spd":[-0.03232932354727318,33.391217482123007,0.0],"spd_noise":[0.0,0.0,0.0],"RSSI":2.42537234137857e-9}
{"type":3,"rcvTime":25297.876380746457,"sendTime":25297.876265275525,"sender":3025,"messageID":6399745,"pos":[3597.7592922464984,6001.39232062561,1.895],"pos_noise":[0.0,0.0,0.0],"spd":[-2.201058542806517,-33.15746670331919,0.0],"spd_noise":[0.0,0.0,0.0],"RSSI":2.9075445790177315e-8}
{"type":2,"rcvTime":25297.899999999998,"pos":[3612.1998206246378,6071.7665210724949,1.895],"noise":[0.0,0.0,0.0],"spd":[-3.4447641100926806,-29.927814019386188,0.0],"spd_noise":[0.0,0.0,0.0]}
{"type":3,"rcvTime":25297.980787785473,"sendTime":25297.98067617281,"sender":2755,"messageID":6408115,"pos":[3608.080379379479,5495.45250330764,1.895],"pos_noise":[0.0,0.0,0.0],"spd":[2.8351133523735725,-33.679829882699298,0.0],"spd_noise":[0.0,0.0,0.0],"RSSI":2.4172495830881655e-9}
{"type":2,"rcvTime":25298.0,"pos":[3611.855310881995,6068.773450088194,1.895],"noise":[0.0,0.0,0.0],"spd":[-3.448880922728841,-29.963580533141564,0.0],"spd_noise":[0.0,0.0,0.0]}
{"type":3,"rcvTime":25298.03205379302,"sendTime":25298.03194054649,"sender":2749,"messageID":6412394,"pos":[3589.1976500359085,5715.03814030328,1.895],"pos_noise":[0.0,0.0,0.0],"spd":[-1.251092980620698,29.96465648884447,0.0],"spd_noise":[0.0,0.0,0.0],"RSSI":2.359797650245001e-9}
{"type":3,"rcvTime":25298.050806795112,"sendTime":25298.050691758934,"sender":3007,"messageID":6414912,"pos":[3594.6841331464368,5955.067116872629,1.895],"pos_noise":[0.0,0.0,0.0],"spd":[-2.1932954581036818,-33.04052105310871,0.0],"spd_noise":[0.0,0.0,0.0],"RSSI":3.8518869704799538e-8}
{"type":2,"rcvTime":25298.1,"pos":[3611.5108072808704,6065.78043246087,1.895],"noise":[0.0,0.0,0.0],"spd":[-3.4488194401043339,-29.963046377399384,0.0],"spd_noise":[0.0,0.0,0.0]}
{"type":2,"rcvTime":25298.2,"pos":[3611.1666768271127,6062.790656705748,1.895],"noise":[0.0,0.0,0.0],"spd":[-3.445083868429595,-29.930592052288437,0.0],"spd_noise":[0.0,0.0,0.0]}
{"type":2,"rcvTime":25298.3,"pos":[3610.822625794452,6059.801570954283,1.895],"noise":[0.0,0.0,0.0],"spd":[-3.4442887852316379,-29.923684437915456,0.0],"spd_noise":[0.0,0.0,0.0]}
{"type":3,"rcvTime":25298.36945680027,"sendTime":25298.36934593511,"sender":3049,"messageID":6435148,"pos":[3440.320782262122,6270.518340798057,1.895],"pos_noise":[0.0,0.0,0.0],"spd":[-3.820024430033863,-33.14785225303261,0.0],"spd_noise":[0.0,0.0,0.0],"RSSI":1.3826407234981424e-7}
{"type":2,"rcvTime":25298.399999999998,"pos":[3610.4788615292848,6056.814976614107,1.895],"noise":[0.0,0.0,0.0],"spd":[-3.4414179609485004,-29.898742963700618,0.0],"spd_noise":[0.0,0.0,0.0]}
{"type":3,"rcvTime":25298.42106304236,"sendTime":25298.420955141075,"sender":2821,"messageID":6439274,"pos":[3600.3905495566048,5685.498421268394,1.895],"pos_noise":[0.0,0.0,0.0],"spd":[1.2939498992068757,-30.158759381964907,0.0],"spd_noise":[0.0,0.0,0.0],"RSSI":5.146478674007978e-9}
{"type":3,"rcvTime":25298.451165052542,"sendTime":25298.451049699586,"sender":2587,"messageID":6441448,"pos":[3682.775999948348,5939.644834248693,1.895],"pos_noise":[0.0,0.0,0.0],"spd":[2.1574027568355427,29.015017733108715,0.0],"spd_noise":[0.0,0.0,0.0],"RSSI":2.7579700517396018e-8}
{"type":2,"rcvTime":25298.5,"pos":[3610.1353554278759,6053.830625178438,1.895],"noise":[0.0,0.0,0.0],"spd":[-3.4388334881404094,-29.876289286454516,0.0],"spd_noise":[0.0,0.0,0.0]}
{"type":3,"rcvTime":25298.51921456488,"sendTime":25298.51910026856,"sender":2737,"messageID":6444365,"pos":[3585.920948167725,5921.753376515533,1.895],"pos_noise":[0.0,0.0,0.0],"spd":[1.4690844799749752,34.41961061920077,0.0],"spd_noise":[0.0,0.0,0.0],"RSSI":3.741146867700216e-9}
{"type":3,"rcvTime":25298.549108184645,"sendTime":25298.548996000038,"sender":3085,"messageID":6445106,"pos":[3605.688996872304,6072.888514938958,1.895],"pos_noise":[0.0,0.0,0.0],"spd":[-3.9976689140302126,-34.689343208630358,0.0],"spd_noise":[0.0,0.0,0.0],"RSSI":3.8587153369228095e-7}
{"type":3,"rcvTime":25298.590418869277,"sendTime":25298.590305571863,"sender":2815,"messageID":6447634,"pos":[3492.3623867289259,5714.855399867122,1.895],"pos_noise":[0.0,0.0,0.0],"spd":[-1.467464887541367,35.11106278919493,0.0],"spd_noise":[0.0,0.0,0.0],"RSSI":1.7236038242713268e-9}
{"type":2,"rcvTime":25298.6,"pos":[3609.7908407035909,6050.837510914061,1.895],"noise":[0.0,0.0,0.0],"spd":[-3.4489307938595199,-29.964013809231365,0.0],"spd_noise":[0.0,0.0,0.0]}
{"type":3,"rcvTime":25298.614245844463,"sendTime":25298.614127604476,"sender":2719,"messageID":6450125,"pos":[3584.1973556813807,5946.716044220043,1.895],"pos_noise":[0.0,0.0,0.0],"spd":[2.36631387867194,31.86962975106903,0.0],"spd_noise":[0.0,0.0,0.0],"RSSI":8.01912850226088e-8}
{"type":3,"rcvTime":25298.64213867767,"sendTime":25298.642020181098,"sender":2767,"messageID":6451042,"pos":[3584.4067997240374,5784.135023191306,1.895],"pos_noise":[0.0,0.0,0.0],"spd":[-0.03379014357316017,34.863630442298099,0.0],"spd_noise":[0.0,0.0,0.0],"RSSI":9.020478860589947e-9}
{"type":3,"rcvTime":25298.678659590885,"sendTime":25298.678545548206,"sender":2881,"messageID":6453641,"pos":[3591.166699430038,5758.180458234712,1.895],"pos_noise":[0.0,0.0,0.0],"spd":[-0.017442305786984328,-29.96806162894281,0.0],"spd_noise":[0.0,0.0,0.0],"RSSI":1.5018443999787864e-8}
{"type":2,"rcvTime":25298.7,"pos":[3609.4464429101878,6047.845412535116,1.895],"noise":[0.0,0.0,0.0],"spd":[-3.447760200875349,-29.95384379817074,0.0],"spd_noise":[0.0,0.0,0.0]}
{"type":2,"rcvTime":25298.8,"pos":[3609.1017910199968,6044.851106585154,1.895],"noise":[0.0,0.0,0.0],"spd":[-3.450303959315838,-29.975943752475926,0.0],"spd_noise":[0.0,0.0,0.0]}
{"type":3,"rcvTime":25298.82101682884,"sendTime":25298.820901478968,"sender":2791,"messageID":6462572,"pos":[3603.1367316675657,5632.76969304165,1.895],"pos_noise":[0.0,0.0,0.0],"spd":[2.5126840742552245,-29.845427695953963,0.0],"spd_noise":[0.0,0.0,0.0],"RSSI":6.076573784974731e-9}
{"type":3,"rcvTime":25298.832294840202,"sendTime":25298.832182985312,"sender":2725,"messageID":6463473,"pos":[3581.9535374905156,5906.13222546928,1.895],"pos_noise":[0.0,0.0,0.0],"spd":[1.410149160722078,32.95780777144032,0.0],"spd_noise":[0.0,0.0,0.0],"RSSI":2.6227730301610589e-9}
{"type":3,"rcvTime":25298.8763718403,"sendTime":25298.876265275525,"sender":3025,"messageID":6465241,"pos":[3595.560014094642,5968.261674314607,1.895],"pos_noise":[0.0,0.0,0.0],"spd":[-2.198119452929762,-33.113191290906808,0.0],"spd_noise":[0.0,0.0,0.0],"RSSI":6.738685699036767e-9}
{"type":2,"rcvTime":25298.899999999998,"pos":[3608.758110151935,6041.865236791852,1.895],"noise":[0.0,0.0,0.0],"spd":[-3.4405830740032754,-29.891489537798188,0.0],"spd_noise":[0.0,0.0,0.0]}
{"type":3,"rcvTime":25298.947970064764,"sendTime":25298.94785624016,"sender":3097,"messageID":6470744,"pos":[3609.24878671759,6074.970440706613,1.895],"pos_noise":[0.0,0.0,0.0],"spd":[-5.009136836276107,-43.49255504289779,0.0],"spd_noise":[0.0,0.0,0.0],"RSSI":2.1176071457928267e-7}
{"type":3,"rcvTime":25298.98236287275,"sendTime":25298.982245257914,"sender":2917,"messageID":6473998,"pos":[3611.0385519454819,5432.592334472398,1.895],"pos_noise":[0.0,0.0,0.0],"spd":[-3.436647760888875,29.77818724728636,0.0],"spd_noise":[0.0,0.0,0.0],"RSSI":2.2901282538429147e-9}
{"type":2,"rcvTime":25299.0,"pos":[3608.413871215818,6038.874518551332,1.895],"noise":[0.0,0.0,0.0],"spd":[-3.446169883404587,-29.940027256893189,0.0],"spd_noise":[0.0,0.0,0.0]}
{"type":3,"rcvTime":25299.032049883677,