{"type":2,"rcvTime":25298.8,"pos":[3609.7497022904,6079.319712613999,1.895],"noise":[0.0,0.0,0.0],"spd":[-5.001062939572186,-43.42245226709169,0.0],"spd_noise":[0.0,0.0,0.0]}
{"type":3,"rcvTime":25298.82101694383,"sendTime":25298.820901478968,"sender":2791,"messageID":6462572,"pos":[3603.1367316675657,5632.76969304165,1.895],"pos_noise":[0.0,0.0,0.0],"spd":[2.5126840742552245,-29.845427695953963,0.0],"spd_noise":[0.0,0.0,0.0],"RSSI":3.87928911019278e-9}
{"type":3,"rcvTime":25298.832294953794,"sendTime":25298.832182985312,"sender":2725,"messageID":6463473,"pos":[3581.9535374905156,5906.13222546928,1.895],"pos_noise":[0.0,0.0,0.0],"spd":[1.410149160722078,32.95780777144032,0.0],"spd_noise":[0.0,0.0,0.0],"RSSI":1.740963371212197e-8}
{"type":3,"rcvTime":25298.876371954324,"sendTime":25298.876265275525,"sender":3025,"messageID":6465241,"pos":[3595.560014094642,5968.261674314607,1.895],"pos_noise":[0.0,0.0,0.0],"spd":[-2.198119452929762,-33.113191290906808,0.0],"spd_noise":[0.0,0.0,0.0],"RSSI":3.9297943342468477e-8}
{"type":2,"rcvTime":25298.899999999998,"pos":[3609.24878671759,6074.970440706613,1.895],"noise":[0.0,0.0,0.0],"spd":[-5.009136836276107,-43.49255504289779,0.0],"spd_noise":[0.0,0.0,0.0]}
{"type":3,"rcvTime":25298.98236298317,"sendTime":25298.982245257914,"sender":2917,"messageID":6473998,"pos":[3611.0385519454819,5432.592334472398,1.895],"pos_noise":[0.0,0.0,0.0],"spd":[-3.436647760888875,29.77818724728636,0.0],"spd_noise":[0.0,0.0,0.0],"RSSI":1.6216481526909295e-9}
{"type":2,"rcvTime":25299.0,"pos":[3608.748938391244,6070.630435320999,1.895],"noise":[0.0,0.0,0.0],"spd":[-4.998464411893146,-43.3998901746603,0.0],"spd_noise":[0.0,0.0,0.0]}
{"type":3,"rcvTime":25299.032049989444,"sendTime":25299.03194054649,"sender":2749,"messageID":6477905,"pos":[3587.950283676149,5744.913541304596,1.895],"pos_noise":[0.0,0.0,0.0],"spd":[-1.2474368508986043,29.877089319323635,0.0],"spd_noise":[0.0,0.0,0.0],"RSSI":1.4514538949698744e-8}
{"type":3,"rcvTime":25299.05080299032,"sendTime":25299.050691758934,"sender":3007,"messageID":6480361,"pos":[3592.7176116146849,5921.9419591758819,1.895],"pos_noise":[0.0,0.0,0.0],"spd":[-1.2929448186698585,-33.09510135301253,0.0],"spd_noise":[0.0,0.0,0.0],"RSSI":2.3655030524542486e-9}
{"type":2,"rcvTime":25299.1,"pos":[3608.248201609523,6066.2827157931,1.895],"noise":[0.0,0.0,0.0],"spd":[-5.007348932129486,-43.477031306572417,0.0],"spd_noise":[0.0,0.0,0.0]}
{"type":2,"rcvTime":25299.2,"pos":[3607.7484402598777,6061.943465595267,1.895],"noise":[0.0,0.0,0.0],"spd":[-4.9975946481685888,-43.39233832532956,0.0],"spd_noise":[0.0,0.0,0.0]}
{"type":2,"rcvTime":25299.3,"pos":[3607.247907339738,6057.597516125029,1.895],"noise":[0.0,0.0,0.0],"spd":[-5.005310324004958,-43.45933079672039,0.0],"spd_noise":[0.0,0.0,0.0]}
{"type":3,"rcvTime":25299.334735625558,"sendTime":25299.334620723406,"sender":2851,"messageID":6498655,"pos":[3597.881350172633,5573.657770394484,1.895],"pos_noise":[0.0,0.0,0.0],"spd":[-2.446357680640403,29.86357595419836,0.0],"spd_noise":[0.0,0.0,0.0],"RSSI":5.225381598752796e-9}
{"type":3,"rcvTime":25299.369457958943,"sendTime":25299.36934593511,"sender":3049,"messageID":6499849,"pos":[3301.489933615408,5876.915841359322,1.895],"pos_noise":[0.0,0.0,0.0],"spd":[-2.19429386418777,-33.055561369321498,0.0],"spd_noise":[0.0,0.0,0.0],"RSSI":5.702342891404788e-8}
{"type":2,"rcvTime":25299.399999999998,"pos":[3606.7470629188489,6053.248862004483,1.895],"noise":[0.0,0.0,0.0],"spd":[-5.008425319754402,-43.48637719779281,0.0],"spd_noise":[0.0,0.0,0.0]}
{"type":3,"rcvTime":25299.421064179027,"sendTime":25299.420955141075,"sender":2821,"messageID":6503983,"pos":[3601.6831301912059,5655.371576044607,1.895],"pos_noise":[0.0,0.0,0.0],"spd":[1.2941258749193867,-30.162860938954954,0.0],"spd_noise":[0.0,0.0,0.0],"RSSI":9.234106190124087e-9}
{"type":3,"rcvTime":25299.45116618897,"sendTime":25299.451049699586,"sender":2587,"messageID":6506118,"pos":[3626.5485652844247,6141.183173348837,1.895],"pos_noise":[0.0,0.0,0.0],"spd":[3.056972064084366,28.929595863440765,0.0],"spd_noise":[0.0,0.0,0.0],"RSSI":1.2799162700186567e-7}
{"type":3,"rcvTime":25299.468606224407,"sendTime":25299.468493707755,"sender":3073,"messageID":6506871,"pos":[3730.5593364425919,5888.1074873707379,1.895],"pos_noise":[0.0,0.0,0.0],"spd":[-3.4383947904109779,-29.872477918343586,0.0],"spd_noise":[0.0,0.0,0.0],"RSSI":4.2167970040705648e-8}
{"type":2,"rcvTime":25299.5,"pos":[3606.247133398798,6048.908151642783,1.895],"noise":[0.0,0.0,0.0],"spd":[-4.99927634588031,-43.40693990893232,0.0],"spd_noise":[0.0,0.0,0.0]}
{"type":3,"rcvTime":25299.519209709513,"sendTime":25299.51910026856,"sender":2737,"messageID":6509077,"pos":[3588.1797092107715,5955.814793824311,1.895],"pos_noise":[0.0,0.0,0.0],"spd":[2.5142723344162776,33.81457455629487,0.0],"spd_noise":[0.0,0.0,0.0],"RSSI":9.615937903861603e-8}
{"type":3,"rcvTime":25299.5491037105,"sendTime":25299.548996000038,"sender":3085,"messageID":6509838,"pos":[3601.700692275205,6038.28042958608,1.895],"pos_noise":[0.0,0.0,0.0],"spd":[-3.9850728423818788,-34.58004214796572,0.0],"spd_noise":[0.0,0.0,0.0],"RSSI":0.00000260633668477486}
{"type":2,"rcvTime":25299.6,"pos":[3605.7470208077399,6044.56585174059,1.895],"noise":[0.0,0.0,0.0],"spd":[-5.001107049041812,-43.422835253912,0.0],"spd_noise":[0.0,0.0,0.0]}
{"type":3,"rcvTime":25299.61423704019,"sendTime":25299.614127604476,"sender":2719,"messageID":6514869,"pos":[3586.5523178190476,5978.43278817432,1.895],"pos_noise":[0.0,0.0,0.0],"spd":[2.340869220711902,31.526939867173135,0.0],"spd_noise":[0.0,0.0,0.0],"RSSI":2.2159281331402135e-9}
{"type":3,"rcvTime":25299.642130098535,"sendTime":25299.642020181098,"sender":2767,"messageID":6515805,"pos":[3584.3730679072834,5818.938473816336,1.895],"pos_noise":[0.0,0.0,0.0],"spd":[-0.033681629658196137,34.75166912371918,0.0],"spd_noise":[0.0,0.0,0.0],"RSSI":8.090271279925821e-9}
{"type":3,"rcvTime":25299.678661367656,"sendTime":25299.678545548206,"sender":2881,"messageID":6518405,"pos":[3591.953001281008,5728.220582441855,1.895],"pos_noise":[0.0,0.0,0.0],"spd":[1.2847430941081349,-29.889941373148074,0.0],"spd_noise":[0.0,0.0,0.0],"RSSI":2.182467424924644e-9}
{"type":2,"rcvTime":25299.7,"pos":[3605.246430173087,6040.219401155746,1.895],"noise":[0.0,0.0,0.0],"spd":[-5.00588746696289,-43.464341923885687,0.0],"spd_noise":[0.0,0.0,0.0]}
{"type":2,"rcvTime":25299.8,"pos":[3604.746618519964,6035.879714190696,1.895],"noise":[0.0,0.0,0.0],"spd":[-4.998097681044929,-43.396705981031079,0.0],"spd_noise":[0.0,0.0,0.0]}
{"type":3,"rcvTime":25299.832300353468,"sendTime":25299.832182985312,"sender":2725,"messageID":6528401,"pos":[3583.6146016642717,5938.867484936078,1.895],"pos_noise":[0.0,0.0,0.0],"spd":[2.4092029840653286,32.447262296624739,0.0],"spd_noise":[0.0,0.0,0.0],"RSSI":1.0437282783923601e-8}
{"type":3,"rcvTime":25299.876377395176,"sendTime":25299.876265275525,"sender":3025,"messageID":6530122,"pos":[3593.362617695332,5935.159375340205,1.895],"pos_noise":[0.0,0.0,0.0],"spd":[-2.1938993893985825,-33.049618871857379,0.0],"spd_noise":[0.0,0.0,0.0],"RSSI":3.3339597539493114e-9}
{"type":2,"rcvTime":25299.899999999998,"pos":[3604.246862877413,6031.54051354554,1.895],"noise":[0.0,0.0,0.0],"spd":[-4.997537577434216,-43.391842800424338,0.0],"spd_noise":[0.0,0.0,0.0]}
{"type":2,"rcvTime":25300.0,"pos":[3603.7460451754366,6027.192091415812,1.895],"noise":[0.0,0.0,0.0],"spd":[-5.008158131641478,-43.48405729836827,0.0],"spd_noise":[0.0,0.0,0.0]}
