{"type":2,"rcvTime":18059.1,"pos":[3575.859708871421,5195.191182084113,1.895],"noise":[0.0,0.0,0.0],"spd":[-0.0,-0.0,0.0],"spd_noise":[0.0,0.0,0.0]}
{"type":3,"rcvTime":18059.153455364703,"sendTime":18059.153338484,"sender":133,"messageID":183570,"pos":[3185.7284345794826,5251.193222408444,1.895],"pos_noise":[0.0,0.0,0.0],"spd":[-1.4594707761489712,0.583435781286479,0.0],"spd_noise":[0.0,0.0,0.0],"RSSI":6.060778690986181e-9}
{"type":3,"rcvTime":18059.189609515273,"sendTime":18059.189492940393,"sender":445,"messageID":183684,"pos":[3539.241659488806,4936.050223235997,1.895],"pos_noise":[0.0,0.0,0.0],"spd":[14.065964713972955,1.8754619618626778,0.0],"spd_noise":[0.0,0.0,0.0],"RSSI":1.5096544039935282e-9}
{"type":2,"rcvTime":18059.2,"pos":[3575.843452694099,5195.171141681906,1.895],"noise":[0.0,0.0,0.0],"spd":[-0.16255246672408817,-0.20039254914187105,0.0],"spd_noise":[0.0,0.0,0.0]}
{"type":2,"rcvTime":18059.3,"pos":[3575.8123376912506,5195.13278351446,1.895],"noise":[0.0,0.0,0.0],"spd":[-0.3111322154729878,-0.38355971481239095,0.0],"spd_noise":[0.0,0.0,0.0]}
{"type":2,"rcvTime":18059.4,"pos":[3575.767060508337,5195.076966397163,1.895],"noise":[0.0,0.0,0.0],"spd":[-0.4527459084154883,-0.5581392182437905,0.0],"spd_noise":[0.0,0.0,0.0]}
{"type":2,"rcvTime":18059.5,"pos":[3575.7071567041859,5195.00311777303,1.895],"noise":[0.0,0.0,0.0],"spd":[-0.5990037472056992,-0.7384439637680086,0.0],"spd_noise":[0.0,0.0,0.0]}
{"type":2,"rcvTime":18059.6,"pos":[3575.6332045958158,5194.911950583694,1.895],"noise":[0.0,0.0,0.0],"spd":[-0.7394787468866386,-0.9116197010801679,0.0],"spd_noise":[0.0,0.0,0.0]}
{"type":3,"rcvTime":18059.620073953647,"sendTime":18059.619955711998,"sender":151,"messageID":184889,"pos":[3822.42581302402,5267.159121027574,1.895],"pos_noise":[0.0,0.0,0.0],"spd":[0.0,-0.0,0.0],"spd_noise":[0.0,0.0,0.0],"RSSI":2.109776857709373e-9}
{"type":2,"rcvTime":18059.7,"pos":[3575.545985454824,5194.804427970537,1.895],"noise":[0.0,0.0,0.0],"spd":[-0.8721414778614736,-1.0751645759869133,0.0],"spd_noise":[0.0,0.0,0.0]}
{"type":3,"rcvTime":18059.74544338414,"sendTime":18059.7453344306,"sender":163,"messageID":185217,"pos":[3182.9695001218935,5248.738499548382,1.895],"pos_noise":[0.0,0.0,0.0],"spd":[-0.0,0.0,0.0],"spd_noise":[0.0,0.0,0.0],"RSSI":1.5671821836739204e-9}
{"type":3,"rcvTime":18059.75900379466,"sendTime":18059.75888758912,"sender":505,"messageID":185418,"pos":[3633.599253461026,5215.2113060286569,1.895],"pos_noise":[0.0,0.0,0.0],"spd":[-4.800440440318764,30.776066717920498,0.0],"spd_noise":[0.0,0.0,0.0],"RSSI":2.2017042259513507e-8}
{"type":2,"rcvTime":18059.8,"pos":[3575.4447681951517,5194.6796486602529,1.895],"noise":[0.0,0.0,0.0],"spd":[-1.0121146508928869,-1.2477216679863608,0.0],"spd_noise":[0.0,0.0,0.0]}
{"type":2,"rcvTime":18059.9,"pos":[3575.3271890332068,5194.534698611429,1.895],"noise":[0.0,0.0,0.0],"spd":[-1.1757243065943977,-1.4494175058342467,0.0],"spd_noise":[0.0,0.0,0.0]}
{"type":3,"rcvTime":18059.916976328106,"sendTime":18059.91686133435,"sender":49,"messageID":185806,"pos":[4011.76159974862,5251.788085298978,1.895],"pos_noise":[0.0,0.0,0.0],"spd":[-4.528892260695775,-0.7837164267060263,0.0],"spd_noise":[0.0,0.0,0.0],"RSSI":1.44175167306563e-9}
{"type":3,"rcvTime":18059.951983066585,"sendTime":18059.951876434592,"sender":463,"messageID":185869,"pos":[3535.391766026752,5206.679912740038,1.895],"pos_noise":[0.0,0.0,0.0],"spd":[13.573138506837014,1.6723586748256457,0.0],"spd_noise":[0.0,0.0,0.0],"RSSI":1.1697991999025437e-7}
{"type":2,"rcvTime":18060.0,"pos":[3575.19507835276,5194.371834297173,1.895],"noise":[0.0,0.0,0.0],"spd":[-1.3210311724736637,-1.6285499044266905,0.0],"spd_noise":[0.0,0.0,0.0]}
{"type":2,"rcvTime":18060.1,"pos":[3575.047551620681,5194.189965276643,1.895],"noise":[0.0,0.0,0.0],"spd":[-1.4751828632641964,-1.818586087171767,0.0],"spd_noise":[0.0,0.0,0.0]}
{"type":3,"rcvTime":18060.189600548936,"sendTime":18060.189492940393,"sender":445,"messageID":186661,"pos":[3413.3816987802067,5488.278187835326,1.895],"pos_noise":[0.0,0.0,0.0],"spd":[14.027168115091142,1.8702890820117704,0.0],"spd_noise":[0.0,0.0,0.0],"RSSI":3.41058195732488e-8}
{"type":2,"rcvTime":18060.2,"pos":[3574.8907094157659,5193.9966122633709,1.895],"noise":[0.0,0.0,0.0],"spd":[-1.5683322586156743,-1.9334194401297425,0.0],"spd_noise":[0.0,0.0,0.0]}
{"type":2,"rcvTime":18060.3,"pos":[3574.724494557801,5193.791704766339,1.895],"noise":[0.0,0.0,0.0],"spd":[-1.6620534233632234,-2.048957662900217,0.0],"spd_noise":[0.0,0.0,0.0]}
{"type":2,"rcvTime":18060.4,"pos":[3574.5466407033929,5193.572448867134,1.895],"noise":[0.0,0.0,0.0],"spd":[-1.7784367245956896,-2.1924334703211159,0.0],"spd_noise":[0.0,0.0,0.0]}
{"type":2,"rcvTime":18060.5,"pos":[3574.354893263256,5193.336065137654,1.895],"noise":[0.0,0.0,0.0],"spd":[-1.9173646279410504,-2.363701967559796,0.0],"spd_noise":[0.0,0.0,0.0]}
{"type":2,"rcvTime":18060.6,"pos":[3574.1527416483106,5193.0868552779179,1.895],"noise":[0.0,0.0,0.0],"spd":[-2.02140041975605,-2.4919559273059268,0.0],"spd_noise":[0.0,0.0,0.0]}
{"type":3,"rcvTime":18060.62006489855,"sendTime":18060.619955711998,"sender":151,"messageID":187875,"pos":[3822.42581302402,5267.159121027574,1.895],"pos_noise":[0.0,0.0,0.0],"spd":[0.0,-0.0,0.0],"spd_noise":[0.0,0.0,0.0],"RSSI":2.419999931156318e-9}
{"type":2,"rcvTime":18060.7,"pos":[3573.9397862261196,5192.824326626298,1.895],"noise":[0.0,0.0,0.0],"spd":[-2.129432307136583,-2.625136221257354,0.0],"spd_noise":[0.0,0.0,0.0]}
{"type":3,"rcvTime":18060.74545303107,"sendTime":18060.7453344306,"sender":163,"messageID":188208,"pos":[3182.3439104082747,5248.988533793309,1.895],"pos_noise":[0.0,0.0,0.0],"spd":[-1.5330305307147197,0.6127180847981265,0.0],"spd_noise":[0.0,0.0,0.0],"RSSI":5.3750934381802389e-9}
{"type":3,"rcvTime":18060.759000545273,"sendTime":18060.75888758912,"sender":505,"messageID":188389,"pos":[3628.617750472979,5247.148181451177,1.895],"pos_noise":[0.0,0.0,0.0],"spd":[-5.110414141730047,32.76333672658018,0.0],"spd_noise":[0.0,0.0,0.0],"RSSI":2.1772846037972236e-8}
{"type":2,"rcvTime":18060.8,"pos":[3573.714145087516,5192.546159189857,1.895],"noise":[0.0,0.0,0.0],"spd":[-2.2562822088212024,-2.7815151164482208,0.0],"spd_noise":[0.0,0.0,0.0]}
{"type":2,"rcvTime":18060.9,"pos":[3573.473540561602,5192.249545085779,1.895],"noise":[0.0,0.0,0.0],"spd":[-2.4059075155419178,-2.9659712322746576,0.0],"spd_noise":[0.0,0.0,0.0]}
{"type":3,"rcvTime":18060.916973020714,"sendTime":18060.91686133435,"sender":49,"messageID":188781,"pos":[4008.370120609547,5251.324881041512,1.895],"pos_noise":[0.0,0.0,0.0],"spd":[-2.545770376706564,-0.4002468003007589,0.0],"spd_noise":[0.0,0.0,0.0],"RSSI":4.304195225540051e-9}
{"type":3,"rcvTime":18060.951989193607,"sendTime":18060.951876434592,"sender":463,"messageID":188844,"pos":[3548.9725712096876,5208.353254248765,1.895],"pos_noise":[0.0,0.0,0.0],"spd":[13.568594883440058,1.6718370323196046,0.0],"spd_noise":[0.0,0.0,0.0],"RSSI":2.2769444030090816e-8}
{"type":2,"rcvTime":18061.0,"pos":[3573.2226891531356,5191.940298759276,1.895],"noise":[0.0,0.0,0.0],"spd":[-2.5083704748355934,-3.0922862247152809,0.0],"spd_noise":[0.0,0.0,0.0]}
{"type":2,"rcvTime":18061.1,"pos":[3572.962138373832,5191.61909517561,1.895],"noise":[0.0,0.0,0.0],"spd":[-2.605358630408424,-3.2118519509303518,0.0],"spd_noise":[0.0,0.0,0.0]}
{"type":3,"rcvTime":18061.189603756015,"sendTime":18061.189492940393,"sender":445,"messageID":189620,"pos":[3572.003599202648,5456.261680210484,1.895],"pos_noise":[0.0,0.0,0.0],"spd":[14.047203035514551,1.8729604047377529,0.0],"spd_noise":[0.0,0.0,0.0],"RSSI":3.737919510836096e-9}
{"type":2,"rcvTime":18061.2,"pos":[3572.6864774230218,5191.279263970677,1.895],"noise":[0.0,0.0,0.0],"spd":[-2.7564516950671025,-3.3981174994919285,0.0],"spd_noise":[0.0,0.0,0.0]}
{"type":2,"rcvTime":18061.3,"pos":[3572.3979871159774,5190.923616903631,1.895],"noise":[0.0,0.0,0.0],"spd":[-2.884737912735903,-3.5562670661923079,0.0],"spd_noise":[0.0,0.0,0.0]}
{"type":2,"rcvTime":18061.4,