{"type":2,"rcvTime":18000.0,"pos":[3601.9836291220028,6070.599335217665,1.895],"noise":[0.0,0.0,0.0],"spd":[3.260469111000696,30.87578833839699,0.0],"spd_noise":[0.0,0.0,0.0]}
{"type":3,"rcvTime":18000.03428832739,"sendTime":18000.03417131002,"sender":37,"messageID":228,"pos":[3595.850749905902,5972.641413787151,1.895],"pos_noise":[0.0,0.0,0.0],"spd":[-1.987876804006321,-29.946027176131414,0.0],"spd_noise":[0.0,0.0,0.0],"RSSI":1.0646365341547262e-7}
{"type":3,"rcvTime":18000.091664332103,"sendTime":18000.09155644034,"sender":121,"messageID":292,"pos":[3592.959931449648,5975.602654494759,1.895],"pos_noise":[0.0,0.0,0.0],"spd":[2.499489777731647,33.56827722218507,0.0],"spd_noise":[0.0,0.0,0.0],"RSSI":2.7869463710469209e-8}
{"type":2,"rcvTime":18000.1,"pos":[3602.3100810958278,6073.690749889397,1.895],"noise":[0.0,0.0,0.0],"spd":[3.2684420230450308,30.95128972679873,0.0],"spd_noise":[0.0,0.0,0.0]}
{"type":2,"rcvTime":18000.2,"pos":[3602.6361445557879,6076.778485436607,1.895],"noise":[0.0,0.0,0.0],"spd":[3.2645522164429234,30.914454277310179,0.0],"spd_noise":[0.0,0.0,0.0]}
{"type":2,"rcvTime":18000.3,"pos":[3602.962568048976,6079.869630404174,1.895],"noise":[0.0,0.0,0.0],"spd":[3.2681568744863944,30.948589444678615,0.0],"spd_noise":[0.0,0.0,0.0]}
