{"type":2,"rcvTime":10898.6,"pos":[3645.588507263223,5181.166251531654,1.895],"noise":[0.0,0.0,0.0],"spd":[-5.126173422536341,32.8618125887953,0.0],"spd_noise":[0.0,0.0,0.0]}
{"type":2,"rcvTime":10898.699999999999,"pos":[3645.078271314487,5184.437166645394,1.895],"noise":[0.0,0.0,0.0],"spd":[-5.10848991652883,32.748450825078368,0.0],"spd_noise":[0.0,0.0,0.0]}
{"type":2,"rcvTime":10898.8,"pos":[3644.5678254101087,5187.709427699354,1.895],"noise":[0.0,0.0,0.0],"spd":[-5.110591995549199,32.76192639859496,0.0],"spd_noise":[0.0,0.0,0.0]}
{"type":3,"rcvTime":10898.837734396016,"sendTime":10898.837617860083,"sender":205,"messageID":32937,"pos":[3632.348081488955,5348.364757697134,1.895],"pos_noise":[0.0,0.0,0.0],"spd":[3.78297208686272,-30.535471448267605,0.0],"spd_noise":[0.0,0.0,0.0],"RSSI":8.592164774318146e-9}
{"type":2,"rcvTime":10898.9,"pos":[3644.0567150965655,5190.985948010198,1.895],"noise":[0.0,0.0,0.0],"spd":[-5.117244069997679,32.804570141948939,0.0],"spd_noise":[0.0,0.0,0.0]}
{"type":2,"rcvTime":10899.0,"pos":[3643.545296108022,5194.264447110909,1.895],"noise":[0.0,0.0,0.0],"spd":[-5.120334528699325,32.824381815556098,0.0],"spd_noise":[0.0,0.0,0.0]}
{"type":3,"rcvTime":10899.021467984208,"sendTime":10899.021352465032,"sender":127,"messageID":32990,"pos":[4172.146562946082,5300.477665925467,1.895],"pos_noise":[0.0,0.0,0.0],"spd":[14.364868354231169,3.275848124571287,0.0],"spd_noise":[0.0,0.0,0.0],"RSSI":2.297765257161942e-9}
{"type":2,"rcvTime":10899.1,"pos":[3643.031977390493,5197.555124601372,1.895],"noise":[0.0,0.0,0.0],"spd":[-5.1393546435887249,32.94631203510951,0.0],"spd_noise":[0.0,0.0,0.0]}
{"type":3,"rcvTime":10899.131808671877,"sendTime":10899.131694527669,"sender":223,"messageID":33049,"pos":[3636.66431731373,5238.375603118891,1.895],"pos_noise":[0.0,0.0,0.0],"spd":[-5.08065105183306,32.56998718779768,0.0],"spd_noise":[0.0,0.0,0.0],"RSSI":4.6416928410390247e-8}
{"type":2,"rcvTime":10899.199999999999,"pos":[3642.521550595836,5200.827263150681,1.895],"noise":[0.0,0.0,0.0],"spd":[-5.110400668732702,32.76069988020225,0.0],"spd_noise":[0.0,0.0,0.0]}
{"type":2,"rcvTime":10899.3,"pos":[3642.009574313782,5204.109334833388,1.895],"noise":[0.0,0.0,0.0],"spd":[-5.12591415962159,32.86015055971171,0.0],"spd_noise":[0.0,0.0,0.0]}
{"type":3,"rcvTime":10899.30702996838,"sendTime":10899.306914015628,"sender":187,"messageID":33101,"pos":[3641.589149223061,5283.451273967024,1.895],"pos_noise":[0.0,0.0,0.0],"spd":[4.436072300036144,-28.17979906973108,0.0],"spd_noise":[0.0,0.0,0.0],"RSSI":9.033426515378793e-8}
{"type":2,"rcvTime":10899.4,"pos":[3641.50002089665,5207.375874514656,1.895],"noise":[0.0,0.0,0.0],"spd":[-5.101656399948951,32.704643930013677,0.0],"spd_noise":[0.0,0.0,0.0]}
{"type":2,"rcvTime":10899.5,"pos":[3640.988167917729,5210.657155751139,1.895],"noise":[0.0,0.0,0.0],"spd":[-5.124679646821427,32.85223660033123,0.0],"spd_noise":[0.0,0.0,0.0]}
{"type":2,"rcvTime":10899.6,"pos":[3640.4759671974336,5213.940666216117,1.895],"noise":[0.0,0.0,0.0],"spd":[-5.128161238638767,32.874555669231458,0.0],"spd_noise":[0.0,0.0,0.0]}
{"type":2,"rcvTime":10899.699999999999,"pos":[3639.9649848552564,5217.216366154591,1.895],"noise":[0.0,0.0,0.0],"spd":[-5.115962818777618,32.79635656156406,0.0],"spd_noise":[0.0,0.0,0.0]}
{"type":2,"rcvTime":10899.8,"pos":[3639.452964987097,5220.498717250091,1.895],"noise":[0.0,0.0,0.0],"spd":[-5.126350544358997,32.8629480447508,0.0],"spd_noise":[0.0,0.0,0.0]}
{"type":3,"rcvTime":10899.83772319701,"sendTime":10899.837617860083,"sender":205,"messageID":33210,"pos":[3636.140687199845,5318.062198827763,1.895],"pos_noise":[0.0,0.0,0.0],"spd":[3.988987922831767,-30.297362000588394,0.0],"spd_noise":[0.0,0.0,0.0],"RSSI":1.324096694707782e-8}
{"type":2,"rcvTime":10899.9,"pos":[3638.9417749083106,5223.775748903464,1.895],"noise":[0.0,0.0,0.0],"spd":[-5.118042680803057,32.809689710948799,0.0],"spd_noise":[0.0,0.0,0.0]}
{"type":2,"rcvTime":10900.0,"pos":[3638.4306584886237,5227.052308358314,1.895],"noise":[0.0,0.0,0.0],"spd":[-5.117305204804191,32.804962052325098,0.0],"spd_noise":[0.0,0.0,0.0]}
