{"type":2,"rcvTime":18094.2,"pos":[3612.871027410298,6077.597907840299,1.895],"noise":[0.0,0.0,0.0],"spd":[-3.1230795891874338,-27.13304659645558,0.0],"spd_noise":[0.0,0.0,0.0]}
{"type":2,"rcvTime":18094.3,"pos":[3612.5591962956339,6074.88874596248,1.895],"noise":[0.0,0.0,0.0],"spd":[-3.121735757688249,-27.121371504090495,0.0],"spd_noise":[0.0,0.0,0.0]}
{"type":3,"rcvTime":18094.35658707744,"sendTime":18094.356474347784,"sender":625,"messageID":292738,"pos":[12505.05042180419,8482.106048846617,1.895],"pos_noise":[0.0,0.0,0.0],"spd":[-2.3432290842714078,-35.31810255788166,0.0],"spd_noise":[0.0,0.0,0.0],"RSSI":3.14617501007576e-8}
{"type":2,"rcvTime":18094.399999999998,"pos":[3612.246822452961,6072.1748689104529,1.895],"noise":[0.0,0.0,0.0],"spd":[-3.1271689981504928,-27.168575029464046,0.0],"spd_noise":[0.0,0.0,0.0]}
{"type":2,"rcvTime":18094.5,"pos":[3611.9349832991736,6069.465637189423,1.895],"noise":[0.0,0.0,0.0],"spd":[-3.1218162372103999,-27.12207070324451,0.0],"spd_noise":[0.0,0.0,0.0]}
{"type":2,"rcvTime":18094.6,"pos":[3611.623211762053,6066.75699291618,1.895],"noise":[0.0,0.0,0.0],"spd":[-3.1211393279508159,-27.1161897738742,0.0],"spd_noise":[0.0,0.0,0.0]}
{"type":2,"rcvTime":18094.7,"pos":[3611.3104221759724,6064.039503921215,1.895],"noise":[0.0,0.0,0.0],"spd":[-3.131330998034969,-27.204734126136765,0.0],"spd_noise":[0.0,0.0,0.0]}
{"type":2,"rcvTime":18094.8,"pos":[3610.9981044969256,6061.3261148139349,1.895],"noise":[0.0,0.0,0.0],"spd":[-3.126606745087235,-27.163690223256354,0.0],"spd_noise":[0.0,0.0,0.0]}
{"type":2,"rcvTime":18094.899999999998,"pos":[3610.6851876019475,6058.6075197702289,1.895],"noise":[0.0,0.0,0.0],"spd":[-3.132605485149314,-27.21580676046788,0.0],"spd_noise":[0.0,0.0,0.0]}
{"type":2,"rcvTime":18095.0,"pos":[3610.3720190870515,6055.886738674341,1.895],"noise":[0.0,0.0,0.0],"spd":[-3.1351244476826509,-27.23769129008744,0.0],"spd_noise":[0.0,0.0,0.0]}
{"type":3,"rcvTime":18095.029888461835,"sendTime":18095.029778971708,"sender":613,"messageID":294739,"pos":[3606.0953668687504,5417.917515889061,1.895],"pos_noise":[0.0,0.0,0.0],"spd":[-4.253419478365952,36.870502322050047,0.0],"spd_noise":[0.0,0.0,0.0],"RSSI":1.4465105568274642e-9}
{"type":3,"rcvTime":18095.06650346512,"sendTime":18095.06639488507,"sender":601,"messageID":294872,"pos":[3591.1880023035507,5794.781457787565,1.895],"pos_noise":[0.0,0.0,0.0],"spd":[-0.023438709446461035,-40.270632668938748,0.0],"spd_noise":[0.0,0.0,0.0],"RSSI":5.020553047564212e-9}
{"type":2,"rcvTime":18095.1,"pos":[3610.060106807381,6053.17687164194,1.895],"noise":[0.0,0.0,0.0],"spd":[-3.1225482991216739,-27.128430794110188,0.0],"spd_noise":[0.0,0.0,0.0]}
{"type":3,"rcvTime":18095.1170625486,"sendTime":18095.116947548093,"sender":631,"messageID":295157,"pos":[3599.654304129324,5980.07044210495,1.895],"pos_noise":[0.0,0.0,0.0],"spd":[-2.4233715326197848,-36.516233152624668,0.0],"spd_noise":[0.0,0.0,0.0],"RSSI":3.5971984473651436e-9}
{"type":3,"rcvTime":18095.169149598845,"sendTime":18095.169042098383,"sender":577,"messageID":295528,"pos":[3594.3453020877457,5672.562971836132,1.895],"pos_noise":[0.0,0.0,0.0],"spd":[1.681653394082681,-39.124181005168768,0.0],"spd_noise":[0.0,0.0,0.0],"RSSI":2.018373732089867e-9}
{"type":2,"rcvTime":18095.2,"pos":[3609.748080314883,6050.466012338321,1.895],"noise":[0.0,0.0,0.0],"spd":[-3.123691681718082,-27.13836440367087,0.0],"spd_noise":[0.0,0.0,0.0]}
{"type":2,"rcvTime":18095.3,"pos":[3609.436166119965,6047.756128666418,1.895],"noise":[0.0,0.0,0.0],"spd":[-3.122567472628425,-27.128597371880418,0.0],"spd_noise":[0.0,0.0,0.0]}
{"type":3,"rcvTime":18095.335444029202,"sendTime":18095.335327565717,"sender":619,"messageID":296077,"pos":[3894.812857005745,1626.5641519566999,1.895],"pos_noise":[0.0,0.0,0.0],"spd":[-1.349478726741876,-34.46762515868375,0.0],"spd_noise":[0.0,0.0,0.0],"RSSI":1.2888610408400304e-9}
{"type":3,"rcvTime":18095.356589029267,"sendTime":18095.356474347784,"sender":625,"messageID":296151,"pos":[6759.896316211671,1868.4379296610132,1.895],"pos_noise":[0.0,0.0,0.0],"spd":[-2.333882092457439,-35.17722089256628,0.0],"spd_noise":[0.0,0.0,0.0],"RSSI":7.776349445663892e-8}
{"type":2,"rcvTime":18095.399999999998,"pos":[3609.123002732956,6045.035392121171,1.895],"noise":[0.0,0.0,0.0],"spd":[-3.135073112496483,-27.2372452944096,0.0],"spd_noise":[0.0,0.0,0.0]}
{"type":2,"rcvTime":18095.5,"pos":[3608.811051729033,6042.325188655793,1.895],"noise":[0.0,0.0,0.0],"spd":[-3.1229359669320129,-27.13179881867104,0.0],"spd_noise":[0.0,0.0,0.0]}
{"type":2,"rcvTime":18095.6,"pos":[3608.498742308788,6039.6118713002729,1.895],"noise":[0.0,0.0,0.0],"spd":[-3.1265240663676745,-27.162971917658849,0.0],"spd_noise":[0.0,0.0,0.0]}
{"type":2,"rcvTime":18095.7,"pos":[3608.186196599921,6036.896501089546,1.895],"noise":[0.0,0.0,0.0],"spd":[-3.1288895475720737,-27.18352301471197,0.0],"spd_noise":[0.0,0.0,0.0]}
{"type":2,"rcvTime":18095.8,"pos":[3607.873691863139,6034.181486840763,1.895],"noise":[0.0,0.0,0.0],"spd":[-3.1284793767604786,-27.17995948601355,0.0],"spd_noise":[0.0,0.0,0.0]}
{"type":2,"rcvTime":18095.899999999998,"pos":[3607.5616049444577,6031.470102559669,1.895],"noise":[0.0,0.0,0.0],"spd":[-3.1242966071643458,-27.143619943868339,0.0],"spd_noise":[0.0,0.0,0.0]}
{"type":2,"rcvTime":18096.0,"pos":[3607.2494977610247,6028.758542220157,1.895],"noise":[0.0,0.0,0.0],"spd":[-3.1244994772328629,-27.14538246155798,0.0],"spd_noise":[0.0,0.0,0.0]}
{"type":2,"rcvTime":18096.1,"pos":[3606.9376724712844,6026.049430948781,1.895],"noise":[0.0,0.0,0.0],"spd":[-3.1216774444732957,-27.12086488389932,0.0],"spd_noise":[0.0,0.0,0.0]}
{"type":3,"rcvTime":18096.117062990226,"sendTime":18096.116947548093,"sender":631,"messageID":298575,"pos":[3597.2279253870426,5943.50889523639,1.895],"pos_noise":[0.0,0.0,0.0],"spd":[-2.4220340774875779,-36.4960798980947,0.0],"spd_noise":[0.0,0.0,0.0],"RSSI":2.7600691397700069e-8}
{"type":3,"rcvTime":18096.16915005735,"sendTime":18096.169042098383,"sender":577,"messageID":298930,"pos":[3596.46476134527,5633.440650782244,1.895],"pos_noise":[0.0,0.0,0.0],"spd":[3.2783296930721996,-38.94503416225967,0.0],"spd_noise":[0.0,0.0,0.0],"RSSI":3.9596109482249498e-9}
{"type":2,"rcvTime":18096.2,"pos":[3606.624928637243,6023.3323394435969,1.895],"noise":[0.0,0.0,0.0],"spd":[-3.1308729751785817,-27.200754862998644,0.0],"spd_noise":[0.0,0.0,0.0]}
{"type":2,"rcvTime":18096.3,"pos":[3606.3122738543836,6020.61602160741,1.895],"noise":[0.0,0.0,0.0],"spd":[-3.12998148538163,-27.193009676387765,0.0],"spd_noise":[0.0,0.0,0.0]}
{"type":3,"rcvTime":18096.335440063365,"sendTime":18096.335327565717,"sender":619,"messageID":299462,"pos":[3434.559793015942,8748.122845310718,1.895],"pos_noise":[0.0,0.0,0.0],"spd":[-0.020141836488155843,-34.57094459992697,0.0],"spd_noise":[0.0,0.0,0.0],"RSSI":3.1075016382849596e-9}
{"type":3,"rcvTime":18096.356585063408,"sendTime":18096.356474347784,"sender":625,"messageID":299536,"pos":[7885.493978783488,2310.355168301612,1.895],"pos_noise":[0.0,0.0,0.0],"spd":[-1.3805102627148845,-35.1839438779257,0.0],"spd_noise":[0.0,0.0,0.0],"RSSI":7.826919320178404e-8}
{"type":2,"rcvTime":18096.399999999998,"pos":[3605.999236858063,6017.896383133584,1.895],"noise":[0.0,0.0,0.0],"spd":[-3.133807817554162,-27.22625252088914,0.0],"spd_noise":[0.0,0.0,0.0]}
{"type":2,"rcvTime":18096.5,"pos":[3605.687280478145,6015.186132962029,1.895],"noise":[0.0,0.0,0.0],"spd":[-3.1229897859181667,-27.132266393389324,0.0],"spd_noise":[0.0,0.0,0.0]}
{"type":2,"rcvTime":18096.6,"pos":[3605.3742897552235,6012.466896507506,1.895],"noise":[0.0,0.0,0.0],"spd":[-3.1333445753831734,-27.222227912783617,0.0],"spd_noise":[0.0,0.0,0.0]}
{"type":2,"rcvTime":18096.7,"pos":[3605.062203524608,6009.755518204269,1.895],"noise":[0.0,0.0,0.0],"spd":[-3.1242897189486467,-27.143560099643368,0.0],"spd_noise":[0.0,0.0,0.0]}
{"type":2,"rcvTime":18096.8,"pos":[3604.7536356823077,6007.034074413175,1.895],"noise":[0.0,0.0,0.0],"spd":[-3.107245645043182,-27.243350478149897,0.0],"spd_noise":[0.0,0.0,0.0]}
{"type":2,