{"type":2,"rcvTime":18059.1,"pos":[3575.859708871421,5195.191182084113,1.895],"noise":[0.0,0.0,0.0],"spd":[-0.0,-0.0,0.0],"spd_noise":[0.0,0.0,0.0]}
{"type":3,"rcvTime":18059.153453575993,"sendTime":18059.153338484,"sender":133,"messageID":182917,"pos":[3185.7284345794826,5251.193222408444,1.895],"pos_noise":[0.0,0.0,0.0],"spd":[-1.4594707761489712,0.583435781286479,0.0],"spd_noise":[0.0,0.0,0.0],"RSSI":3.2765092765010187e-9}
{"type":2,"rcvTime":18059.2,"pos":[3575.843452694099,5195.171141681906,1.895],"noise":[0.0,0.0,0.0],"spd":[-0.16255246672408817,-0.20039254914187105,0.0],"spd_noise":[0.0,0.0,0.0]}
{"type":2,"rcvTime":18059.3,"pos":[3575.8123376912506,5195.13278351446,1.895],"noise":[0.0,0.0,0.0],"spd":[-0.3111322154729878,-0.38355971481239095,0.0],"spd_noise":[0.0,0.0,0.0]}
{"type":3,"rcvTime":18059.30515797478,"sendTime":18059.305047712194,"sender":505,"messageID":183311,"pos":[3635.5003500048994,5203.023200624816,1.895],"pos_noise":[0.0,0.0,0.0],"spd":[-4.671499435509859,29.949414035537449,0.0],"spd_noise":[0.0,0.0,0.0],"RSSI":4.213888649148404e-8}
{"type":2,"rcvTime":18059.4,"pos":[3575.767060508337,5195.076966397163,1.895],"noise":[0.0,0.0,0.0],"spd":[-0.4527459084154883,-0.5581392182437905,0.0],"spd_noise":[0.0,0.0,0.0]}
{"type":3,"rcvTime":18059.403393009336,"sendTime":18059.40328114382,"sender":445,"messageID":183578,"pos":[3616.576654987943,5216.690220665059,1.895],"pos_noise":[0.0,0.0,0.0],"spd":[13.991752753082377,1.865567033743936,0.0],"spd_noise":[0.0,0.0,0.0],"RSSI":1.0348149870955893e-8}
{"type":2,"rcvTime":18059.5,"pos":[3575.7071567041859,5195.00311777303,1.895],"noise":[0.0,0.0,0.0],"spd":[-0.5990037472056992,-0.7384439637680086,0.0],"spd_noise":[0.0,0.0,0.0]}
{"type":2,"rcvTime":18059.6,"pos":[3575.6332045958158,5194.911950583694,1.895],"noise":[0.0,0.0,0.0],"spd":[-0.7394787468866386,-0.9116197010801679,0.0],"spd_noise":[0.0,0.0,0.0]}
{"type":3,"rcvTime":18059.620066724536,"sendTime":18059.619955711998,"sender":151,"messageID":184341,"pos":[3822.42581302402,5267.159121027574,1.895],"pos_noise":[0.0,0.0,0.0],"spd":[0.0,-0.0,0.0],"spd_noise":[0.0,0.0,0.0],"RSSI":9.207833669810259e-9}
{"type":2,"rcvTime":18059.7,"pos":[3575.545985454824,5194.804427970537,1.895],"noise":[0.0,0.0,0.0],"spd":[-0.8721414778614736,-1.0751645759869133,0.0],"spd_noise":[0.0,0.0,0.0]}
{"type":3,"rcvTime":18059.745441595427,"sendTime":18059.7453344306,"sender":163,"messageID":184481,"pos":[3182.9695001218935,5248.738499548382,1.895],"pos_noise":[0.0,0.0,0.0],"spd":[-0.0,0.0,0.0],"spd_noise":[0.0,0.0,0.0],"RSSI":1.6506584116771118e-9}
{"type":2,"rcvTime":18059.8,"pos":[3575.4447681951517,5194.6796486602529,1.895],"noise":[0.0,0.0,0.0],"spd":[-1.0121146508928869,-1.2477216679863608,0.0],"spd_noise":[0.0,0.0,0.0]}
{"type":3,"rcvTime":18059.81034200253,"sendTime":18059.810233961183,"sender":463,"messageID":184944,"pos":[13527.249323101714,4234.065686352551,1.895],"pos_noise":[0.0,0.0,0.0],"spd":[13.621522177456648,1.6783059453375969,0.0],"spd_noise":[0.0,0.0,0.0],"RSSI":1.3048191905539847e-7}
{"type":2,"rcvTime":18059.9,"pos":[3575.3271890332068,5194.534698611429,1.895],"noise":[0.0,0.0,0.0],"spd":[-1.1757243065943977,-1.4494175058342467,0.0],"spd_noise":[0.0,0.0,0.0]}
{"type":2,"rcvTime":18060.0,"pos":[3575.19507835276,5194.371834297173,1.895],"noise":[0.0,0.0,0.0],"spd":[-1.3210311724736637,-1.6285499044266905,0.0],"spd_noise":[0.0,0.0,0.0]}
{"type":2,"rcvTime":18060.1,"pos":[3575.047551620681,5194.189965276643,1.895],"noise":[0.0,0.0,0.0],"spd":[-1.4751828632641964,-1.818586087171767,0.0],"spd_noise":[0.0,0.0,0.0]}
{"type":3,"rcvTime":18060.153453600975,"sendTime":18060.153338484,"sender":133,"messageID":185870,"pos":[3184.7526174582555,5251.583313552316,1.895],"pos_noise":[0.0,0.0,0.0],"spd":[-0.9059885443475254,0.3621765799264067,0.0],"spd_noise":[0.0,0.0,0.0],"RSSI":3.593371757293971e-9}
{"type":2,"rcvTime":18060.2,"pos":[3574.8907094157659,5193.9966122633709,1.895],"noise":[0.0,0.0,0.0],"spd":[-1.5683322586156743,-1.9334194401297425,0.0],"spd_noise":[0.0,0.0,0.0]}
{"type":2,"rcvTime":18060.3,"pos":[3574.724494557801,5193.791704766339,1.895],"noise":[0.0,0.0,0.0],"spd":[-1.6620534233632234,-2.048957662900217,0.0],"spd_noise":[0.0,0.0,0.0]}
{"type":3,"rcvTime":18060.30516039801,"sendTime":18060.305047712194,"sender":505,"messageID":186264,"pos":[3630.646603556431,5234.141017080852,1.895],"pos_noise":[0.0,0.0,0.0],"spd":[-4.996006309405574,32.02985755434316,0.0],"spd_noise":[0.0,0.0,0.0],"RSSI":7.279032073230974e-9}
{"type":2,"rcvTime":18060.4,"pos":[3574.5466407033929,5193.572448867134,1.895],"noise":[0.0,0.0,0.0],"spd":[-1.7784367245956896,-2.1924334703211159,0.0],"spd_noise":[0.0,0.0,0.0]}
{"type":3,"rcvTime":18060.403395425466,"sendTime":18060.40328114382,"sender":445,"messageID":186523,"pos":[3630.5822053660256,5218.557627382137,1.895],"pos_noise":[0.0,0.0,0.0],"spd":[14.015948150193776,1.8687930866921219,0.0],"spd_noise":[0.0,0.0,0.0],"RSSI":1.605595079979148e-8}
{"type":2,"rcvTime":18060.5,"pos":[3574.354893263256,5193.336065137654,1.895],"noise":[0.0,0.0,0.0],"spd":[-1.9173646279410504,-2.363701967559796,0.0],"spd_noise":[0.0,0.0,0.0]}
{"type":2,"rcvTime":18060.6,"pos":[3574.1527416483106,5193.0868552779179,1.895],"noise":[0.0,0.0,0.0],"spd":[-2.02140041975605,-2.4919559273059268,0.0],"spd_noise":[0.0,0.0,0.0]}
{"type":3,"rcvTime":18060.62006915303,"sendTime":18060.619955711998,"sender":151,"messageID":187299,"pos":[3822.42581302402,5267.159121027574,1.895],"pos_noise":[0.0,0.0,0.0],"spd":[0.0,-0.0,0.0],"spd_noise":[0.0,0.0,0.0],"RSSI":4.834788812924281e-9}
{"type":2,"rcvTime":18060.7,"pos":[3573.9397862261196,5192.824326626298,1.895],"noise":[0.0,0.0,0.0],"spd":[-2.129432307136583,-2.625136221257354,0.0],"spd_noise":[0.0,0.0,0.0]}
{"type":2,"rcvTime":18060.8,"pos":[3573.714145087516,5192.546159189857,1.895],"noise":[0.0,0.0,0.0],"spd":[-2.2562822088212024,-2.7815151164482208,0.0],"spd_noise":[0.0,0.0,0.0]}
{"type":3,"rcvTime":18060.81034433694,"sendTime":18060.810233961183,"sender":463,"messageID":187898,"pos":[5757.662020493299,6794.045091606677,1.895],"pos_noise":[0.0,0.0,0.0],"spd":[13.614829423839295,1.6775337619718443,0.0],"spd_noise":[0.0,0.0,0.0],"RSSI":1.117184155899334e-7}
{"type":2,"rcvTime":18060.9,"pos":[3573.473540561602,5192.249545085779,1.895],"noise":[0.0,0.0,0.0],"spd":[-2.4059075155419178,-2.9659712322746576,0.0],"spd_noise":[0.0,0.0,0.0]}
{"type":2,"rcvTime":18061.0,"pos":[3573.2226891531356,5191.940298759276,1.895],"noise":[0.0,0.0,0.0],"spd":[-2.5083704748355934,-3.0922862247152809,0.0],"spd_noise":[0.0,0.0,0.0]}
{"type":2,"rcvTime":18061.1,"pos":[3572.962138373832,5191.61909517561,1.895],"noise":[0.0,0.0,0.0],"spd":[-2.605358630408424,-3.2118519509303518,0.0],"spd_noise":[0.0,0.0,0.0]}
{"type":3,"rcvTime":18061.15345407356,"sendTime":18061.153338484,"sender":133,"messageID":188837,"pos":[3182.7433782365808,5252.39466931722,1.895],"pos_noise":[0.0,0.0,0.0],"spd":[-2.9247756914988556,1.173512617423425,0.0],"spd_noise":[0.0,0.0,0.0],"RSSI":4.4264465720306088e-9}
{"type":2,"rcvTime":18061.2,"pos":[3572.6864774230218,5191.279263970677,1.895],"noise":[0.0,0.0,0.0],"spd":[-2.7564516950671025,-3.3981174994919285,0.0],"spd_noise":[0.0,0.0,0.0]}
{"type":2,"rcvTime":18061.3,"pos":[3572.3979871159774,5190.923616903631,1.895],"noise":[0.0,0.0,0.0],"spd":[-2.884737912735903,-3.5562670661923079,0.0],"spd_noise":[0.0,0.0,0.0]}
{"type":3,"rcvTime":18061.305155202324,"sendTime":18061.305047712194,"sender":505,"messageID":189227,"pos":[3625.471169785913,5267.321200648571,1.895],"pos_noise":[0.0,0.0,0.0],"spd":[-5.324962591442089,34.1388266393832,0.0],"spd_noise":[0.0,0.0,0.0],"RSSI":5.090671041372634e-8}
{"type":2,"rcvTime":18061.4,"pos":[3572.096866095602,5190.55239885884,1.895],"noise":[0.0,0.0,0.0],"spd":[-3.0110378150918835,-3.7119679294254674,0.0],"spd_noise":[0.0,0.0,0.0]}
{"type":3,"rcvTime":18061.40339032135,"sendTime":18061.40328114382,"sender":445,"messageID":189490,"pos":[3644.5834832619805,5220.424464434931,1.895],