{"type":2,"rcvTime":25298.5,"pos":[6324.8734641091709,5904.042140580928,1.895],"noise":[0.0,0.0,0.0],"spd":[-3.1994821189453757,11.801368471519713,0.0],"spd_noise":[0.0,0.0,0.0]}
{"type":2,"rcvTime":25298.6,"pos":[6324.553450991257,5905.222516835528,1.895],"noise":[0.0,0.0,0.0],"spd":[-3.2076598395106794,11.831532194918572,0.0],"spd_noise":[0.0,0.0,0.0]}
{"type":3,"rcvTime":25298.67719574393,"sendTime":25298.677081576316,"sender":193,"messageID":6448619,"pos":[6091.596566088957,5800.290927890602,1.895],"pos_noise":[0.0,0.0,0.0],"spd":[-0.3882073497028706,7.746915858441695,0.0],"spd_noise":[0.0,0.0,0.0],"RSSI":1.3654939044002342e-8}
{"type":2,"rcvTime":25298.7,"pos":[6324.23498198786,5906.397197585763,1.895],"noise":[0.0,0.0,0.0],"spd":[-3.192182367357331,11.774443158285124,0.0],"spd_noise":[0.0,0.0,0.0]}
{"type":3,"rcvTime":25298.738377413414,"sendTime":25298.738267082535,"sender":2779,"messageID":6454206,"pos":[6162.190681500521,5890.3713801191,1.895],"pos_noise":[0.0,0.0,0.0],"spd":[0.31175260642539656,-6.221214545463777,0.0],"spd_noise":[0.0,0.0,0.0],"RSSI":2.281955193442529e-9}
{"type":2,"rcvTime":25298.8,"pos":[6323.915645810632,5907.575076927998,1.895],"noise":[0.0,0.0,0.0],"spd":[-3.2008745068827886,11.80650432866815,0.0],"spd_noise":[0.0,0.0,0.0]}
{"type":3,"rcvTime":25298.87269230086,"sendTime":25298.872584468685,"sender":1477,"messageID":6463163,"pos":[6058.922044806993,5725.658053000281,1.895],"pos_noise":[0.0,0.0,0.0],"spd":[4.172753937611157,0.36098051943583517,0.0],"spd_noise":[0.0,0.0,0.0],"RSSI":9.654465336142179e-9}
{"type":2,"rcvTime":25298.899999999998,"pos":[6323.59530218465,5908.756672269736,1.895],"noise":[0.0,0.0,0.0],"spd":[-3.210972695762977,11.843751746668853,0.0],"spd_noise":[0.0,0.0,0.0]}
{"type":3,"rcvTime":25298.91770546982,"sendTime":25298.91759801973,"sender":2839,"messageID":6465912,"pos":[6094.991321815862,5798.570019220284,1.895],"pos_noise":[0.0,0.0,0.0],"spd":[0.5515591967656678,-11.006702195522227,0.0],"spd_noise":[0.0,0.0,0.0],"RSSI":6.304171975482471e-9}
{"type":3,"rcvTime":25298.921076755334,"sendTime":25298.92096309103,"sender":2911,"messageID":6466903,"pos":[6305.373325343984,5977.569214521344,1.895],"pos_noise":[0.0,0.0,0.0],"spd":[-1.4957540982521057,12.326520284524742,0.0],"spd_noise":[0.0,0.0,0.0],"RSSI":1.0391943142464738e-8}
{"type":3,"rcvTime":25298.92922470347,"sendTime":25298.9291085138,"sender":2641,"messageID":6467816,"pos":[6099.437765551463,5775.652474909061,1.895],"pos_noise":[0.0,0.0,0.0],"spd":[5.2136869685090598e-9,-1.0404232245516949e-7,0.0],"spd_noise":[0.0,0.0,0.0],"RSSI":8.31325935116199e-9}
{"type":3,"rcvTime":25298.950125964537,"sendTime":25298.950016337258,"sender":2875,"messageID":6469545,"pos":[6283.7624610615789,6001.933599564535,1.895],"pos_noise":[0.0,0.0,0.0],"spd":[-13.984986330785853,3.6328651205867938,0.0],"spd_noise":[0.0,0.0,0.0],"RSSI":9.394163273546055e-9}
{"type":2,"rcvTime":25299.0,"pos":[6323.277235416517,5909.929869365306,1.895],"noise":[0.0,0.0,0.0],"spd":[-3.1881505516836619,11.759571707029786,0.0],"spd_noise":[0.0,0.0,0.0]}
{"type":3,"rcvTime":25299.030063117512,"sendTime":25299.02995032142,"sender":631,"messageID":6473672,"pos":[6083.94403678393,5727.712800289011,1.895],"pos_noise":[0.0,0.0,0.0],"spd":[5.407432786758688,0.41942267128063517,0.0],"spd_noise":[0.0,0.0,0.0],"RSSI":1.2176666148472963e-8}
{"type":3,"rcvTime":25299.059159323257,"sendTime":25299.05904199183,"sender":2869,"messageID":6476206,"pos":[5833.33897554536,5870.628186318897,1.895],"pos_noise":[0.0,0.0,0.0],"spd":[0.1264465898198845,-2.523319284581525,0.0],"spd_noise":[0.0,0.0,0.0],"RSSI":3.5111814224583478e-9}
{"type":2,"rcvTime":25299.1,"pos":[6322.957909353786,5911.107711399971,1.895],"noise":[0.0,0.0,0.0],"spd":[-3.2007731239584715,11.806130375258784,0.0],"spd_noise":[0.0,0.0,0.0]}
{"type":2,"rcvTime":25299.2,"pos":[6322.637852023141,5912.288250734318,1.895],"noise":[0.0,0.0,0.0],"spd":[-3.208103006981592,11.833166829032596,0.0],"spd_noise":[0.0,0.0,0.0]}
{"type":3,"rcvTime":25299.21740731523,"sendTime":25299.21729802792,"sender":3061,"messageID":6485487,"pos":[6317.7498332424079,5936.989166906545,1.895],"pos_noise":[0.0,0.0,0.0],"spd":[-2.2881607379463939,14.196390259356445,0.0],"spd_noise":[0.0,0.0,0.0],"RSSI":1.5301560708722963e-7}
{"type":3,"rcvTime":25299.234113379134,"sendTime":25299.234005820286,"sender":2761,"messageID":6486733,"pos":[6099.039347749423,5783.603146608784,1.895],"pos_noise":[0.0,0.0,0.0],"spd":[0.02404911087170096,-0.47991476342599978,0.0],"spd_noise":[0.0,0.0,0.0],"RSSI":4.9042654031039698e-9}
{"type":3,"rcvTime":25299.285869017436,"sendTime":25299.285760120256,"sender":1423,"messageID":6488573,"pos":[6073.1177805358179,5726.873071438998,1.895],"pos_noise":[0.0,0.0,0.0],"spd":[4.9488790496460599,0.4188709929510502,0.0],"spd_noise":[0.0,0.0,0.0],"RSSI":1.438813649532299e-9}
{"type":3,"rcvTime":25299.293000060385,"sendTime":25299.29288856522,"sender":775,"messageID":6489198,"pos":[6137.851881376102,5730.979274479555,1.895],"pos_noise":[0.0,0.0,0.0],"spd":[11.221515396826112,0.5750395437076001,0.0],"spd_noise":[0.0,0.0,0.0],"RSSI":3.589281278350515e-9}
{"type":2,"rcvTime":25299.3,"pos":[6322.323630286378,5913.462916466025,1.895],"noise":[0.0,0.0,0.0],"spd":[-3.1855227675003765,11.78820978203246,0.0],"spd_noise":[0.0,0.0,0.0]}
{"type":3,"rcvTime":25299.345230965944,"sendTime":25299.34511927157,"sender":2653,"messageID":6492777,"pos":[6100.489013460533,5754.674177861997,1.895],"pos_noise":[0.0,0.0,0.0],"spd":[0.0,-0.0,0.0],"spd_noise":[0.0,0.0,0.0],"RSSI":1.0208267769210658e-8}
{"type":3,"rcvTime":25299.34597669409,"sendTime":25299.345862750662,"sender":2773,"messageID":6493171,"pos":[6296.601610392188,6081.840574900232,1.895],"pos_noise":[0.0,0.0,0.0],"spd":[4.154722768892836,-1.0984056499236419,0.0],"spd_noise":[0.0,0.0,0.0],"RSSI":3.502188253832018e-8}
{"type":3,"rcvTime":25299.363269016936,"sendTime":25299.363161252113,"sender":409,"messageID":6493851,"pos":[6093.0373234143639,5771.539731446531,1.895],"pos_noise":[0.0,0.0,0.0],"spd":[-0.6597502117948759,13.165720283965284,0.0],"spd_noise":[0.0,0.0,0.0],"RSSI":9.541235970555428e-9}
{"type":2,"rcvTime":25299.399999999998,"pos":[6322.051841412895,5914.626730360171,1.895],"noise":[0.0,0.0,0.0],"spd":[-3.0841454280261915,11.811243598519843,0.0],"spd_noise":[0.0,0.0,0.0]}
{"type":3,"rcvTime":25299.435566693486,"sendTime":25299.435456594638,"sender":2887,"messageID":6499003,"pos":[6068.091046571517,6234.770037795603,1.895],"pos_noise":[0.0,0.0,0.0],"spd":[-10.4737827944047,9.06833778088388,0.0],"spd_noise":[0.0,0.0,0.0],"RSSI":6.579951076143495e-8}
{"type":3,"rcvTime":25299.443293616772,"sendTime":25299.443182601968,"sender":2497,"messageID":6499655,"pos":[6100.864455567172,5747.18200026137,1.895],"pos_noise":[0.0,0.0,0.0],"spd":[2.3718282436855785e-15,-4.733128790207775e-14,0.0],"spd_noise":[0.0,0.0,0.0],"RSSI":1.2745510478889841e-8}
{"type":3,"rcvTime":25299.4519928382,"sendTime":25299.45187518373,"sender":2923,"messageID":6500649,"pos":[6303.543321411251,6023.592666022809,1.895],"pos_noise":[0.0,0.0,0.0],"spd":[-1.529018693946956,14.815264466357239,0.0],"spd_noise":[0.0,0.0,0.0],"RSSI":1.486080022255233e-8}
{"type":3,"rcvTime":25299.461578675724,"sendTime":25299.461467866553,"sender":1543,"messageID":6501215,"pos":[6122.094390483391,5733.467471926181,1.895],"pos_noise":[0.0,0.0,0.0],"spd":[13.244254011261888,0.7616740162814123,0.0],"spd_noise":[0.0,0.0,0.0],"RSSI":1.6130927167204438e-8}
{"type":3,"rcvTime":25299.4685408038,"sendTime":25299.468429686127,"sender":2809,"messageID":6502456,"pos":[6097.62964799529,5745.92060149348,1.895],"pos_noise":[0.0,0.0,0.0],"spd":[0.02143774937652771,-0.42780344251792848,0.0],"spd_noise":[0.0,0.0,0.0],"RSSI":3.4392758577253166e-9}
{"type":3,"rcvTime":25299.474098820003,"sendTime":25299.473985494536,"sender":3037,"messageID":6503039,"pos":[6433.7574724245409,5638.668838029891,1.895],"pos_noise":[0.0,0.0,0.0],"spd":[-5.711352356597135,-0.5753844428041536,0.0],"spd_noise":[0.0,0.0,0.0],