{"type":2,"rcvTime":25297.899999999998,"pos":[4597.5295973438319,5180.1544865925729,1.895],"noise":[0.0,0.0,0.0],"spd":[-4.06558958291262,5.939895288933024,0.0],"spd_noise":[0.0,0.0,0.0]}
{"type":3,"rcvTime":25297.903004513286,"sendTime":25297.902890924925,"sender":2785,"messageID":5932164,"pos":[4768.6798707774819,5297.666102963213,1.895],"pos_noise":[0.0,0.0,0.0],"spd":[-9.647186264973838,7.078261277143144,0.0],"spd_noise":[0.0,0.0,0.0],"RSSI":1.0213783267503399e-8}
{"type":3,"rcvTime":25297.97496732812,"sendTime":25297.97485307548,"sender":2197,"messageID":5935346,"pos":[4615.961306519495,5364.386115593933,1.895],"pos_noise":[0.0,0.0,0.0],"spd":[4.562541008921636e-15,-4.6049832508664547e-14,0.0],"spd_noise":[0.0,0.0,0.0],"RSSI":6.2767460127323678e-9}
{"type":3,"rcvTime":25297.991697517147,"sendTime":25297.99158214591,"sender":2899,"messageID":5936920,"pos":[4683.741051794686,5048.675350110417,1.895],"pos_noise":[0.0,0.0,0.0],"spd":[-10.718201264997293,7.853289115105225,0.0],"spd_noise":[0.0,0.0,0.0],"RSSI":1.4621396371715627e-7}
{"type":2,"rcvTime":25298.0,"pos":[4597.470032105849,5180.866514952464,1.895],"noise":[0.0,0.0,0.0],"spd":[-3.7468517452076237,6.424048766777983,0.0],"spd_noise":[0.0,0.0,0.0]}
{"type":3,"rcvTime":25298.01864129734,"sendTime":25298.01852959348,"sender":265,"messageID":5938384,"pos":[4470.444237543942,5276.338993295386,1.895],"pos_noise":[0.0,0.0,0.0],"spd":[9.739387424473803,-7.57569084006424,0.0],"spd_noise":[0.0,0.0,0.0],"RSSI":3.940946249833942e-9}
{"type":3,"rcvTime":25298.03747229762,"sendTime":25298.037366564153,"sender":2875,"messageID":5941458,"pos":[4560.677821241181,5205.649883063654,1.895],"pos_noise":[0.0,0.0,0.0],"spd":[-9.653744806301937,7.0782036837195749,0.0],"spd_noise":[0.0,0.0,0.0],"RSSI":1.9326406341645136e-8}
{"type":3,"rcvTime":25298.05909162805,"sendTime":25298.05897310353,"sender":1171,"messageID":5942502,"pos":[4431.71583404696,5307.29353584296,1.895],"pos_noise":[0.0,0.0,0.0],"spd":[10.517748786172346,1.2724112990756267,0.0],"spd_noise":[0.0,0.0,0.0],"RSSI":4.404208773049048e-9}
{"type":2,"rcvTime":25298.1,"pos":[4597.524004614322,5181.630307723886,1.895],"noise":[0.0,0.0,0.0],"spd":[-3.162913689593242,6.966703738742024,0.0],"spd_noise":[0.0,0.0,0.0]}
{"type":3,"rcvTime":25298.143658046545,"sendTime":25298.14354744274,"sender":1837,"messageID":5947471,"pos":[4471.4481886706939,5320.6251095918219,1.895],"pos_noise":[0.0,0.0,0.0],"spd":[-4.317742716069144,-0.5309959347995786,0.0],"spd_noise":[0.0,0.0,0.0],"RSSI":5.485390753259207e-9}
{"type":3,"rcvTime":25298.144315134166,"sendTime":25298.144196753296,"sender":1783,"messageID":5947782,"pos":[4405.160789674527,5297.775826510678,1.895],"pos_noise":[0.0,0.0,0.0],"spd":[-8.746897702090927,0.6810917677365318,0.0],"spd_noise":[0.0,0.0,0.0],"RSSI":4.352858709560579e-9}
{"type":3,"rcvTime":25298.166344134657,"sendTime":25298.166226727237,"sender":2857,"messageID":5948602,"pos":[4541.057661654407,5211.47087589325,1.895],"pos_noise":[0.0,0.0,0.0],"spd":[-11.11660581214777,7.685554635557395,0.0],"spd_noise":[0.0,0.0,0.0],"RSSI":5.7836490659381558e-9}
{"type":2,"rcvTime":25298.2,"pos":[4597.579040155148,5182.409144013752,1.895],"noise":[0.0,0.0,0.0],"spd":[-2.445060864815804,7.4087323936173619,0.0],"spd_noise":[0.0,0.0,0.0]}
{"type":3,"rcvTime":25298.225423197964,"sendTime":25298.22531177872,"sender":823,"messageID":5953010,"pos":[4601.181768503972,5204.6218825742639,1.895],"pos_noise":[0.0,0.0,0.0],"spd":[0.9392723233742147,-5.981113355274635,0.0],"spd_noise":[0.0,0.0,0.0],"RSSI":1.8861721950649178e-7}
{"type":3,"rcvTime":25298.238878208453,"sendTime":25298.23877183311,"sender":2821,"messageID":5954030,"pos":[4533.246651956624,5220.922116056596,1.895],"pos_noise":[0.0,0.0,0.0],"spd":[-10.61797748301568,7.442112542309186,0.0],"spd_noise":[0.0,0.0,0.0],"RSSI":6.62622909855145e-9}
{"type":2,"rcvTime":25298.3,"pos":[4597.635427927246,5183.20711642497,1.895],"noise":[0.0,0.0,0.0],"spd":[-1.646299654898387,7.822092724474905,0.0],"spd_noise":[0.0,0.0,0.0]}
{"type":3,"rcvTime":25298.32296921242,"sendTime":25298.322861176868,"sender":2911,"messageID":5962871,"pos":[4555.307660419945,5417.214982179383,1.895],"pos_noise":[0.0,0.0,0.0],"spd":[-10.292182447738515,7.5485682268341069,0.0],"spd_noise":[0.0,0.0,0.0],"RSSI":7.957997468370411e-8}
{"type":2,"rcvTime":25298.399999999998,"pos":[4597.692913260875,5184.020620994807,1.895],"noise":[0.0,0.0,0.0],"spd":[-0.7762700225823854,8.11199354939959,0.0],"spd_noise":[0.0,0.0,0.0]}
{"type":2,"rcvTime":25298.5,"pos":[4597.752075925687,5184.857862342295,1.895],"noise":[0.0,0.0,0.0],"spd":[0.13063535424460358,8.385810107428787,0.0],"spd_noise":[0.0,0.0,0.0]}
{"type":3,"rcvTime":25298.529189109384,"sendTime":25298.52907385491,"sender":2539,"messageID":5976804,"pos":[4488.945699350715,5294.839141851619,1.895],"pos_noise":[0.0,0.0,0.0],"spd":[0.4415780406773155,2.3232164270680739,0.0],"spd_noise":[0.0,0.0,0.0],"RSSI":8.013013657487779e-9}
{"type":3,"rcvTime":25298.570061539063,"sendTime":25298.569945864936,"sender":2815,"messageID":5979896,"pos":[4281.779944172641,4941.224385170295,1.895],"pos_noise":[0.0,0.0,0.0],"spd":[-9.912994349376282,6.857057470635996,0.0],"spd_noise":[0.0,0.0,0.0],"RSSI":2.756042214785699e-9}
{"type":3,"rcvTime":25298.589426216535,"sendTime":25298.589313584147,"sender":1045,"messageID":5981003,"pos":[4460.767954472326,5122.36748312471,1.895],"pos_noise":[0.0,0.0,0.0],"spd":[9.78034440369979,-7.607548840864351,0.0],"spd_noise":[0.0,0.0,0.0],"RSSI":6.0066265726987609e-9}
{"type":3,"rcvTime":25298.594074462304,"sendTime":25298.59395606676,"sender":739,"messageID":5981321,"pos":[4428.340500543609,5301.593115471097,1.895],"pos_noise":[0.0,0.0,0.0],"spd":[10.08888430413422,-4.9743475741398319,0.0],"spd_noise":[0.0,0.0,0.0],"RSSI":2.0002419373518774e-8}
{"type":2,"rcvTime":25298.6,"pos":[4597.9912558937089,5185.6823923168599,1.895],"noise":[0.0,0.0,0.0],"spd":[0.9171466770411777,8.55841159960319,0.0],"spd_noise":[0.0,0.0,0.0]}
{"type":3,"rcvTime":25298.67656645855,"sendTime":25298.676455789013,"sender":673,"messageID":5987104,"pos":[4476.7344277492279,5275.651478686558,1.895],"pos_noise":[0.0,0.0,0.0],"spd":[10.331265689149547,-7.9664620350056529,0.0],"spd_noise":[0.0,0.0,0.0],"RSSI":3.910296311172883e-9}
{"type":3,"rcvTime":25298.68936557463,"sendTime":25298.68925187504,"sender":319,"messageID":5987991,"pos":[4462.986809626137,5286.320911443367,1.895],"pos_noise":[0.0,0.0,0.0],"spd":[9.448237607590848,-7.3492137738342289,0.0],"spd_noise":[0.0,0.0,0.0],"RSSI":1.483353588426228e-9}
{"type":3,"rcvTime":25298.69484557928,"sendTime":25298.694735832607,"sender":2779,"messageID":5988545,"pos":[4793.795959353396,5437.644325244376,1.895],"pos_noise":[0.0,0.0,0.0],"spd":[-10.872372512525383,7.989754464410986,0.0],"spd_noise":[0.0,0.0,0.0],"RSSI":6.09056428473817e-9}
{"type":2,"rcvTime":25298.7,"pos":[4598.264213464275,5186.523248188604,1.895],"noise":[0.0,0.0,0.0],"spd":[1.318150667731277,8.734792746468689,0.0],"spd_noise":[0.0,0.0,0.0]}
{"type":3,"rcvTime":25298.727048140383,"sendTime":25298.726939274136,"sender":2767,"messageID":5992450,"pos":[4761.213068928399,5139.808705159919,1.895],"pos_noise":[0.0,0.0,0.0],"spd":[-11.778011214175918,8.73384831574227,0.0],"spd_noise":[0.0,0.0,0.0],"RSSI":2.883244126093969e-9}
{"type":2,"rcvTime":25298.8,"pos":[4598.543236277995,5187.382788265768,1.895],"noise":[0.0,0.0,0.0],"spd":[1.740119817529536,8.860730575661233,0.0],"spd_noise":[0.0,0.0,0.0]}
{"type":3,"rcvTime":25298.802816949443,"sendTime":25298.802699320622,"sender":1453,"messageID":5995765,"pos":[4602.326878500678,5048.647451432267,1.895],"pos_noise":[0.0,0.0,0.0],"spd":[-1.4351503066557792,-12.897355583765402,0.0],"spd_noise":[0.0,0.0,0.0],"RSSI":2.241201166279068e-8}
{"type":3,"rcvTime":25298.80787614482,"sendTime":25298.807770853582,"sender":2869,"messageID":5996014,"pos":[4265.9560058364399,5174.978913948641,1.895],"pos_noise":[0.0,0.0,0.0],"spd":[-10.619692735190956,7.3476003381018029,0.0],"spd_noise":[0.0,0.0,0.0],