{"type":2,"rcvTime":25299.1,"pos":[6156.024789596521,5824.714945262438,1.895],"noise":[0.0,0.0,0.0],"spd":[-0.0,-0.0,0.0],"spd_noise":[0.0,0.0,0.0]}
{"type":2,"rcvTime":25299.2,"pos":[6155.999150249667,5824.712362252254,1.895],"noise":[0.0,0.0,0.0],"spd":[-0.2564089560707748,-0.025831662119106086,0.0],"spd_noise":[0.0,0.0,0.0]}
{"type":3,"rcvTime":25299.21113128005,"sendTime":25299.211026106914,"sender":2773,"messageID":6021426,"pos":[5947.044276563033,5560.710807282975,1.895],"pos_noise":[0.0,0.0,0.0],"spd":[-11.77072541954178,-1.1858298812717112,0.0],"spd_noise":[0.0,0.0,0.0],"RSSI":9.073453881045724e-8}
{"type":3,"rcvTime":25299.220992961356,"sendTime":25299.220881219022,"sender":211,"messageID":6022629,"pos":[6078.530779340574,5727.292925833469,1.895],"pos_noise":[0.0,0.0,0.0],"spd":[3.892400893870972,0.3019105821531778,0.0],"spd_noise":[0.0,0.0,0.0],"RSSI":2.9418791362165679e-9}
{"type":3,"rcvTime":25299.26036411051,"sendTime":25299.260247514583,"sender":1201,"messageID":6026318,"pos":[5921.285457678632,5610.343804585011,1.895],"pos_noise":[0.0,0.0,0.0],"spd":[11.520180429981755,1.1591288411717833,0.0],"spd_noise":[0.0,0.0,0.0],"RSSI":2.0123887076023917e-8}
{"type":3,"rcvTime":25299.264974558686,"sendTime":25299.264863185024,"sender":2011,"messageID":6026908,"pos":[5867.265452336211,5806.93600243572,1.895],"pos_noise":[0.0,0.0,0.0],"spd":[-15.199227136448087,-0.05158704229933295,0.0],"spd_noise":[0.0,0.0,0.0],"RSSI":6.059307383644457e-9}
{"type":3,"rcvTime":25299.270537112014,"sendTime":25299.27042501536,"sender":2827,"messageID":6028017,"pos":[6112.749035700439,5820.355173007509,1.895],"pos_noise":[0.0,0.0,0.0],"spd":[-12.249681669026831,-1.2340818463985122,0.0],"spd_noise":[0.0,0.0,0.0],"RSSI":8.972917720830212e-8}
{"type":3,"rcvTime":25299.291422709135,"sendTime":25299.29130649944,"sender":1693,"messageID":6030755,"pos":[6070.0826164372579,5733.250199439114,1.895],"pos_noise":[0.0,0.0,0.0],"spd":[13.17932244514279,1.1408610953413004,0.0],"spd_noise":[0.0,0.0,0.0],"RSSI":7.34055406422898e-9}
{"type":2,"rcvTime":25299.3,"pos":[6155.94772261717,5824.707181227197,1.895],"noise":[0.0,0.0,0.0],"spd":[-0.5143073899885482,-0.05181338018425698,0.0],"spd_noise":[0.0,0.0,0.0]}
{"type":3,"rcvTime":25299.310292792623,"sendTime":25299.310174942017,"sender":679,"messageID":6032086,"pos":[6052.556753117307,5708.759240228952,1.895],"pos_noise":[0.0,0.0,0.0],"spd":[2.5880024865097295,-8.058476393369489,0.0],"spd_noise":[0.0,0.0,0.0],"RSSI":8.957605484525128e-9}
{"type":3,"rcvTime":25299.398706966433,"sendTime":25299.398600049735,"sender":2575,"messageID":6036050,"pos":[6190.527554825298,5975.915573466352,1.895],"pos_noise":[0.0,0.0,0.0],"spd":[0.37537013864593829,-7.490741435152206,0.0],"spd_noise":[0.0,0.0,0.0],"RSSI":2.6696926347267946e-8}
{"type":2,"rcvTime":25299.399999999998,"pos":[6155.874210103606,5824.699775283032,1.895],"noise":[0.0,0.0,0.0],"spd":[-0.7351695411154333,-0.07406391522888258,0.0],"spd_noise":[0.0,0.0,0.0]}
{"type":3,"rcvTime":25299.41493460455,"sendTime":25299.4148281218,"sender":2089,"messageID":6038708,"pos":[6221.35827277848,5741.860663230508,1.895],"pos_noise":[0.0,0.0,0.0],"spd":[14.492344721470462,0.7417289359406601,0.0],"spd_noise":[0.0,0.0,0.0],"RSSI":3.8989108609620137e-8}
{"type":3,"rcvTime":25299.449460696593,"sendTime":25299.449342857537,"sender":2413,"messageID":6040786,"pos":[6100.864455567172,5747.18200026137,1.895],"pos_noise":[0.0,0.0,0.0],"spd":[2.3558893325461965e-15,-4.701321715054161e-14,0.0],"spd_noise":[0.0,0.0,0.0],"RSSI":1.836343478621742e-8}
{"type":3,"rcvTime":25299.496708461797,"sendTime":25299.496590673083,"sender":1789,"messageID":6043294,"pos":[5873.4664666493349,5712.81139091198,1.895],"pos_noise":[0.0,0.0,0.0],"spd":[6.018763484558686,0.6940993373322667,0.0],"spd_noise":[0.0,0.0,0.0],"RSSI":7.063278903323112e-9}
{"type":3,"rcvTime":25299.498639550664,"sendTime":25299.498526740863,"sender":2329,"messageID":6043674,"pos":[6101.23989767381,5739.689822660743,1.895],"pos_noise":[0.0,0.0,0.0],"spd":[2.35867792248472e-15,-4.7068865173779589e-14,0.0],"spd_noise":[0.0,0.0,0.0],"RSSI":2.4810731573900699e-8}
{"type":2,"rcvTime":25299.5,"pos":[6155.775576263018,5824.68983851607,1.895],"noise":[0.0,0.0,0.0],"spd":[-0.9863979859630826,-0.0993736719605292,0.0],"spd_noise":[0.0,0.0,0.0]}
{"type":3,"rcvTime":25299.515521068635,"sendTime":25299.51540249428,"sender":1627,"messageID":6044480,"pos":[6022.355105485867,5712.5643483747739,1.895],"pos_noise":[0.0,0.0,0.0],"spd":[-13.974278409953215,-1.2092152570517463,0.0],"spd_noise":[0.0,0.0,0.0],"RSSI":2.626390327387882e-9}
{"type":3,"rcvTime":25299.53444871248,"sendTime":25299.534337815036,"sender":1549,"messageID":6046237,"pos":[6159.050792092586,5732.0655994111189,1.895],"pos_noise":[0.0,0.0,0.0],"spd":[14.519828445446798,0.7440595346251294,0.0],"spd_noise":[0.0,0.0,0.0],"RSSI":6.398585006091179e-9}
{"type":3,"rcvTime":25299.536335571775,"sendTime":25299.536226837103,"sender":1489,"messageID":6046614,"pos":[6013.684349585474,5447.3742611060529,1.895],"pos_noise":[0.0,0.0,0.0],"spd":[-5.31632471637994,-12.62794510716741,0.0],"spd_noise":[0.0,0.0,0.0],"RSSI":1.8013543658057392e-9}
{"type":3,"rcvTime":25299.544101928695,"sendTime":25299.543984101663,"sender":2515,"messageID":6047299,"pos":[5998.69214093451,5505.298980194812,1.895],"pos_noise":[0.0,0.0,0.0],"spd":[0.2741492325879504,-5.470816147974018,0.0],"spd_noise":[0.0,0.0,0.0],"RSSI":8.505066605777537e-8}
{"type":3,"rcvTime":25299.567594483568,"sendTime":25299.567360562225,"sender":2467,"messageID":6048734,"pos":[6090.532749274411,5746.554811971233,1.895],"pos_noise":[0.0,0.0,0.0],"spd":[0.05078495132650639,-1.0134448641981227,0.0],"spd_noise":[0.0,0.0,0.0],"RSSI":5.064076039227695e-8}
{"type":3,"rcvTime":25299.571944570704,"sendTime":25299.571836127943,"sender":2923,"messageID":6049560,"pos":[6091.572204206873,5686.513277652641,1.895],"pos_noise":[0.0,0.0,0.0],"spd":[-4.989125905693704,0.09713342471259332,0.0],"spd_noise":[0.0,0.0,0.0],"RSSI":1.0500562165739599e-8}
{"type":2,"rcvTime":25299.6,"pos":[6155.657184543946,5824.677911261532,1.895],"noise":[0.0,0.0,0.0],"spd":[-1.1839887056187873,-0.11927975007214753,0.0],"spd_noise":[0.0,0.0,0.0]}
{"type":3,"rcvTime":25299.614449292527,"sendTime":25299.614339224296,"sender":943,"messageID":6052086,"pos":[6037.522625639387,5822.735749728311,1.895],"pos_noise":[0.0,0.0,0.0],"spd":[13.509851933728824,1.3599980389325957,0.0],"spd_noise":[0.0,0.0,0.0],"RSSI":1.6324274283069533e-9}
{"type":3,"rcvTime":25299.656999688512,"sendTime":25299.65689354348,"sender":2671,"messageID":6054489,"pos":[6098.810187298248,5788.176184019567,1.895],"pos_noise":[0.0,0.0,0.0],"spd":[0.3010440623923852,-6.007518978743853,0.0],"spd_noise":[0.0,0.0,0.0],"RSSI":1.490833194579168e-9}
{"type":3,"rcvTime":25299.663488455375,"sendTime":25299.6633771325,"sender":2005,"messageID":6055456,"pos":[5791.039674813399,5702.541854387068,1.895],"pos_noise":[0.0,0.0,0.0],"spd":[14.13709307352403,1.0523778549936014,0.0],"spd_noise":[0.0,0.0,0.0],"RSSI":1.2972310528315909e-9}
{"type":3,"rcvTime":25299.66515951648,"sendTime":25299.665042175584,"sender":2389,"messageID":6055820,"pos":[6252.543414413353,5882.836190490503,1.895],"pos_noise":[0.0,0.0,0.0],"spd":[0.021531598053390865,-0.42967625044911397,0.0],"spd_noise":[0.0,0.0,0.0],"RSSI":1.4748259235485136e-8}
{"type":3,"rcvTime":25299.695976596064,"sendTime":25299.69586596545,"sender":2647,"messageID":6058379,"pos":[5849.261600706531,5583.723928156043,1.895],"pos_noise":[0.0,0.0,0.0],"spd":[0.44635519291641848,-8.907291747950238,0.0],"spd_noise":[0.0,0.0,0.0],"RSSI":1.3006824561522722e-8}
{"type":2,"rcvTime":25299.7,"pos":[6155.5160078773919,5824.663688560401,1.895],"noise":[0.0,0.0,0.0],"spd":[-1.4118519437529014,-0.14223560257841157,0.0],"spd_noise":[0.0,0.0,0.0]}
{"type":3,"rcvTime":25299.715842105936,"sendTime":25299.715724985024,"sender":2227,"messageID":6060103,"pos":[6097.9498976738109,5739.529822660743,1.895],"pos_noise":[0.0,0.0,0.0],