{"type":2,"rcvTime":25200.0,"pos":[3599.0093457823907,6042.433651162422,1.895],"noise":[0.0,0.0,0.0],"spd":[2.917714720186321,27.629994048528404,0.0],"spd_noise":[0.0,0.0,0.0]}
{"type":3,"rcvTime":25200.06469505396,"sendTime":25200.064582757885,"sender":805,"messageID":5623,"pos":[3593.997091026574,6057.814739348525,1.895],"pos_noise":[0.0,0.0,0.0],"spd":[3.6087230185456886,34.12858033831626,0.0],"spd_noise":[0.0,0.0,0.0],"RSSI":5.970399713089946e-7}
{"type":3,"rcvTime":25200.079757270792,"sendTime":25200.07964547095,"sender":19,"messageID":7421,"pos":[3587.6333574454877,5859.86566060902,1.895],"pos_noise":[0.0,0.0,0.0],"spd":[-0.02802899171225533,28.889266149967967,0.0],"spd_noise":[0.0,0.0,0.0],"RSSI":1.7182245147735276e-8}
{"type":2,"rcvTime":25200.1,"pos":[3599.3004060291825,6045.189915450694,1.895],"noise":[0.0,0.0,0.0],"spd":[2.914099524979512,27.59575909696098,0.0],"spd_noise":[0.0,0.0,0.0]}
{"type":3,"rcvTime":25200.12139339683,"sendTime":25200.121285312343,"sender":1015,"messageID":9165,"pos":[3598.2920552200118,5657.505368672189,1.895],"pos_noise":[0.0,0.0,0.0],"spd":[1.5038879475885426,-35.02008161584823,0.0],"spd_noise":[0.0,0.0,0.0],"RSSI":1.4713092807745425e-9}
{"type":3,"rcvTime":25200.14867439974,"sendTime":25200.148564780364,"sender":37,"messageID":10803,"pos":[3589.0715812371415,5967.809625377584,1.895],"pos_noise":[0.0,0.0,0.0],"spd":[2.5723631282851078,34.595840552605427,0.0],"spd_noise":[0.0,0.0,0.0],"RSSI":1.8663184972590964e-8}
{"type":2,"rcvTime":25200.2,"pos":[3599.593886956914,6047.969102953327,1.895],"noise":[0.0,0.0,0.0],"spd":[2.9383354185981185,27.82526666049326,0.0],"spd_noise":[0.0,0.0,0.0]}
{"type":3,"rcvTime":25200.256134138865,"sendTime":25200.256021416742,"sender":619,"messageID":16778,"pos":[3590.128943505926,5937.582339727261,1.895],"pos_noise":[0.0,0.0,0.0],"spd":[2.115128312743719,28.40628283228856,0.0],"spd_noise":[0.0,0.0,0.0],"RSSI":2.174801814713612e-8}
{"type":3,"rcvTime":25200.263890715953,"sendTime":25200.263778526336,"sender":103,"messageID":17276,"pos":[3343.9102388398157,6000.205252481455,1.895],"pos_noise":[0.0,0.0,0.0],"spd":[1.2879823836347094,-29.965304435558307,0.0],"spd_noise":[0.0,0.0,0.0],"RSSI":2.4883707277234638e-9}
{"type":2,"rcvTime":25200.3,"pos":[3599.8861896901778,6050.737133262993,1.895],"noise":[0.0,0.0,0.0],"spd":[2.926539318033288,27.71356067836036,0.0],"spd_noise":[0.0,0.0,0.0]}
{"type":3,"rcvTime":25200.318640739293,"sendTime":25200.318525640527,"sender":325,"messageID":20408,"pos":[3598.164072975522,5737.392062219734,1.895],"pos_noise":[0.0,0.0,0.0],"spd":[1.7146577318211656,-39.964414378131177,0.0],"spd_noise":[0.0,0.0,0.0],"RSSI":8.179417064053658e-9}
{"type":2,"rcvTime":25200.399999999998,"pos":[3600.177229251771,6053.493201667859,1.895],"noise":[0.0,0.0,0.0],"spd":[2.913892424467474,27.593797909389776,0.0],"spd_noise":[0.0,0.0,0.0]}
{"type":3,"rcvTime":25200.42766344534,"sendTime":25200.427545964252,"sender":43,"messageID":26776,"pos":[3587.721474202505,5769.044396972557,1.895],"pos_noise":[0.0,0.0,0.0],"spd":[-0.031594879166805787,32.56459892199728,0.0],"spd_noise":[0.0,0.0,0.0],"RSSI":1.3787576863369624e-8}
{"type":3,"rcvTime":25200.49719185347,"sendTime":25200.49707379518,"sender":79,"messageID":29294,"pos":[3791.456373466421,5265.636141850761,1.895],"pos_noise":[0.0,0.0,0.0],"spd":[2.652581009756816,-31.507110482183035,0.0],"spd_noise":[0.0,0.0,0.0],"RSSI":2.9350163526475114e-9}
{"type":3,"rcvTime":25200.498677716827,"sendTime":25200.498561167624,"sender":13,"messageID":29638,"pos":[3588.620784219118,5907.680601938369,1.895],"pos_noise":[0.0,0.0,0.0],"spd":[1.2210817284705545,28.679924658018775,0.0],"spd_noise":[0.0,0.0,0.0],"RSSI":1.797897340165893e-9}
{"type":2,"rcvTime":25200.5,"pos":[3600.470146045652,6056.267046970709,1.895],"noise":[0.0,0.0,0.0],"spd":[2.932687302081603,27.77178047671491,0.0],"spd_noise":[0.0,0.0,0.0]}
{"type":3,"rcvTime":25200.59909611136,"sendTime":25200.598979972536,"sender":97,"messageID":34998,"pos":[3346.9203514864345,5969.51792034935,1.895],"pos_noise":[0.0,0.0,0.0],"spd":[1.281753574590463,-29.820389286375016,0.0],"spd_noise":[0.0,0.0,0.0],"RSSI":9.349796890173792e-9}
{"type":2,"rcvTime":25200.6,"pos":[3600.762451415337,6059.035102246597,1.895],"noise":[0.0,0.0,0.0],"spd":[2.926565713925943,27.713810640548883,0.0],"spd_noise":[0.0,0.0,0.0]}
{"type":3,"rcvTime":25200.640521111192,"sendTime":25200.64040672639,"sender":31,"messageID":37107,"pos":[3614.6619816100649,6105.87427365988,1.895],"pos_noise":[0.0,0.0,0.0],"spd":[3.613996892888895,34.20098953187709,0.0],"spd_noise":[0.0,0.0,0.0],"RSSI":2.392560819855547e-7}
{"type":2,"rcvTime":25200.7,"pos":[3601.055318814389,6061.808479793353,1.895],"noise":[0.0,0.0,0.0],"spd":[2.9321927603152,27.767097295741828,0.0],"spd_noise":[0.0,0.0,0.0]}
{"type":3,"rcvTime":25200.7618837391,"sendTime":25200.761778182816,"sender":967,"messageID":42927,"pos":[3584.3073024719494,5948.19681291237,1.895],"pos_noise":[0.0,0.0,0.0],"spd":[2.56482461043238,34.543181886298537,0.0],"spd_noise":[0.0,0.0,0.0],"RSSI":2.9440308978294279e-9}
{"type":2,"rcvTime":25200.8,"pos":[3601.348687082532,6064.586600439187,1.895],"noise":[0.0,0.0,0.0],"spd":[2.9372074691126586,27.814585274330068,0.0],"spd_noise":[0.0,0.0,0.0]}
{"type":3,"rcvTime":25200.896485779434,"sendTime":25200.896373876367,"sender":109,"messageID":51826,"pos":[3591.190154931879,5798.4799423345179,1.895],"pos_noise":[0.0,0.0,0.0],"spd":[-0.020511494103480529,-35.24131080762577,0.0],"spd_noise":[0.0,0.0,0.0],"RSSI":1.0766765635854392e-8}
{"type":2,"rcvTime":25200.899999999998,"pos":[3601.641999570127,6067.364192857854,1.895],"noise":[0.0,0.0,0.0],"spd":[2.9366489934430377,27.809296656066239,0.0],"spd_noise":[0.0,0.0,0.0]}
{"type":3,"rcvTime":25200.920491218225,"sendTime":25200.920381986303,"sender":853,"messageID":52995,"pos":[3374.5583517410175,5999.998558029703,1.895],"pos_noise":[0.0,0.0,0.0],"spd":[-1.5390468055785416,36.78630360239938,0.0],"spd_noise":[0.0,0.0,0.0],"RSSI":1.2446511668109154e-8}
{"type":3,"rcvTime":25200.948201218373,"sendTime":25200.948090423364,"sender":49,"messageID":54210,"pos":[3597.5656947093568,6028.762653693034,1.895],"pos_noise":[0.0,0.0,0.0],"spd":[3.0004212756302857,28.413203461994038,0.0],"spd_noise":[0.0,0.0,0.0],"RSSI":5.425431808517233e-8}
{"type":3,"rcvTime":25200.99396910128,"sendTime":25200.993852010462,"sender":55,"messageID":56983,"pos":[3594.2566061044356,5993.017062293768,1.895],"pos_noise":[0.0,0.0,0.0],"spd":[2.1233874953422977,28.51720408252439,0.0],"spd_noise":[0.0,0.0,0.0],"RSSI":4.015078816335852e-9}
{"type":2,"rcvTime":25201.0,"pos":[3601.935511386207,6070.143672865048,1.895],"noise":[0.0,0.0,0.0],"spd":[2.9386446731975246,27.828195220510407,0.0],"spd_noise":[0.0,0.0,0.0]}
{"type":2,"rcvTime":25201.1,"pos":[3602.228683551167,6072.919936465116,1.895],"noise":[0.0,0.0,0.0],"spd":[2.935244081125123,27.795992504464726,0.0],"spd_noise":[0.0,0.0,0.0]}
{"type":3,"rcvTime":25201.125898404647,"sendTime":25201.125781386854,"sender":235,"messageID":66090,"pos":[3779.5679770217509,5949.641279444848,1.895],"pos_noise":[0.0,0.0,0.0],"spd":[-0.0182561652601586,-31.33442564620084,0.0],"spd_noise":[0.0,0.0,0.0],"RSSI":9.338817567860695e-9}
{"type":3,"rcvTime":25201.148681406932,"sendTime":25201.148564780364,"sender":37,"messageID":66748,"pos":[3591.638998527949,6002.338949114229,1.895],"pos_noise":[0.0,0.0,0.0],"spd":[2.571665894146475,34.58646341575304,0.0],"spd_noise":[0.0,0.0,0.0],"RSSI":2.897582513739906e-8}
{"type":2,"rcvTime":25201.2,"pos":[3602.5231567634639,6075.70852064263,1.895],"noise":[0.0,0.0,0.0],"spd":[2.948270186437799,27.919346309331,0.0],"spd_noise":[0.0,0.0,0.0]}
{"type":3,"rcvTime":25201.256128141362,"sendTime":25201.256021416742,"sender":619,"messageID":72743,"pos":[3592.2523696322798,5966.100062626267,1.895],"pos_noise":[0.0,0.0,0.0],"spd":[2.121252009744987,28.4885244003114,0.0],"spd_noise":[0.0,0.0,0.0],"RSSI":4.784332891737528e-8}
{"type":3,"rcvTime":25201.263893767027,"sendTime":25201.263778526336,