{"type":2,"rcvTime":25297.3,"pos":[3606.2013953815219,6077.3347980424609,1.895],"noise":[0.0,0.0,0.0],"spd":[-3.911527529738548,-33.9418605860313,0.0],"spd_noise":[0.0,0.0,0.0]}
{"type":3,"rcvTime":25297.374063778254,"sendTime":25297.373951203517,"sender":2401,"messageID":5895727,"pos":[3598.937944774087,6041.757502318661,1.895],"pos_noise":[0.0,0.0,0.0],"spd":[3.3450511764114196,31.676758339958949,0.0],"spd_noise":[0.0,0.0,0.0],"RSSI":2.9358061125752137e-8}
{"type":2,"rcvTime":25297.399999999998,"pos":[3605.808408380659,6073.924695494543,1.895],"noise":[0.0,0.0,0.0],"spd":[-3.9255546034361905,-34.0635790134885,0.0],"spd_noise":[0.0,0.0,0.0]}
{"type":2,"rcvTime":25297.5,"pos":[3605.4163106686189,6070.522309655002,1.895],"noise":[0.0,0.0,0.0],"spd":[-3.9166714805202846,-33.98649666719592,0.0],"spd_noise":[0.0,0.0,0.0]}
{"type":3,"rcvTime":25297.564457081447,"sendTime":25297.56434357348,"sender":2725,"messageID":5908864,"pos":[3845.436139163159,5638.67124817116,1.895],"pos_noise":[0.0,0.0,0.0],"spd":[-0.020025657225559568,-34.37153741810231,0.0],"spd_noise":[0.0,0.0,0.0],"RSSI":3.6882605793659608e-9}
{"type":2,"rcvTime":25297.6,"pos":[3605.0239885442167,6067.117976501255,1.895],"noise":[0.0,0.0,0.0],"spd":[-3.9189131398649694,-34.00594842571743,0.0],"spd_noise":[0.0,0.0,0.0]}
{"type":3,"rcvTime":25297.601705972127,"sendTime":25297.60159116066,"sender":2611,"messageID":5911814,"pos":[3601.1207050571408,5534.113789805844,1.895],"pos_noise":[0.0,0.0,0.0],"spd":[-2.428135646937229,29.64113297626633,0.0],"spd_noise":[0.0,0.0,0.0],"RSSI":2.242332760866119e-9}
{"type":3,"rcvTime":25297.626936820623,"sendTime":25297.62682057349,"sender":2683,"messageID":5913772,"pos":[3597.7708775701778,5765.460953765183,1.895],"pos_noise":[0.0,0.0,0.0],"spd":[-0.01843731613873872,-31.61308318773757,0.0],"spd_noise":[0.0,0.0,0.0],"RSSI":1.358286574790432e-9}
{"type":3,"rcvTime":25297.694731820615,"sendTime":25297.69462039247,"sender":2839,"messageID":5917928,"pos":[3496.678121408022,6135.64506635583,1.895],"pos_noise":[0.0,0.0,0.0],"spd":[-2.1632666327241849,-32.60563523533243,0.0],"spd_noise":[0.0,0.0,0.0],"RSSI":1.7532581760630215e-9}
{"type":2,"rcvTime":25297.7,"pos":[3604.632376326311,6063.719803484991,1.895],"noise":[0.0,0.0,0.0],"spd":[-3.911821870405846,-33.94441469560058,0.0],"spd_noise":[0.0,0.0,0.0]}
{"type":3,"rcvTime":25297.700235614346,"sendTime":25297.700126061867,"sender":2659,"messageID":5919199,"pos":[3809.6575665296979,5321.0830286601899,1.895],"pos_noise":[0.0,0.0,0.0],"spd":[-2.8699289308770976,35.033817129160528,0.0],"spd_noise":[0.0,0.0,0.0],"RSSI":3.5090810899495716e-9}
{"type":3,"rcvTime":25297.75324361849,"sendTime":25297.753137981843,"sender":2929,"messageID":5923098,"pos":[3609.9218806211749,6051.975974436447,1.895],"pos_noise":[0.0,0.0,0.0],"spd":[-3.63819093166148,-31.608289592542133,0.0],"spd_noise":[0.0,0.0,0.0],"RSSI":9.611925803200512e-7}
{"type":3,"rcvTime":25297.79295408637,"sendTime":25297.792840215283,"sender":2749,"messageID":5924353,"pos":[3607.5696955633095,5433.8993051179909,1.895],"pos_noise":[0.0,0.0,0.0],"spd":[-3.85752382908306,33.431873185400068,0.0],"spd_noise":[0.0,0.0,0.0],"RSSI":1.2715831890430569e-9}
{"type":2,"rcvTime":25297.8,"pos":[3604.2405655341478,6060.319907361905,1.895],"noise":[0.0,0.0,0.0],"spd":[-3.913805432429975,-33.96162684230666,0.0],"spd_noise":[0.0,0.0,0.0]}
{"type":2,"rcvTime":25297.899999999998,"pos":[3603.848330528261,6056.916330169736,1.895],"noise":[0.0,0.0,0.0],"spd":[-3.9180429113575299,-33.998397111185457,0.0],"spd_noise":[0.0,0.0,0.0]}
{"type":2,"rcvTime":25298.0,"pos":[3603.455419805864,6053.506889520024,1.895],"noise":[0.0,0.0,0.0],"spd":[-3.924792656396456,-34.056967299772079,0.0],"spd_noise":[0.0,0.0,0.0]}
{"type":3,"rcvTime":25298.00820374839,"sendTime":25298.008090493317,"sender":2587,"messageID":5937671,"pos":[3731.4140314358426,5737.083843450853,1.895],"pos_noise":[0.0,0.0,0.0],"spd":[1.2619143570330192,-29.3588238166941,0.0],"spd_noise":[0.0,0.0,0.0],"RSSI":1.1085230369519472e-8}
{"type":3,"rcvTime":25298.015269753545,"sendTime":25298.0151615588,"sender":2503,"messageID":5938065,"pos":[3581.052281368206,5840.409851469041,1.895],"pos_noise":[0.0,0.0,0.0],"spd":[-0.036728421951323596,37.93480934595332,0.0],"spd_noise":[0.0,0.0,0.0],"RSSI":7.28570404961924e-9}
{"type":3,"rcvTime":25298.018955753552,"sendTime":25298.0188415478,"sender":2917,"messageID":5938708,"pos":[3483.270221090361,6264.196226541843,1.895],"pos_noise":[0.0,0.0,0.0],"spd":[-3.916369738237597,-33.983878330898487,0.0],"spd_noise":[0.0,0.0,0.0],"RSSI":4.8299002130974129e-8}
{"type":3,"rcvTime":25298.066036213037,"sendTime":25298.065921557045,"sender":2485,"messageID":5943669,"pos":[3584.126682303872,5945.764211754046,1.895],"pos_noise":[0.0,0.0,0.0],"spd":[2.619968868308585,35.28586741810334,0.0],"spd_noise":[0.0,0.0,0.0],"RSSI":3.6183538118275528e-8}
{"type":3,"rcvTime":25298.075534042724,"sendTime":25298.075426306063,"sender":2731,"messageID":5945134,"pos":[3594.503171321489,5820.8381769204429,1.895],"pos_noise":[0.0,0.0,0.0],"spd":[-0.018353423186016815,-31.501356721949496,0.0],"spd_noise":[0.0,0.0,0.0],"RSSI":8.06858670576695e-9}
{"type":2,"rcvTime":25298.1,"pos":[3603.063601513589,6050.106928315526,1.895],"noise":[0.0,0.0,0.0],"spd":[-3.913880351186259,-33.96227694177237,0.0],"spd_noise":[0.0,0.0,0.0]}
{"type":2,"rcvTime":25298.2,"pos":[3602.672219383525,6046.710751861824,1.895],"noise":[0.0,0.0,0.0],"spd":[-3.9095235186006396,-33.924470994300659,0.0],"spd_noise":[0.0,0.0,0.0]}
{"type":3,"rcvTime":25298.213543010912,"sendTime":25298.21342788334,"sender":2791,"messageID":5952116,"pos":[3594.530383565544,5867.544592310609,1.895],"pos_noise":[0.0,0.0,0.0],"spd":[-0.018396243021110059,-31.574851616410116,0.0],"spd_noise":[0.0,0.0,0.0],"RSSI":1.2061606160630279e-8}
{"type":3,"rcvTime":25298.230322394153,"sendTime":25298.230205380914,"sender":2695,"messageID":5953301,"pos":[3599.7704235834219,5510.236631031208,1.895],"pos_noise":[0.0,0.0,0.0],"spd":[-2.9183878353636838,35.62536501730177,0.0],"spd_noise":[0.0,0.0,0.0],"RSSI":3.5509564500276086e-9}
{"type":3,"rcvTime":25298.24898439575,"sendTime":25298.248868522838,"sender":2935,"messageID":5955646,"pos":[3605.21112402574,6039.912850425144,1.895],"pos_noise":[0.0,0.0,0.0],"spd":[-3.9774027849957749,-34.5343749249234,0.0],"spd_noise":[0.0,0.0,0.0],"RSSI":0.000002712963446142428}
{"type":3,"rcvTime":25298.25549206031,"sendTime":25298.255374823744,"sender":2557,"messageID":5955931,"pos":[3594.7681084230528,5611.662242180496,1.895],"pos_noise":[0.0,0.0,0.0],"spd":[-2.444371609768205,29.83933126634602,0.0],"spd_noise":[0.0,0.0,0.0],"RSSI":3.765786687946839e-9}
{"type":3,"rcvTime":25298.283884149703,"sendTime":25298.283776218814,"sender":2533,"messageID":5960037,"pos":[3529.900313099948,5659.566701887547,1.895],"pos_noise":[0.0,0.0,0.0],"spd":[3.4865356003321859,-36.15757328132755,0.0],"spd_noise":[0.0,0.0,0.0],"RSSI":2.075016901636085e-9}
{"type":2,"rcvTime":25298.3,"pos":[3602.2813174231175,6043.318742028812,1.895],"noise":[0.0,0.0,0.0],"spd":[-3.9047270947937409,-33.8828505412173,0.0],"spd_noise":[0.0,0.0,0.0]}
{"type":3,"rcvTime":25298.37406633655,"sendTime":25298.373951203517,"sender":2401,"messageID":5966265,"pos":[3602.2841959381105,6073.445624226929,1.895],"pos_noise":[0.0,0.0,0.0],"spd":[3.3432627060202648,31.659821993851489,0.0],"spd_noise":[0.0,0.0,0.0],"RSSI":2.1953891008915034e-7}
{"type":2,"rcvTime":25298.399999999998,"pos":[3601.89039299706,6039.926537252542,1.895],"noise":[0.0,0.0,0.0],"spd":[-3.904951504589383,-33.8847978331219,0.0],"spd_noise":[0.0,0.0,0.0]}
{"type":3,"rcvTime":25298.40387264707,"sendTime":25298.403753151048,"sender":2665,"messageID":5967313,"pos":[3585.205737692023,5462.854569958038,1.895],"pos_noise":[0.0,0.0,0.0],"spd":[-2.7590284393417257,33.67960297447109,0.0],"spd_noise":[0.0,0.0,0.0],"RSSI":3.01541257701928e-9}
{"type":3,"rcvTime":25298.437073316672,"sendTime":25298.43696234361,"sender":2599,"messageID":5970174,