{"type":2,"rcvTime":18096.1,"pos":[6096.065681227547,6078.600582181547,1.895],"noise":[0.0,0.0,0.0],"spd":[7.375280142115921,-14.749318842022275,0.0],"spd_noise":[0.0,0.0,0.0]}
{"type":2,"rcvTime":18096.2,"pos":[6096.821924566257,6077.123167658967,1.895],"noise":[0.0,0.0,0.0],"spd":[7.497473873651485,-14.717865526202326,0.0],"spd_noise":[0.0,0.0,0.0]}
{"type":2,"rcvTime":18096.3,"pos":[6097.575878295713,6075.650226170117,1.895],"noise":[0.0,0.0,0.0],"spd":[7.503348050018444,-14.658714741195056,0.0],"spd_noise":[0.0,0.0,0.0]}
{"type":2,"rcvTime":18096.399999999998,"pos":[6098.4255336467399,6074.250755814428,1.895],"noise":[0.0,0.0,0.0],"spd":[7.8505087582732389,-14.479596013567884,0.0],"spd_noise":[0.0,0.0,0.0]}
{"type":2,"rcvTime":18096.5,"pos":[6099.664503412504,6073.144443417523,1.895],"noise":[0.0,0.0,0.0],"spd":[9.588208684527448,-13.46556183585018,0.0],"spd_noise":[0.0,0.0,0.0]}
{"type":2,"rcvTime":18096.6,"pos":[6100.900443483028,6072.040836324248,1.895],"noise":[0.0,0.0,0.0],"spd":[11.138254084612758,-12.1597545665578,0.0],"spd_noise":[0.0,0.0,0.0]}
{"type":2,"rcvTime":18096.7,"pos":[6102.13315801254,6070.940109411026,1.895],"noise":[0.0,0.0,0.0],"spd":[12.267975871572333,-10.954435020678197,0.0],"spd_noise":[0.0,0.0,0.0]}
{"type":2,"rcvTime":18096.8,"pos":[6103.3807801563439,6069.862002080295,1.895],"noise":[0.0,0.0,0.0],"spd":[12.30538226772132,-10.870386249067105,0.0],"spd_noise":[0.0,0.0,0.0]}
{"type":2,"rcvTime":18096.899999999998,"pos":[6104.705210515774,6068.8691398219739,1.895],"noise":[0.0,0.0,0.0],"spd":[12.648564104371685,-10.553625252625123,0.0],"spd_noise":[0.0,0.0,0.0]}
{"type":2,"rcvTime":18097.0,"pos":[6106.0341256596279,6067.872915534716,1.895],"noise":[0.0,0.0,0.0],"spd":[12.986132589337247,-10.22577354912008,0.0],"spd_noise":[0.0,0.0,0.0]}
{"type":3,"rcvTime":18097.048276516918,"sendTime":18097.04816264566,"sender":553,"messageID":239922,"pos":[6155.61554744428,6049.274188268981,1.895],"pos_noise":[0.0,0.0,0.0],"spd":[16.12560512572797,-5.466239245242777,0.0],"spd_noise":[0.0,0.0,0.0],"RSSI":2.3634012837795633e-7}
{"type":2,"rcvTime":18097.1,"pos":[6107.358573681742,6066.880040035524,1.895],"noise":[0.0,0.0,0.0],"spd":[13.18090765497556,-9.881097671810784,0.0],"spd_noise":[0.0,0.0,0.0]}
{"type":2,"rcvTime":18097.2,"pos":[6108.686267404002,6065.884731389768,1.895],"noise":[0.0,0.0,0.0],"spd":[13.2132088651275,-9.905312348130734,0.0],"spd_noise":[0.0,0.0,0.0]}
{"type":2,"rcvTime":18097.3,"pos":[6110.006679910825,6064.894881123874,1.895],"noise":[0.0,0.0,0.0],"spd":[13.140746203937797,-9.850990547875659,0.0],"spd_noise":[0.0,0.0,0.0]}
{"type":2,"rcvTime":18097.399999999998,"pos":[6111.518203312237,6064.250857405578,1.895],"noise":[0.0,0.0,0.0],"spd":[13.937423140299947,-8.827162905532429,0.0],"spd_noise":[0.0,0.0,0.0]}
{"type":2,"rcvTime":18097.5,"pos":[6113.085098261454,6063.7158201058459,1.895],"noise":[0.0,0.0,0.0],"spd":[14.762562752270794,-7.320095463930141,0.0],"spd_noise":[0.0,0.0,0.0]}
{"type":2,"rcvTime":18097.6,"pos":[6114.65533459609,6063.179641845238,1.895],"noise":[0.0,0.0,0.0],"spd":[15.475140382088766,-5.76162611455673,0.0],"spd_noise":[0.0,0.0,0.0]}
{"type":2,"rcvTime":18097.7,"pos":[6116.224387213944,6062.643867780605,1.895],"noise":[0.0,0.0,0.0],"spd":[15.615212765170574,-5.332023871032038,0.0],"spd_noise":[0.0,0.0,0.0]}
{"type":2,"rcvTime":18097.8,"pos":[6117.788231730922,6062.109872091881,1.895],"noise":[0.0,0.0,0.0],"spd":[15.563381741568995,-5.3143254727320399,0.0],"spd_noise":[0.0,0.0,0.0]}
{"type":2,"rcvTime":18097.899999999998,"pos":[6119.351154412977,6061.576191176057,1.895],"noise":[0.0,0.0,0.0],"spd":[15.554207639747041,-5.3111928525977138,0.0],"spd_noise":[0.0,0.0,0.0]}
{"type":2,"rcvTime":18098.0,"pos":[6120.917677499894,6061.041280853696,1.895],"noise":[0.0,0.0,0.0],"spd":[15.590038871498951,-5.323427907339291,0.0],"spd_noise":[0.0,0.0,0.0]}
{"type":3,"rcvTime":18098.008026664193,"sendTime":18098.007912108114,"sender":301,"messageID":242655,"pos":[6124.024422222165,5736.879044673137,1.895],"pos_noise":[0.0,0.0,0.0],"spd":[12.312765996862519,0.7037003312701937,0.0],"spd_noise":[0.0,0.0,0.0],"RSSI":3.233569595423931e-9}
{"type":3,"rcvTime":18098.04827471446,"sendTime":18098.04816264566,"sender":553,"messageID":242842,"pos":[6171.76128790059,6043.801123572332,1.895],"pos_noise":[0.0,0.0,0.0],"spd":[16.096753332296136,-5.456459097186506,0.0],"spd_noise":[0.0,0.0,0.0],"RSSI":2.466851014425237e-8}
{"type":2,"rcvTime":18098.1,"pos":[6122.482755778153,6060.5068638806319,1.895],"noise":[0.0,0.0,0.0],"spd":[15.575660134711918,-5.318518094777867,0.0],"spd_noise":[0.0,0.0,0.0]}
{"type":2,"rcvTime":18098.2,"pos":[6124.048534083543,6059.974738477306,1.895],"noise":[0.0,0.0,0.0],"spd":[15.577483582045846,-5.3108510201339229,0.0],"spd_noise":[0.0,0.0,0.0]}
{"type":3,"rcvTime":18098.258127730493,"sendTime":18098.258017812528,"sender":457,"messageID":243426,"pos":[5596.1837065033619,555.6053424952552,1.895],"pos_noise":[0.0,0.0,0.0],"spd":[2.3275674022878196e-15,-4.644803565459686e-14,0.0],"spd_noise":[0.0,0.0,0.0],"RSSI":8.343882564799575e-9}
{"type":2,"rcvTime":18098.3,"pos":[6125.6208969307549,6059.441740711568,1.895],"noise":[0.0,0.0,0.0],"spd":[15.642768010619199,-5.320262935988128,0.0],"spd_noise":[0.0,0.0,0.0]}
{"type":3,"rcvTime":18098.3151342686,"sendTime":18098.315018962043,"sender":235,"messageID":243630,"pos":[6099.742516851731,5695.858910282345,1.895],"pos_noise":[0.0,0.0,0.0],"spd":[-0.797720105085806,-11.63150520130431,0.0],"spd_noise":[0.0,0.0,0.0],"RSSI":2.399833748205103e-9}
{"type":3,"rcvTime":18098.39419289807,"sendTime":18098.39408579273,"sender":523,"messageID":243939,"pos":[6025.106377745867,5811.534606520298,1.895],"pos_noise":[0.0,0.0,0.0],"spd":[-13.09537005012781,-1.3186219990995816,0.0],"spd_noise":[0.0,0.0,0.0],"RSSI":1.6530040957863556e-8}
{"type":2,"rcvTime":18098.399999999998,"pos":[6127.188475918393,6058.910364573096,1.895],"noise":[0.0,0.0,0.0],"spd":[15.599062403445254,-5.292633878814064,0.0],"spd_noise":[0.0,0.0,0.0]}
{"type":2,"rcvTime":18098.5,"pos":[6128.754489343202,6058.379519127327,1.895],"noise":[0.0,0.0,0.0],"spd":[15.584966713839782,-5.28297425260606,0.0],"spd_noise":[0.0,0.0,0.0]}
{"type":2,"rcvTime":18098.6,"pos":[6130.324282726338,6057.847392355592,1.895],"noise":[0.0,0.0,0.0],"spd":[15.622584861789245,-5.295726009524061,0.0],"spd_noise":[0.0,0.0,0.0]}
{"type":3,"rcvTime":18098.676971383575,"sendTime":18098.67686281921,"sender":463,"messageID":244872,"pos":[2201.8915643636139,6102.32958314009,1.895],"pos_noise":[0.0,0.0,0.0],"spd":[-13.663309592948928,-1.1823066592007057,0.0],"spd_noise":[0.0,0.0,0.0],"RSSI":9.629911786212384e-9}
{"type":2,"rcvTime":18098.7,"pos":[6131.891859621756,6057.316016926338,1.895],"noise":[0.0,0.0,0.0],"spd":[15.600526374439362,-5.288248648620899,0.0],"spd_noise":[0.0,0.0,0.0]}
{"type":3,"rcvTime":18098.730239481865,"sendTime":18098.73012202629,"sender":175,"messageID":245070,"pos":[6100.939533978045,5745.683764506012,1.895],"pos_noise":[0.0,0.0,0.0],"spd":[2.3615454158446295e-15,-4.712608776311295e-14,0.0],"spd_noise":[0.0,0.0,0.0],"RSSI":4.102242621789617e-9}
{"type":3,"rcvTime":18098.790332483175,"sendTime":18098.79022211037,"sender":583,"messageID":245278,"pos":[1960.935032851994,10700.246098218486,1.895],"pos_noise":[0.0,0.0,0.0],"spd":[-1.3039441941488286,-0.13136454498932968,0.0],"spd_noise":[0.0,0.0,0.0],"RSSI":2.2783742042586514e-9}
{"type":2,"rcvTime":18098.8,"pos":[6133.4579919050279,6056.785131190063,1.895],"noise":[0.0,0.0,0.0],"spd":[15.586149593341708,-5.2833752237523579,0.0],"spd_noise":[0.0,0.0,0.0]}
{"type":2,"rcvTime":18098.899999999998,"pos":[6135.022601641881,6056.254761564837,1.895],"noise":[0.0,0.0,0.0],"spd":[15.570997210308449,-5.278238886222726,0.0],"spd_noise":[0.0,0.0,0.0]}
{"type":2,"rcvTime":18099.0,"pos":[6136.587981150295,6055.724131003325,1.895],"noise":[0.0,0.0,0.0],"spd":[15.578657977418912,-5.28083572432892,0.0],"spd_noise":[0.0,0.0,0.0]}
{"type":3,"rcvTime":18099.04827732332,"sendTime":18099.04816264566,