{"type":2,"rcvTime":18097.8,"pos":[3645.3284633948785,5182.833286991054,1.895],"noise":[0.0,0.0,0.0],"spd":[-5.205658526004842,33.37135925419984,0.0],"spd_noise":[0.0,0.0,0.0]}
{"type":2,"rcvTime":18097.899999999998,"pos":[3644.8096754220475,5186.159025652479,1.895],"noise":[0.0,0.0,0.0],"spd":[-5.194112909116727,33.29734500085839,0.0],"spd_noise":[0.0,0.0,0.0]}
{"type":3,"rcvTime":18097.98415147569,"sendTime":18097.984042235417,"sender":133,"messageID":242570,"pos":[3598.694906425122,5210.980805984537,1.895],"pos_noise":[0.0,0.0,0.0],"spd":[12.221482161304638,1.6213337935427954,0.0],"spd_noise":[0.0,0.0,0.0],"RSSI":1.0675077578515212e-7}
{"type":2,"rcvTime":18098.0,"pos":[3644.2895540435099,5189.493312235486,1.895],"noise":[0.0,0.0,0.0],"spd":[-5.20746298690751,33.38292691902885,0.0],"spd_noise":[0.0,0.0,0.0]}
{"type":3,"rcvTime":18098.08834868754,"sendTime":18098.088241981437,"sender":505,"messageID":243097,"pos":[3629.5995903406376,5370.550084751684,1.895],"pos_noise":[0.0,0.0,0.0],"spd":[4.700178185083622,-37.93899438772831,0.0],"spd_noise":[0.0,0.0,0.0],"RSSI":1.3892014770485315e-8}
{"type":2,"rcvTime":18098.1,"pos":[3643.7704817051264,5192.820873848793,1.895],"noise":[0.0,0.0,0.0],"spd":[-5.196959981260585,33.31559642224162,0.0],"spd_noise":[0.0,0.0,0.0]}
{"type":2,"rcvTime":18098.2,"pos":[3643.2515053085187,5196.147820418401,1.895],"noise":[0.0,0.0,0.0],"spd":[-5.195999410772608,33.309438595583738,0.0],"spd_noise":[0.0,0.0,0.0]}
{"type":3,"rcvTime":18098.249911694675,"sendTime":18098.24979627505,"sender":109,"messageID":243339,"pos":[3652.75082205292,5224.8344149723229,1.895],"pos_noise":[0.0,0.0,0.0],"spd":[13.775861496683462,1.8335926760633339,0.0],"spd_noise":[0.0,0.0,0.0],"RSSI":2.608574056129741e-8}
{"type":2,"rcvTime":18098.3,"pos":[3642.732019754086,5199.47803099171,1.895],"noise":[0.0,0.0,0.0],"spd":[-5.20109710649584,33.34211784922644,0.0],"spd_noise":[0.0,0.0,0.0]}
{"type":3,"rcvTime":18098.32438506334,"sendTime":18098.324273785667,"sender":403,"messageID":243706,"pos":[4014.5185297422069,5265.534422791246,1.895],"pos_noise":[0.0,0.0,0.0],"spd":[13.219106897612818,1.9476266227050308,0.0],"spd_noise":[0.0,0.0,0.0],"RSSI":6.195928023345772e-9}
{"type":3,"rcvTime":18098.346095007742,"sendTime":18098.34598797653,"sender":529,"messageID":243775,"pos":[5899.020380983129,395.8525815978646,1.895],"pos_noise":[0.0,0.0,0.0],"spd":[-2.980101978099863,36.37918628112524,0.0],"spd_noise":[0.0,0.0,0.0],"RSSI":8.155087688148918e-9}
{"type":2,"rcvTime":18098.399999999998,"pos":[3642.212020532282,5202.811534477588,1.895],"noise":[0.0,0.0,0.0],"spd":[-5.206239951868887,33.37508653890814,0.0],"spd_noise":[0.0,0.0,0.0]}
{"type":3,"rcvTime":18098.433627068727,"sendTime":18098.433511648,"sender":487,"messageID":244023,"pos":[3657.4879271826209,5182.4555421456029,1.895],"pos_noise":[0.0,0.0,0.0],"spd":[6.162351855519912,-39.14585366070877,0.0],"spd_noise":[0.0,0.0,0.0],"RSSI":3.102322066229585e-8}
{"type":2,"rcvTime":18098.5,"pos":[3641.6933625993149,5206.136439506345,1.895],"noise":[0.0,0.0,0.0],"spd":[-5.192810948067505,33.288998658176989,0.0],"spd_noise":[0.0,0.0,0.0]}
{"type":2,"rcvTime":18098.6,"pos":[3641.1748645126929,5209.4603198252029,1.895],"noise":[0.0,0.0,0.0],"spd":[-5.191210564073896,33.278739247403738,0.0],"spd_noise":[0.0,0.0,0.0]}
{"type":3,"rcvTime":18098.61334784899,"sendTime":18098.613231756815,"sender":511,"messageID":244558,"pos":[3610.757998275068,5468.999379151817,1.895],"pos_noise":[0.0,0.0,0.0],"spd":[4.613064314484431,-37.253884608444277,0.0],"spd_noise":[0.0,0.0,0.0],"RSSI":1.6660276245609053e-8}
{"type":2,"rcvTime":18098.7,"pos":[3640.6552875073186,5212.791116653298,1.895],"noise":[0.0,0.0,0.0],"spd":[-5.202012714685988,33.34798744088268,0.0],"spd_noise":[0.0,0.0,0.0]}
{"type":2,"rcvTime":18098.8,"pos":[3640.137013054551,5216.113563346483,1.895],"noise":[0.0,0.0,0.0],"spd":[-5.188971538590077,33.264385765816999,0.0],"spd_noise":[0.0,0.0,0.0]}
{"type":2,"rcvTime":18098.899999999998,"pos":[3639.6172511581037,5219.4455454360399,1.895],"noise":[0.0,0.0,0.0],"spd":[-5.203863846866882,33.35985429629148,0.0],"spd_noise":[0.0,0.0,0.0]}
{"type":3,"rcvTime":18098.98415393311,"sendTime":18098.984042235417,"sender":133,"messageID":245631,"pos":[3610.8024689878386,5212.593692821091,1.895],"pos_noise":[0.0,0.0,0.0],"spd":[12.239129486959028,1.6304132841074777,0.0],"spd_noise":[0.0,0.0,0.0],"RSSI":8.340460190790912e-8}
{"type":2,"rcvTime":18099.0,"pos":[3639.097738425659,5222.77593023653,1.895],"noise":[0.0,0.0,0.0],"spd":[-5.201369213160257,33.343862214364559,0.0],"spd_noise":[0.0,0.0,0.0]}
{"type":3,"rcvTime":18099.088350667225,"sendTime":18099.088241981437,"sender":505,"messageID":246129,"pos":[3634.2872898130365,5332.711816292182,1.895],"pos_noise":[0.0,0.0,0.0],"spd":[4.688857218472599,-37.84761357792942,0.0],"spd_noise":[0.0,0.0,0.0],"RSSI":5.962976866560666e-8}
{"type":2,"rcvTime":18099.1,"pos":[3638.5775690352477,5226.11052460413,1.895],"noise":[0.0,0.0,0.0],"spd":[-5.207943682500863,33.386008462946779,0.0],"spd_noise":[0.0,0.0,0.0]}
{"type":2,"rcvTime":18099.2,"pos":[3638.0573718046859,5229.445297443608,1.895],"noise":[0.0,0.0,0.0],"spd":[-5.208222418500514,33.387795326056409,0.0],"spd_noise":[0.0,0.0,0.0]}
{"type":3,"rcvTime":18099.24990875755,"sendTime":18099.24979627505,"sender":109,"messageID":246366,"pos":[3666.2321121066727,5228.570800551727,1.895],"pos_noise":[0.0,0.0,0.0],"spd":[13.284266639432131,3.8893428677582344,0.0],"spd_noise":[0.0,0.0,0.0],"RSSI":1.48032340571079e-7}
{"type":2,"rcvTime":18099.3,"pos":[3637.537816801976,5232.775953221572,1.895],"noise":[0.0,0.0,0.0],"spd":[-5.201792423681884,33.3465752448788,0.0],"spd_noise":[0.0,0.0,0.0]}
{"type":3,"rcvTime":18099.32438217864,"sendTime":18099.324273785667,"sender":403,"messageID":246708,"pos":[4027.706671370503,5267.905429625429,1.895],"pos_noise":[0.0,0.0,0.0],"spd":[13.264609282950199,2.212851878496149,0.0],"spd_noise":[0.0,0.0,0.0],"RSSI":2.490558139231341e-9}
{"type":2,"rcvTime":18099.399999999998,"pos":[3637.0178748879454,5236.109089330627,1.895],"noise":[0.0,0.0,0.0],"spd":[-5.205666185588456,33.37140835668075,0.0],"spd_noise":[0.0,0.0,0.0]}
{"type":3,"rcvTime":18099.423088949727,"sendTime":18099.42298325943,"sender":589,"messageID":246997,"pos":[1550.5246391892434,8139.197840820998,1.895],"pos_noise":[0.0,0.0,0.0],"spd":[-5.205441753098254,33.369969611280648,0.0],"spd_noise":[0.0,0.0,0.0],"RSSI":6.28493895706604e-8}
{"type":2,"rcvTime":18099.5,"pos":[3636.4982594233977,5239.440132704841,1.895],"noise":[0.0,0.0,0.0],"spd":[-5.202397768505362,33.35045586428664,0.0],"spd_noise":[0.0,0.0,0.0]}
{"type":3,"rcvTime":18099.519374989755,"sendTime":18099.519261626712,"sender":493,"messageID":247331,"pos":[3812.5968250071666,5245.185221421639,1.895],"pos_noise":[0.0,0.0,0.0],"spd":[1.8276845213144193e-14,4.205887538706526e-14,0.0],"spd_noise":[0.0,0.0,0.0],"RSSI":1.1288021012238566e-8}
{"type":2,"rcvTime":18099.6,"pos":[3635.978457440618,5242.772371771565,1.895],"noise":[0.0,0.0,0.0],"spd":[-5.204265191818417,33.362427155516808,0.0],"spd_noise":[0.0,0.0,0.0]}
{"type":3,"rcvTime":18099.61334695084,"sendTime":18099.613231756815,"sender":511,"messageID":247542,"pos":[3615.3828433094074,5431.650356572562,1.895],"pos_noise":[0.0,0.0,0.0],"spd":[4.619392744621333,-37.30499133274567,0.0],"spd_noise":[0.0,0.0,0.0],"RSSI":8.394647528733626e-9}
{"type":3,"rcvTime":18099.644099339417,"sendTime":18099.64399019652,"sender":115,"messageID":247690,"pos":[3721.591409575385,5238.129463115447,1.895],"pos_noise":[0.0,0.0,0.0],"spd":[-14.143456276123079,-5.683905346031149,0.0],"spd_noise":[0.0,0.0,0.0],"RSSI":8.139094150871134e-8}
{"type":2,"rcvTime":18099.7,"pos":[3635.459831633164,5246.097070856723,1.895],"noise":[0.0,0.0,0.0],"spd":[-5.19248930694614,33.286936747791099,0.0],"spd_noise":[0.0,0.0,0.0]}
{"type":2,"rcvTime":18099.8,"pos":[3634.9407741317966,5249.424537355957,1.895],"noise":[0.0,0.0,0.0],"spd":[-5.196811432838542,33.31464413873438,0.0],"spd_noise":[0.0,0.0,0.0]}
{"type":3,