{"type":2,"rcvTime":25297.7,"pos":[3612.887090867612,6077.737465774495,1.895],"noise":[0.0,0.0,0.0],"spd":[-3.4496050777088507,-29.969871929269748,0.0],"spd_noise":[0.0,0.0,0.0]}
{"type":3,"rcvTime":25297.741434048086,"sendTime":25297.741317758708,"sender":2851,"messageID":6388329,"pos":[3601.787364485452,5525.975636243707,1.895],"pos_noise":[0.0,0.0,0.0],"spd":[-2.44590428201455,29.85804115264099,0.0],"spd_noise":[0.0,0.0,0.0],"RSSI":3.0585733136174746e-9}
{"type":2,"rcvTime":25297.8,"pos":[3612.54391913764,6074.756019329082,1.895],"noise":[0.0,0.0,0.0],"spd":[-3.435486101618253,-29.847207480535617,0.0],"spd_noise":[0.0,0.0,0.0]}
{"type":2,"rcvTime":25297.899999999998,"pos":[3612.1998206246378,6071.7665210724949,1.895],"noise":[0.0,0.0,0.0],"spd":[-3.4447641100926806,-29.927814019386188,0.0],"spd_noise":[0.0,0.0,0.0]}
{"type":2,"rcvTime":25298.0,"pos":[3611.855310881995,6068.773450088194,1.895],"noise":[0.0,0.0,0.0],"spd":[-3.448880922728841,-29.963580533141564,0.0],"spd_noise":[0.0,0.0,0.0]}
{"type":3,"rcvTime":25298.00801541225,"sendTime":25298.00790590504,"sender":2587,"messageID":6406333,"pos":[2204.113059323281,11432.424858910963,1.895],"pos_noise":[0.0,0.0,0.0],"spd":[2.154651590594705,28.978017160569406,0.0],"spd_noise":[0.0,0.0,0.0],"RSSI":5.787415553207261e-8}
{"type":3,"rcvTime":25298.061552612464,"sendTime":25298.061444197505,"sender":3007,"messageID":6410486,"pos":[3113.854080699384,8185.088424826972,1.895],"pos_noise":[0.0,0.0,0.0],"spd":[-2.1932954581036818,-33.04052105310871,0.0],"spd_noise":[0.0,0.0,0.0],"RSSI":1.6877799278663229e-8}
{"type":2,"rcvTime":25298.1,"pos":[3611.5108072808704,6065.78043246087,1.895],"noise":[0.0,0.0,0.0],"spd":[-3.4488194401043339,-29.963046377399384,0.0],"spd_noise":[0.0,0.0,0.0]}
{"type":3,"rcvTime":25298.165920657808,"sendTime":25298.165808278976,"sender":2749,"messageID":6416176,"pos":[3589.073040901167,5718.022626649013,1.895],"pos_noise":[0.0,0.0,0.0],"spd":[-1.2475885125515068,29.88072173465645,0.0],"spd_noise":[0.0,0.0,0.0],"RSSI":1.2194986009631671e-8}
{"type":3,"rcvTime":25298.17114667876,"sendTime":25298.171031232552,"sender":2833,"messageID":6416752,"pos":[4909.893567683175,4106.634228141047,1.895],"pos_noise":[0.0,0.0,0.0],"spd":[3.3210752704926147,-39.450129411346079,0.0],"spd_noise":[0.0,0.0,0.0],"RSSI":3.846762846362259e-9}
{"type":2,"rcvTime":25298.2,"pos":[3611.1666768271127,6062.790656705748,1.895],"noise":[0.0,0.0,0.0],"spd":[-3.445083868429595,-29.930592052288437,0.0],"spd_noise":[0.0,0.0,0.0]}
{"type":3,"rcvTime":25298.22966097394,"sendTime":25298.229546101113,"sender":2767,"messageID":6419116,"pos":[3584.420297394413,5770.208542210643,1.895],"pos_noise":[0.0,0.0,0.0],"spd":[-0.03378026346793277,34.85343645372763,0.0],"spd_noise":[0.0,0.0,0.0],"RSSI":1.1556931883086407e-8}
{"type":2,"rcvTime":25298.3,"pos":[3610.822625794452,6059.801570954283,1.895],"noise":[0.0,0.0,0.0],"spd":[-3.4442887852316379,-29.923684437915456,0.0],"spd_noise":[0.0,0.0,0.0]}
{"type":3,"rcvTime":25298.31924760523,"sendTime":25298.31913774158,"sender":2821,"messageID":6425130,"pos":[3600.2612965157616,5688.510988726039,1.895],"pos_noise":[0.0,0.0,0.0],"spd":[1.2964166095912658,-30.216252276391044,0.0],"spd_noise":[0.0,0.0,0.0],"RSSI":6.104992077728774e-9}
{"type":3,"rcvTime":25298.330161608672,"sendTime":25298.330050710214,"sender":2881,"messageID":6426268,"pos":[3591.1719314406648,5767.16970649172,1.895],"pos_noise":[0.0,0.0,0.0],"spd":[-0.01741313123910951,-29.917936112256048,0.0],"spd_noise":[0.0,0.0,0.0],"RSSI":1.0475575017199826e-8}
{"type":3,"rcvTime":25298.38404515255,"sendTime":25298.383927163017,"sender":2725,"messageID":6430827,"pos":[3581.2452196230294,5889.577519933204,1.895],"pos_noise":[0.0,0.0,0.0],"spd":[1.4188763925217652,33.16177940511621,0.0],"spd_noise":[0.0,0.0,0.0],"RSSI":7.516477281222505e-9}
{"type":2,"rcvTime":25298.399999999998,"pos":[3610.4788615292848,6056.814976614107,1.895],"noise":[0.0,0.0,0.0],"spd":[-3.4414179609485004,-29.898742963700618,0.0],"spd_noise":[0.0,0.0,0.0]}
{"type":3,"rcvTime":25298.454850153565,"sendTime":25298.45473812567,"sender":3025,"messageID":6435584,"pos":[3596.440764138352,5981.529581405809,1.895],"pos_noise":[0.0,0.0,0.0],"spd":[-2.1906919289790629,-33.001300637757697,0.0],"spd_noise":[0.0,0.0,0.0],"RSSI":2.4418080623064305e-8}
{"type":2,"rcvTime":25298.5,"pos":[3610.1353554278759,6053.830625178438,1.895],"noise":[0.0,0.0,0.0],"spd":[-3.4388334881404094,-29.876289286454516,0.0],"spd_noise":[0.0,0.0,0.0]}
{"type":3,"rcvTime":25298.544687156056,"sendTime":25298.54457281232,"sender":3049,"messageID":6440901,"pos":[3022.3868629243227,5839.665743638761,1.895],"pos_noise":[0.0,0.0,0.0],"spd":[-3.795758104062567,-32.93728381223447,0.0],"spd_noise":[0.0,0.0,0.0],"RSSI":1.208638723654522e-7}
{"type":2,"rcvTime":25298.6,"pos":[3609.7908407035909,6050.837510914061,1.895],"noise":[0.0,0.0,0.0],"spd":[-3.4489307938595199,-29.964013809231365,0.0],"spd_noise":[0.0,0.0,0.0]}
{"type":3,"rcvTime":25298.630983007195,"sendTime":25298.630870918696,"sender":2737,"messageID":6445472,"pos":[3586.067754576339,5925.192946866853,1.895],"pos_noise":[0.0,0.0,0.0],"spd":[1.4680661366316246,34.39575155470682,0.0],"spd_noise":[0.0,0.0,0.0],"RSSI":1.1815140928004548e-8}
{"type":3,"rcvTime":25298.6574060104,"sendTime":25298.65729194549,"sender":2719,"messageID":6446748,"pos":[3584.1973556813807,5946.716044220043,1.895],"pos_noise":[0.0,0.0,0.0],"spd":[2.36631387867194,31.86962975106903,0.0],"spd_noise":[0.0,0.0,0.0],"RSSI":5.272414250143646e-8}
{"type":2,"rcvTime":25298.7,"pos":[3609.4464429101878,6047.845412535116,1.895],"noise":[0.0,0.0,0.0],"spd":[-3.447760200875349,-29.95384379817074,0.0],"spd_noise":[0.0,0.0,0.0]}
{"type":3,"rcvTime":25298.741427587305,"sendTime":25298.741317758708,"sender":2851,"messageID":6453562,"pos":[3599.346020050571,5555.7780136876949,1.895],"pos_noise":[0.0,0.0,0.0],"spd":[-2.441882234582963,29.80894256010274,0.0],"spd_noise":[0.0,0.0,0.0],"RSSI":2.6469132706105606e-9}
{"type":2,"rcvTime":25298.8,"pos":[3609.1017910199968,6044.851106585154,1.895],"noise":[0.0,0.0,0.0],"spd":[-3.450303959315838,-29.975943752475926,0.0],"spd_noise":[0.0,0.0,0.0]}
{"type":3,"rcvTime":25298.885239346633,"sendTime":25298.885130738887,"sender":2755,"messageID":6463191,"pos":[3611.2388723545684,5465.115967552147,1.895],"pos_noise":[0.0,0.0,0.0],"spd":[4.166861789399694,-33.650471291777808,0.0],"spd_noise":[0.0,0.0,0.0],"RSSI":1.4778554434884218e-9}
{"type":2,"rcvTime":25298.899999999998,"pos":[3608.758110151935,6041.865236791852,1.895],"noise":[0.0,0.0,0.0],"spd":[-3.4405830740032754,-29.891489537798188,0.0],"spd_noise":[0.0,0.0,0.0]}
{"type":3,"rcvTime":25298.980588464903,"sendTime":25298.980477628018,"sender":3085,"messageID":6469801,"pos":[3604.091327415734,6059.024909596761,1.895],"pos_noise":[0.0,0.0,0.0],"spd":[-3.9892498428611815,-34.616287621603529,0.0],"spd_noise":[0.0,0.0,0.0],"RSSI":9.761639583386672e-8}
{"type":2,"rcvTime":25299.0,"pos":[3608.413871215818,6038.874518551332,1.895],"noise":[0.0,0.0,0.0],"spd":[-3.446169883404587,-29.940027256893189,0.0],"spd_noise":[0.0,0.0,0.0]}
{"type":3,"rcvTime":25299.008012655628,"sendTime":25299.00790590504,"sender":2587,"messageID":6471523,"pos":[8755.703136818483,3924.1247485624628,1.895],"pos_noise":[0.0,0.0,0.0],"spd":[3.048628997962686,28.850641418939437,0.0],"spd_noise":[0.0,0.0,0.0],"RSSI":1.7606376342833665e-7}
{"type":3,"rcvTime":25299.03664823677,"sendTime":25299.03653800776,"sender":2791,"messageID":6473923,"pos":[2618.795492229983,5803.511093603447,1.895],"pos_noise":[0.0,0.0,0.0],"spd":[2.5164616641557617,-29.890297557388839,0.0],"spd_noise":[0.0,0.0,0.0],"RSSI":5.858900203615875e-9}
{"type":3,"rcvTime":25299.06155024085,"sendTime":25299.061444197505,"sender":3007,"messageID":6475643,"pos":[2985.730250906199,6699.115949333645,1.895],"pos_noise":[0.0,0.0,0.0],"spd":[-1.2929448186698585,-33.09510135301253,0.0],"spd_noise":[0.0,0.0,0.0],"RSSI":3.08770307251123e-8}
{"type":2,"rcvTime":25299.1,