{"type":2,"rcvTime":25299.6,"pos":[3606.1288489664768,6076.705284307288,1.895],"noise":[0.0,0.0,0.0],"spd":[-3.9875261842874538,-34.60133075920871,0.0],"spd_noise":[0.0,0.0,0.0]}
{"type":3,"rcvTime":25299.630988856814,"sendTime":25299.630870918696,"sender":2737,"messageID":6510708,"pos":[3588.4299574376639,5959.180394761808,1.895],"pos_noise":[0.0,0.0,0.0],"spd":[2.50248576421563,33.656056383326127,0.0],"spd_noise":[0.0,0.0,0.0],"RSSI":1.4744694132615701e-8}
{"type":3,"rcvTime":25299.640747651032,"sendTime":25299.640637405402,"sender":2815,"messageID":6510996,"pos":[3586.950562752283,5689.811423790801,1.895],"pos_noise":[0.0,0.0,0.0],"spd":[-1.4383483894557979,34.41441157718211,0.0],"spd_noise":[0.0,0.0,0.0],"RSSI":7.506237114183511e-9}
{"type":3,"rcvTime":25299.657407655886,"sendTime":25299.65729194549,"sender":2719,"messageID":6511908,"pos":[3586.5523178190476,5978.43278817432,1.895],"pos_noise":[0.0,0.0,0.0],"spd":[2.340869220711902,31.526939867173135,0.0],"spd_noise":[0.0,0.0,0.0],"RSSI":1.5213103606813546e-8}
{"type":3,"rcvTime":25299.665201664073,"sendTime":25299.665088760943,"sender":3073,"messageID":6512191,"pos":[3606.352467222386,6020.9652181282649,1.895],"pos_noise":[0.0,0.0,0.0],"spd":[-3.436435942294057,-29.855459614546335,0.0],"spd_noise":[0.0,0.0,0.0],"RSSI":9.730435526545203e-8}
{"type":2,"rcvTime":25299.7,"pos":[3605.7293649057944,6073.238804219665,1.895],"noise":[0.0,0.0,0.0],"spd":[-3.990453857172697,-34.62673532663987,0.0],"spd_noise":[0.0,0.0,0.0]}
{"type":3,"rcvTime":25299.741426270426,"sendTime":25299.741317758708,"sender":2851,"messageID":6518759,"pos":[3596.9052301193735,5585.573622104001,1.895],"pos_noise":[0.0,0.0,0.0],"spd":[-2.4487532577379276,29.892819633146947,0.0],"spd_noise":[0.0,0.0,0.0],"RSSI":2.92062704268646e-9}
{"type":2,"rcvTime":25299.8,"pos":[3605.331394966361,6069.78546275678,1.895],"noise":[0.0,0.0,0.0],"spd":[-3.9753292712978749,-34.49549335499135,0.0],"spd_noise":[0.0,0.0,0.0]}
{"type":2,"rcvTime":25299.899999999998,"pos":[3604.9326830018,6066.325682450434,1.895],"noise":[0.0,0.0,0.0],"spd":[-3.982741374376126,-34.559811084425337,0.0],"spd_noise":[0.0,0.0,0.0]}
{"type":3,"rcvTime":25299.98058341959,"sendTime":25299.980477628018,"sender":3085,"messageID":6534307,"pos":[3600.109474202867,6024.472805438574,1.895],"pos_noise":[0.0,0.0,0.0],"spd":[-3.9658554870068607,-34.413285607973197,0.0],"spd_noise":[0.0,0.0,0.0],"RSSI":8.458556286995469e-8}
{"type":2,"rcvTime":25300.0,"pos":[3604.534716556949,6062.872371311415,1.895],"noise":[0.0,0.0,0.0],"spd":[-3.975294363850758,-34.49519044932952,0.0],"spd_noise":[0.0,0.0,0.0]}
