{"type":2,"rcvTime":25298.5,"pos":[6324.8734641091709,5904.042140580928,1.895],"noise":[0.0,0.0,0.0],"spd":[-3.1994821189453757,11.801368471519713,0.0],"spd_noise":[0.0,0.0,0.0]}
{"type":3,"rcvTime":25298.547356335963,"sendTime":25298.547237890216,"sender":3079,"messageID":6441165,"pos":[6142.8983252261909,5823.392532825569,1.895],"pos_noise":[0.0,0.0,0.0],"spd":[-0.9688003280584204,-0.09760081363277815,0.0],"spd_noise":[0.0,0.0,0.0],"RSSI":1.559704288315593e-8}
{"type":3,"rcvTime":25298.584681043914,"sendTime":25298.58456427511,"sender":2773,"messageID":6443627,"pos":[10048.134173694998,4315.762292360887,1.895],"pos_noise":[0.0,0.0,0.0],"spd":[2.0068643319429979,-0.5271281227811888,0.0],"spd_noise":[0.0,0.0,0.0],"RSSI":5.892706291156315e-8}
{"type":2,"rcvTime":25298.6,"pos":[6324.553450991257,5905.222516835528,1.895],"noise":[0.0,0.0,0.0],"spd":[-3.2076598395106794,11.831532194918572,0.0],"spd_noise":[0.0,0.0,0.0]}
{"type":3,"rcvTime":25298.67719376276,"sendTime":25298.677081576316,"sender":193,"messageID":6448603,"pos":[6091.596566088957,5800.290927890602,1.895],"pos_noise":[0.0,0.0,0.0],"spd":[-0.3882073497028706,7.746915858441695,0.0],"spd_noise":[0.0,0.0,0.0],"RSSI":3.772826971193677e-9}
{"type":2,"rcvTime":25298.7,"pos":[6324.23498198786,5906.397197585763,1.895],"noise":[0.0,0.0,0.0],"spd":[-3.192182367357331,11.774443158285124,0.0],"spd_noise":[0.0,0.0,0.0]}
{"type":3,"rcvTime":25298.71760004415,"sendTime":25298.717492189444,"sender":2911,"messageID":6451176,"pos":[6305.674077267684,5975.090715754449,1.895],"pos_noise":[0.0,0.0,0.0],"spd":[-1.510077475075236,12.444559335953687,0.0],"spd_noise":[0.0,0.0,0.0],"RSSI":3.84487836103726e-9}
{"type":3,"rcvTime":25298.77351578218,"sendTime":25298.77339964118,"sender":2563,"messageID":6455655,"pos":[6099.788181521171,5768.659709226346,1.895],"pos_noise":[0.0,0.0,0.0],"spd":[0.0,-0.0,0.0],"spd_noise":[0.0,0.0,0.0],"RSSI":4.114207815533628e-9}
{"type":3,"rcvTime":25298.794502600296,"sendTime":25298.794384985093,"sender":2863,"messageID":6457880,"pos":[6302.074207678771,6058.846433715503,1.895],"pos_noise":[0.0,0.0,0.0],"spd":[-1.9702343612385092,14.156498743714172,0.0],"spd_noise":[0.0,0.0,0.0],"RSSI":4.016978063422512e-9}
{"type":2,"rcvTime":25298.8,"pos":[6323.915645810632,5907.575076927998,1.895],"noise":[0.0,0.0,0.0],"spd":[-3.2008745068827886,11.80650432866815,0.0],"spd_noise":[0.0,0.0,0.0]}
{"type":3,"rcvTime":25298.809534339383,"sendTime":25298.80942736105,"sender":2761,"messageID":6458646,"pos":[6099.027935617257,5783.83088270837,1.895],"pos_noise":[0.0,0.0,0.0],"spd":[0.03564130621985465,-0.7112441343026706,0.0],"spd_noise":[0.0,0.0,0.0],"RSSI":4.960901292777716e-9}
{"type":3,"rcvTime":25298.813142340063,"sendTime":25298.813032140442,"sender":3031,"messageID":6459030,"pos":[6172.331930821027,5829.679982535243,1.895],"pos_noise":[0.0,0.0,0.0],"spd":[-4.81812950072407,-0.4859259874510969,0.0],"spd_noise":[0.0,0.0,0.0],"RSSI":2.179100171356798e-9}
{"type":2,"rcvTime":25298.899999999998,"pos":[6323.59530218465,5908.756672269736,1.895],"noise":[0.0,0.0,0.0],"spd":[-3.210972695762977,11.843751746668853,0.0],"spd_noise":[0.0,0.0,0.0]}
{"type":3,"rcvTime":25298.92259125264,"sendTime":25298.922474522704,"sender":2809,"messageID":6466070,"pos":[5134.577483870089,891.8695442844182,1.895],"pos_noise":[0.0,0.0,0.0],"spd":[0.03402229258368839,-0.678935723802581,0.0],"spd_noise":[0.0,0.0,0.0],"RSSI":8.379038996511372e-9}
{"type":3,"rcvTime":25298.973812390184,"sendTime":25298.973693710424,"sender":2653,"messageID":6469409,"pos":[9402.858467940241,8995.111275580712,1.895],"pos_noise":[0.0,0.0,0.0],"spd":[0.0,-0.0,0.0],"spd_noise":[0.0,0.0,0.0],"RSSI":1.5199529046780379e-8}
{"type":2,"rcvTime":25299.0,"pos":[6323.277235416517,5909.929869365306,1.895],"noise":[0.0,0.0,0.0],"spd":[-3.1881505516836619,11.759571707029786,0.0],"spd_noise":[0.0,0.0,0.0]}
{"type":3,"rcvTime":25299.030064601477,"sendTime":25299.02995032142,"sender":631,"messageID":6472874,"pos":[6083.94403678393,5727.712800289011,1.895],"pos_noise":[0.0,0.0,0.0],"spd":[5.407432786758688,0.41942267128063517,0.0],"spd_noise":[0.0,0.0,0.0],"RSSI":3.8026554499092359e-9}
{"type":3,"rcvTime":25299.069361251703,"sendTime":25299.069245412993,"sender":2875,"messageID":6476601,"pos":[6282.3556781331249,6002.299038079249,1.895],"pos_noise":[0.0,0.0,0.0],"spd":[-14.00129171119438,3.637100752024891,0.0],"spd_noise":[0.0,0.0,0.0],"RSSI":1.3893870829175164e-9}
{"type":3,"rcvTime":25299.070469735903,"sendTime":25299.07035595728,"sender":2497,"messageID":6476799,"pos":[6100.864455567172,5747.18200026137,1.895],"pos_noise":[0.0,0.0,0.0],"spd":[2.33635499015377e-15,-4.662339736227693e-14,0.0],"spd_noise":[0.0,0.0,0.0],"RSSI":2.2130080555059796e-9}
{"type":3,"rcvTime":25299.076989834128,"sendTime":25299.076877395295,"sender":2839,"messageID":6477198,"pos":[7753.8979311380539,1055.2546352846549,1.895],"pos_noise":[0.0,0.0,0.0],"spd":[0.5615811392607849,-11.206696207248463,0.0],"spd_noise":[0.0,0.0,0.0],"RSSI":4.997055679582021e-9}
{"type":3,"rcvTime":25299.094352013628,"sendTime":25299.094245196833,"sender":2779,"messageID":6478249,"pos":[6096.8993617712189,5760.493911181659,1.895],"pos_noise":[0.0,0.0,0.0],"spd":[0.27709587306459856,-5.529618166672789,0.0],"spd_noise":[0.0,0.0,0.0],"RSSI":3.2329842936832617e-9}
{"type":2,"rcvTime":25299.1,"pos":[6322.957909353786,5911.107711399971,1.895],"noise":[0.0,0.0,0.0],"spd":[-3.2007731239584715,11.806130375258784,0.0],"spd_noise":[0.0,0.0,0.0]}
{"type":3,"rcvTime":25299.145196215315,"sendTime":25299.145082058105,"sender":3037,"messageID":6480340,"pos":[6163.076069094144,5825.425319315986,1.895],"pos_noise":[0.0,0.0,0.0],"spd":[-5.181974252767754,-0.5220527787276497,0.0],"spd_noise":[0.0,0.0,0.0],"RSSI":1.200880865158668e-8}
{"type":2,"rcvTime":25299.2,"pos":[6322.637852023141,5912.288250734318,1.895],"noise":[0.0,0.0,0.0],"spd":[-3.208103006981592,11.833166829032596,0.0],"spd_noise":[0.0,0.0,0.0]}
{"type":3,"rcvTime":25299.22052575268,"sendTime":25299.22040965669,"sender":2641,"messageID":6483875,"pos":[9497.945778807625,10726.411616895348,1.895],"pos_noise":[0.0,0.0,0.0],"spd":[1.048416695460409e-13,-2.0921798442315817e-12,0.0],"spd_noise":[0.0,0.0,0.0],"RSSI":1.0420226624175993e-8}
{"type":3,"rcvTime":25299.233974607036,"sendTime":25299.23386722165,"sender":2905,"messageID":6484924,"pos":[2168.8399730436506,3839.8357175756248,1.895],"pos_noise":[0.0,0.0,0.0],"spd":[-2.4015587014053825,15.648219989448,0.0],"spd_noise":[0.0,0.0,0.0],"RSSI":2.754876202874378e-9}
{"type":3,"rcvTime":25299.274372610216,"sendTime":25299.274257247056,"sender":2887,"messageID":6486772,"pos":[6300.632094786682,5999.824180048134,1.895],"pos_noise":[0.0,0.0,0.0],"spd":[-6.338190033289242,11.863793910928685,0.0],"spd_noise":[0.0,0.0,0.0],"RSSI":3.0892530127904406e-8}
{"type":3,"rcvTime":25299.277408610367,"sendTime":25299.277298604,"sender":3061,"messageID":6487170,"pos":[6317.7498332424079,5936.989166906545,1.895],"pos_noise":[0.0,0.0,0.0],"spd":[-2.2881607379463939,14.196390259356445,0.0],"spd_noise":[0.0,0.0,0.0],"RSSI":6.868134039882877e-7}
{"type":3,"rcvTime":25299.28360322585,"sendTime":25299.2834917407,"sender":2869,"messageID":6487445,"pos":[9510.949482107535,2088.0392160033809,1.895],"pos_noise":[0.0,0.0,0.0],"spd":[0.1182612967106141,-2.359976738278024,0.0],"spd_noise":[0.0,0.0,0.0],"RSSI":2.4256264822988749e-9}
{"type":3,"rcvTime":25299.292996486533,"sendTime":25299.29288856522,"sender":775,"messageID":6487828,"pos":[6137.851881376102,5730.979274479555,1.895],"pos_noise":[0.0,0.0,0.0],"spd":[11.221515396826112,0.5750395437076001,0.0],"spd_noise":[0.0,0.0,0.0],"RSSI":9.600132164713652e-9}
{"type":2,"rcvTime":25299.3,"pos":[6322.323630286378,5913.462916466025,1.895],"noise":[0.0,0.0,0.0],"spd":[-3.1855227675003765,11.78820978203246,0.0],"spd_noise":[0.0,0.0,0.0]}
{"type":3,"rcvTime":25299.341207176873,"sendTime":25299.341089519206,"sender":2923,"messageID":6491997,"pos":[12748.968224627897,1015.5740102054551,1.895],"pos_noise":[0.0,0.0,0.0],