{"type":2,"rcvTime":25284.0,"pos":[4583.64582371979,5180.41798102509,1.895],"noise":[0.0,0.0,0.0],"spd":[-6.456461854649643,4.906412141117875,0.0],"spd_noise":[0.0,0.0,0.0]}
{"type":3,"rcvTime":25284.090347145022,"sendTime":25284.090232982067,"sender":601,"messageID":5506749,"pos":[4405.4392656273689,5310.993612504851,1.895],"pos_noise":[0.0,0.0,0.0],"spd":[0.0,-0.0,0.0],"spd_noise":[0.0,0.0,0.0],"RSSI":2.4034830586915703e-8}
{"type":2,"rcvTime":25284.1,"pos":[4582.9866411623729,5180.919059361937,1.895],"noise":[0.0,0.0,0.0],"spd":[-6.60117013867037,5.0171547555814099,0.0],"spd_noise":[0.0,0.0,0.0]}
{"type":2,"rcvTime":25284.2,"pos":[4582.314479648237,5181.430003666827,1.895],"noise":[0.0,0.0,0.0],"spd":[-6.730784164934979,5.116412892137176,0.0],"spd_noise":[0.0,0.0,0.0]}
{"type":2,"rcvTime":25284.3,"pos":[4581.625241343422,5181.953928912697,1.895],"noise":[0.0,0.0,0.0],"spd":[-6.901785017960847,5.246399376259782,0.0],"spd_noise":[0.0,0.0,0.0]}
{"type":3,"rcvTime":25284.338303769488,"sendTime":25284.338187938465,"sender":2341,"messageID":5520038,"pos":[4865.510829467961,5218.932790951279,1.895],"pos_noise":[0.0,0.0,0.0],"spd":[0.3516708783156467,-3.549422353233391,0.0],"spd_noise":[0.0,0.0,0.0],"RSSI":2.0824662586999684e-9}
{"type":3,"rcvTime":25284.379170555247,"sendTime":25284.379056895847,"sender":427,"messageID":5522185,"pos":[4411.422040116109,5310.527714384085,1.895],"pos_noise":[0.0,0.0,0.0],"spd":[0.0,-0.0,0.0],"spd_noise":[0.0,0.0,0.0],"RSSI":2.043459343402784e-9}
{"type":3,"rcvTime":25284.386353556525,"sendTime":25284.386235944086,"sender":2269,"messageID":5522625,"pos":[4424.331027831488,5296.203899847929,1.895],"pos_noise":[0.0,0.0,0.0],"spd":[-4.1604149282791168e-14,2.0136532074734789e-14,0.0],"spd_noise":[0.0,0.0,0.0],"RSSI":2.2033311131636478e-8}
{"type":2,"rcvTime":25284.399999999998,"pos":[4580.91850270057,5182.4911570595299,1.895],"noise":[0.0,0.0,0.0],"spd":[-7.077027122223657,5.379609852114611,0.0],"spd_noise":[0.0,0.0,0.0]}
{"type":3,"rcvTime":25284.473031566587,"sendTime":25284.47292243354,"sender":2287,"messageID":5529275,"pos":[4425.773986515961,5299.172469196395,1.895],"pos_noise":[0.0,0.0,0.0],"spd":[-4.2905043703974766e-14,2.07661042715846e-14,0.0],"spd_noise":[0.0,0.0,0.0],"RSSI":3.1755228747372647e-9}
{"type":3,"rcvTime":25284.48350367736,"sendTime":25284.483393540373,"sender":739,"messageID":5529892,"pos":[4411.173487070888,5307.237456110814,1.895],"pos_noise":[0.0,0.0,0.0],"spd":[0.0,-0.0,0.0],"spd_noise":[0.0,0.0,0.0],"RSSI":3.8255066790663749e-9}
{"type":3,"rcvTime":25284.485629780145,"sendTime":25284.485522898703,"sender":2785,"messageID":5530157,"pos":[4849.220053411757,5039.467748429507,1.895],"pos_noise":[0.0,0.0,0.0],"spd":[2.2054474961120098,7.113944552010249,0.0],"spd_noise":[0.0,0.0,0.0],"RSSI":8.385983684826321e-7}
{"type":2,"rcvTime":25284.5,"pos":[4580.191107407631,5183.044087381358,1.895],"noise":[0.0,0.0,0.0],"spd":[-7.28387540256153,5.5368457970362059,0.0],"spd_noise":[0.0,0.0,0.0]}
{"type":2,"rcvTime":25284.6,"pos":[4579.452098192018,5183.605846039119,1.895],"noise":[0.0,0.0,0.0],"spd":[-7.400173056001952,5.625249584591354,0.0],"spd_noise":[0.0,0.0,0.0]}
{"type":3,"rcvTime":25284.60735685646,"sendTime":25284.607249377295,"sender":559,"messageID":5535278,"pos":[4871.293625436622,5204.365964813045,1.895],"pos_noise":[0.0,0.0,0.0],"spd":[-1.3147042215894854,-0.24563687044846739,0.0],"spd_noise":[0.0,0.0,0.0],"RSSI":3.82011589576548e-9}
{"type":2,"rcvTime":25284.7,"pos":[4578.702104035414,5184.175954911702,1.895],"noise":[0.0,0.0,0.0],"spd":[-7.510172312607014,5.708865638951208,0.0],"spd_noise":[0.0,0.0,0.0]}
{"type":3,"rcvTime":25284.75791718332,"sendTime":25284.75780309569,"sender":2323,"messageID":5546591,"pos":[4422.88798937538,5293.235369086663,1.895],"pos_noise":[0.0,0.0,0.0],"spd":[-4.1420619799000728e-14,2.00477670536411e-14,0.0],"spd_noise":[0.0,0.0,0.0],"RSSI":1.617112850824892e-8}
{"type":3,"rcvTime":25284.794622824404,"sendTime":25284.794506453676,"sender":877,"messageID":5548819,"pos":[4621.597874161508,5351.068764052407,1.895],"pos_noise":[0.0,0.0,0.0],"spd":[-1.8915262993506315,-0.3527289012907235,0.0],"spd_noise":[0.0,0.0,0.0],"RSSI":7.474921552897837e-9}
{"type":2,"rcvTime":25284.8,"pos":[4577.9342099498339,5184.759670434735,1.895],"noise":[0.0,0.0,0.0],"spd":[-7.689415777117569,5.845117753143451,0.0],"spd_noise":[0.0,0.0,0.0]}
{"type":3,"rcvTime":25284.85283718493,"sendTime":25284.852719838032,"sender":2371,"messageID":5551915,"pos":[4430.182758033791,5293.371645014152,1.895],"pos_noise":[0.0,0.0,0.0],"spd":[-4.2884891343638307e-14,2.075641504393314e-14,0.0],"spd_noise":[0.0,0.0,0.0],"RSSI":1.3819646040690593e-8}
{"type":2,"rcvTime":25284.899999999998,"pos":[4577.1489682759979,5185.35657274582,1.895],"noise":[0.0,0.0,0.0],"spd":[-7.863128299900824,5.977165515978165,0.0],"spd_noise":[0.0,0.0,0.0]}
{"type":3,"rcvTime":25284.93278140884,"sendTime":25284.93266553362,"sender":829,"messageID":5557127,"pos":[4399.225287095659,5308.166155653246,1.895],"pos_noise":[0.0,0.0,0.0],"spd":[0.0,-0.0,0.0],"spd_noise":[0.0,0.0,0.0],"RSSI":7.438534068742871e-9}
{"type":3,"rcvTime":25284.99996786532,"sendTime":25284.99985383381,"sender":1309,"messageID":5561048,"pos":[4398.958009678144,5311.498328999286,1.895],"pos_noise":[0.0,0.0,0.0],"spd":[0.0,-0.0,0.0],"spd_noise":[0.0,0.0,0.0],"RSSI":1.0867750025306559e-8}
{"type":2,"rcvTime":25285.0,"pos":[4576.34514295689,5185.967601435037,1.895],"noise":[0.0,0.0,0.0],"spd":[-8.049218253995157,6.118621996662266,0.0],"spd_noise":[0.0,0.0,0.0]}
{"type":2,"rcvTime":25285.1,"pos":[4575.521023091431,5186.587772727833,1.895],"noise":[0.0,0.0,0.0],"spd":[-8.2287332809015,6.242081346400618,0.0],"spd_noise":[0.0,0.0,0.0]}
{"type":2,"rcvTime":25285.2,"pos":[4574.677905290144,5187.205530100352,1.895],"noise":[0.0,0.0,0.0],"spd":[-8.36196488221704,6.294678449953405,0.0],"spd_noise":[0.0,0.0,0.0]}
{"type":2,"rcvTime":25285.3,"pos":[4573.821115774937,5187.833304818082,1.895],"noise":[0.0,0.0,0.0],"spd":[-8.5214839762829,6.364845061170835,0.0],"spd_noise":[0.0,0.0,0.0]}
{"type":3,"rcvTime":25285.37917427011,"sendTime":25285.379056895847,"sender":427,"messageID":5584290,"pos":[4411.422040116109,5310.527714384085,1.895],"pos_noise":[0.0,0.0,0.0],"spd":[0.0,-0.0,0.0],"spd_noise":[0.0,0.0,0.0],"RSSI":4.984378650586632e-9}
{"type":2,"rcvTime":25285.399999999998,"pos":[4572.949801238149,5188.471722104567,1.895],"noise":[0.0,0.0,0.0],"spd":[-8.690564848613148,6.439657170394592,0.0],"spd_noise":[0.0,0.0,0.0]}
{"type":3,"rcvTime":25285.473035280807,"sendTime":25285.47292243354,"sender":2287,"messageID":5591436,"pos":[4425.773986515961,5299.172469196395,1.895],"pos_noise":[0.0,0.0,0.0],"spd":[-4.1553325567525866e-14,2.011187070499137e-14,0.0],"spd_noise":[0.0,0.0,0.0],"RSSI":5.482370386228632e-9}
{"type":3,"rcvTime":25285.485633539916,"sendTime":25285.485522898703,"sender":2785,"messageID":5592319,"pos":[4849.0528303306859,5047.733337373843,1.895],"pos_noise":[0.0,0.0,0.0],"spd":[-1.1478489498856253,9.161858597962962,0.0],"spd_noise":[0.0,0.0,0.0],"RSSI":3.49821956143089e-8}
{"type":2,"rcvTime":25285.5,"pos":[4572.066358564833,5189.1190257480279,1.895],"noise":[0.0,0.0,0.0],"spd":[-8.8367079880583,6.495179302585277,0.0],"spd_noise":[0.0,0.0,0.0]}
{"type":2,"rcvTime":25285.6,"pos":[4571.163190259939,5189.780782477777,1.895],"noise":[0.0,0.0,0.0],"spd":[-9.044003259629723,6.626594388350635,0.0],"spd_noise":[0.0,0.0,0.0]}
{"type":3,"rcvTime":25285.672997870057,"sendTime":25285.67288915883,"sender":1105,"messageID":5601755,"pos":[4405.199387083273,5307.7018058820299,1.895],"pos_noise":[0.0,0.0,0.0],"spd":[0.0,-0.0,0.0],"spd_noise":[0.0,0.0,0.0],"RSSI":2.9111088837775734e-9}
{"type":2,"rcvTime":25285.7,"pos":[4570.244827286262,5190.453672430725,1.895],"noise":[0.0,0.0,0.0],"spd":[-9.1961572194932,6.738078489765911,0.0],"spd_noise":[0.0,0.0,0.0]}
{"type":3,"rcvTime":25285.757920866454,"sendTime":25285.75780309569,"sender":2323,"messageID":5608701,"pos":[4422.88798937538,5293.235369086663,1.895],