{"type":2,"rcvTime":25200.0,"pos":[3595.7270323480286,6042.783619921153,1.895],"noise":[0.0,0.0,0.0],"spd":[3.802002869026581,35.980180442240669,0.0],"spd_noise":[0.0,0.0,0.0]}
{"type":3,"rcvTime":25200.02021751903,"sendTime":25200.020107550547,"sender":91,"messageID":2452,"pos":[3597.0658386134566,5626.300132001252,1.895],"pos_noise":[0.0,0.0,0.0],"spd":[2.669000478256523,-31.70648608784684,0.0],"spd_noise":[0.0,0.0,0.0],"RSSI":4.231427404008202e-9}
{"type":3,"rcvTime":25200.030767520384,"sendTime":25200.030661048833,"sender":931,"messageID":3619,"pos":[3589.664304586143,5703.861398435702,1.895],"pos_noise":[0.0,0.0,0.0],"spd":[-1.3553410332352565,32.46147897502212,0.0],"spd_noise":[0.0,0.0,0.0],"RSSI":1.8564207921330026e-9}
{"type":3,"rcvTime":25200.069969521435,"sendTime":25200.069859017385,"sender":313,"messageID":7676,"pos":[3847.7880540639396,5644.912199381604,1.895],"pos_noise":[0.0,0.0,0.0],"spd":[-0.019530651153555228,-33.48774273480923,0.0],"spd_noise":[0.0,0.0,0.0],"RSSI":6.49460410830951e-9}
{"type":2,"rcvTime":25200.1,"pos":[3596.106198223252,6046.371848830502,1.895],"noise":[0.0,0.0,0.0],"spd":[3.791664048157471,35.88233921135667,0.0],"spd_noise":[0.0,0.0,0.0]}
{"type":2,"rcvTime":25200.2,"pos":[3596.486523018459,6049.971045156654,1.895],"noise":[0.0,0.0,0.0],"spd":[3.803253264185229,35.99201353258333,0.0],"spd_noise":[0.0,0.0,0.0]}
{"type":3,"rcvTime":25200.24991024555,"sendTime":25200.249796275046,"sender":109,"messageID":13575,"pos":[3600.326908447151,5686.98173751425,1.895],"pos_noise":[0.0,0.0,0.0],"spd":[1.2890000102402338,-30.043389760309617,0.0],"spd_noise":[0.0,0.0,0.0],"RSSI":1.0899954716849743e-8}
{"type":3,"rcvTime":25200.28868324941,"sendTime":25200.288569958415,"sender":751,"messageID":15993,"pos":[3603.7899373945599,6027.5731919564,1.895],"pos_noise":[0.0,0.0,0.0],"spd":[-3.6244542777767245,-31.469848464740108,0.0],"spd_noise":[0.0,0.0,0.0],"RSSI":8.617406023089856e-8}
{"type":2,"rcvTime":25200.3,"pos":[3596.8652898284046,6053.555497519482,1.895],"noise":[0.0,0.0,0.0],"spd":[3.7876733898016856,35.84457369339908,0.0],"spd_noise":[0.0,0.0,0.0]}
{"type":3,"rcvTime":25200.35745464045,"sendTime":25200.357346880246,"sender":811,"messageID":19819,"pos":[3594.782401440911,5739.2324428100569,1.895],"pos_noise":[0.0,0.0,0.0],"spd":[1.3893256865301534,-32.3523431458638,0.0],"spd_noise":[0.0,0.0,0.0],"RSSI":2.9691972828107354e-9}
{"type":3,"rcvTime":25200.383573638017,"sendTime":25200.383462226015,"sender":121,"messageID":22494,"pos":[3598.7945662717008,5722.696828947522,1.895],"pos_noise":[0.0,0.0,0.0],"spd":[1.299115324480694,-30.279152619776654,0.0],"spd_noise":[0.0,0.0,0.0],"RSSI":1.4356737283566153e-8}
{"type":2,"rcvTime":25200.399999999998,"pos":[3597.243041739546,6057.130345407153,1.895],"noise":[0.0,0.0,0.0],"spd":[3.7775243875873807,35.7485288076805,0.0],"spd_noise":[0.0,0.0,0.0]}
{"type":3,"rcvTime":25200.442152641204,"sendTime":25200.44203563034,"sender":511,"messageID":26914,"pos":[3590.9995362081847,5949.274444827021,1.895],"pos_noise":[0.0,0.0,0.0],"spd":[2.2252397678620694,29.88508537980526,0.0],"spd_noise":[0.0,0.0,0.0],"RSSI":3.082629149373595e-8}
{"type":3,"rcvTime":25200.456264642915,"sendTime":25200.45615033596,"sender":31,"messageID":28167,"pos":[3590.771313271069,6027.30776646186,1.895],"pos_noise":[0.0,0.0,0.0],"spd":[3.8688760317551336,36.588911310234028,0.0],"spd_noise":[0.0,0.0,0.0],"RSSI":6.557339741220063e-7}
{"type":3,"rcvTime":25200.4687649197,"sendTime":25200.468651198316,"sender":67,"messageID":29475,"pos":[3593.7018667780837,5985.566884397889,1.895],"pos_noise":[0.0,0.0,0.0],"spd":[2.224026758356544,29.868794599281399,0.0],"spd_noise":[0.0,0.0,0.0],"RSSI":2.801680972264238e-8}
{"type":2,"rcvTime":25200.5,"pos":[3597.6221646349747,6060.718167578049,1.895],"noise":[0.0,0.0,0.0],"spd":[3.7912342496123165,35.87827182115704,0.0],"spd_noise":[0.0,0.0,0.0]}
{"type":3,"rcvTime":25200.574435959825,"sendTime":25200.574325255817,"sender":127,"messageID":34279,"pos":[3603.6176532945298,5989.912085468623,1.895],"pos_noise":[0.0,0.0,0.0],"spd":[-2.1153068752237038,-31.882766248469055,0.0],"spd_noise":[0.0,0.0,0.0],"RSSI":1.3975454261715223e-8}
{"type":3,"rcvTime":25200.592197763843,"sendTime":25200.592080666684,"sender":565,"messageID":35977,"pos":[3592.4108390240846,5640.43828515152,1.895],"pos_noise":[0.0,0.0,0.0],"spd":[-2.656804111051523,32.4325718980727,0.0],"spd_noise":[0.0,0.0,0.0],"RSSI":5.393851820558975e-9}
{"type":2,"rcvTime":25200.6,"pos":[3598.000065817971,6064.294428097031,1.895],"noise":[0.0,0.0,0.0],"spd":[3.7790171082260146,35.762655140525598,0.0],"spd_noise":[0.0,0.0,0.0]}
{"type":3,"rcvTime":25200.621246767856,"sendTime":25200.621140327534,"sender":1207,"messageID":38516,"pos":[3581.7056631763878,5736.289516238321,1.895],"pos_noise":[0.0,0.0,0.0],"spd":[-1.398559006099595,33.42836359342893,0.0],"spd_noise":[0.0,0.0,0.0],"RSSI":1.971394759685261e-9}
{"type":3,"rcvTime":25200.630939034592,"sendTime":25200.630831810413,"sender":1039,"messageID":39109,"pos":[3833.3800896156296,5546.267368029098,1.895],"pos_noise":[0.0,0.0,0.0],"spd":[-1.3937861645515748,33.31428311353671,0.0],"spd_noise":[0.0,0.0,0.0],"RSSI":2.3261008721800624e-9}
{"type":3,"rcvTime":25200.64410911741,"sendTime":25200.64399019652,"sender":115,"messageID":40089,"pos":[3593.767336672087,5686.009514159608,1.895],"pos_noise":[0.0,0.0,0.0],"spd":[1.3700958355344293,-31.875699030843504,0.0],"spd_noise":[0.0,0.0,0.0],"RSSI":3.107235578702696e-9}
{"type":3,"rcvTime":25200.670753120627,"sendTime":25200.6706378737,"sender":43,"messageID":41936,"pos":[3584.7585057373328,5742.259323664141,1.895],"pos_noise":[0.0,0.0,0.0],"spd":[-1.5657704164638822,37.463154227873889,0.0],"spd_noise":[0.0,0.0,0.0],"RSSI":7.19979856580757e-9}
{"type":2,"rcvTime":25200.7,"pos":[3598.378083206587,6067.871788325637,1.895],"noise":[0.0,0.0,0.0],"spd":[3.780179166040181,35.77365225212134,0.0],"spd_noise":[0.0,0.0,0.0]}
{"type":3,"rcvTime":25200.722162142665,"sendTime":25200.722055605147,"sender":151,"messageID":44728,"pos":[3595.312259744827,5964.529421653061,1.895],"pos_noise":[0.0,0.0,0.0],"spd":[-1.9879277673411314,-29.94679490449674,0.0],"spd_noise":[0.0,0.0,0.0],"RSSI":6.980941292502099e-9}
{"type":3,"rcvTime":25200.73739408672,"sendTime":25200.73727857764,"sender":787,"messageID":46414,"pos":[3597.622150361864,5673.105016800781,1.895],"pos_noise":[0.0,0.0,0.0],"spd":[1.293853336121748,-30.12913927703657,0.0],"spd_noise":[0.0,0.0,0.0],"RSSI":2.988942120197125e-9}
{"type":2,"rcvTime":25200.8,"pos":[3598.7551355316647,6071.4400156941569,1.895],"noise":[0.0,0.0,0.0],"spd":[3.770528517180063,35.68232352370312,0.0],"spd_noise":[0.0,0.0,0.0]}
{"type":3,"rcvTime":25200.85889612275,"sendTime":25200.858777468093,"sender":703,"messageID":51797,"pos":[3584.367637500103,5824.541400855502,1.895],"pos_noise":[0.0,0.0,0.0],"spd":[-0.0322476363983411,33.27211900001629,0.0],"spd_noise":[0.0,0.0,0.0],"RSSI":2.1938206241692304e-9}
{"type":3,"rcvTime":25200.86065848157,"sendTime":25200.86055117147,"sender":295,"messageID":52120,"pos":[3837.7198683699559,5620.699516228229,1.895],"pos_noise":[0.0,0.0,0.0],"spd":[-0.031140702419763308,32.096482439935247,0.0],"spd_noise":[0.0,0.0,0.0],"RSSI":1.3335367911866239e-8}
{"type":3,"rcvTime":25200.870125131616,"sendTime":25200.870012145257,"sender":19,"messageID":53374,"pos":[3590.2552953742044,5689.706706317157,1.895],"pos_noise":[0.0,0.0,0.0],"spd":[-1.3542004202855645,32.434160401694047,0.0],"spd_noise":[0.0,0.0,0.0],"RSSI":1.3711176182929496e-9}
{"type":2,"rcvTime":25200.899999999998,"pos":[3599.132966331742,6075.015610145746,1.895],"noise":[0.0,0.0,0.0],"spd":[3.778313278051904,35.75599445729188,0.0],"spd_noise":[0.0,0.0,0.0]}
{"type":3,"rcvTime":25200.902704588134,"sendTime":25200.90259847138,"sender":37,"messageID":57144,"pos":[3581.031583088735,5861.787989812251,1.895],"pos_noise":[0.0,0.0,0.0],"spd":[-0.03783250358860934,39.075155820490817,0.0],"spd_noise":[0.0,0.0,0.0],"RSSI":2.7204694164462814e-9}
{"type":3,