{"type":2,"rcvTime":18098.3,"pos":[6096.061097881777,6078.609536312126,1.895],"noise":[0.0,0.0,0.0],"spd":[7.197718223884546,-14.395853856241257,0.0],"spd_noise":[0.0,0.0,0.0]}
{"type":2,"rcvTime":18098.399999999998,"pos":[6096.80057968981,6077.164867504548,1.895],"noise":[0.0,0.0,0.0],"spd":[7.328264626968611,-14.393200782794083,0.0],"spd_noise":[0.0,0.0,0.0]}
{"type":3,"rcvTime":18098.440433779087,"sendTime":18098.44031714108,"sender":595,"messageID":319495,"pos":[6114.5054602142449,6063.230818463429,1.895],"pos_noise":[0.0,0.0,0.0],"spd":[15.059893855455709,-5.776252413503416,0.0],"spd_noise":[0.0,0.0,0.0],"RSSI":4.89567362439779e-7}
{"type":2,"rcvTime":18098.5,"pos":[6097.5377987715269,6075.724619211571,1.895],"noise":[0.0,0.0,0.0],"spd":[7.336804823859177,-14.333352032695489,0.0],"spd_noise":[0.0,0.0,0.0]}
{"type":2,"rcvTime":18098.6,"pos":[6098.3377976184069,6074.329097884172,1.895],"noise":[0.0,0.0,0.0],"spd":[7.56820220055193,-14.246525517726035,0.0],"spd_noise":[0.0,0.0,0.0]}
{"type":2,"rcvTime":18098.7,"pos":[6099.549106206316,6073.247484963251,1.895],"noise":[0.0,0.0,0.0],"spd":[9.222605290120305,-13.271529552272366,0.0],"spd_noise":[0.0,0.0,0.0]}
{"type":2,"rcvTime":18098.8,"pos":[6100.763339112351,6072.163260833013,1.895],"noise":[0.0,0.0,0.0],"spd":[10.779563725976276,-12.093535163039565,0.0],"spd_noise":[0.0,0.0,0.0]}
{"type":2,"rcvTime":18098.899999999998,"pos":[6101.970253611155,6071.085571522969,1.895],"noise":[0.0,0.0,0.0],"spd":[12.011213947673406,-10.725164777519933,0.0],"spd_noise":[0.0,0.0,0.0]}
{"type":2,"rcvTime":18099.0,"pos":[6103.18616923922,6070.007892600919,1.895],"noise":[0.0,0.0,0.0],"spd":[12.075773557621258,-10.756905816275382,0.0],"spd_noise":[0.0,0.0,0.0]}
{"type":2,"rcvTime":18099.1,"pos":[6104.486016336701,6069.033459241334,1.895],"noise":[0.0,0.0,0.0],"spd":[12.365277502651848,-10.415601616526374,0.0],"spd_noise":[0.0,0.0,0.0]}
{"type":3,"rcvTime":18099.1690985534,"sendTime":18099.16898711631,"sender":565,"messageID":321939,"pos":[6210.723998706257,6026.788757486943,1.895],"pos_noise":[0.0,0.0,0.0],"spd":[-18.106302165406313,6.313594658857033,0.0],"spd_noise":[0.0,0.0,0.0],"RSSI":5.284266298038976e-8}
{"type":2,"rcvTime":18099.2,"pos":[6105.792744041405,6068.053867818753,1.895],"noise":[0.0,0.0,0.0],"spd":[12.717439379871161,-10.120579632354503,0.0],"spd_noise":[0.0,0.0,0.0]}
{"type":2,"rcvTime":18099.3,"pos":[6107.091450339611,6067.080289661962,1.895],"noise":[0.0,0.0,0.0],"spd":[12.912655668958259,-9.705130884161092,0.0],"spd_noise":[0.0,0.0,0.0]}
{"type":2,"rcvTime":18099.399999999998,"pos":[6108.387496851632,6066.108705419987,1.895],"noise":[0.0,0.0,0.0],"spd":[12.898255806390857,-9.669207064877459,0.0],"spd_noise":[0.0,0.0,0.0]}
{"type":3,"rcvTime":18099.440427927864,"sendTime":18099.44031714108,"sender":595,"messageID":322963,"pos":[6129.868442278915,6058.001912630883,1.895],"pos_noise":[0.0,0.0,0.0],"spd":[15.280808315440455,-5.179870985406285,0.0],"spd_noise":[0.0,0.0,0.0],"RSSI":3.6717913092175038e-7}
{"type":2,"rcvTime":18099.5,"pos":[6109.680419622695,6065.139462897591,1.895],"noise":[0.0,0.0,0.0],"spd":[12.867168334162292,-9.645902269975008,0.0],"spd_noise":[0.0,0.0,0.0]}
{"type":2,"rcvTime":18099.6,"pos":[6111.100246342196,6064.393574419739,1.895],"noise":[0.0,0.0,0.0],"spd":[13.40850652381157,-9.02033722993279,0.0],"spd_noise":[0.0,0.0,0.0]}
{"type":2,"rcvTime":18099.7,"pos":[6112.645839607073,6063.865810865878,1.895],"noise":[0.0,0.0,0.0],"spd":[14.34434489844223,-7.6435951274875919,0.0],"spd_noise":[0.0,0.0,0.0]}
{"type":2,"rcvTime":18099.8,"pos":[6114.190600391047,6063.338331573789,1.895],"noise":[0.0,0.0,0.0],"spd":[15.04375307020415,-6.1307225569287608,0.0],"spd_noise":[0.0,0.0,0.0]}
{"type":2,"rcvTime":18099.899999999998,"pos":[6115.730380835615,6062.812552885401,1.895],"noise":[0.0,0.0,0.0],"spd":[15.323896075880543,-5.232549879567183,0.0],"spd_noise":[0.0,0.0,0.0]}
{"type":2,"rcvTime":18100.0,"pos":[6117.262769022949,6062.289298382408,1.895],"noise":[0.0,0.0,0.0],"spd":[15.250328326657222,-5.207429184713362,0.0],"spd_noise":[0.0,0.0,0.0]}
