{"type":2,"rcvTime":18059.1,"pos":[3569.9647420129297,5185.866541642584,1.895],"noise":[0.0,0.0,0.0],"spd":[-0.0,-0.0,0.0],"spd_noise":[0.0,0.0,0.0]}
{"type":3,"rcvTime":18059.16893852093,"sendTime":18059.16883114232,"sender":355,"messageID":195660,"pos":[3835.3067738457418,5238.372369537638,1.895],"pos_noise":[0.0,0.0,0.0],"spd":[-1.9728776131656596,1.2631993763448347,0.0],"spd_noise":[0.0,0.0,0.0],"RSSI":7.487441389091903e-9}
{"type":2,"rcvTime":18059.2,"pos":[3569.962752191255,5185.840729542425,1.895],"noise":[0.0,0.0,0.0],"spd":[-0.1016256346669056,-0.23809020804482557,0.0],"spd_noise":[0.0,0.0,0.0]}
{"type":3,"rcvTime":18059.208609118512,"sendTime":18059.208502494497,"sender":199,"messageID":195824,"pos":[3479.622397154866,5187.67211783684,1.895],"pos_noise":[0.0,0.0,0.0],"spd":[-0.0,-0.0,0.0],"spd_noise":[0.0,0.0,0.0],"RSSI":9.473489579814416e-8}
{"type":3,"rcvTime":18059.263892657887,"sendTime":18059.263776759522,"sender":415,"messageID":195978,"pos":[3650.757792045699,5182.758664574692,1.895],"pos_noise":[0.0,0.0,0.0],"spd":[6.329331531723323,-40.202039320967667,0.0],"spd_noise":[0.0,0.0,0.0],"RSSI":8.060744818523057e-9}
{"type":2,"rcvTime":18059.3,"pos":[3569.958791868186,5185.789355966079,1.895],"noise":[0.0,0.0,0.0],"spd":[-0.19921621795126749,-0.47515823841762985,0.0],"spd_noise":[0.0,0.0,0.0]}
{"type":3,"rcvTime":18059.390051747872,"sendTime":18059.389934157207,"sender":445,"messageID":196397,"pos":[3624.6896821631519,5217.771957621754,1.895],"pos_noise":[0.0,0.0,0.0],"spd":[15.657602996314156,2.087680399508875,0.0],"spd_noise":[0.0,0.0,0.0],"RSSI":1.2398397378623985e-8}
{"type":2,"rcvTime":18059.4,"pos":[3569.9531001145835,5185.715522156775,1.895],"noise":[0.0,0.0,0.0],"spd":[-0.27999371807807219,-0.6855096472588437,0.0],"spd_noise":[0.0,0.0,0.0]}
{"type":3,"rcvTime":18059.497181783634,"sendTime":18059.49707379518,"sender":79,"messageID":196965,"pos":[4016.3564214708596,5252.446816166929,1.895],"pos_noise":[0.0,0.0,0.0],"spd":[-6.672646883231524,-1.217529976348454,0.0],"spd_noise":[0.0,0.0,0.0],"RSSI":2.2191693962294075e-9}
{"type":2,"rcvTime":18059.5,"pos":[3569.9457511527168,5185.620190930774,1.895],"noise":[0.0,0.0,0.0],"spd":[-0.35093549579592239,-0.8893506593810955,0.0],"spd_noise":[0.0,0.0,0.0]}
{"type":2,"rcvTime":18059.6,"pos":[3569.9367249973477,5185.503103038221,1.895],"noise":[0.0,0.0,0.0],"spd":[-0.41498294541068289,-1.0985152985966598,0.0],"spd_noise":[0.0,0.0,0.0]}
{"type":2,"rcvTime":18059.7,"pos":[3569.9260506261068,5185.36463437888,1.895],"noise":[0.0,0.0,0.0],"spd":[-0.4682008652133899,-1.3074090026552257,0.0],"spd_noise":[0.0,0.0,0.0]}
{"type":2,"rcvTime":18059.8,"pos":[3569.9137997547697,5185.205715254611,1.895],"noise":[0.0,0.0,0.0],"spd":[-0.507476331018616,-1.5108653435074227,0.0],"spd_noise":[0.0,0.0,0.0]}
{"type":2,"rcvTime":18059.9,"pos":[3569.8996106950878,5185.021653821194,1.895],"noise":[0.0,0.0,0.0],"spd":[-0.5474990720558159,-1.7629091404900024,0.0],"spd_noise":[0.0,0.0,0.0]}
{"type":2,"rcvTime":18060.0,"pos":[3569.8839405232295,5184.818379301335,1.895],"noise":[0.0,0.0,0.0],"spd":[-0.5553608840882904,-1.9615572512783628,0.0],"spd_noise":[0.0,0.0,0.0]}
{"type":3,"rcvTime":18060.08646134856,"sendTime":18060.0863476234,"sender":475,"messageID":198745,"pos":[3606.252186965169,5416.55813063243,1.895],"pos_noise":[0.0,0.0,0.0],"spd":[-4.1668129848112109,36.11975931678631,0.0],"spd_noise":[0.0,0.0,0.0],"RSSI":1.7759001756162844e-8}
{"type":2,"rcvTime":18060.1,"pos":[3569.867059366485,5184.599395804354,1.895],"noise":[0.0,0.0,0.0],"spd":[-0.5409678005440857,-2.1285384824419095,0.0],"spd_noise":[0.0,0.0,0.0]}
{"type":3,"rcvTime":18060.16894142861,"sendTime":18060.16883114232,"sender":355,"messageID":199039,"pos":[3833.940474916233,5239.247187085437,1.895],"pos_noise":[0.0,0.0,0.0],"spd":[-0.9406861007067944,0.6023050227846543,0.0],"spd_noise":[0.0,0.0,0.0],"RSSI":1.6236607349929878e-8}
{"type":2,"rcvTime":18060.2,"pos":[3569.8483785049727,5184.357066416463,1.895],"noise":[0.0,0.0,0.0],"spd":[-0.5284796054380511,-2.3721896299195235,0.0],"spd_noise":[0.0,0.0,0.0]}
{"type":3,"rcvTime":18060.208612024588,"sendTime":18060.208502494497,"sender":199,"messageID":199189,"pos":[3479.622397154866,5187.67211783684,1.895],"pos_noise":[0.0,0.0,0.0],"spd":[-0.0,-0.0,0.0],"spd_noise":[0.0,0.0,0.0],"RSSI":6.091592289417352e-8}
{"type":2,"rcvTime":18060.3,"pos":[3569.8279931386016,5184.0926260772789,1.895],"noise":[0.0,0.0,0.0],"spd":[-0.49341558679603239,-2.6057937887734599,0.0],"spd_noise":[0.0,0.0,0.0]}
{"type":3,"rcvTime":18060.325959093392,"sendTime":18060.325846266467,"sender":205,"messageID":199483,"pos":[3177.2391461953959,5259.184487651155,1.895],"pos_noise":[0.0,0.0,0.0],"spd":[0.6150081327411463,-0.38775352215023148,0.0],"spd_noise":[0.0,0.0,0.0],"RSSI":2.087054335767729e-9}
{"type":3,"rcvTime":18060.390047529054,"sendTime":18060.389934157207,"sender":445,"messageID":199688,"pos":[3640.409416415069,5219.867922188676,1.895],"pos_noise":[0.0,0.0,0.0],"spd":[15.759773680294506,2.101303157370513,0.0],"spd_noise":[0.0,0.0,0.0],"RSSI":6.320927750275393e-8}
{"type":2,"rcvTime":18060.4,"pos":[3569.806287204159,5183.811055240546,1.895],"noise":[0.0,0.0,0.0],"spd":[-0.43157853021038719,-2.7907266452794965,0.0],"spd_noise":[0.0,0.0,0.0]}
{"type":3,"rcvTime":18060.497184600095,"sendTime":18060.49707379518,"sender":79,"messageID":200287,"pos":[4011.0997391620037,5251.697631018807,1.895],"pos_noise":[0.0,0.0,0.0],"spd":[-4.160255085779507,-0.7070682119630237,0.0],"spd_noise":[0.0,0.0,0.0],"RSSI":2.9798792567487749e-9}
{"type":2,"rcvTime":18060.5,"pos":[3569.782852118966,5183.507053744352,1.895],"noise":[0.0,0.0,0.0],"spd":[-0.35777977332067775,-3.0277946614969366,0.0],"spd_noise":[0.0,0.0,0.0]}
{"type":2,"rcvTime":18060.6,"pos":[3569.7581361413565,5183.186436425867,1.895],"noise":[0.0,0.0,0.0],"spd":[-0.25882884060691449,-3.205067570282145,0.0],"spd_noise":[0.0,0.0,0.0]}
{"type":2,"rcvTime":18060.7,"pos":[3569.732349125302,5182.85192552487,1.895],"noise":[0.0,0.0,0.0],"spd":[-0.25785539774524937,-3.344917505945181,0.0],"spd_noise":[0.0,0.0,0.0]}
{"type":2,"rcvTime":18060.8,"pos":[3569.7049661216708,5182.496711366029,1.895],"noise":[0.0,0.0,0.0],"spd":[-0.27381435983002319,-3.5519382319875216,0.0],"spd_noise":[0.0,0.0,0.0]}
{"type":2,"rcvTime":18060.9,"pos":[3569.6756495090419,5182.116414301651,1.895],"noise":[0.0,0.0,0.0],"spd":[-0.2931493428290719,-3.802752927646843,0.0],"spd_noise":[0.0,0.0,0.0]}
{"type":3,"rcvTime":18060.911411359943,"sendTime":18060.911295077716,"sender":463,"messageID":201540,"pos":[3592.197722878914,5722.52705955179,1.895],"pos_noise":[0.0,0.0,0.0],"spd":[1.6865125382190936,-39.237230481019619,0.0],"spd_noise":[0.0,0.0,0.0],"RSSI":2.0111980707680677e-9}
{"type":3,"rcvTime":18060.918347698414,"sendTime":18060.91823374415,"sender":433,"messageID":201627,"pos":[3587.7173829982887,5773.261169687338,1.895],"pos_noise":[0.0,0.0,0.0],"spd":[-0.030134752308939477,31.059657398794973,0.0],"spd_noise":[0.0,0.0,0.0],"RSSI":1.2809860464125222e-9}
{"type":2,"rcvTime":18061.0,"pos":[3569.645110511144,5181.720260373614,1.895],"noise":[0.0,0.0,0.0],"spd":[-0.3053724957180391,-3.9613124863563775,0.0],"spd_noise":[0.0,0.0,0.0]}
{"type":3,"rcvTime":18061.086466519013,"sendTime":18061.0863476234,"sender":475,"messageID":202160,"pos":[3602.0844848585627,5452.6855972462349,1.895],"pos_noise":[0.0,0.0,0.0],"spd":[-4.164180552287284,36.096940239105489,0.0],"spd_noise":[0.0,0.0,0.0],"RSSI":4.214622774726499e-9}
{"type":2,"rcvTime":18061.1,"pos":[3569.612864832615,5181.301967270014,1.895],"noise":[0.0,0.0,0.0],"spd":[-0.3224383249735713,-4.182691567532292,0.0],"spd_noise":[0.0,0.0,0.0]}
{"type":3,"rcvTime":18061.16894655874,"sendTime":18061.16883114232,"sender":355,"messageID":202455,"pos":[3833.350428379405,5239.624983666615,1.895],"pos_noise":[0.0,0.0,0.0],"spd":[-0.3640551779275289,0.23309822699807407,0.0],"spd_noise":[0.0,0.0,0.0],"RSSI":1.3495745692284176e-9}
{"type":2,"rcvTime":18061.2,