{"type":2,"rcvTime":18098.1,"pos":[6179.160302044975,5827.0457091705279,1.895],"noise":[0.0,0.0,0.0],"spd":[-0.0,-0.0,0.0],"spd_noise":[0.0,0.0,0.0]}
{"type":2,"rcvTime":18098.2,"pos":[6179.136555609875,5827.043316859832,1.895],"noise":[0.0,0.0,0.0],"spd":[-0.23747869510646672,-0.02392455203779919,0.0],"spd_noise":[0.0,0.0,0.0]}
{"type":3,"rcvTime":18098.22352171768,"sendTime":18098.223411147483,"sender":565,"messageID":254464,"pos":[6223.441918467037,6025.937984701048,1.895],"pos_noise":[0.0,0.0,0.0],"spd":[17.330926949142808,-5.964844776532191,0.0],"spd_noise":[0.0,0.0,0.0],"RSSI":1.196381417267938e-8}
{"type":3,"rcvTime":18098.241150547776,"sendTime":18098.241038605105,"sender":37,"messageID":254574,"pos":[6254.6346932496949,5278.646567681228,1.895],"pos_noise":[0.0,0.0,0.0],"spd":[-5.854853112093069,-11.83713143510019,0.0],"spd_noise":[0.0,0.0,0.0],"RSSI":2.433209573279806e-9}
{"type":2,"rcvTime":18098.3,"pos":[6179.089180226163,5827.0385440744989,1.895],"noise":[0.0,0.0,0.0],"spd":[-0.4737824543750387,-0.04773073634761721,0.0],"spd_noise":[0.0,0.0,0.0]}
{"type":3,"rcvTime":18098.38188228108,"sendTime":18098.381766191822,"sender":589,"messageID":254880,"pos":[6358.395060489429,5916.103035321556,1.895],"pos_noise":[0.0,0.0,0.0],"spd":[12.67555149613502,-9.502256267617382,0.0],"spd_noise":[0.0,0.0,0.0],"RSSI":2.4107841666487039e-9}
{"type":2,"rcvTime":18098.399999999998,"pos":[6179.019605692325,5827.031534858137,1.895],"noise":[0.0,0.0,0.0],"spd":[-0.6957873650978326,-0.07009639755710394,0.0],"spd_noise":[0.0,0.0,0.0]}
{"type":3,"rcvTime":18098.489210575688,"sendTime":18098.489093424192,"sender":529,"messageID":255011,"pos":[6101.161310146092,5741.25808499588,1.895],"pos_noise":[0.0,0.0,0.0],"spd":[0.07285483152709473,-1.4538628651758772,0.0],"spd_noise":[0.0,0.0,0.0],"RSSI":1.019722717256651e-8}
{"type":2,"rcvTime":18098.5,"pos":[6178.928815540009,5827.0223882956529,1.895],"noise":[0.0,0.0,0.0],"spd":[-0.9079563652377286,-0.09147114985799979,0.0],"spd_noise":[0.0,0.0,0.0]}
{"type":3,"rcvTime":18098.500540625526,"sendTime":18098.50042509395,"sender":319,"messageID":255127,"pos":[6131.438054360538,5737.2584798565499,1.895],"pos_noise":[0.0,0.0,0.0],"spd":[13.315064207595596,0.7045220754269581,0.0],"spd_noise":[0.0,0.0,0.0],"RSSI":1.796895468055445e-8}
{"type":2,"rcvTime":18098.6,"pos":[6178.815653598914,5827.010987909832,1.895],"noise":[0.0,0.0,0.0],"spd":[-1.1316877667830756,-0.11401074464713095,0.0],"spd_noise":[0.0,0.0,0.0]}
{"type":2,"rcvTime":18098.7,"pos":[6178.682404875288,5826.997563901328,1.895],"noise":[0.0,0.0,0.0],"spd":[-1.332567725573034,-0.13424819384366563,0.0],"spd_noise":[0.0,0.0,0.0]}
{"type":3,"rcvTime":18098.715216674438,"sendTime":18098.71510907416,"sender":241,"messageID":255764,"pos":[6160.309395538798,5738.736136480302,1.895],"pos_noise":[0.0,0.0,0.0],"spd":[14.178301930508736,0.7256559933197393,0.0],"spd_noise":[0.0,0.0,0.0],"RSSI":8.394424302689201e-8}
{"type":2,"rcvTime":18098.8,"pos":[6178.525474589556,5826.981754117694,1.895],"noise":[0.0,0.0,0.0],"spd":[-1.5693976515546946,-0.15810738628917374,0.0],"spd_noise":[0.0,0.0,0.0]}
{"type":2,"rcvTime":18098.899999999998,"pos":[6178.353694064721,5826.964448261674,1.895],"noise":[0.0,0.0,0.0],"spd":[-1.717909012925948,-0.17306901386464855,0.0],"spd_noise":[0.0,0.0,0.0]}
{"type":3,"rcvTime":18098.956791341465,"sendTime":18098.956676561942,"sender":265,"messageID":256979,"pos":[6341.062035233719,5564.0174156660709,1.895],"pos_noise":[0.0,0.0,0.0],"spd":[3.204280256826883e-15,4.6796576498068058e-14,0.0],"spd_noise":[0.0,0.0,0.0],"RSSI":1.773902425055332e-9}
{"type":2,"rcvTime":18099.0,"pos":[6178.161654131094,5826.945101391912,1.895],"noise":[0.0,0.0,0.0],"spd":[-1.9205153386070922,-0.19348038415524486,0.0],"spd_noise":[0.0,0.0,0.0]}
{"type":3,"rcvTime":18099.08845069992,"sendTime":18099.08833568981,"sender":331,"messageID":257054,"pos":[5870.142694821684,5712.4280849673409,1.895],"pos_noise":[0.0,0.0,0.0],"spd":[4.586704476930538,0.5208409038449025,0.0],"spd_noise":[0.0,0.0,0.0],"RSSI":3.1822860333586807e-9}
{"type":2,"rcvTime":18099.1,"pos":[6177.956185632026,5826.924401674845,1.895],"noise":[0.0,0.0,0.0],"spd":[-2.0548091045821605,-0.20700967439758828,0.0],"spd_noise":[0.0,0.0,0.0]}
{"type":2,"rcvTime":18099.2,"pos":[6177.735395226528,5826.902158367742,1.895],"noise":[0.0,0.0,0.0],"spd":[-2.2080374241153057,-0.22244650717388907,0.0],"spd_noise":[0.0,0.0,0.0]}
{"type":2,"rcvTime":18099.3,"pos":[6177.493407003665,5826.87777950787,1.895],"noise":[0.0,0.0,0.0],"spd":[-2.42002840239049,-0.24380332484157556,0.0],"spd_noise":[0.0,0.0,0.0]}
{"type":3,"rcvTime":18099.381878517124,"sendTime":18099.381766191822,"sender":589,"messageID":257802,"pos":[6373.070593267979,5910.30623974029,1.895],"pos_noise":[0.0,0.0,0.0],"spd":[14.966122230069616,-5.110065734167323,0.0],"spd_noise":[0.0,0.0,0.0],"RSSI":9.212891571818254e-9}
{"type":2,"rcvTime":18099.399999999998,"pos":[6177.229675346429,5826.851210127596,1.895],"noise":[0.0,0.0,0.0],"spd":[-2.6374758803115858,-0.2657098520718385,0.0],"spd_noise":[0.0,0.0,0.0]}
{"type":3,"rcvTime":18099.489204784142,"sendTime":18099.489093424192,"sender":529,"messageID":257928,"pos":[6101.20977540283,5740.290931060497,1.895],"pos_noise":[0.0,0.0,0.0],"spd":[0.031064810403063228,-0.6199173522478934,0.0],"spd_noise":[0.0,0.0,0.0],"RSSI":3.155846843157678e-8}
{"type":2,"rcvTime":18099.5,"pos":[6176.951566401659,5826.823192321963,1.895],"noise":[0.0,0.0,0.0],"spd":[-2.7812574402900824,-0.2801949805684717,0.0],"spd_noise":[0.0,0.0,0.0]}
{"type":3,"rcvTime":18099.500534856477,"sendTime":18099.50042509395,"sender":319,"messageID":258049,"pos":[6144.90515408244,5737.947735994113,1.895],"pos_noise":[0.0,0.0,0.0],"spd":[13.53162593600477,0.6925586369897794,0.0],"spd_noise":[0.0,0.0,0.0],"RSSI":7.317150444816385e-8}
{"type":2,"rcvTime":18099.6,"pos":[6176.65912519064,5826.793730626598,1.895],"noise":[0.0,0.0,0.0],"spd":[-2.924588760235671,-0.29463475008610426,0.0],"spd_noise":[0.0,0.0,0.0]}
{"type":2,"rcvTime":18099.7,"pos":[6176.346439020989,5826.762229373258,1.895],"noise":[0.0,0.0,0.0],"spd":[-3.127050575582819,-0.3150315618280399,0.0],"spd_noise":[0.0,0.0,0.0]}
{"type":3,"rcvTime":18099.715223922045,"sendTime":18099.71510907416,"sender":241,"messageID":258683,"pos":[6174.530522376523,5739.463984284088,1.895],"pos_noise":[0.0,0.0,0.0],"spd":[14.19511482388484,0.7265164896534151,0.0],"spd_noise":[0.0,0.0,0.0],"RSSI":3.981993598268108e-8}
{"type":2,"rcvTime":18099.8,"pos":[6176.016351166569,5826.728975004707,1.895],"noise":[0.0,0.0,0.0],"spd":[-3.301077934823298,-0.33256377291926517,0.0],"spd_noise":[0.0,0.0,0.0]}
{"type":2,"rcvTime":18099.899999999998,"pos":[6175.6674372023949,5826.693824018683,1.895],"noise":[0.0,0.0,0.0],"spd":[-3.489350404337643,-0.35153109330216489,0.0],"spd_noise":[0.0,0.0,0.0]}
{"type":2,"rcvTime":18100.0,"pos":[6175.304519935892,5826.657262284065,1.895],"noise":[0.0,0.0,0.0],"spd":[-3.629391886349672,-0.3656394314094329,0.0],"spd_noise":[0.0,0.0,0.0]}
