{"type":2,"rcvTime":25200.0,"pos":[3599.0093457823907,6042.433651162422,1.895],"noise":[0.0,0.0,0.0],"spd":[2.917714720186321,27.629994048528404,0.0],"spd_noise":[0.0,0.0,0.0]}
{"type":3,"rcvTime":25200.06469505396,"sendTime":25200.064582757885,"sender":805,"messageID":5619,"pos":[3593.997091026574,6057.814739348525,1.895],"pos_noise":[0.0,0.0,0.0],"spd":[3.6087230185456886,34.12858033831626,0.0],"spd_noise":[0.0,0.0,0.0],"RSSI":5.789008325744413e-7}
{"type":3,"rcvTime":25200.079757270792,"sendTime":25200.07964547095,"sender":19,"messageID":7417,"pos":[3587.6333574454877,5859.86566060902,1.895],"pos_noise":[0.0,0.0,0.0],"spd":[-0.02802899171225533,28.889266149967967,0.0],"spd_noise":[0.0,0.0,0.0],"RSSI":1.7490604918285589e-8}
{"type":2,"rcvTime":25200.1,"pos":[3599.3004060291825,6045.189915450694,1.895],"noise":[0.0,0.0,0.0],"spd":[2.914099524979512,27.59575909696098,0.0],"spd_noise":[0.0,0.0,0.0]}
{"type":3,"rcvTime":25200.12139992121,"sendTime":25200.121285312343,"sender":1015,"messageID":9157,"pos":[3598.2920552200118,5657.505368672189,1.895],"pos_noise":[0.0,0.0,0.0],"spd":[1.5038879475885426,-35.02008161584823,0.0],"spd_noise":[0.0,0.0,0.0],"RSSI":1.5676336319247306e-9}
{"type":3,"rcvTime":25200.148680924118,"sendTime":25200.148564780364,"sender":37,"messageID":10792,"pos":[3589.0715812371415,5967.809625377584,1.895],"pos_noise":[0.0,0.0,0.0],"spd":[2.5723631282851078,34.595840552605427,0.0],"spd_noise":[0.0,0.0,0.0],"RSSI":2.0542253353814733e-8}
{"type":2,"rcvTime":25200.2,"pos":[3599.593886956914,6047.969102953327,1.895],"noise":[0.0,0.0,0.0],"spd":[2.9383354185981185,27.82526666049326,0.0],"spd_noise":[0.0,0.0,0.0]}
{"type":3,"rcvTime":25200.256127663244,"sendTime":25200.256021416742,"sender":619,"messageID":16762,"pos":[3590.128943505926,5937.582339727261,1.895],"pos_noise":[0.0,0.0,0.0],"spd":[2.115128312743719,28.40628283228856,0.0],"spd_noise":[0.0,0.0,0.0],"RSSI":2.0200030419860484e-8}
{"type":3,"rcvTime":25200.263897240333,"sendTime":25200.263778526336,"sender":103,"messageID":17260,"pos":[4595.8955788984899,973.4382677124813,1.895],"pos_noise":[0.0,0.0,0.0],"spd":[1.2879823836347094,-29.965304435558307,0.0],"spd_noise":[0.0,0.0,0.0],"RSSI":2.152592106930108e-9}
{"type":2,"rcvTime":25200.3,"pos":[3599.8861896901778,6050.737133262993,1.895],"noise":[0.0,0.0,0.0],"spd":[2.926539318033288,27.71356067836036,0.0],"spd_noise":[0.0,0.0,0.0]}
{"type":3,"rcvTime":25200.318634263673,"sendTime":25200.318525640527,"sender":325,"messageID":20167,"pos":[3598.164072975522,5737.392062219734,1.895],"pos_noise":[0.0,0.0,0.0],"spd":[1.7146577318211656,-39.964414378131177,0.0],"spd_noise":[0.0,0.0,0.0],"RSSI":8.965900387053084e-9}
{"type":2,"rcvTime":25200.399999999998,"pos":[3600.177229251771,6053.493201667859,1.895],"noise":[0.0,0.0,0.0],"spd":[2.913892424467474,27.593797909389776,0.0],"spd_noise":[0.0,0.0,0.0]}
{"type":3,"rcvTime":25200.427656969725,"sendTime":25200.427545964252,"sender":43,"messageID":26535,"pos":[3587.721474202505,5769.044396972557,1.895],"pos_noise":[0.0,0.0,0.0],"spd":[-0.031594879166805787,32.56459892199728,0.0],"spd_noise":[0.0,0.0,0.0],"RSSI":1.3545009664339683e-8}
{"type":3,"rcvTime":25200.497185974615,"sendTime":25200.49707379518,"sender":79,"messageID":29295,"pos":[3614.3019071894329,5500.150776813886,1.895],"pos_noise":[0.0,0.0,0.0],"spd":[2.652581009756816,-31.507110482183035,0.0],"spd_noise":[0.0,0.0,0.0],"RSSI":2.6535061039663976e-9}
{"type":3,"rcvTime":25200.498671241206,"sendTime":25200.498561167624,"sender":13,"messageID":29642,"pos":[3588.620784219118,5907.680601938369,1.895],"pos_noise":[0.0,0.0,0.0],"spd":[1.2210817284705545,28.679924658018775,0.0],"spd_noise":[0.0,0.0,0.0],"RSSI":1.730073988429854e-9}
{"type":2,"rcvTime":25200.5,"pos":[3600.470146045652,6056.267046970709,1.895],"noise":[0.0,0.0,0.0],"spd":[2.932687302081603,27.77178047671491,0.0],"spd_noise":[0.0,0.0,0.0]}
{"type":3,"rcvTime":25200.599090232507,"sendTime":25200.598979972536,"sender":97,"messageID":34994,"pos":[10901.833677124232,6493.166766362265,1.895],"pos_noise":[0.0,0.0,0.0],"spd":[1.281753574590463,-29.820389286375016,0.0],"spd_noise":[0.0,0.0,0.0],"RSSI":1.0380934022663592e-8}
{"type":2,"rcvTime":25200.6,"pos":[3600.762451415337,6059.035102246597,1.895],"noise":[0.0,0.0,0.0],"spd":[2.926565713925943,27.713810640548883,0.0],"spd_noise":[0.0,0.0,0.0]}
{"type":3,"rcvTime":25200.64051523234,"sendTime":25200.64040672639,"sender":31,"messageID":37111,"pos":[3594.85953308404,6034.574057454462,1.895],"pos_noise":[0.0,0.0,0.0],"spd":[3.613996892888895,34.20098953187709,0.0],"spd_noise":[0.0,0.0,0.0],"RSSI":1.894573854708104e-7}
{"type":2,"rcvTime":25200.7,"pos":[3601.055318814389,6061.808479793353,1.895],"noise":[0.0,0.0,0.0],"spd":[2.9321927603152,27.767097295741828,0.0],"spd_noise":[0.0,0.0,0.0]}
{"type":3,"rcvTime":25200.76188673331,"sendTime":25200.761778182816,"sender":967,"messageID":43266,"pos":[3584.3073024719494,5948.19681291237,1.895],"pos_noise":[0.0,0.0,0.0],"spd":[2.56482461043238,34.543181886298537,0.0],"spd_noise":[0.0,0.0,0.0],"RSSI":3.337086750633529e-9}
{"type":2,"rcvTime":25200.8,"pos":[3601.348687082532,6064.586600439187,1.895],"noise":[0.0,0.0,0.0],"spd":[2.9372074691126586,27.814585274330068,0.0],"spd_noise":[0.0,0.0,0.0]}
{"type":3,"rcvTime":25200.896488773647,"sendTime":25200.896373876367,"sender":109,"messageID":52028,"pos":[3591.190154931879,5798.4799423345179,1.895],"pos_noise":[0.0,0.0,0.0],"spd":[-0.020511494103480529,-35.24131080762577,0.0],"spd_noise":[0.0,0.0,0.0],"RSSI":1.137905729173506e-8}
{"type":2,"rcvTime":25200.899999999998,"pos":[3601.641999570127,6067.364192857854,1.895],"noise":[0.0,0.0,0.0],"spd":[2.9366489934430377,27.809296656066239,0.0],"spd_noise":[0.0,0.0,0.0]}
{"type":3,"rcvTime":25200.920494212434,"sendTime":25200.920381986303,"sender":853,"messageID":53193,"pos":[1168.0578672513366,1147.214803029783,1.895],"pos_noise":[0.0,0.0,0.0],"spd":[-1.5390468055785416,36.78630360239938,0.0],"spd_noise":[0.0,0.0,0.0],"RSSI":1.3100229102588111e-8}
{"type":3,"rcvTime":25200.948204212582,"sendTime":25200.948090423364,"sender":49,"messageID":54402,"pos":[3597.5656947093568,6028.762653693034,1.895],"pos_noise":[0.0,0.0,0.0],"spd":[3.0004212756302857,28.413203461994038,0.0],"spd_noise":[0.0,0.0,0.0],"RSSI":5.080096998235002e-8}
{"type":3,"rcvTime":25200.99396322243,"sendTime":25200.993852010462,"sender":55,"messageID":57167,"pos":[3594.2566061044356,5993.017062293768,1.895],"pos_noise":[0.0,0.0,0.0],"spd":[2.1233874953422977,28.51720408252439,0.0],"spd_noise":[0.0,0.0,0.0],"RSSI":3.3192075859579229e-9}
{"type":2,"rcvTime":25201.0,"pos":[3601.935511386207,6070.143672865048,1.895],"noise":[0.0,0.0,0.0],"spd":[2.9386446731975246,27.828195220510407,0.0],"spd_noise":[0.0,0.0,0.0]}
{"type":2,"rcvTime":25201.1,"pos":[3602.228683551167,6072.919936465116,1.895],"noise":[0.0,0.0,0.0],"spd":[2.935244081125123,27.795992504464726,0.0],"spd_noise":[0.0,0.0,0.0]}
{"type":3,"rcvTime":25201.1258925258,"sendTime":25201.125781386854,"sender":235,"messageID":66258,"pos":[3594.519684118521,5849.180328926821,1.895],"pos_noise":[0.0,0.0,0.0],"spd":[-0.0182561652601586,-31.33442564620084,0.0],"spd_noise":[0.0,0.0,0.0],"RSSI":9.057092908810034e-9}
{"type":3,"rcvTime":25201.14867552808,"sendTime":25201.148564780364,"sender":37,"messageID":66916,"pos":[3591.638998527949,6002.338949114229,1.895],"pos_noise":[0.0,0.0,0.0],"spd":[2.571665894146475,34.58646341575304,0.0],"spd_noise":[0.0,0.0,0.0],"RSSI":2.731442532406162e-8}
{"type":2,"rcvTime":25201.2,"pos":[3602.5231567634639,6075.70852064263,1.895],"noise":[0.0,0.0,0.0],"spd":[2.948270186437799,27.919346309331,0.0],"spd_noise":[0.0,0.0,0.0]}
{"type":3,"rcvTime":25201.256135262513,"sendTime":25201.256021416742,"sender":619,"messageID":72927,"pos":[3592.2523696322798,5966.100062626267,1.895],"pos_noise":[0.0,0.0,0.0],"spd":[2.121252009744987,28.4885244003114,0.0],"spd_noise":[0.0,0.0,0.0],"RSSI":4.9895705348481197e-8}
{"type":3,"rcvTime":25201.263887888177,"sendTime":25201.263778526336,