{"type":2,"rcvTime":25297.899999999998,"pos":[4597.5295973438319,5180.1544865925729,1.895],"noise":[0.0,0.0,0.0],"spd":[-4.06558958291262,5.939895288933024,0.0],"spd_noise":[0.0,0.0,0.0]}
{"type":3,"rcvTime":25297.976930839406,"sendTime":25297.976820646458,"sender":1453,"messageID":5934961,"pos":[4603.095949017919,5269.807541836131,1.895],"pos_noise":[0.0,0.0,0.0],"spd":[-1.444271677896964,-12.979327184739525,0.0],"spd_noise":[0.0,0.0,0.0],"RSSI":2.9527132670361757e-8}
{"type":3,"rcvTime":25297.998226130363,"sendTime":25297.99811599357,"sender":2875,"messageID":5936789,"pos":[4561.644649589333,5204.940996707869,1.895],"pos_noise":[0.0,0.0,0.0],"spd":[-9.597036027924272,7.0366243492679338,0.0],"spd_noise":[0.0,0.0,0.0],"RSSI":7.281355912106452e-8}
{"type":2,"rcvTime":25298.0,"pos":[4597.470032105849,5180.866514952464,1.895],"noise":[0.0,0.0,0.0],"spd":[-3.7468517452076237,6.424048766777983,0.0],"spd_noise":[0.0,0.0,0.0]}
{"type":3,"rcvTime":25298.05908123608,"sendTime":25298.05897310353,"sender":1171,"messageID":5941222,"pos":[4431.71583404696,5307.29353584296,1.895],"pos_noise":[0.0,0.0,0.0],"spd":[10.517748786172346,1.2724112990756267,0.0],"spd_noise":[0.0,0.0,0.0],"RSSI":1.898148481794439e-8}
{"type":3,"rcvTime":25298.076053237965,"sendTime":25298.07593955444,"sender":2911,"messageID":5943297,"pos":[4566.459166368306,5197.319003509847,1.895],"pos_noise":[0.0,0.0,0.0],"spd":[-10.313606224479239,7.564281010901562,0.0],"spd_noise":[0.0,0.0,0.0],"RSSI":3.6451190046057797e-8}
{"type":2,"rcvTime":25298.1,"pos":[4597.524004614322,5181.630307723886,1.895],"noise":[0.0,0.0,0.0],"spd":[-3.162913689593242,6.966703738742024,0.0],"spd_noise":[0.0,0.0,0.0]}
{"type":2,"rcvTime":25298.2,"pos":[4597.579040155148,5182.409144013752,1.895],"noise":[0.0,0.0,0.0],"spd":[-2.445060864815804,7.4087323936173619,0.0],"spd_noise":[0.0,0.0,0.0]}
{"type":3,"rcvTime":25298.225417314487,"sendTime":25298.22531177872,"sender":823,"messageID":5954175,"pos":[4601.181768503972,5204.6218825742639,1.895],"pos_noise":[0.0,0.0,0.0],"spd":[0.9392723233742147,-5.981113355274635,0.0],"spd_noise":[0.0,0.0,0.0],"RSSI":9.436938810585225e-8}
{"type":2,"rcvTime":25298.3,"pos":[4597.635427927246,5183.20711642497,1.895],"noise":[0.0,0.0,0.0],"spd":[-1.646299654898387,7.822092724474905,0.0],"spd_noise":[0.0,0.0,0.0]}
{"type":3,"rcvTime":25298.324523725707,"sendTime":25298.32441204283,"sender":2821,"messageID":5960553,"pos":[4532.193561131903,5221.694817373806,1.895],"pos_noise":[0.0,0.0,0.0],"spd":[-10.635081908226545,7.582617679872188,0.0],"spd_noise":[0.0,0.0,0.0],"RSSI":1.8002731312934189e-9}
{"type":3,"rcvTime":25298.32609072596,"sendTime":25298.32597686206,"sender":2869,"messageID":5961566,"pos":[4547.745971297246,5210.857051495854,1.895],"pos_noise":[0.0,0.0,0.0],"spd":[-10.490863486186948,7.443855188435065,0.0],"spd_noise":[0.0,0.0,0.0],"RSSI":2.194840867865565e-7}
{"type":3,"rcvTime":25298.334950786,"sendTime":25298.33483989006,"sender":2857,"messageID":5962566,"pos":[9138.473779782653,10325.313482549973,1.895],"pos_noise":[0.0,0.0,0.0],"spd":[-11.034405554082286,7.628724827514009,0.0],"spd_noise":[0.0,0.0,0.0],"RSSI":2.998213450377151e-8}
{"type":3,"rcvTime":25298.33638022983,"sendTime":25298.33627146925,"sender":2539,"messageID":5963237,"pos":[8016.738680219278,4466.208298807032,1.895],"pos_noise":[0.0,0.0,0.0],"spd":[0.5073747013157199,2.669383737849425,0.0],"spd_noise":[0.0,0.0,0.0],"RSSI":2.6283541939187995e-9}
{"type":3,"rcvTime":25298.374790002887,"sendTime":25298.37468049638,"sender":2779,"messageID":5965985,"pos":[4514.286059648023,5234.834842951668,1.895],"pos_noise":[0.0,0.0,0.0],"spd":[-10.856224257112605,7.966966634565199,0.0],"spd_noise":[0.0,0.0,0.0],"RSSI":3.801277254484892e-8}
{"type":2,"rcvTime":25298.399999999998,"pos":[4597.692913260875,5184.020620994807,1.895],"noise":[0.0,0.0,0.0],"spd":[-0.7762700225823854,8.11199354939959,0.0],"spd_noise":[0.0,0.0,0.0]}
{"type":3,"rcvTime":25298.494527008996,"sendTime":25298.49440918751,"sender":2809,"messageID":5971988,"pos":[4521.5128181250579,5225.437343725808,1.895],"pos_noise":[0.0,0.0,0.0],"spd":[-10.9696882781229,8.053480575127697,0.0],"spd_noise":[0.0,0.0,0.0],"RSSI":7.784427443809677e-9}
{"type":2,"rcvTime":25298.5,"pos":[4597.752075925687,5184.857862342295,1.895],"noise":[0.0,0.0,0.0],"spd":[0.13063535424460358,8.385810107428787,0.0],"spd_noise":[0.0,0.0,0.0]}
{"type":3,"rcvTime":25298.58942923834,"sendTime":25298.589313584147,"sender":1045,"messageID":5975232,"pos":[4460.770005384334,5283.864003725923,1.895],"pos_noise":[0.0,0.0,0.0],"spd":[9.78034440369979,-7.607548840864351,0.0],"spd_noise":[0.0,0.0,0.0],"RSSI":1.9455279723616408e-9}
{"type":3,"rcvTime":25298.594064484107,"sendTime":25298.59395606676,"sender":739,"messageID":5975550,"pos":[4428.340500543609,5301.593115471097,1.895],"pos_noise":[0.0,0.0,0.0],"spd":[10.08888430413422,-4.9743475741398319,0.0],"spd_noise":[0.0,0.0,0.0],"RSSI":3.5801106792512827e-9}
{"type":3,"rcvTime":25298.594831239432,"sendTime":25298.59471632037,"sender":2815,"messageID":5975868,"pos":[4540.077005347749,5220.175250783592,1.895],"pos_noise":[0.0,0.0,0.0],"spd":[-9.912994349376282,6.857057470635996,0.0],"spd_noise":[0.0,0.0,0.0],"RSSI":7.100883494472327e-9}
{"type":2,"rcvTime":25298.6,"pos":[4597.9912558937089,5185.6823923168599,1.895],"noise":[0.0,0.0,0.0],"spd":[0.9171466770411777,8.55841159960319,0.0],"spd_noise":[0.0,0.0,0.0]}
{"type":3,"rcvTime":25298.645253185663,"sendTime":25298.64514247328,"sender":1837,"messageID":5980929,"pos":[9001.793974917382,8319.937656400725,1.895],"pos_noise":[0.0,0.0,0.0],"spd":[-2.8630542694159004,-4.693668068821176,0.0],"spd_noise":[0.0,0.0,0.0],"RSSI":1.5724430206583395e-9}
{"type":3,"rcvTime":25298.669180188015,"sendTime":25298.669067291776,"sender":2899,"messageID":5983537,"pos":[4550.940853548458,5204.536158615335,1.895],"pos_noise":[0.0,0.0,0.0],"spd":[-10.928625663536803,7.821661482089912,0.0],"spd_noise":[0.0,0.0,0.0],"RSSI":2.5753492669666645e-8}
{"type":2,"rcvTime":25298.7,"pos":[4598.264213464275,5186.523248188604,1.895],"noise":[0.0,0.0,0.0],"spd":[1.318150667731277,8.734792746468689,0.0],"spd_noise":[0.0,0.0,0.0]}
{"type":3,"rcvTime":25298.705615082486,"sendTime":25298.705503025325,"sender":343,"messageID":5985574,"pos":[9507.03942486085,2428.0626906547697,1.895],"pos_noise":[0.0,0.0,0.0],"spd":[10.28788215406482,-4.975741782022664,0.0],"spd_noise":[0.0,0.0,0.0],"RSSI":1.6658798610914345e-9}
{"type":3,"rcvTime":25298.791335611862,"sendTime":25298.791221252784,"sender":1783,"messageID":5991937,"pos":[4399.548754965514,5298.212816946686,1.895],"pos_noise":[0.0,0.0,0.0],"spd":[-9.790536877552058,0.7623564715306868,0.0],"spd_noise":[0.0,0.0,0.0],"RSSI":2.421794558512883e-9}
{"type":3,"rcvTime":25298.799989084433,"sendTime":25298.79987207553,"sender":2785,"messageID":5992577,"pos":[4523.305727058527,5232.307261274019,1.895],"pos_noise":[0.0,0.0,0.0],"spd":[-9.715357063237566,7.128279044847839,0.0],"spd_noise":[0.0,0.0,0.0],"RSSI":1.0823521913255905e-8}
{"type":2,"rcvTime":25298.8,"pos":[4598.543236277995,5187.382788265768,1.895],"noise":[0.0,0.0,0.0],"spd":[1.740119817529536,8.860730575661233,0.0],"spd_noise":[0.0,0.0,0.0]}
{"type":3,"rcvTime":25298.82153419759,"sendTime":25298.82141708373,"sender":1105,"messageID":5994618,"pos":[3536.6573677770795,3852.753132698126,1.895],"pos_noise":[0.0,0.0,0.0],"spd":[-1.1898028215092185,-10.692475897745672,0.0],"spd_noise":[0.0,0.0,0.0],"RSSI":1.068048945053904e-7}
{"type":3,"rcvTime":25298.83474530065,"sendTime":25298.834639838336,"sender":2767,"messageID":5995232,"pos":[4493.119816522717,5246.343120670848,1.895],"pos_noise":[0.0,0.0,0.0],"spd":[-11.731206281524758,8.699140657993699,0.0],"spd_noise":[0.0,0.0,0.0],"RSSI":1.2899758361425541e-8}
{"type":3,"rcvTime":25298.85617672858,"sendTime":25298.856061494676,"sender":1063,"messageID":5997860,"pos":[4447.320677365321,5292.413386056235,1.895],"pos_noise":[0.0,0.0,0.0],"spd":[11.056735811708928,-5.347570990329222,0.0],"spd_noise":[0.0,0.0,0.0],