{"type":2,"rcvTime":25200.0,"pos":[3593.997091026574,6057.814739348525,1.895],"noise":[0.0,0.0,0.0],"spd":[3.6087230185456886,34.12858033831626,0.0],"spd_noise":[0.0,0.0,0.0]}
{"type":3,"rcvTime":25200.079757321255,"sendTime":25200.07964547095,"sender":19,"messageID":7417,"pos":[3587.6333574454877,5859.86566060902,1.895],"pos_noise":[0.0,0.0,0.0],"spd":[-0.02802899171225533,28.889266149967967,0.0],"spd_noise":[0.0,0.0,0.0],"RSSI":1.3892246579705483e-8}
{"type":2,"rcvTime":25200.1,"pos":[3594.3578276609034,6061.226314341236,1.895],"noise":[0.0,0.0,0.0],"spd":[3.60304303262832,34.07486331579054,0.0],"spd_noise":[0.0,0.0,0.0]}
{"type":3,"rcvTime":25200.11329397476,"sendTime":25200.113180083456,"sender":1081,"messageID":8811,"pos":[1192.9608637001366,1522.3137884167955,1.895],"pos_noise":[0.0,0.0,0.0],"spd":[-4.404734623016186,38.182168246512969,0.0],"spd_noise":[0.0,0.0,0.0],"RSSI":1.6753252236856578e-9}
{"type":3,"rcvTime":25200.12139997476,"sendTime":25200.121285312343,"sender":1015,"messageID":9157,"pos":[3598.2920552200118,5657.505368672189,1.895],"pos_noise":[0.0,0.0,0.0],"spd":[1.5038879475885426,-35.02008161584823,0.0],"spd_noise":[0.0,0.0,0.0],"RSSI":1.99750400302769e-9}
{"type":3,"rcvTime":25200.125897974794,"sendTime":25200.125781386854,"sender":235,"messageID":10131,"pos":[3594.537925204139,5880.488872253979,1.895],"pos_noise":[0.0,0.0,0.0],"spd":[-0.269649628823725,-31.264013853652704,0.0],"spd_noise":[0.0,0.0,0.0],"RSSI":5.969350200846718e-9}
{"type":3,"rcvTime":25200.148680975864,"sendTime":25200.148564780364,"sender":37,"messageID":10792,"pos":[3589.0715812371415,5967.809625377584,1.895],"pos_noise":[0.0,0.0,0.0],"spd":[2.5723631282851078,34.595840552605427,0.0],"spd_noise":[0.0,0.0,0.0],"RSSI":1.053058715695365e-8}
{"type":2,"rcvTime":25200.2,"pos":[3594.7181413505429,6064.63388944208,1.895],"noise":[0.0,0.0,0.0],"spd":[3.5988186545817846,34.034912334531487,0.0],"spd_noise":[0.0,0.0,0.0]}
{"type":3,"rcvTime":25200.20475698204,"sendTime":25200.20464863605,"sender":7,"messageID":13646,"pos":[9288.927898239344,6580.405148095451,1.895],"pos_noise":[0.0,0.0,0.0],"spd":[2.9383354185981185,27.82526666049326,0.0],"spd_noise":[0.0,0.0,0.0],"RSSI":8.297773123532835e-7}
{"type":2,"rcvTime":25200.3,"pos":[3595.079540968576,6068.05173443459,1.895],"noise":[0.0,0.0,0.0],"spd":[3.6096649240263405,34.137488169896119,0.0],"spd_noise":[0.0,0.0,0.0]}
{"type":3,"rcvTime":25200.31863432146,"sendTime":25200.318525640527,"sender":325,"messageID":20167,"pos":[3598.164072975522,5737.392062219734,1.895],"pos_noise":[0.0,0.0,0.0],"spd":[1.7146577318211656,-39.964414378131177,0.0],"spd_noise":[0.0,0.0,0.0],"RSSI":4.6396372843143e-9}
{"type":2,"rcvTime":25200.399999999998,"pos":[3595.4407220791379,6071.467512948244,1.895],"noise":[0.0,0.0,0.0],"spd":[3.607482468049462,34.11684814740711,0.0],"spd_noise":[0.0,0.0,0.0]}
{"type":2,"rcvTime":25200.5,"pos":[3595.8011528479166,6074.876195295282,1.895],"noise":[0.0,0.0,0.0],"spd":[3.599988042819475,34.04597152648221,0.0],"spd_noise":[0.0,0.0,0.0]}
{"type":3,"rcvTime":25200.565881293653,"sendTime":25200.565765130337,"sender":25,"messageID":32821,"pos":[3600.197483330669,5545.383892444244,1.895],"pos_noise":[0.0,0.0,0.0],"spd":[-2.65557231516538,32.41753491869202,0.0],"spd_noise":[0.0,0.0,0.0],"RSSI":2.8907946907836278e-9}
{"type":2,"rcvTime":25200.6,"pos":[3596.1615182649495,6078.284259594799,1.895],"noise":[0.0,0.0,0.0],"spd":[3.5993353085818047,34.039798458371048,0.0],"spd_noise":[0.0,0.0,0.0]}
{"type":3,"rcvTime":25200.64051529427,"sendTime":25200.64040672639,"sender":31,"messageID":37111,"pos":[3594.85953308404,6034.574057454462,1.895],"pos_noise":[0.0,0.0,0.0],"spd":[3.613996892888895,34.20098953187709,0.0],"spd_noise":[0.0,0.0,0.0],"RSSI":2.193360875410301e-7}
{"type":3,"rcvTime":25200.661597794995,"sendTime":25200.661481324583,"sender":91,"messageID":39343,"pos":[3595.2910378936178,5650.560138801558,1.895],"pos_noise":[0.0,0.0,0.0],"spd":[1.2880434185928534,-29.966724432543236,0.0],"spd_noise":[0.0,0.0,0.0],"RSSI":5.892754452498852e-9}
