{"type":2,"rcvTime":25297.3,"pos":[3606.2013953815219,6077.3347980424609,1.895],"noise":[0.0,0.0,0.0],"spd":[-3.911527529738548,-33.9418605860313,0.0],"spd_noise":[0.0,0.0,0.0]}
{"type":3,"rcvTime":25297.33900384632,"sendTime":25297.33888991908,"sender":2599,"messageID":5892849,"pos":[11664.105571480468,11007.402638555504,1.895],"pos_noise":[0.0,0.0,0.0],"spd":[1.2855849464340792,-29.963793102309049,0.0],"spd_noise":[0.0,0.0,0.0],"RSSI":1.2093821237280078e-8}
{"type":3,"rcvTime":25297.35402584735,"sendTime":25297.353914811974,"sender":2791,"messageID":5893532,"pos":[3595.0074174728495,5895.98851368499,1.895],"pos_noise":[0.0,0.0,0.0],"spd":[-1.2359684080015774,-31.568408564561318,0.0],"spd_noise":[0.0,0.0,0.0],"RSSI":5.2491589640907679e-9}
{"type":2,"rcvTime":25297.399999999998,"pos":[3605.808408380659,6073.924695494543,1.895],"noise":[0.0,0.0,0.0],"spd":[-3.9255546034361905,-34.0635790134885,0.0],"spd_noise":[0.0,0.0,0.0]}
{"type":3,"rcvTime":25297.461156246278,"sendTime":25297.461041317416,"sender":2929,"messageID":5898527,"pos":[3611.0122641073728,6061.449132290459,1.895],"pos_noise":[0.0,0.0,0.0],"spd":[-3.638605483742239,-31.61189118532985,0.0],"spd_noise":[0.0,0.0,0.0],"RSSI":2.022914054042832e-7}
{"type":2,"rcvTime":25297.5,"pos":[3605.4163106686189,6070.522309655002,1.895],"noise":[0.0,0.0,0.0],"spd":[-3.9166714805202846,-33.98649666719592,0.0],"spd_noise":[0.0,0.0,0.0]}
{"type":3,"rcvTime":25297.530922724087,"sendTime":25297.53080444499,"sender":2731,"messageID":5902854,"pos":[3594.512338402584,5836.572325735416,1.895],"pos_noise":[0.0,0.0,0.0],"spd":[-0.01829949934310168,-31.408803186062948,0.0],"spd_noise":[0.0,0.0,0.0],"RSSI":3.3521980760002587e-9}
{"type":2,"rcvTime":25297.6,"pos":[3605.0239885442167,6067.117976501255,1.895],"noise":[0.0,0.0,0.0],"spd":[-3.9189131398649694,-34.00594842571743,0.0],"spd_noise":[0.0,0.0,0.0]}
{"type":3,"rcvTime":25297.614623726415,"sendTime":25297.614512624823,"sender":2935,"messageID":5907002,"pos":[3607.6018085323614,6060.670314414039,1.895],"pos_noise":[0.0,0.0,0.0],"spd":[-3.984508237372508,-34.59606904283244,0.0],"spd_noise":[0.0,0.0,0.0],"RSSI":0.0000012115201441989219}
{"type":3,"rcvTime":25297.62581394091,"sendTime":25297.62569849584,"sender":2725,"messageID":5909251,"pos":[3594.4838987469786,5787.7592118447669,1.895],"pos_noise":[0.0,0.0,0.0],"spd":[-0.01997270871311935,-34.28065792102666,0.0],"spd_noise":[0.0,0.0,0.0],"RSSI":6.865155081183273e-9}
{"type":3,"rcvTime":25297.661362941384,"sendTime":25297.66124488171,"sender":2917,"messageID":5912361,"pos":[4897.918175775558,8622.809400665574,1.895],"pos_noise":[0.0,0.0,0.0],"spd":[-3.9194070650677088,-34.010234408687548,0.0],"spd_noise":[0.0,0.0,0.0],"RSSI":3.173702095717953e-9}
{"type":3,"rcvTime":25297.69187003392,"sendTime":25297.691751917173,"sender":2587,"messageID":5914131,"pos":[3592.6028096179336,5713.102592562368,1.895],"pos_noise":[0.0,0.0,0.0],"spd":[1.2642052988097948,-29.412123278434938,0.0],"spd_noise":[0.0,0.0,0.0],"RSSI":3.0960556864038099e-9}
{"type":2,"rcvTime":25297.7,"pos":[3604.632376326311,6063.719803484991,1.895],"noise":[0.0,0.0,0.0],"spd":[-3.911821870405846,-33.94441469560058,0.0],"spd_noise":[0.0,0.0,0.0]}
{"type":3,"rcvTime":25297.73200438056,"sendTime":25297.731891620995,"sender":2623,"messageID":5916905,"pos":[3594.047801558215,5580.093863861434,1.895],"pos_noise":[0.0,0.0,0.0],"spd":[-2.892486645497312,35.30918382568327,0.0],"spd_noise":[0.0,0.0,0.0],"RSSI":3.157510830854642e-9}
{"type":2,"rcvTime":25297.8,"pos":[3604.2405655341478,6060.319907361905,1.895],"noise":[0.0,0.0,0.0],"spd":[-3.913805432429975,-33.96162684230666,0.0],"spd_noise":[0.0,0.0,0.0]}
{"type":3,"rcvTime":25297.81088996585,"sendTime":25297.810778072988,"sender":2839,"messageID":5923485,"pos":[3599.8821257147658,5933.608693258563,1.895],"pos_noise":[0.0,0.0,0.0],"spd":[-2.1643218859203454,-32.62154044099094,0.0],"spd_noise":[0.0,0.0,0.0],"RSSI":6.034854582808543e-9}
{"type":3,"rcvTime":25297.812289129703,"sendTime":25297.812172350146,"sender":2683,"messageID":5923804,"pos":[3597.767200249167,5759.1557272277209,1.895],"pos_noise":[0.0,0.0,0.0],"spd":[-0.018421734272189705,-31.586366129803129,0.0],"spd_noise":[0.0,0.0,0.0],"RSSI":1.2263887551656877e-8}
{"type":2,"rcvTime":25297.899999999998,"pos":[3603.848330528261,6056.916330169736,1.895],"noise":[0.0,0.0,0.0],"spd":[-3.9180429113575299,-33.998397111185457,0.0],"spd_noise":[0.0,0.0,0.0]}
{"type":3,"rcvTime":25297.94983625171,"sendTime":25297.94972453434,"sender":2503,"messageID":5933295,"pos":[2997.818631781265,6721.667101606727,1.895],"pos_noise":[0.0,0.0,0.0],"spd":[-0.036827805040677407,38.03745679150996,0.0],"spd_noise":[0.0,0.0,0.0],"RSSI":2.4437463536800366e-8}
{"type":3,"rcvTime":25297.973095469504,"sendTime":25297.972980485716,"sender":2497,"messageID":5934536,"pos":[3613.697033970277,5507.335404643743,1.895],"pos_noise":[0.0,0.0,0.0],"spd":[2.5151732284137076,-29.87499363750317,0.0],"spd_noise":[0.0,0.0,0.0],"RSSI":3.1973340618073245e-9}
{"type":2,"rcvTime":25298.0,"pos":[3603.455419805864,6053.506889520024,1.895],"noise":[0.0,0.0,0.0],"spd":[-3.924792656396456,-34.056967299772079,0.0],"spd_noise":[0.0,0.0,0.0]}
{"type":3,"rcvTime":25298.041568918223,"sendTime":25298.041451357865,"sender":2581,"messageID":5939673,"pos":[3587.5578675504555,5618.956421019501,1.895],"pos_noise":[0.0,0.0,0.0],"spd":[-2.6922665695381915,32.86463737399462,0.0],"spd_noise":[0.0,0.0,0.0],"RSSI":6.095662687111253e-9}
{"type":3,"rcvTime":25298.07433598834,"sendTime":25298.074219365,"sender":2401,"messageID":5942556,"pos":[3601.280931911565,6063.944976719906,1.895],"pos_noise":[0.0,0.0,0.0],"spd":[3.3467843339341587,31.69317088763769,0.0],"spd_noise":[0.0,0.0,0.0],"RSSI":6.622776874537779e-7}
{"type":2,"rcvTime":25298.1,"pos":[3603.063601513589,6050.106928315526,1.895],"noise":[0.0,0.0,0.0],"spd":[-3.913880351186259,-33.96227694177237,0.0],"spd_noise":[0.0,0.0,0.0]}
{"type":3,"rcvTime":25298.15315667974,"sendTime":25298.15304470821,"sender":2749,"messageID":5948080,"pos":[3606.0320743741938,5447.225355423657,1.895],"pos_noise":[0.0,0.0,0.0],"spd":[-3.8367000155181234,33.2514001344745,0.0],"spd_noise":[0.0,0.0,0.0],"RSSI":2.6100375286730707e-9}
{"type":2,"rcvTime":25298.2,"pos":[3602.672219383525,6046.710751861824,1.895],"noise":[0.0,0.0,0.0],"spd":[-3.9095235186006396,-33.924470994300659,0.0],"spd_noise":[0.0,0.0,0.0]}
{"type":2,"rcvTime":25298.3,"pos":[3602.2813174231175,6043.318742028812,1.895],"noise":[0.0,0.0,0.0],"spd":[-3.9047270947937409,-33.8828505412173,0.0],"spd_noise":[0.0,0.0,0.0]}
{"type":3,"rcvTime":25298.35402677989,"sendTime":25298.353914811974,"sender":2791,"messageID":5964173,"pos":[3594.52853995136,5864.3802590155669,1.895],"pos_noise":[0.0,0.0,0.0],"spd":[-0.018436072308132976,-31.643213608926354,0.0],"spd_noise":[0.0,0.0,0.0],"RSSI":9.762314271634807e-9}
{"type":2,"rcvTime":25298.399999999998,"pos":[3601.89039299706,6039.926537252542,1.895],"noise":[0.0,0.0,0.0],"spd":[-3.904951504589383,-33.8847978331219,0.0],"spd_noise":[0.0,0.0,0.0]}
{"type":3,"rcvTime":25298.461157203714,"sendTime":25298.461041317416,"sender":2929,"messageID":5969112,"pos":[3607.3758382880848,6029.856177842257,1.895],"pos_noise":[0.0,0.0,0.0],"spd":[-3.6365514234672098,-31.59404568649335,0.0],"spd_noise":[0.0,0.0,0.0],"RSSI":0.000001177776710510514}
{"type":2,"rcvTime":25298.5,"pos":[3601.4993680686686,6036.53346037804,1.895],"noise":[0.0,0.0,0.0],"spd":[-3.9059554243186329,-33.893509238911949,0.0],"spd_noise":[0.0,0.0,0.0]}
{"type":3,"rcvTime":25298.530916207288,"sendTime":25298.53080444499,"sender":2731,"messageID":5973426,"pos":[3594.4940038647284,5805.1033833226479,1.895],"pos_noise":[0.0,0.0,0.0],"spd":[-0.018335777219122847,-31.47106962552085,0.0],"spd_noise":[0.0,0.0,0.0],"RSSI":1.9748861123529773e-8}
{"type":2,"rcvTime":25298.6,"pos":[3601.107123453765,6033.129799804655,1.895],"noise":[0.0,0.0,0.0],"spd":[-3.9181388960134626,-33.99923000773582,0.0],"spd_noise":[0.0,0.0,0.0]}
{"type":3,"rcvTime":25298.614630209224,