{"type":2,"rcvTime":25200.0,"pos":[3598.576864185474,6069.752948265598,1.895],"noise":[0.0,0.0,0.0],"spd":[3.672525827155867,34.7548769666454,0.0],"spd_noise":[0.0,0.0,0.0]}
{"type":2,"rcvTime":25200.1,"pos":[3598.9448597813945,6073.235467453322,1.895],"noise":[0.0,0.0,0.0],"spd":[3.6799610991098059,34.82524051862816,0.0],"spd_noise":[0.0,0.0,0.0]}
{"type":3,"rcvTime":25200.110888526367,"sendTime":25200.110778157832,"sender":859,"messageID":6142,"pos":[5042.897785352543,9787.475826218724,1.895],"pos_noise":[0.0,0.0,0.0],"spd":[1.27198647263028,29.875540146495973,0.0],"spd_noise":[0.0,0.0,0.0],"RSSI":4.2849772040210148e-9}
{"type":3,"rcvTime":25200.193347546247,"sendTime":25200.193239077926,"sender":97,"messageID":9826,"pos":[3605.487422304363,5526.255629083876,1.895],"pos_noise":[0.0,0.0,0.0],"spd":[2.827330888960856,-33.58737783181955,0.0],"spd_noise":[0.0,0.0,0.0],"RSSI":2.0107213717084916e-9}
{"type":2,"rcvTime":25200.2,"pos":[3599.31146612914,6076.70483951788,1.895],"noise":[0.0,0.0,0.0],"spd":[3.6660685979607607,34.69376910334273,0.0],"spd_noise":[0.0,0.0,0.0]}
{"type":3,"rcvTime":25200.241153234958,"sendTime":25200.241038605105,"sender":37,"messageID":12471,"pos":[12522.511402992532,11091.652215807699,1.895],"pos_noise":[0.0,0.0,0.0],"spd":[2.228833661751127,29.933351560926906,0.0],"spd_noise":[0.0,0.0,0.0],"RSSI":1.2773564439754364e-8}
