{"type":2,"rcvTime":25298.7,"pos":[6180.703182848026,5827.201145143612,1.895],"noise":[0.0,0.0,0.0],"spd":[-0.0,-0.0,0.0],"spd_noise":[0.0,0.0,0.0]}
{"type":3,"rcvTime":25298.701513331995,"sendTime":25298.701405505464,"sender":2449,"messageID":6327046,"pos":[6099.142890673609,5781.5368840250889,1.895],"pos_noise":[0.0,0.0,0.0],"spd":[0.24048551497409649,-4.799036007681836,0.0],"spd_noise":[0.0,0.0,0.0],"RSSI":1.4099533144419524e-8}
{"type":3,"rcvTime":25298.707461382877,"sendTime":25298.7073477976,"sender":2731,"messageID":6328123,"pos":[6113.99380493943,5820.48057603122,1.895],"pos_noise":[0.0,0.0,0.0],"spd":[-11.92410993696335,-1.2012824500469335,0.0],"spd_noise":[0.0,0.0,0.0],"RSSI":3.2303454982337067e-8}
{"type":3,"rcvTime":25298.728020773848,"sendTime":25298.7279052441,"sender":1069,"messageID":6330150,"pos":[6249.183668250487,5838.841962887166,1.895],"pos_noise":[0.0,0.0,0.0],"spd":[12.63296441775993,0.8314752043466528,0.0],"spd_noise":[0.0,0.0,0.0],"RSSI":3.23350938781374e-9}
{"type":2,"rcvTime":25298.8,"pos":[6180.678497696726,5827.198658262898,1.895],"noise":[0.0,0.0,0.0],"spd":[-0.2468664241445363,-0.024870309347905605,0.0],"spd_noise":[0.0,0.0,0.0]}
{"type":3,"rcvTime":25298.83423260159,"sendTime":25298.83411734132,"sender":379,"messageID":6336011,"pos":[11429.225793574005,47.41019941866398,1.895],"pos_noise":[0.0,0.0,0.0],"spd":[10.221679277809774,0.588174841125364,0.0],"spd_noise":[0.0,0.0,0.0],"RSSI":3.3061129864950719e-9}
{"type":3,"rcvTime":25298.835969811356,"sendTime":25298.83585491646,"sender":1855,"messageID":6336542,"pos":[5916.621608422173,5807.103520039669,1.895],"pos_noise":[0.0,0.0,0.0],"spd":[-12.517722265032976,-0.04248586208893672,0.0],"spd_noise":[0.0,0.0,0.0],"RSSI":9.221292327659819e-9}
{"type":3,"rcvTime":25298.86885913696,"sendTime":25298.86874673259,"sender":1777,"messageID":6338328,"pos":[6028.679338519322,5716.423746107363,1.895],"pos_noise":[0.0,0.0,0.0],"spd":[-15.06721950167968,-1.3042084897893918,0.0],"spd_noise":[0.0,0.0,0.0],"RSSI":1.4582843194199496e-8}
{"type":3,"rcvTime":25298.879552139857,"sendTime":25298.879441429537,"sender":2359,"messageID":6338969,"pos":[6100.344878180339,5757.550485816367,1.895],"pos_noise":[0.0,0.0,0.0],"spd":[0.10143999165076169,-2.0242972746384049,0.0],"spd_noise":[0.0,0.0,0.0],"RSSI":9.801534155744965e-9}
{"type":2,"rcvTime":25298.899999999998,"pos":[6180.62960129152,5827.193732243786,1.895],"noise":[0.0,0.0,0.0],"spd":[-0.48899358808917917,-0.04926316669850427,0.0],"spd_noise":[0.0,0.0,0.0]}
{"type":3,"rcvTime":25298.9452554492,"sendTime":25298.94514939482,"sender":2467,"messageID":6341951,"pos":[6099.7953179534929,5768.517297340618,1.895],"pos_noise":[0.0,0.0,0.0],"spd":[0.16933552512844037,-3.3791943043208656,0.0],"spd_noise":[0.0,0.0,0.0],"RSSI":7.34994425863458e-8}
{"type":2,"rcvTime":25299.0,"pos":[6180.557379519082,5827.186456334037,1.895],"noise":[0.0,0.0,0.0],"spd":[-0.7222613501701508,-0.07276349252835784,0.0],"spd_noise":[0.0,0.0,0.0]}
{"type":3,"rcvTime":25299.01052250044,"sendTime":25299.010408796974,"sender":2923,"messageID":6344715,"pos":[6123.76899818881,5821.46536803317,1.895],"pos_noise":[0.0,0.0,0.0],"spd":[-0.9580741663918592,-0.09652021727510436,0.0],"spd_noise":[0.0,0.0,0.0],"RSSI":7.587306129389542e-8}
{"type":3,"rcvTime":25299.011181219048,"sendTime":25299.011067535168,"sender":1825,"messageID":6345067,"pos":[5866.364017642119,5810.232749452736,1.895],"pos_noise":[0.0,0.0,0.0],"spd":[-15.290981032294806,-0.05199931088699037,0.0],"spd_noise":[0.0,0.0,0.0],"RSSI":1.5262750715524825e-8}
{"type":3,"rcvTime":25299.05254158372,"sendTime":25299.05243487912,"sender":187,"messageID":6346878,"pos":[6234.406048324863,5837.86933095842,1.895],"pos_noise":[0.0,0.0,0.0],"spd":[12.43936752113535,0.8187330629275854,0.0],"spd_noise":[0.0,0.0,0.0],"RSSI":4.293702306810453e-8}
{"type":3,"rcvTime":25299.06331365622,"sendTime":25299.06320180604,"sender":769,"messageID":6347451,"pos":[6095.512556651794,5682.37842988564,1.895],"pos_noise":[0.0,0.0,0.0],"spd":[-1.0006233401971983,-14.587749310443864,0.0],"spd_noise":[0.0,0.0,0.0],"RSSI":2.439288648587952e-9}
{"type":3,"rcvTime":25299.065114810142,"sendTime":25299.064998670947,"sender":481,"messageID":6348041,"pos":[6091.393436957089,5804.344494352397,1.895],"pos_noise":[0.0,0.0,0.0],"spd":[-0.307683712514365,6.140017270889202,0.0],"spd_noise":[0.0,0.0,0.0],"RSSI":7.298087803496337e-8}
{"type":3,"rcvTime":25299.08163207058,"sendTime":25299.081519723542,"sender":2377,"messageID":6348999,"pos":[6100.842096518802,5747.628188790605,1.895],"pos_noise":[0.0,0.0,0.0],"spd":[0.023927186436040715,-0.4774816865032084,0.0],"spd_noise":[0.0,0.0,0.0],"RSSI":1.787997648826729e-8}
{"type":2,"rcvTime":25299.1,"pos":[6180.463249028095,5827.176973252495,1.895],"noise":[0.0,0.0,0.0],"spd":[-0.94136176969899,-0.0948365436970599,0.0],"spd_noise":[0.0,0.0,0.0]}
{"type":3,"rcvTime":25299.14258321579,"sendTime":25299.142475898145,"sender":757,"messageID":6351403,"pos":[6163.917308425886,5735.614787626461,1.895],"pos_noise":[0.0,0.0,0.0],"spd":[11.297026683647803,0.5790686100946485,0.0],"spd_noise":[0.0,0.0,0.0],"RSSI":8.196406053488233e-9}
{"type":2,"rcvTime":25299.2,"pos":[6180.344208213577,5827.164980605491,1.895],"noise":[0.0,0.0,0.0],"spd":[-1.1904800521532156,-0.11993371424287808,0.0],"spd_noise":[0.0,0.0,0.0]}
{"type":3,"rcvTime":25299.269793027288,"sendTime":25299.269674814168,"sender":2587,"messageID":6359085,"pos":[5963.393700388072,5810.562713673331,1.895],"pos_noise":[0.0,0.0,0.0],"spd":[-15.552814663225468,-0.0528897160445724,0.0],"spd_noise":[0.0,0.0,0.0],"RSSI":8.490405614527233e-9}
{"type":3,"rcvTime":25299.288533356517,"sendTime":25299.28841771744,"sender":313,"messageID":6359914,"pos":[6170.480953257551,5732.651330876823,1.895],"pos_noise":[0.0,0.0,0.0],"spd":[13.497350964178484,0.6916633150881679,0.0],"spd_noise":[0.0,0.0,0.0],"RSSI":5.584896517574247e-9}
{"type":2,"rcvTime":25299.3,"pos":[6180.205384056877,5827.150994905596,1.895],"noise":[0.0,0.0,0.0],"spd":[-1.3883254241772898,-0.13986544705106086,0.0],"spd_noise":[0.0,0.0,0.0]}
{"type":3,"rcvTime":25299.31035617852,"sendTime":25299.310239001687,"sender":1621,"messageID":6360412,"pos":[5858.660048380367,5806.906795204728,1.895],"pos_noise":[0.0,0.0,0.0],"spd":[-15.203656701619956,-0.0516020764951382,0.0],"spd_noise":[0.0,0.0,0.0],"RSSI":5.41295547449077e-9}
{"type":3,"rcvTime":25299.330448377834,"sendTime":25299.330339800472,"sender":1591,"messageID":6362218,"pos":[4096.584971491247,3090.6687169335784,1.895],"pos_noise":[0.0,0.0,0.0],"spd":[13.26754667452242,0.7357923417317447,0.0],"spd_noise":[0.0,0.0,0.0],"RSSI":2.5754674505332115e-9}
{"type":3,"rcvTime":25299.336046812263,"sendTime":25299.335930057896,"sender":2401,"messageID":6362877,"pos":[9400.249324087054,5563.666964881122,1.895],"pos_noise":[0.0,0.0,0.0],"spd":[5.167831249770378,12.272965284047379,0.0],"spd_noise":[0.0,0.0,0.0],"RSSI":7.864233707488232e-9}
{"type":3,"rcvTime":25299.36326284068,"sendTime":25299.36314858673,"sender":2287,"messageID":6363430,"pos":[10042.290565827861,2708.852119394578,1.895],"pos_noise":[0.0,0.0,0.0],"spd":[2.37512050768738e-15,-4.739698705029127e-14,0.0],"spd_noise":[0.0,0.0,0.0],"RSSI":5.11293505474169e-9}
{"type":3,"rcvTime":25299.36831393256,"sendTime":25299.368204231792,"sender":2641,"messageID":6363800,"pos":[6095.256185891665,5793.284494073113,1.895],"pos_noise":[0.0,0.0,0.0],"spd":[0.5770439313168665,-11.515265710341926,0.0],"spd_noise":[0.0,0.0,0.0],"RSSI":1.025991408320739e-7}
{"type":3,"rcvTime":25299.38785997812,"sendTime":25299.387754051248,"sender":1159,"messageID":6364970,"pos":[11513.808106202632,3122.2613451536747,1.895],"pos_noise":[0.0,0.0,0.0],"spd":[14.958240299395385,1.5067690838178676,0.0],"spd_noise":[0.0,0.0,0.0],"RSSI":2.8743738766870345e-7}
{"type":3,"rcvTime":25299.38890747151,"sendTime":25299.38878966216,"sender":547,"messageID":6365330,"pos":[6136.170239665274,5730.893099801013,1.895],"pos_noise":[0.0,0.0,0.0],"spd":[11.691156716041217,0.5991060196097907,0.0],