{"type":2,"rcvTime":25296.6,"pos":[4597.484865844666,5180.219840071014,1.895],"noise":[0.0,0.0,0.0],"spd":[-4.126345773695466,6.028661113432703,0.0],"spd_noise":[0.0,0.0,0.0]}
{"type":2,"rcvTime":25296.7,"pos":[4597.475736146391,5180.9472357686149,1.895],"noise":[0.0,0.0,0.0],"spd":[-3.6874688635644046,6.4781734207406489,0.0],"spd_noise":[0.0,0.0,0.0]}
{"type":3,"rcvTime":25296.74661760612,"sendTime":25296.74650322739,"sender":2761,"messageID":6205735,"pos":[4503.127667561536,5238.936897086344,1.895],"pos_noise":[0.0,0.0,0.0],"spd":[-13.044486434972365,9.579370072638012,0.0],"spd_noise":[0.0,0.0,0.0],"RSSI":2.6389349998486566e-8}
{"type":3,"rcvTime":25296.762783607668,"sendTime":25296.76267788983,"sender":2839,"messageID":6207224,"pos":[4558.201776902214,5199.27768628859,1.895],"pos_noise":[0.0,0.0,0.0],"spd":[-10.390258466977679,7.613003497922315,0.0],"spd_noise":[0.0,0.0,0.0],"RSSI":1.371156678400336e-7}
{"type":3,"rcvTime":25296.776154734045,"sendTime":25296.776046065617,"sender":877,"messageID":6208770,"pos":[4599.257813234676,5217.295555375662,1.895],"pos_noise":[0.0,0.0,0.0],"spd":[1.5904601407824242,-10.67561490988384,0.0],"spd_noise":[0.0,0.0,0.0],"RSSI":2.9020669075229834e-8}
{"type":2,"rcvTime":25296.8,"pos":[4597.530028466161,5181.715554354453,1.895],"noise":[0.0,0.0,0.0],"spd":[-3.1000118698927419,7.044480476060082,0.0],"spd_noise":[0.0,0.0,0.0]}
{"type":3,"rcvTime":25296.82324904637,"sendTime":25296.823138299398,"sender":2095,"messageID":6210721,"pos":[4377.45087816,5303.238814976074,1.895],"pos_noise":[0.0,0.0,0.0],"spd":[-13.461441569541306,1.0465614471648138,0.0],"spd_noise":[0.0,0.0,0.0],"RSSI":1.1836143804014518e-8}
{"type":3,"rcvTime":25296.84353612277,"sendTime":25296.843418612145,"sender":403,"messageID":6212156,"pos":[1130.0651760958136,4732.7870653243739,1.895],"pos_noise":[0.0,0.0,0.0],"spd":[5.175747747017121,8.15996266421422,0.0],"spd_noise":[0.0,0.0,0.0],"RSSI":2.6573964171419097e-9}
{"type":3,"rcvTime":25296.849705196568,"sendTime":25296.84958919068,"sender":2437,"messageID":6212466,"pos":[4413.851570895523,5291.46704477612,1.895],"pos_noise":[0.0,0.0,0.0],"spd":[0.0,0.0,0.0],"spd_noise":[0.0,0.0,0.0],"RSSI":6.0943983437791218e-9}
{"type":3,"rcvTime":25296.864249854196,"sendTime":25296.864142839564,"sender":607,"messageID":6212740,"pos":[4599.236853808254,5235.126768038561,1.895],"pos_noise":[0.0,0.0,0.0],"spd":[-1.271625459466391,-11.427796547871163,0.0],"spd_noise":[0.0,0.0,0.0],"RSSI":4.481740619321554e-8}
{"type":3,"rcvTime":25296.87274837436,"sendTime":25296.872641720434,"sender":2191,"messageID":6213658,"pos":[4391.183856318547,5305.483943754698,1.895],"pos_noise":[0.0,0.0,0.0],"spd":[-12.084439460564404,0.9410146863876625,0.0],"spd_noise":[0.0,0.0,0.0],"RSSI":1.2608064820673188e-8}
{"type":2,"rcvTime":25296.899999999998,"pos":[4597.585815060528,5182.505019189892,1.895],"noise":[0.0,0.0,0.0],"spd":[-2.377879669043198,7.542277307231832,0.0],"spd_noise":[0.0,0.0,0.0]}
{"type":2,"rcvTime":25297.0,"pos":[4597.643125451949,5183.31604806243,1.895],"noise":[0.0,0.0,0.0],"spd":[-1.5526139103267527,7.974512726323337,0.0],"spd_noise":[0.0,0.0,0.0]}
{"type":2,"rcvTime":25297.1,"pos":[4597.70183771896,5184.146915598606,1.895],"noise":[0.0,0.0,0.0],"spd":[-0.6511780970118808,8.297467001402819,0.0],"spd_noise":[0.0,0.0,0.0]}
{"type":2,"rcvTime":25297.2,"pos":[4597.76841491453,5184.995922454828,1.895],"noise":[0.0,0.0,0.0],"spd":[0.2961041138630573,8.512196677396672,0.0],"spd_noise":[0.0,0.0,0.0]}
{"type":3,"rcvTime":25297.222596710002,"sendTime":25297.222480600838,"sender":2167,"messageID":6232012,"pos":[4615.961306519495,5364.386115593933,1.895],"pos_noise":[0.0,0.0,0.0],"spd":[4.472561114078712e-15,-4.514166333745895e-14,0.0],"spd_noise":[0.0,0.0,0.0],"RSSI":6.752879597959137e-9}
{"type":2,"rcvTime":25297.3,"pos":[4598.0384730324199,5185.827846455575,1.895],"noise":[0.0,0.0,0.0],"spd":[0.9957475255167017,8.682949077346585,0.0],"spd_noise":[0.0,0.0,0.0]}
{"type":3,"rcvTime":25297.340080307335,"sendTime":25297.339969655684,"sender":2173,"messageID":6237852,"pos":[4387.1352993593859,5299.17941135655,1.895],"pos_noise":[0.0,0.0,0.0],"spd":[-12.36477405624025,0.9628037398451481,0.0],"spd_noise":[0.0,0.0,0.0],"RSSI":6.17232344015998e-9}
{"type":3,"rcvTime":25297.3873994819,"sendTime":25297.387291556224,"sender":337,"messageID":6239375,"pos":[4606.710592376087,5301.20660971887,1.895],"pos_noise":[0.0,0.0,0.0],"spd":[-2.180103345582749,-11.453042919861448,0.0],"spd_noise":[0.0,0.0,0.0],"RSSI":4.014362465196537e-9}
{"type":2,"rcvTime":25297.399999999998,"pos":[4598.316269371714,5186.683608332999,1.895],"noise":[0.0,0.0,0.0],"spd":[1.4146116188198704,8.878297828723048,0.0],"spd_noise":[0.0,0.0,0.0]}
{"type":3,"rcvTime":25297.430138311087,"sendTime":25297.43003008175,"sender":2821,"messageID":6242125,"pos":[12178.41687596403,6437.577918870375,1.895],"pos_noise":[0.0,0.0,0.0],"spd":[-10.275153389990857,7.109218920448086,0.0],"spd_noise":[0.0,0.0,0.0],"RSSI":9.74442864133217e-9}
{"type":3,"rcvTime":25297.444822449423,"sendTime":25297.44471036675,"sender":2809,"messageID":6243434,"pos":[4525.384215084355,5222.595128029261,1.895],"pos_noise":[0.0,0.0,0.0],"spd":[-11.612380723416262,8.525318150886604,0.0],"spd_noise":[0.0,0.0,0.0],"RSSI":1.874772877505476e-8}
{"type":3,"rcvTime":25297.489534475433,"sendTime":25297.489424732048,"sender":565,"messageID":6246958,"pos":[4600.7005575162379,5248.280726271072,1.895],"pos_noise":[0.0,0.0,0.0],"spd":[-1.265592460719666,-11.373579418360676,0.0],"spd_noise":[0.0,0.0,0.0],"RSSI":4.345664923470962e-8}
{"type":2,"rcvTime":25297.5,"pos":[4598.601832923941,5187.563297396571,1.895],"noise":[0.0,0.0,0.0],"spd":[1.8649391504146405,9.051533210120855,0.0],"spd_noise":[0.0,0.0,0.0]}
{"type":3,"rcvTime":25297.54785451003,"sendTime":25297.547745190095,"sender":2773,"messageID":6253585,"pos":[6345.984236355871,4746.8097258824859,1.895],"pos_noise":[0.0,0.0,0.0],"spd":[-11.029049637512289,8.092151724729768,0.0],"spd_noise":[0.0,0.0,0.0],"RSSI":5.885332977764301e-8}
{"type":3,"rcvTime":25297.561693530155,"sendTime":25297.56158064217,"sender":2779,"messageID":6254284,"pos":[3794.113391302526,10535.40605737362,1.895],"pos_noise":[0.0,0.0,0.0],"spd":[-11.050979469624054,8.108613418888464,0.0],"spd_noise":[0.0,0.0,0.0],"RSSI":3.272740175978957e-8}
{"type":3,"rcvTime":25297.592341530188,"sendTime":25297.59223025404,"sender":2803,"messageID":6256541,"pos":[4537.882372379697,5221.6933313814929,1.895],"pos_noise":[0.0,0.0,0.0],"spd":[-11.19447756332947,7.743490342079342,0.0],"spd_noise":[0.0,0.0,0.0],"RSSI":3.382338631401447e-9}
{"type":2,"rcvTime":25297.6,"pos":[4598.89343588148,5188.461591071138,1.895],"noise":[0.0,0.0,0.0],"spd":[2.3282617572349668,9.14539565042116,0.0],"spd_noise":[0.0,0.0,0.0]}
{"type":2,"rcvTime":25297.7,"pos":[4599.191018922223,5189.3783066127539,1.895],"noise":[0.0,0.0,0.0],"spd":[2.8099389834656987,9.211598204030654,0.0],"spd_noise":[0.0,0.0,0.0]}
{"type":3,"rcvTime":25297.74661988305,"sendTime":25297.74650322739,"sender":2761,"messageID":6268719,"pos":[4490.234101354582,5248.482989457065,1.895],"pos_noise":[0.0,0.0,0.0],"spd":[-12.898809819363944,9.564963589128455,0.0],"spd_noise":[0.0,0.0,0.0],"RSSI":8.526118148211419e-9}
{"type":3,"rcvTime":25297.76278588768,"sendTime":25297.76267788983,"sender":2839,"messageID":6270230,"pos":[4547.835468019398,5206.757703647661,1.895],"pos_noise":[0.0,0.0,0.0],"spd":[-10.446874048598323,7.473532973225586,0.0],"spd_noise":[0.0,0.0,0.0],"RSSI":2.226921200058734e-8}
{"type":3,"rcvTime":25297.776156946282,"sendTime":25297.776046065617,"sender":877,"messageID":6271548,"pos":[4600.593307239813,5208.3313447376799,1.895],"pos_noise":[0.0,0.0,0.0],"spd":[1.1434368514149927,-7.675069111427948,0.0],"spd_noise":[0.0,0.0,0.0],"RSSI":6.154420033882349e-7}
{"type":2,"rcvTime":25297.8,"pos":[4599.351841153746,5190.34590626193,1.895],"noise":[0.0,0.0,0.0],"spd":[2.760056142563772,9.431925499133332,0.0],"spd_noise":[0.0,0.0,0.0]}
{"type":3,"rcvTime":25297.8232447478,