{"type":2,"rcvTime":25299.5,"pos":[3645.5293369618118,5181.545568264728,1.895],"noise":[0.0,0.0,0.0],"spd":[-4.474546561465586,28.6844978510241,0.0],"spd_noise":[0.0,0.0,0.0]}
{"type":3,"rcvTime":25299.513348526034,"sendTime":25299.51323963571,"sender":1297,"messageID":6373918,"pos":[4019.294138851132,5266.4490317337,1.895],"pos_noise":[0.0,0.0,0.0],"spd":[13.558870410537816,2.596750245719608,0.0],"spd_noise":[0.0,0.0,0.0],"RSSI":6.368753887715054e-9}
{"type":3,"rcvTime":25299.520986551222,"sendTime":25299.520880293334,"sender":853,"messageID":6375340,"pos":[1992.052282774821,853.8304409012199,1.895],"pos_noise":[0.0,0.0,0.0],"spd":[-14.331851776443412,-5.755082758969876,0.0],"spd_noise":[0.0,0.0,0.0],"RSSI":2.8606355235949336e-8}
{"type":3,"rcvTime":25299.524608159,"sendTime":25299.524490869324,"sender":1219,"messageID":6375862,"pos":[3549.5795862643115,5208.428046830916,1.895],"pos_noise":[0.0,0.0,0.0],"spd":[15.560214685471332,1.917231914247632,0.0],"spd_noise":[0.0,0.0,0.0],"RSSI":2.629103780244307e-8}
{"type":3,"rcvTime":25299.54689777613,"sendTime":25299.546787248924,"sender":1033,"messageID":6378801,"pos":[3730.1239500337617,5238.004204219175,1.895],"pos_noise":[0.0,0.0,0.0],"spd":[-14.689674982752666,-5.9033273295190489,0.0],"spd_noise":[0.0,0.0,0.0],"RSSI":7.833751561557863e-8}
{"type":3,"rcvTime":25299.567213388047,"sendTime":25299.56710007023,"sender":1513,"messageID":6380475,"pos":[4123.040431768143,5286.291561728116,1.895],"pos_noise":[0.0,0.0,0.0],"spd":[14.108608248464379,3.5556223478203865,0.0],"spd_noise":[0.0,0.0,0.0],"RSSI":3.390530826041216e-9}
{"type":3,"rcvTime":25299.57038553277,"sendTime":25299.570278823794,"sender":2599,"messageID":6380793,"pos":[3590.5216776287668,5683.326642743686,1.895],"pos_noise":[0.0,0.0,0.0],"spd":[-1.2562222765111078,30.08750714171212,0.0],"spd_noise":[0.0,0.0,0.0],"RSSI":2.5977870073236346e-9}
{"type":2,"rcvTime":25299.6,"pos":[3645.0825820686379,5184.409532154062,1.895],"noise":[0.0,0.0,0.0],"spd":[-4.472916642960872,28.674049106512464,0.0],"spd_noise":[0.0,0.0,0.0]}
{"type":3,"rcvTime":25299.606797349985,"sendTime":25299.60668848548,"sender":433,"messageID":6382761,"pos":[3970.1397088750229,5259.506326368047,1.895],"pos_noise":[0.0,0.0,0.0],"spd":[10.549084329734573,1.3457144680156037,0.0],"spd_noise":[0.0,0.0,0.0],"RSSI":3.4254174879652679e-9}
{"type":3,"rcvTime":25299.609214068583,"sendTime":25299.609108324305,"sender":2389,"messageID":6383099,"pos":[3596.4266182311378,5204.0206473371549,1.895],"pos_noise":[0.0,0.0,0.0],"spd":[-10.272060223096745,-1.3676066541548886,0.0],"spd_noise":[0.0,0.0,0.0],"RSSI":2.387388871805046e-8}
{"type":3,"rcvTime":25299.610976204553,"sendTime":25299.61086079576,"sender":2491,"messageID":6383460,"pos":[3651.6323687150354,5219.652515030007,1.895],"pos_noise":[0.0,0.0,0.0],"spd":[5.668096634874063,-36.00613639172935,0.0],"spd_noise":[0.0,0.0,0.0],"RSSI":8.072988464608265e-8}
{"type":3,"rcvTime":25299.63288445639,"sendTime":25299.632765995153,"sender":2569,"messageID":6384974,"pos":[3584.367367574087,5824.819902213049,1.895],"pos_noise":[0.0,0.0,0.0],"spd":[-0.03131659725944347,32.31150146490522,0.0],"spd_noise":[0.0,0.0,0.0],"RSSI":1.5915660672592008e-9}
{"type":3,"rcvTime":25299.643979614928,"sendTime":25299.643862758996,"sender":907,"messageID":6385655,"pos":[1902.0489641372115,7611.303596640937,1.895],"pos_noise":[0.0,0.0,0.0],"spd":[-11.819080287886222,4.020095336015776,0.0],"spd_noise":[0.0,0.0,0.0],"RSSI":7.584729253353538e-9}
{"type":3,"rcvTime":25299.670331456397,"sendTime":25299.670219355914,"sender":2431,"messageID":6386828,"pos":[11631.462656091899,10863.988690660335,1.895],"pos_noise":[0.0,0.0,0.0],"spd":[4.6488374985548159,-29.528038936962923,0.0],"spd_noise":[0.0,0.0,0.0],"RSSI":2.58373862207211e-8}
{"type":3,"rcvTime":25299.67053347044,"sendTime":25299.67041649255,"sender":2785,"messageID":6387146,"pos":[3612.877085274059,5416.661638768926,1.895],"pos_noise":[0.0,0.0,0.0],"spd":[-3.4443132899473225,29.844608241087813,0.0],"spd_noise":[0.0,0.0,0.0],"RSSI":3.0921053741870898e-9}
{"type":3,"rcvTime":25299.67708245252,"sendTime":25299.676971426652,"sender":1999,"messageID":6387517,"pos":[3985.439010027013,5261.362677768279,1.895],"pos_noise":[0.0,0.0,0.0],"spd":[10.87345594464215,1.2430006280692834,0.0],"spd_noise":[0.0,0.0,0.0],"RSSI":9.822800660256975e-9}
{"type":2,"rcvTime":25299.7,"pos":[3644.633325703724,5187.289531961172,1.895],"noise":[0.0,0.0,0.0],"spd":[-4.497961415270642,28.834600954086445,0.0],"spd_noise":[0.0,0.0,0.0]}
{"type":3,"rcvTime":25299.701494966324,"sendTime":25299.701380993567,"sender":2671,"messageID":6389305,"pos":[5675.627390267327,7925.3674992360179,1.895],"pos_noise":[0.0,0.0,0.0],"spd":[2.5853498324442478,-34.12144738354421,0.0],"spd_noise":[0.0,0.0,0.0],"RSSI":4.161151657611643e-9}
{"type":3,"rcvTime":25299.70986136407,"sendTime":25299.709743078332,"sender":1393,"messageID":6391270,"pos":[3779.7344902307656,5262.327857914958,1.895],"pos_noise":[0.0,0.0,0.0],"spd":[-13.091002418594883,-4.359196502094691,0.0],"spd_noise":[0.0,0.0,0.0],"RSSI":3.486589357265659e-9}
{"type":3,"rcvTime":25299.713053499847,"sendTime":25299.712946311804,"sender":511,"messageID":6391612,"pos":[3801.3843568304125,5261.875525339599,1.895],"pos_noise":[0.0,0.0,0.0],"spd":[-13.241836882026407,3.6997199403256189,0.0],"spd_noise":[0.0,0.0,0.0],"RSSI":2.7816133285325177e-9}
{"type":3,"rcvTime":25299.71976863043,"sendTime":25299.719654728422,"sender":577,"messageID":6391966,"pos":[10720.825973730534,9964.333694195375,1.895],"pos_noise":[0.0,0.0,0.0],"spd":[-5.467226555332821,-12.58127220446083,0.0],"spd_noise":[0.0,0.0,0.0],"RSSI":1.204325923462056e-8}
{"type":3,"rcvTime":25299.765869387254,"sendTime":25299.765756788012,"sender":2485,"messageID":6395218,"pos":[3810.0433478559059,5239.309131973151,1.895],"pos_noise":[0.0,0.0,0.0],"spd":[1.8934115098179277e-14,4.357139200948105e-14,0.0],"spd_noise":[0.0,0.0,0.0],"RSSI":5.19991004493314e-9}
{"type":3,"rcvTime":25299.792149543944,"sendTime":25299.79204068277,"sender":2413,"messageID":6397186,"pos":[3641.8427487824749,5239.384378999663,1.895],"pos_noise":[0.0,0.0,0.0],"spd":[4.663992511534621,-29.62429909094532,0.0],"spd_noise":[0.0,0.0,0.0],"RSSI":4.108603280088787e-8}
{"type":2,"rcvTime":25299.8,"pos":[3644.185322163608,5190.161500418127,1.895],"noise":[0.0,0.0,0.0],"spd":[-4.485418114740087,28.75419095674017,0.0],"spd_noise":[0.0,0.0,0.0]}
{"type":3,"rcvTime":25299.80783930282,"sendTime":25299.80773058385,"sender":2635,"messageID":6398035,"pos":[3168.904700179405,5238.343202430691,1.895],"pos_noise":[0.0,0.0,0.0],"spd":[2.860380007469284,4.650029530859265,0.0],"spd_noise":[0.0,0.0,0.0],"RSSI":2.954478763365869e-9}
{"type":3,"rcvTime":25299.890430783187,"sendTime":25299.890314193766,"sender":2719,"messageID":6402534,"pos":[3595.664486349346,5519.998505719009,1.895],"pos_noise":[0.0,0.0,0.0],"spd":[-2.747173871952948,33.53489365672901,0.0],"spd_noise":[0.0,0.0,0.0],"RSSI":8.133037900249084e-9}
{"type":3,"rcvTime":25299.89574295847,"sendTime":25299.89563088161,"sender":1981,"messageID":6402907,"pos":[4034.1739094951537,5265.691862966248,1.895],"pos_noise":[0.0,0.0,0.0],"spd":[15.385253023615296,2.768229291348127,0.0],"spd_noise":[0.0,0.0,0.0],"RSSI":4.4050602991507578e-9}
{"type":3,"rcvTime":25299.896027783583,"sendTime":25299.89591895598,"sender":2743,"messageID":6403225,"pos":[3607.6480130575648,5461.970993240571,1.895],"pos_noise":[0.0,0.0,0.0],"spd":[-3.4379494305787978,29.789466076674047,0.0],"spd_noise":[0.0,0.0,0.0],"RSSI":2.2663532191776768e-9}
{"type":2,"rcvTime":25299.899999999998,"pos":[3643.736616031086,5193.037972909196,1.895],"noise":[0.0,0.0,0.0],"spd":[-4.4924524803682079,28.799285413349606,0.0],"spd_noise":[0.0,0.0,0.0]}
{"type":3,"rcvTime":25299.94816596322,"sendTime":25299.94804837485,"sender":901,"messageID":6405217,"pos":[4005.472779939407,5260.913072189889,1.895],"pos_noise":[0.0,0.0,0.0],"spd":[15.034310872596749,2.048017580169424,0.0],"spd_noise":[0.0,0.0,0.0],