{"type":2,"rcvTime":25272.7,"pos":[3566.2204193397349,5180.302884298478,1.895],"noise":[0.0,0.0,0.0],"spd":[0.3012927280509321,3.926524584922815,0.0],"spd_noise":[0.0,0.0,0.0]}
{"type":3,"rcvTime":25272.745205189305,"sendTime":25272.74509409312,"sender":2335,"messageID":4697227,"pos":[3586.656102780906,5629.964310239386,1.895],"pos_noise":[0.0,0.0,0.0],"spd":[-2.6429510491648267,32.26264026409842,0.0],"spd_noise":[0.0,0.0,0.0],"RSSI":5.8217053789714929e-9}
{"type":2,"rcvTime":25272.8,"pos":[3566.2471067771396,5180.650681869815,1.895],"noise":[0.0,0.0,0.0],"spd":[0.2668642321496577,3.4778435415635307,0.0],"spd_noise":[0.0,0.0,0.0]}
{"type":3,"rcvTime":25272.806613813387,"sendTime":25272.806505867742,"sender":2293,"messageID":4701933,"pos":[3590.7156208937055,5678.681549691252,1.895],"pos_noise":[0.0,0.0,0.0],"spd":[-1.3112165642055583,31.40466339232235,0.0],"spd_noise":[0.0,0.0,0.0],"RSSI":2.08076557620674e-9}
{"type":3,"rcvTime":25272.840795679054,"sendTime":25272.840679062996,"sender":1693,"messageID":4703114,"pos":[3799.206699967332,5206.094652915839,1.895],"pos_noise":[0.0,0.0,0.0],"spd":[4.505891394064168e-14,6.368681414651581e-15,0.0],"spd_noise":[0.0,0.0,0.0],"RSSI":3.899919063831e-9}
{"type":2,"rcvTime":25272.899999999998,"pos":[3566.270351234112,5180.953609631652,1.895],"noise":[0.0,0.0,0.0],"spd":[0.2324357362482876,3.0291624982042539,0.0],"spd_noise":[0.0,0.0,0.0]}
{"type":3,"rcvTime":25272.973601902013,"sendTime":25272.973487392068,"sender":967,"messageID":4710003,"pos":[3818.4486345386228,5261.890118808212,1.895],"pos_noise":[0.0,0.0,0.0],"spd":[0.0,-0.0,0.0],"spd_noise":[0.0,0.0,0.0],"RSSI":7.530034985136848e-9}
{"type":2,"rcvTime":25273.0,"pos":[3566.2901527106525,5181.211667583987,1.895],"noise":[0.0,0.0,0.0],"spd":[0.19800724034700085,2.58048145484497,0.0],"spd_noise":[0.0,0.0,0.0]}
{"type":3,"rcvTime":25273.021917286198,"sendTime":25273.02180867372,"sender":1501,"messageID":4713494,"pos":[3799.042494073688,5213.993847361297,1.895],"pos_noise":[0.0,0.0,0.0],"spd":[-12.005697001196895,-1.8888018880934992,0.0],"spd_noise":[0.0,0.0,0.0],"RSSI":1.5230465873146773e-8}
{"type":2,"rcvTime":25273.1,"pos":[3566.306511206761,5181.424855726821,1.895],"noise":[0.0,0.0,0.0],"spd":[0.16357874444564306,2.1318004114856925,0.0],"spd_noise":[0.0,0.0,0.0]}
{"type":3,"rcvTime":25273.104084413604,"sendTime":25273.10397595363,"sender":2473,"messageID":4717492,"pos":[3488.676704295287,5199.530653960652,1.895],"pos_noise":[0.0,0.0,0.0],"spd":[12.912192978733378,2.531936361053148,0.0],"spd_noise":[0.0,0.0,0.0],"RSSI":2.6094664280524447e-8}
{"type":3,"rcvTime":25273.125433133926,"sendTime":25273.125319232462,"sender":1105,"messageID":4718255,"pos":[3961.6845568385035,5251.775841885688,1.895],"pos_noise":[0.0,0.0,0.0],"spd":[-0.0,-0.0,0.0],"spd_noise":[0.0,0.0,0.0],"RSSI":3.725532724946515e-9}
{"type":3,"rcvTime":25273.16434913494,"sendTime":25273.164230777184,"sender":2377,"messageID":4720954,"pos":[3907.832698017934,5247.6012919624949,1.895],"pos_noise":[0.0,0.0,0.0],"spd":[14.145084275411053,2.0010496682855698,0.0],"spd_noise":[0.0,0.0,0.0],"RSSI":1.2974765280225169e-9}
{"type":3,"rcvTime":25273.169362382567,"sendTime":25273.169245659512,"sender":1585,"messageID":4721879,"pos":[3523.052874199584,5191.8549087125879,1.895],"pos_noise":[0.0,0.0,0.0],"spd":[-14.44263953418031,-1.7934602752237088,0.0],"spd_noise":[0.0,0.0,0.0],"RSSI":7.335180637283616e-8}
{"type":2,"rcvTime":25273.2,"pos":[3566.3194267224378,5181.593174060154,1.895],"noise":[0.0,0.0,0.0],"spd":[0.1291502485443208,1.6831193681264117,0.0],"spd_noise":[0.0,0.0,0.0]}
{"type":3,"rcvTime":25273.2565752232,"sendTime":25273.25646076994,"sender":2383,"messageID":4726910,"pos":[3598.901053632183,5480.48956136318,1.895],"pos_noise":[0.0,0.0,0.0],"spd":[-3.303036674682878,29.76671426693681,0.0],"spd_noise":[0.0,0.0,0.0],"RSSI":1.6619025939775232e-9}
{"type":3,"rcvTime":25273.263037086417,"sendTime":25273.262925399235,"sender":901,"messageID":4727746,"pos":[3967.560522323375,5249.196188538876,1.895],"pos_noise":[0.0,0.0,0.0],"spd":[-0.0,-0.0,0.0],"spd_noise":[0.0,0.0,0.0],"RSSI":1.2762154391774485e-9}
{"type":3,"rcvTime":25273.268999233638,"sendTime":25273.26889202604,"sender":859,"messageID":4728027,"pos":[4455.284502067908,5331.341295799025,1.895],"pos_noise":[0.0,0.0,0.0],"spd":[-12.828883241444517,-2.680410558988506,0.0],"spd_noise":[0.0,0.0,0.0],"RSSI":1.3391073772552335e-9}
{"type":3,"rcvTime":25273.275655134894,"sendTime":25273.27554718894,"sender":2245,"messageID":4728556,"pos":[3630.4659457387299,5278.110841914729,1.895],"pos_noise":[0.0,0.0,0.0],"spd":[-0.030868602025381637,31.8160306565282,0.0],"spd_noise":[0.0,0.0,0.0],"RSSI":2.5926297898272204e-9}
{"type":2,"rcvTime":25273.3,"pos":[3566.3288992576819,5181.716622583984,1.895],"noise":[0.0,0.0,0.0],"spd":[0.09472175264301554,1.2344383247671296,0.0],"spd_noise":[0.0,0.0,0.0]}
{"type":3,"rcvTime":25273.31196312825,"sendTime":25273.311847813846,"sender":2113,"messageID":4730569,"pos":[3797.277813484356,5269.49349410938,1.895],"pos_noise":[0.0,0.0,0.0],"spd":[8.948562545835046,0.6533395319314684,0.0],"spd_noise":[0.0,0.0,0.0],"RSSI":8.008302161358164e-9}
{"type":3,"rcvTime":25273.339647151202,"sendTime":25273.33953890451,"sender":2149,"messageID":4731705,"pos":[3656.910435227059,5186.124014201835,1.895],"pos_noise":[0.0,0.0,0.0],"spd":[5.534964883142453,-35.16042744925562,0.0],"spd_noise":[0.0,0.0,0.0],"RSSI":1.930818269456453e-8}
{"type":3,"rcvTime":25273.391331281917,"sendTime":25273.39121710416,"sender":1093,"messageID":4735185,"pos":[3970.9315433758795,5246.303166144659,1.895],"pos_noise":[0.0,0.0,0.0],"spd":[-0.0,-0.0,0.0],"spd_noise":[0.0,0.0,0.0],"RSSI":7.626524596221302e-9}
