{"type":2,"rcvTime":25297.1,"pos":[5319.197869378917,5180.191822598206,1.895],"noise":[0.0,0.0,0.0],"spd":[0.9532607400107769,10.072566280814224,0.0],"spd_noise":[0.0,0.0,0.0]}
{"type":2,"rcvTime":25297.2,"pos":[5319.301375008712,5181.194589369106,1.895],"noise":[0.0,0.0,0.0],"spd":[0.969196221542159,10.037197021455249,0.0],"spd_noise":[0.0,0.0,0.0]}
{"type":3,"rcvTime":25297.22893098928,"sendTime":25297.228813672904,"sender":475,"messageID":6100301,"pos":[5304.69597597331,5252.206793128956,1.895],"pos_noise":[0.0,0.0,0.0],"spd":[10.61875289181936,-6.552160958002191,0.0],"spd_noise":[0.0,0.0,0.0],"RSSI":3.909392225249252e-9}
{"type":2,"rcvTime":25297.3,"pos":[5319.406539053759,5182.201159514553,1.895],"noise":[0.0,0.0,0.0],"spd":[0.9951134421342918,10.074782386094823,0.0],"spd_noise":[0.0,0.0,0.0]}
{"type":3,"rcvTime":25297.329381616568,"sendTime":25297.32926906603,"sender":2713,"messageID":6106472,"pos":[5273.383582986882,5263.767271231664,1.895],"pos_noise":[0.0,0.0,0.0],"spd":[-12.293883122845405,7.584635018014255,0.0],"spd_noise":[0.0,0.0,0.0],"RSSI":8.651650072412755e-8}
{"type":3,"rcvTime":25297.337697428935,"sendTime":25297.33758252398,"sender":2563,"messageID":6106726,"pos":[5249.746190146683,5537.58760524308,1.895],"pos_noise":[0.0,0.0,0.0],"spd":[14.77560135934589,7.197080151489422,0.0],"spd_noise":[0.0,0.0,0.0],"RSSI":5.686566635116356e-9}
{"type":2,"rcvTime":25297.399999999998,"pos":[5319.521942665416,5183.202670704711,1.895],"noise":[0.0,0.0,0.0],"spd":[1.0372917388807595,10.03344071525542,0.0],"spd_noise":[0.0,0.0,0.0]}
{"type":3,"rcvTime":25297.478746414105,"sendTime":25297.47863057293,"sender":1543,"messageID":6116534,"pos":[5108.725240179138,5374.198719590904,1.895],"pos_noise":[0.0,0.0,0.0],"spd":[11.484296455485472,-7.711477042312525,0.0],"spd_noise":[0.0,0.0,0.0],"RSSI":1.7229016481608033e-9}
{"type":2,"rcvTime":25297.5,"pos":[5319.679141434587,5184.2000697918679,1.895],"noise":[0.0,0.0,0.0],"spd":[1.1782977396834014,10.031457572750315,0.0],"spd_noise":[0.0,0.0,0.0]}
{"type":2,"rcvTime":25297.6,"pos":[5319.878352782971,5185.18327049743,1.895],"noise":[0.0,0.0,0.0],"spd":[1.3985448053650598,9.954654466976218,0.0],"spd_noise":[0.0,0.0,0.0]}
{"type":2,"rcvTime":25297.7,"pos":[5320.154734127064,5186.147895580734,1.895],"noise":[0.0,0.0,0.0],"spd":[1.7832328077013789,9.87800382234634,0.0],"spd_noise":[0.0,0.0,0.0]}
{"type":2,"rcvTime":25297.8,"pos":[5320.461591373856,5187.0989473512049,1.895],"noise":[0.0,0.0,0.0],"spd":[2.230133482072707,9.75005825256924,0.0],"spd_noise":[0.0,0.0,0.0]}
{"type":3,"rcvTime":25297.851022403494,"sendTime":25297.850914188897,"sender":1033,"messageID":6139053,"pos":[5295.207523990149,5258.061516868111,1.895],"pos_noise":[0.0,0.0,0.0],"spd":[10.55144739129849,-6.51063098953512,0.0],"spd_noise":[0.0,0.0,0.0],"RSSI":3.1401788792028137e-8}
{"type":2,"rcvTime":25297.899999999998,"pos":[5320.800085252117,5188.0437544399769,1.895],"noise":[0.0,0.0,0.0],"spd":[2.6775988913371187,9.675763541653112,0.0],"spd_noise":[0.0,0.0,0.0]}
{"type":3,"rcvTime":25297.94639914269,"sendTime":25297.946283448393,"sender":1633,"messageID":6143993,"pos":[6158.601388872314,5828.295207146026,1.895],"pos_noise":[0.0,0.0,0.0],"spd":[-17.822037416802887,-8.680714049931476,0.0],"spd_noise":[0.0,0.0,0.0],"RSSI":8.214249626136296e-9}
{"type":2,"rcvTime":25298.0,"pos":[5321.139038811075,5188.989844593551,1.895],"noise":[0.0,0.0,0.0],"spd":[3.0848291236014697,9.568056236164298,0.0],"spd_noise":[0.0,0.0,0.0]}
{"type":3,"rcvTime":25298.07983988443,"sendTime":25298.07972408524,"sender":1885,"messageID":6152896,"pos":[5126.609990414071,5473.14911715396,1.895],"pos_noise":[0.0,0.0,0.0],"spd":[-13.34501215054013,-5.893404209836337,0.0],"spd_noise":[0.0,0.0,0.0],"RSSI":2.5692936835160039e-9}
{"type":2,"rcvTime":25298.1,"pos":[5321.480676678263,5189.929166556543,1.895],"noise":[0.0,0.0,0.0],"spd":[3.2478987448416678,9.454064735371349,0.0],"spd_noise":[0.0,0.0,0.0]}
{"type":2,"rcvTime":25298.2,"pos":[5321.824595559086,5190.871642087213,1.895],"noise":[0.0,0.0,0.0],"spd":[3.40646691949734,9.437387848114247,0.0],"spd_noise":[0.0,0.0,0.0]}
{"type":3,"rcvTime":25298.228930897825,"sendTime":25298.228813672904,"sender":475,"messageID":6164693,"pos":[5315.300941806326,5245.6631392931499,1.895],"pos_noise":[0.0,0.0,0.0],"spd":[10.571491574052836,-6.522998987265296,0.0],"spd_noise":[0.0,0.0,0.0],"RSSI":1.3326538052566386e-8}
{"type":2,"rcvTime":25298.3,"pos":[5322.17099883048,5191.820925843463,1.895],"noise":[0.0,0.0,0.0],"spd":[3.44361140662264,9.50102673927085,0.0],"spd_noise":[0.0,0.0,0.0]}
{"type":3,"rcvTime":25298.329376243826,"sendTime":25298.32926906603,"sender":2713,"messageID":6170863,"pos":[5261.055604111331,5271.3729414130489,1.895],"pos_noise":[0.0,0.0,0.0],"spd":[-12.328687516346554,7.606107372933682,0.0],"spd_noise":[0.0,0.0,0.0],"RSSI":3.450907260811345e-8}
{"type":3,"rcvTime":25298.337692013898,"sendTime":25298.33758252398,"sender":2563,"messageID":6171122,"pos":[5264.395768551432,5544.723300596542,1.895],"pos_noise":[0.0,0.0,0.0],"spd":[13.940337755994707,6.790229766536507,0.0],"spd_noise":[0.0,0.0,0.0],"RSSI":6.773592035920474e-9}
{"type":2,"rcvTime":25298.399999999998,"pos":[5322.5159590515809,5192.766255063724,1.895],"noise":[0.0,0.0,0.0],"spd":[3.441691309363853,9.45693451406143,0.0],"spd_noise":[0.0,0.0,0.0]}
{"type":3,"rcvTime":25298.429045170862,"sendTime":25298.428932337323,"sender":775,"messageID":6177777,"pos":[5334.538552941596,5639.9271474306719,1.895],"pos_noise":[0.0,0.0,0.0],"spd":[-24.899997627339354,-2.699497440552475,0.0],"spd_noise":[0.0,0.0,0.0],"RSSI":2.797003941254615e-9}
{"type":3,"rcvTime":25298.4787418752,"sendTime":25298.47863057293,"sender":1543,"messageID":6180875,"pos":[5120.24644351863,5366.499714033498,1.895],"pos_noise":[0.0,0.0,0.0],"spd":[11.564101023797165,-7.702686847649252,0.0],"spd_noise":[0.0,0.0,0.0],"RSSI":5.153189338728605e-9}
{"type":2,"rcvTime":25298.5,"pos":[5322.859082813178,5193.706551649137,1.895],"noise":[0.0,0.0,0.0],"spd":[3.4314809038760716,9.403632560453075,0.0],"spd_noise":[0.0,0.0,0.0]}
{"type":2,"rcvTime":25298.6,"pos":[5323.202364618999,5194.647281339045,1.895],"noise":[0.0,0.0,0.0],"spd":[3.4330614581712548,9.407963912499055,0.0],"spd_noise":[0.0,0.0,0.0]}
{"type":2,"rcvTime":25298.7,"pos":[5323.547067523378,5195.591905408391,1.895],"noise":[0.0,0.0,0.0],"spd":[3.447273451367211,9.446910468143726,0.0],"spd_noise":[0.0,0.0,0.0]}
{"type":2,"rcvTime":25298.8,"pos":[5323.889623464096,5196.530645937086,1.895],"noise":[0.0,0.0,0.0],"spd":[3.425802292475135,9.388070889981404,0.0],"spd_noise":[0.0,0.0,0.0]}
{"type":3,"rcvTime":25298.851029891364,"sendTime":25298.850914188897,"sender":1033,"messageID":6203369,"pos":[5305.349881613507,5251.803309306555,1.895],"pos_noise":[0.0,0.0,0.0],"spd":[9.396725105050928,-5.7981248828042,0.0],"spd_noise":[0.0,0.0,0.0],"RSSI":3.953547650900975e-8}
{"type":2,"rcvTime":25298.899999999998,"pos":[5324.232541187059,5197.470377894087,1.895],"noise":[0.0,0.0,0.0],"spd":[3.42942037143987,9.397985875992445,0.0],"spd_noise":[0.0,0.0,0.0]}
{"type":3,"rcvTime":25298.946391042497,"sendTime":25298.946283448393,"sender":1633,"messageID":6208366,"pos":[6158.601388872314,5828.295207146026,1.895],"pos_noise":[0.0,0.0,0.0],"spd":[-17.920891929641106,-8.593040352572043,0.0],"spd_noise":[0.0,0.0,0.0],"RSSI":2.061028026048004e-9}
{"type":2,"rcvTime":25299.0,"pos":[5324.578748835172,5198.419125564165,1.895],"noise":[0.0,0.0,0.0],"spd":[3.4623219556252708,9.48814939926514,0.0],"spd_noise":[0.0,0.0,0.0]}
{"type":3,"rcvTime":25299.023957156864,"sendTime":25299.02384053287,"sender":2011,"messageID":6214857,"pos":[5250.758920165524,5541.747651959347,1.895],"pos_noise":[0.0,0.0,0.0],"spd":[15.62656241286763,7.6118052671363529,0.0],"spd_noise":[0.0,0.0,0.0],"RSSI":1.506883892424762e-9}
{"type":3,"rcvTime":25299.08763282203,"sendTime":25299.087526665116,"sender":1873,"messageID":6218421,"pos":[5415.06085464405,5471.931202416668,1.895],"pos_noise":[0.0,0.0,0.0],