{"type":2,"rcvTime":25298.8,"pos":[6324.695234494533,5904.699544897215,1.895],"noise":[0.0,0.0,0.0],"spd":[-4.1261131226053939,15.219269714530832,0.0],"spd_noise":[0.0,0.0,0.0]}
{"type":3,"rcvTime":25298.847871661328,"sendTime":25298.847759682918,"sender":2815,"messageID":6202852,"pos":[6305.63482725908,5975.414175357724,1.895],"pos_noise":[0.0,0.0,0.0],"spd":[-1.5024219127152637,12.381469791476148,0.0],"spd_noise":[0.0,0.0,0.0],"RSSI":3.623992760355445e-9}
{"type":2,"rcvTime":25298.899999999998,"pos":[6324.285752427492,5906.209929570726,1.895],"noise":[0.0,0.0,0.0],"spd":[-4.104454186160149,15.139380194855736,0.0],"spd_noise":[0.0,0.0,0.0]}
{"type":3,"rcvTime":25298.955931673427,"sendTime":25298.95582449175,"sender":2503,"messageID":6209325,"pos":[6098.139539218082,5801.559377953514,1.895],"pos_noise":[0.0,0.0,0.0],"spd":[0.3034296696762548,-6.055125235865531,0.0],"spd_noise":[0.0,0.0,0.0],"RSSI":1.3647649963995217e-8}
{"type":3,"rcvTime":25298.977085995244,"sendTime":25298.976969458534,"sender":2491,"messageID":6211112,"pos":[6099.485185119615,5774.706188331013,1.895],"pos_noise":[0.0,0.0,0.0],"spd":[0.19335050284056433,-3.858427919614863,0.0],"spd_noise":[0.0,0.0,0.0],"RSSI":3.416328418822978e-9}
{"type":2,"rcvTime":25299.0,"pos":[6323.876403186679,5907.719824311428,1.895],"noise":[0.0,0.0,0.0],"spd":[-4.103122798998928,15.134469340569668,0.0],"spd_noise":[0.0,0.0,0.0]}
{"type":3,"rcvTime":25299.00520991589,"sendTime":25299.005100660772,"sender":1819,"messageID":6211746,"pos":[5933.078034783475,5716.95506261063,1.895],"pos_noise":[0.0,0.0,0.0],"spd":[13.844748819995948,1.7650603513975099,0.0],"spd_noise":[0.0,0.0,0.0],"RSSI":3.9036920134874119e-9}
{"type":3,"rcvTime":25299.069640429898,"sendTime":25299.069532467143,"sender":2869,"messageID":6216494,"pos":[6308.378500567247,5953.635403816347,1.895],"pos_noise":[0.0,0.0,0.0],"spd":[-1.6685616266273465,10.352812872543197,0.0],"spd_noise":[0.0,0.0,0.0],"RSSI":9.872974170843129e-8}
{"type":2,"rcvTime":25299.1,"pos":[6323.466553563389,5909.231564725204,1.895],"noise":[0.0,0.0,0.0],"spd":[-4.10813839582369,15.152969492792153,0.0],"spd_noise":[0.0,0.0,0.0]}
{"type":3,"rcvTime":25299.12652522135,"sendTime":25299.126409939396,"sender":2851,"messageID":6220974,"pos":[6178.473712378303,5826.976539385838,1.895],"pos_noise":[0.0,0.0,0.0],"spd":[-7.060061788696306,-0.7112588166182748,0.0],"spd_noise":[0.0,0.0,0.0],"RSSI":5.268329269594301e-9}
{"type":3,"rcvTime":25299.15776703438,"sendTime":25299.1576502325,"sender":2035,"messageID":6223463,"pos":[6100.5325939218569,5753.8045030163179,1.895],"pos_noise":[0.0,0.0,0.0],"spd":[0.022138316884095838,-0.4417836969856274,0.0],"spd_noise":[0.0,0.0,0.0],"RSSI":3.4457502977579897e-9}
{"type":3,"rcvTime":25299.177411208402,"sendTime":25299.177305631572,"sender":1165,"messageID":6225806,"pos":[6324.402563942887,5847.097846356994,1.895],"pos_noise":[0.0,0.0,0.0],"spd":[4.5442017275646629e-14,2.986930930325012e-15,0.0],"spd_noise":[0.0,0.0,0.0],"RSSI":6.284812270153819e-8}
{"type":2,"rcvTime":25299.2,"pos":[6323.055009157729,5910.749556385427,1.895],"noise":[0.0,0.0,0.0],"spd":[-4.125126091141578,15.215629024702393,0.0],"spd_noise":[0.0,0.0,0.0]}
{"type":3,"rcvTime":25299.206273205073,"sendTime":25299.206159364945,"sender":2911,"messageID":6227969,"pos":[6153.934720538962,5824.504383359579,1.895],"pos_noise":[0.0,0.0,0.0],"spd":[-9.245502726980668,-0.9314288635795122,0.0],"spd_noise":[0.0,0.0,0.0],"RSSI":5.125090177595923e-9}
{"type":3,"rcvTime":25299.24814089815,"sendTime":25299.248033559183,"sender":295,"messageID":6230222,"pos":[6112.000724680224,5719.6641156362979,1.895],"pos_noise":[0.0,0.0,0.0],"spd":[-0.0,-0.0,0.0],"spd_noise":[0.0,0.0,0.0],"RSSI":2.464044982558015e-9}
{"type":2,"rcvTime":25299.3,"pos":[6322.646413245838,5912.256672453879,1.895],"noise":[0.0,0.0,0.0],"spd":[-4.09557178689178,15.106617246734699,0.0],"spd_noise":[0.0,0.0,0.0]}
{"type":3,"rcvTime":25299.351224969705,"sendTime":25299.351117977778,"sender":1987,"messageID":6237050,"pos":[6145.61260262231,5823.665979969024,1.895],"pos_noise":[0.0,0.0,0.0],"spd":[2.2781584824088506e-15,-4.546205034226356e-14,0.0],"spd_noise":[0.0,0.0,0.0],"RSSI":4.3300936839232958e-9}
{"type":3,"rcvTime":25299.37203202798,"sendTime":25299.371922122078,"sender":763,"messageID":6237850,"pos":[6119.558712083878,5733.321645641899,1.895],"pos_noise":[0.0,0.0,0.0],"spd":[11.19617593483492,0.6438895149556765,0.0],"spd_noise":[0.0,0.0,0.0],"RSSI":7.493557065838293e-9}
{"type":3,"rcvTime":25299.38724919626,"sendTime":25299.387135427445,"sender":397,"messageID":6239346,"pos":[4907.394892219506,5695.093402694891,1.895],"pos_noise":[0.0,0.0,0.0],"spd":[3.277770116911578,-7.144957754052048,0.0],"spd_noise":[0.0,0.0,0.0],"RSSI":1.6976380914049786e-9}
{"type":3,"rcvTime":25299.3882052064,"sendTime":25299.388097425686,"sender":877,"messageID":6239764,"pos":[6105.51099826587,5719.290057538548,1.895],"pos_noise":[0.0,0.0,0.0],"spd":[-0.0,-0.0,0.0],"spd_noise":[0.0,0.0,0.0],"RSSI":4.9344658472254258e-9}
{"type":2,"rcvTime":25299.399999999998,"pos":[6322.252126800144,5913.769098060924,1.895],"noise":[0.0,0.0,0.0],"spd":[-4.0749472675590658,15.21427511416381,0.0],"spd_noise":[0.0,0.0,0.0]}
{"type":3,"rcvTime":25299.472953386383,"sendTime":25299.472840912174,"sender":1897,"messageID":6244548,"pos":[6130.474080155562,5720.683915830684,1.895],"pos_noise":[0.0,0.0,0.0],"spd":[-4.6164594872292638e-14,-2.368175510110195e-15,0.0],"spd_noise":[0.0,0.0,0.0],"RSSI":1.3360602004608943e-8}
{"type":3,"rcvTime":25299.478979516964,"sendTime":25299.478867657017,"sender":1753,"messageID":6245865,"pos":[6106.104418271269,5725.936101219644,1.895],"pos_noise":[0.0,0.0,0.0],"spd":[-0.0,-0.0,0.0],"spd_noise":[0.0,0.0,0.0],"RSSI":4.789794709344266e-9}
{"type":2,"rcvTime":25299.5,"pos":[6321.902473492596,5915.2663314547839,1.895],"noise":[0.0,0.0,0.0],"spd":[-3.8960991480929354,15.213552168030632,0.0],"spd_noise":[0.0,0.0,0.0]}
{"type":3,"rcvTime":25299.501488814472,"sendTime":25299.501371805556,"sender":2779,"messageID":6246300,"pos":[6296.981632657566,5998.439032195346,1.895],"pos_noise":[0.0,0.0,0.0],"spd":[-13.010063136997762,5.083780561895336,0.0],"spd_noise":[0.0,0.0,0.0],"RSSI":1.2296647199599204e-8}
{"type":3,"rcvTime":25299.539228216887,"sendTime":25299.53911822876,"sender":1675,"messageID":6248639,"pos":[6111.312053933853,5722.93517984071,1.895],"pos_noise":[0.0,0.0,0.0],"spd":[-0.0,-0.0,0.0],"spd_noise":[0.0,0.0,0.0],"RSSI":3.6012531937165695e-9}
{"type":2,"rcvTime":25299.6,"pos":[6321.5517292574609,5916.768236256519,1.895],"noise":[0.0,0.0,0.0],"spd":[-3.7377745044685497,15.303666096520632,0.0],"spd_noise":[0.0,0.0,0.0]}
{"type":3,"rcvTime":25299.601543825913,"sendTime":25299.601426038287,"sender":2833,"messageID":6253301,"pos":[6306.640973285838,5994.505386268574,1.895],"pos_noise":[0.0,0.0,0.0],"spd":[-1.5295962489884747,12.573939057543317,0.0],"spd_noise":[0.0,0.0,0.0],"RSSI":2.4590286974567859e-8}
{"type":3,"rcvTime":25299.61089406473,"sendTime":25299.610779018654,"sender":2287,"messageID":6254097,"pos":[6097.940383699986,5739.719679845957,1.895],"pos_noise":[0.0,0.0,0.0],"spd":[0.02154944619071095,-0.4300324209812881,0.0],"spd_noise":[0.0,0.0,0.0],"RSSI":9.991806653057055e-9}
{"type":3,"rcvTime":25299.637291088562,"sendTime":25299.637177152,"sender":2431,"messageID":6255376,"pos":[6100.141619097808,5761.6066455233699,1.895],"pos_noise":[0.0,0.0,0.0],"spd":[0.06869590558396453,-1.370868946161128,0.0],"spd_noise":[0.0,0.0,0.0],"RSSI":1.8828835877564747e-9}
{"type":3,"rcvTime":25299.64145547377,"sendTime":25299.641339923397,"sender":2977,"messageID":6256104,"pos":[6324.8586047925359,5892.210587816943,1.895],"pos_noise":[0.0,0.0,0.0],"spd":[-4.088139848457192,12.942381527361928,0.0],"spd_noise":[0.0,0.0,0.0],"RSSI":2.3050070983162819e-7}
{"type":3,"rcvTime":25299.65439348329,"sendTime":25299.65427876818,"sender":1375,"messageID":6256307,"pos":[4411.102081388514,6072.777613406154,1.895],"pos_noise":[0.0,0.0,0.0],