{"type":2,"rcvTime":25297.8,"pos":[3612.7939889218316,6076.92860408495,1.895],"noise":[0.0,0.0,0.0],"spd":[-4.551384709226537,-39.54203851268142,0.0],"spd_noise":[0.0,0.0,0.0]}
{"type":3,"rcvTime":25297.83012612451,"sendTime":25297.8300140711,"sender":2377,"messageID":5755286,"pos":[3587.8289291415669,5951.0971351042849,1.895],"pos_noise":[0.0,0.0,0.0],"spd":[2.1594525504844817,29.042585510578033,0.0],"spd_noise":[0.0,0.0,0.0],"RSSI":9.770373345826143e-9}
{"type":3,"rcvTime":25297.883367942526,"sendTime":25297.88325721659,"sender":2635,"messageID":5758474,"pos":[3597.9831568775618,5741.608767263758,1.895],"pos_noise":[0.0,0.0,0.0],"spd":[1.3930399544720205,-32.46830253794798,0.0],"spd_noise":[0.0,0.0,0.0],"RSSI":1.2444546030547624e-8}
{"type":3,"rcvTime":25297.899573452454,"sendTime":25297.899465901635,"sender":2593,"messageID":5759124,"pos":[3584.643266515483,5666.07490814218,1.895],"pos_noise":[0.0,0.0,0.0],"spd":[-1.7859703068116433,42.68827022875794,0.0],"spd_noise":[0.0,0.0,0.0],"RSSI":8.80386829325387e-9}
{"type":2,"rcvTime":25297.899999999998,"pos":[3612.339436938543,6072.979495587751,1.895],"noise":[0.0,0.0,0.0],"spd":[-4.550511841920599,-39.53445511670617,0.0],"spd_noise":[0.0,0.0,0.0]}
{"type":3,"rcvTime":25297.93354943071,"sendTime":25297.933431209716,"sender":2479,"messageID":5761157,"pos":[3581.069023983051,5823.117306121053,1.895],"pos_noise":[0.0,0.0,0.0],"spd":[-0.03480110557270232,35.94418804097407,0.0],"spd_noise":[0.0,0.0,0.0],"RSSI":8.535668767402445e-9}
{"type":3,"rcvTime":25297.95410943094,"sendTime":25297.953998382625,"sender":2713,"messageID":5763265,"pos":[3591.2398345488074,5883.8357341689229,1.895],"pos_noise":[0.0,0.0,0.0],"spd":[-1.0826531342531847,-29.355814166093606,0.0],"spd_noise":[0.0,0.0,0.0],"RSSI":2.7257527914032395e-9}
{"type":2,"rcvTime":25298.0,"pos":[3611.884096856312,6069.023540154799,1.895],"noise":[0.0,0.0,0.0],"spd":[-4.558401486447428,-39.602999669083107,0.0],"spd_noise":[0.0,0.0,0.0]}
{"type":2,"rcvTime":25298.1,"pos":[3611.4294758100347,6065.073831644298,1.895],"noise":[0.0,0.0,0.0],"spd":[-4.5512032302786979,-39.54046183923783,0.0],"spd_noise":[0.0,0.0,0.0]}
{"type":3,"rcvTime":25298.18040226596,"sendTime":25298.180286260507,"sender":2509,"messageID":5780297,"pos":[3602.8790389382199,5635.830543309406,1.895],"pos_noise":[0.0,0.0,0.0],"spd":[2.5149007699861398,-29.871757401618276,0.0],"spd_noise":[0.0,0.0,0.0],"RSSI":2.9663391978440189e-9}
{"type":2,"rcvTime":25298.2,"pos":[3610.9749092592885,6061.124596586282,1.895],"noise":[0.0,0.0,0.0],"spd":[-4.550657676480764,-39.53572211480248,0.0],"spd_noise":[0.0,0.0,0.0]}
{"type":3,"rcvTime":25298.259033315553,"sendTime":25298.25891821887,"sender":2269,"messageID":5785648,"pos":[3637.364175814179,5233.8890949607189,1.895],"pos_noise":[0.0,0.0,0.0],"spd":[3.0224510688796979,28.62181983294792,0.0],"spd_noise":[0.0,0.0,0.0],"RSSI":0.000001188341307014564}
{"type":3,"rcvTime":25298.29185550124,"sendTime":25298.291738173273,"sender":2557,"messageID":5787198,"pos":[3604.1240240422005,5581.750122543018,1.895],"pos_noise":[0.0,0.0,0.0],"spd":[3.217927687390475,-38.224867961238597,0.0],"spd_noise":[0.0,0.0,0.0],"RSSI":3.3350737381513109e-9}
{"type":2,"rcvTime":25298.3,"pos":[3610.5193912197926,6057.167095075926,1.895],"noise":[0.0,0.0,0.0],"spd":[-4.560183013474614,-39.618477422542948,0.0],"spd_noise":[0.0,0.0,0.0]}
{"type":3,"rcvTime":25298.33954649911,"sendTime":25298.339430910768,"sender":2569,"messageID":5789229,"pos":[3600.497621623017,5683.002837251236,1.895],"pos_noise":[0.0,0.0,0.0],"spd":[1.3596119122417739,-31.689177872578879,0.0],"spd_noise":[0.0,0.0,0.0],"RSSI":8.47433481255107e-9}
{"type":3,"rcvTime":25298.373899509672,"sendTime":25298.373788792454,"sender":2293,"messageID":5792235,"pos":[3633.6799490448927,5257.507174110096,1.895],"pos_noise":[0.0,0.0,0.0],"spd":[3.0227868477743384,28.62499957111148,0.0],"spd_noise":[0.0,0.0,0.0],"RSSI":5.66493369074558e-7}
{"type":3,"rcvTime":25298.37587741629,"sendTime":25298.375758109054,"sender":2689,"messageID":5792933,"pos":[3615.2896180360196,5395.75729903896,1.895],"pos_noise":[0.0,0.0,0.0],"spd":[-3.4359259199550675,29.771932572365786,0.0],"spd_noise":[0.0,0.0,0.0],"RSSI":1.657344979727571e-9}
{"type":2,"rcvTime":25298.399999999998,"pos":[3610.0641173504016,6053.21171489442,1.895],"noise":[0.0,0.0,0.0],"spd":[-4.557738630885215,-39.5972408370569,0.0],"spd_noise":[0.0,0.0,0.0]}
{"type":3,"rcvTime":25298.417729718385,"sendTime":25298.417623587047,"sender":2317,"messageID":5797837,"pos":[3595.086202026916,6004.158578516927,1.895],"pos_noise":[0.0,0.0,0.0],"spd":[2.1351512847357387,28.675192383606924,0.0],"spd_noise":[0.0,0.0,0.0],"RSSI":6.820093074681823e-8}
{"type":2,"rcvTime":25298.5,"pos":[3609.6087672976739,6049.255672838646,1.895],"noise":[0.0,0.0,0.0],"spd":[-4.558501300918088,-39.6038668486109,0.0],"spd_noise":[0.0,0.0,0.0]}
{"type":3,"rcvTime":25298.558819069884,"sendTime":25298.558707479668,"sender":2863,"messageID":5806593,"pos":[3596.282286928622,5979.142228819469,1.895],"pos_noise":[0.0,0.0,0.0],"spd":[-1.9875484838494129,-29.941081253812773,0.0],"spd_noise":[0.0,0.0,0.0],"RSSI":1.1973561180814252e-8}
{"type":3,"rcvTime":25298.578094433353,"sendTime":25298.577981915834,"sender":2563,"messageID":5809080,"pos":[3590.4117045348727,5624.480453650884,1.895],"pos_noise":[0.0,0.0,0.0],"spd":[-2.848665695882589,34.77425241372566,0.0],"spd_noise":[0.0,0.0,0.0],"RSSI":7.212103553565749e-9}
{"type":2,"rcvTime":25298.6,"pos":[3609.1541238775905,6045.305769946449,1.895],"noise":[0.0,0.0,0.0],"spd":[-4.551427214051579,-39.54240779094203,0.0],"spd_noise":[0.0,0.0,0.0]}
{"type":3,"rcvTime":25298.68120443236,"sendTime":25298.68109778659,"sender":2809,"messageID":5814370,"pos":[3593.4533979776717,5936.526919242585,1.895],"pos_noise":[0.0,0.0,0.0],"spd":[-1.9505942482662294,-29.3843905469737,0.0],"spd_noise":[0.0,0.0,0.0],"RSSI":3.845390733079469e-8}
{"type":3,"rcvTime":25298.698749012663,"sendTime":25298.69863325367,"sender":2719,"messageID":5817102,"pos":[3594.5197269047405,5849.253766123779,1.895],"pos_noise":[0.0,0.0,0.0],"spd":[-0.01860869188459916,-31.939493534493374,0.0],"spd_noise":[0.0,0.0,0.0],"RSSI":4.253427845189669e-9}
{"type":2,"rcvTime":25298.7,"pos":[3608.6996870781,6041.357662156175,1.895],"noise":[0.0,0.0,0.0],"spd":[-4.549358738960734,-39.52443705743342,0.0],"spd_noise":[0.0,0.0,0.0]}
{"type":3,"rcvTime":25298.751224758867,"sendTime":25298.75111176679,"sender":2485,"messageID":5820285,"pos":[3588.2777089316516,5737.071450062062,1.895],"pos_noise":[0.0,0.0,0.0],"spd":[-1.249088269458556,29.916642086831965,0.0],"spd_noise":[0.0,0.0,0.0],"RSSI":1.7636874947131183e-8}
{"type":2,"rcvTime":25298.8,"pos":[3608.2441653817688,6037.400128875546,1.895],"noise":[0.0,0.0,0.0],"spd":[-4.560219621990814,-39.6187954741871,0.0],"spd_noise":[0.0,0.0,0.0]}
{"type":3,"rcvTime":25298.82607275652,"sendTime":25298.82596693188,"sender":2767,"messageID":5827152,"pos":[3591.6416584147325,5894.401123952782,1.895],"pos_noise":[0.0,0.0,0.0],"spd":[-1.1473053445110846,-29.36721359732986,0.0],"spd_noise":[0.0,0.0,0.0],"RSSI":2.770543564505733e-9}
{"type":3,"rcvTime":25298.830122762836,"sendTime":25298.8300140711,"sender":2377,"messageID":5827722,"pos":[3589.9823294751015,5980.058324045969,1.895],"pos_noise":[0.0,0.0,0.0],"spd":[2.154499767891058,28.975975289412234,0.0],"spd_noise":[0.0,0.0,0.0],"RSSI":1.477542203188664e-7}
{"type":3,"rcvTime":25298.837578976996,"sendTime":25298.83746802271,"sender":2935,"messageID":5828566,"pos":[3608.6715261966057,6069.958292745072,1.895],"pos_noise":[0.0,0.0,0.0],"spd":[-3.1060044434679225,-26.96833279593831,0.0],"spd_noise":[0.0,0.0,0.0],"RSSI":3.764581016343013e-7}
{"type":3,"rcvTime":25298.88337416663,"sendTime":25298.88325721659,"sender":2635,"messageID":5831130,"pos":[3599.3693270689748,5709.300581845676,1.895],"pos_noise":[0.0,0.0,0.0],"spd":[1.3815145593469989,-32.199674194175077,0.0],"spd_noise":[0.0,0.0,0.0],"RSSI":1.1938821014126059e-8}
{"type":3,"rcvTime":25298.899579226232,