{"type":2,"rcvTime":25299.6,"pos":[6324.771591554201,5736.074329762964,1.895],"noise":[0.0,0.0,0.0],"spd":[-13.072376688748204,-0.8342263616216988,0.0],"spd_noise":[0.0,0.0,0.0]}
{"type":3,"rcvTime":25299.607854460315,"sendTime":25299.60774675873,"sender":955,"messageID":5882617,"pos":[6091.198673617917,5808.231116287884,1.895],"pos_noise":[0.0,0.0,0.0],"spd":[-0.20570960189487337,4.105061324503147,0.0],"spd_noise":[0.0,0.0,0.0],"RSSI":5.181380816371223e-9}
{"type":3,"rcvTime":25299.675494101546,"sendTime":25299.675384453916,"sender":2425,"messageID":5885774,"pos":[6099.634050659246,5771.735485147211,1.895],"pos_noise":[0.0,0.0,0.0],"spd":[0.11104467265505896,-2.215964577296019,0.0],"spd_noise":[0.0,0.0,0.0],"RSSI":3.2150659782099478e-9}
{"type":3,"rcvTime":25299.685052638983,"sendTime":25299.684934306282,"sender":2545,"messageID":5886974,"pos":[6098.4095055847169,5796.172033462179,1.895],"pos_noise":[0.0,0.0,0.0],"spd":[0.2688636825434797,-5.365339753718964,0.0],"spd_noise":[0.0,0.0,0.0],"RSSI":3.492098034584815e-9}
{"type":3,"rcvTime":25299.69341899606,"sendTime":25299.693301799147,"sender":2623,"messageID":5888175,"pos":[6048.965773157732,5817.25167698848,1.895],"pos_noise":[0.0,0.0,0.0],"spd":[-14.35172482844295,-1.444575042292346,0.0],"spd_noise":[0.0,0.0,0.0],"RSSI":1.2075275008963391e-8}
{"type":2,"rcvTime":25299.7,"pos":[6323.465138154735,5735.990537989615,1.895],"noise":[0.0,0.0,0.0],"spd":[-13.064748169874122,-0.834983529353493,0.0],"spd_noise":[0.0,0.0,0.0]}
{"type":3,"rcvTime":25299.70711518508,"sendTime":25299.707002393203,"sender":991,"messageID":5890420,"pos":[6275.252895598577,5843.867209307977,1.895],"pos_noise":[0.0,0.0,0.0],"spd":[18.352307788565253,1.206308149655863,0.0],"spd_noise":[0.0,0.0,0.0],"RSSI":2.4344170966750929e-9}
{"type":3,"rcvTime":25299.738172826626,"sendTime":25299.738061256983,"sender":1909,"messageID":5891926,"pos":[6197.124604264389,5519.034928373597,1.895],"pos_noise":[0.0,0.0,0.0],"spd":[3.771114515339093,-2.3255914767647467,0.0],"spd_noise":[0.0,0.0,0.0],"RSSI":7.4139837776562209e-9}
{"type":3,"rcvTime":25299.757472375193,"sendTime":25299.757364855846,"sender":1297,"messageID":5893779,"pos":[6077.904916073062,5727.244381310797,1.895],"pos_noise":[0.0,0.0,0.0],"spd":[3.9401041031023147,0.3093172298699162,0.0],"spd_noise":[0.0,0.0,0.0],"RSSI":1.0665932894587934e-8}
{"type":3,"rcvTime":25299.762770424135,"sendTime":25299.76266292138,"sender":2491,"messageID":5894418,"pos":[6097.201157202014,5754.471398185399,1.895],"pos_noise":[0.0,0.0,0.0],"spd":[0.2608326313224857,-5.205075198960552,0.0],"spd_noise":[0.0,0.0,0.0],"RSSI":4.41745431394572e-9}
{"type":3,"rcvTime":25299.767093487844,"sendTime":25299.76698164944,"sender":619,"messageID":5895042,"pos":[6103.642178706268,5729.091178520057,1.895],"pos_noise":[0.0,0.0,0.0],"spd":[11.382293985160726,0.7789918394833106,0.0],"spd_noise":[0.0,0.0,0.0],"RSSI":2.2715491833290186e-8}
{"type":3,"rcvTime":25299.794344255526,"sendTime":25299.794234196655,"sender":487,"messageID":5896379,"pos":[6118.756845661157,5729.975047543632,1.895],"pos_noise":[0.0,0.0,0.0],"spd":[12.664600944968959,0.7287451940401096,0.0],"spd_noise":[0.0,0.0,0.0],"RSSI":1.9876427809234255e-8}
{"type":2,"rcvTime":25299.8,"pos":[6322.156507972699,5735.906606604342,1.895],"noise":[0.0,0.0,0.0],"spd":[-13.086436847430568,-0.8376178239081449,0.0],"spd_noise":[0.0,0.0,0.0]}
{"type":3,"rcvTime":25299.801111447254,"sendTime":25299.800996233942,"sender":229,"messageID":5897480,"pos":[6089.611581504928,5727.727225391192,1.895],"pos_noise":[0.0,0.0,0.0],"spd":[3.606525052781169,-0.06264778654778566,0.0],"spd_noise":[0.0,0.0,0.0],"RSSI":5.86854463243705e-9}
{"type":3,"rcvTime":25299.818135503927,"sendTime":25299.81801997069,"sender":2323,"messageID":5898338,"pos":[6100.578330879058,5752.891793972218,1.895],"pos_noise":[0.0,0.0,0.0],"spd":[0.022300472542269045,-0.4450196126387133,0.0],"spd_noise":[0.0,0.0,0.0],"RSSI":2.3538564556719727e-9}
{"type":3,"rcvTime":25299.83981388123,"sendTime":25299.83970432924,"sender":2497,"messageID":5900715,"pos":[6205.053095393892,5509.839005324,1.895],"pos_noise":[0.0,0.0,0.0],"spd":[-5.7793683808710629,4.1438277451426759,0.0],"spd_noise":[0.0,0.0,0.0],"RSSI":8.868961570249177e-9}
{"type":3,"rcvTime":25299.847834910935,"sendTime":25299.84772195411,"sender":133,"messageID":5900928,"pos":[6319.227208372147,5843.4520816930139,1.895],"pos_noise":[0.0,0.0,0.0],"spd":[4.289877303608764,0.2823507206772442,0.0],"spd_noise":[0.0,0.0,0.0],"RSSI":8.338939352568642e-9}
{"type":3,"rcvTime":25299.85122311704,"sendTime":25299.85111299436,"sender":337,"messageID":5901260,"pos":[6092.979410886785,5772.695411468146,1.895],"pos_noise":[0.0,0.0,0.0],"spd":[-0.4608834106855068,9.197211247721404,0.0],"spd_noise":[0.0,0.0,0.0],"RSSI":1.7010821262839809e-8}
{"type":3,"rcvTime":25299.862527183242,"sendTime":25299.862418566132,"sender":613,"messageID":5901977,"pos":[6092.178432693862,5788.67942276973,1.895],"pos_noise":[0.0,0.0,0.0],"spd":[-0.4370303466198572,8.721208718555351,0.0],"spd_noise":[0.0,0.0,0.0],"RSSI":3.945308303472864e-9}
{"type":3,"rcvTime":25299.88243560349,"sendTime":25299.882324031787,"sender":2887,"messageID":5902771,"pos":[6316.101505127036,5947.215856322733,1.895],"pos_noise":[0.0,0.0,0.0],"spd":[-2.0281019218209979,12.582912507186359,0.0],"spd_noise":[0.0,0.0,0.0],"RSSI":2.5860243875723794e-9}
{"type":2,"rcvTime":25299.899999999998,"pos":[6320.8448609498059,5735.822481728475,1.895],"noise":[0.0,0.0,0.0],"spd":[-13.116525576544359,-0.840797614527169,0.0],"spd_noise":[0.0,0.0,0.0]}
{"type":3,"rcvTime":25299.918494723763,"sendTime":25299.918386854646,"sender":2389,"messageID":5905254,"pos":[6171.675886366941,5826.291699248579,1.895],"pos_noise":[0.0,0.0,0.0],"spd":[0.050168756208871279,-1.0011483125445149,0.0],"spd_noise":[0.0,0.0,0.0],"RSSI":1.8148539956232368e-8}
{"type":3,"rcvTime":25299.972865403666,"sendTime":25299.97275005877,"sender":2551,"messageID":5909226,"pos":[6099.097221203517,5782.448246322517,1.895],"pos_noise":[0.0,0.0,0.0],"spd":[0.19186701425236203,-3.8288239945872388,0.0],"spd_noise":[0.0,0.0,0.0],"RSSI":1.58811541537085e-8}
{"type":2,"rcvTime":25300.0,"pos":[6319.534670959597,5735.738450302059,1.895],"noise":[0.0,0.0,0.0],"spd":[-13.10192618513541,-0.8403159498750037,0.0],"spd_noise":[0.0,0.0,0.0]}
