{"type":2,"rcvTime":25200.0,"pos":[3645.22306039033,5217.913640819015,1.895],"noise":[0.0,0.0,0.0],"spd":[4.663054400690875,-29.61834048870818,0.0],"spd_noise":[0.0,0.0,0.0]}
{"type":3,"rcvTime":25200.00947250127,"sendTime":25200.009356701747,"sender":85,"messageID":2081,"pos":[3594.6645628871767,5665.135271604469,1.895],"pos_noise":[0.0,0.0,0.0],"spd":[1.3655989754738778,-31.77107820491061,0.0],"spd_noise":[0.0,0.0,0.0],"RSSI":2.9919857420376436e-9}
{"type":3,"rcvTime":25200.020217501457,"sendTime":25200.020107550547,"sender":91,"messageID":2452,"pos":[3597.0658386134566,5626.300132001252,1.895],"pos_noise":[0.0,0.0,0.0],"spd":[2.669000478256523,-31.70648608784684,0.0],"spd_noise":[0.0,0.0,0.0],"RSSI":1.6754659942836298e-9}
{"type":3,"rcvTime":25200.044131518203,"sendTime":25200.044016361702,"sender":961,"messageID":4645,"pos":[3631.304770512387,5229.921447980915,1.895],"pos_noise":[0.0,0.0,0.0],"spd":[-4.46632323564981,28.6340104815567,0.0],"spd_noise":[0.0,0.0,0.0],"RSSI":2.6295981338217205e-7}
{"type":3,"rcvTime":25200.06224864529,"sendTime":25200.062130806735,"sender":1285,"messageID":6162,"pos":[3462.9758132016706,5192.998364347597,1.895],"pos_noise":[0.0,0.0,0.0],"spd":[0.0,-0.0,0.0],"spd_noise":[0.0,0.0,0.0],"RSSI":1.2347645435199174e-8}
{"type":3,"rcvTime":25200.090349852468,"sendTime":25200.090232982067,"sender":601,"messageID":8018,"pos":[3820.4325803971785,5264.525077186061,1.895],"pos_noise":[0.0,0.0,0.0],"spd":[0.0,-0.0,0.0],"spd_noise":[0.0,0.0,0.0],"RSSI":1.0800845776285357e-8}
{"type":2,"rcvTime":25200.1,"pos":[3645.690014950663,5214.947683750479,1.895],"noise":[0.0,0.0,0.0],"spd":[4.664417957557642,-29.627001398063258,0.0],"spd_noise":[0.0,0.0,0.0]}
{"type":3,"rcvTime":25200.194169114548,"sendTime":25200.194058087887,"sender":1165,"messageID":9952,"pos":[4012.9377658262817,5255.2756535805469,1.895],"pos_noise":[0.0,0.0,0.0],"spd":[-12.59837298920509,-2.0527670113417719,0.0],"spd_noise":[0.0,0.0,0.0],"RSSI":4.078402032452242e-9}
{"type":2,"rcvTime":25200.2,"pos":[3646.1565015769667,5211.984698860312,1.895],"noise":[0.0,0.0,0.0],"spd":[4.659743755661572,-29.597312251980566,0.0],"spd_noise":[0.0,0.0,0.0]}
{"type":3,"rcvTime":25200.249910626455,"sendTime":25200.249796275046,"sender":109,"messageID":13599,"pos":[3600.326908447151,5686.98173751425,1.895],"pos_noise":[0.0,0.0,0.0],"spd":[1.2890000102402338,-30.043389760309617,0.0],"spd_noise":[0.0,0.0,0.0],"RSSI":3.799890502583074e-9}
{"type":3,"rcvTime":25200.278442115326,"sendTime":25200.27832530136,"sender":991,"messageID":15130,"pos":[3949.6601294986796,5253.518454862341,1.895],"pos_noise":[0.0,0.0,0.0],"spd":[0.5289466258171445,0.07482800735027172,0.0],"spd_noise":[0.0,0.0,0.0],"RSSI":2.136590796309652e-9}
{"type":3,"rcvTime":25200.287029116516,"sendTime":25200.286915045464,"sender":241,"messageID":15686,"pos":[3664.857927296655,5210.987235437102,1.895],"pos_noise":[0.0,0.0,0.0],"spd":[-11.742397974875586,-3.438024834943841,0.0],"spd_noise":[0.0,0.0,0.0],"RSSI":3.85578281588873e-7}
{"type":2,"rcvTime":25200.3,"pos":[3646.6235432930609,5209.018188204194,1.895],"noise":[0.0,0.0,0.0],"spd":[4.665288558108143,-29.63253119491284,0.0],"spd_noise":[0.0,0.0,0.0]}
{"type":3,"rcvTime":25200.316651341614,"sendTime":25200.316541127395,"sender":1315,"messageID":17673,"pos":[3463.265331946772,5196.292290591396,1.895],"pos_noise":[0.0,0.0,0.0],"spd":[0.778278251030783,-0.02975259322189691,0.0],"spd_noise":[0.0,0.0,0.0],"RSSI":5.650422953990519e-9}
{"type":3,"rcvTime":25200.359555371528,"sendTime":25200.35944446898,"sender":73,"messageID":20712,"pos":[3596.5660076066917,5589.714634415086,1.895],"pos_noise":[0.0,0.0,0.0],"spd":[-2.7066723960245619,33.04133214922501,0.0],"spd_noise":[0.0,0.0,0.0],"RSSI":7.5973601339636e-9}
{"type":3,"rcvTime":25200.37916903757,"sendTime":25200.379056895847,"sender":427,"messageID":22011,"pos":[3948.8575649946935,5260.065169453358,1.895],"pos_noise":[0.0,0.0,0.0],"spd":[0.7909203322174279,0.11178963671647371,0.0],"spd_noise":[0.0,0.0,0.0],"RSSI":3.080958270948948e-9}
{"type":3,"rcvTime":25200.383574255233,"sendTime":25200.383462226015,"sender":121,"messageID":22506,"pos":[3598.7945662717008,5722.696828947522,1.895],"pos_noise":[0.0,0.0,0.0],"spd":[1.299115324480694,-30.279152619776654,0.0],"spd_noise":[0.0,0.0,0.0],"RSSI":2.397917737034292e-9}
{"type":2,"rcvTime":25200.399999999998,"pos":[3647.0896442723467,5206.057652829665,1.895],"noise":[0.0,0.0,0.0],"spd":[4.655891520289,-29.572843993821797,0.0],"spd_noise":[0.0,0.0,0.0]}
{"type":3,"rcvTime":25200.433397255463,"sendTime":25200.433288063854,"sender":97,"messageID":25550,"pos":[3641.3358425370149,5242.6040973395679,1.895],"pos_noise":[0.0,0.0,0.0],"spd":[4.671244270699748,-29.67036011739618,0.0],"spd_noise":[0.0,0.0,0.0],"RSSI":3.558014001259433e-8}
{"type":3,"rcvTime":25200.447237522392,"sendTime":25200.447125378527,"sender":103,"messageID":27613,"pos":[3619.696834022857,5450.483355697797,1.895],"pos_noise":[0.0,0.0,0.0],"spd":[3.6747657175940229,-29.662049064108115,0.0],"spd_noise":[0.0,0.0,0.0],"RSSI":4.636436474324443e-9}
{"type":3,"rcvTime":25200.466419525706,"sendTime":25200.466310772812,"sender":55,"messageID":29146,"pos":[3638.5695697879298,5226.161804524753,1.895],"pos_noise":[0.0,0.0,0.0],"spd":[-5.117646979364369,32.80715303000345,0.0],"spd_noise":[0.0,0.0,0.0],"RSSI":1.8327769111092059e-7}
{"type":2,"rcvTime":25200.5,"pos":[3647.555391246762,5203.099365989224,1.895],"noise":[0.0,0.0,0.0],"spd":[4.652355358930436,-29.550383344182924,0.0],"spd_noise":[0.0,0.0,0.0]}
{"type":3,"rcvTime":25200.580029643486,"sendTime":25200.57991240034,"sender":457,"messageID":34860,"pos":[3961.7448245773309,5248.460324742438,1.895],"pos_noise":[0.0,0.0,0.0],"spd":[-1.1540843785271878,-0.14602700299736014,0.0],"spd_noise":[0.0,0.0,0.0],"RSSI":8.192996153024954e-9}
{"type":2,"rcvTime":25200.6,"pos":[3648.02174756857,5200.137208754619,1.895],"noise":[0.0,0.0,0.0],"spd":[4.658442141583214,-29.58904478487667,0.0],"spd_noise":[0.0,0.0,0.0]}
{"type":3,"rcvTime":25200.63439148044,"sendTime":25200.634274053155,"sender":49,"messageID":39499,"pos":[3586.7524590624109,5694.551319888443,1.895],"pos_noise":[0.0,0.0,0.0],"spd":[-1.5849407317501599,37.921829695627788,0.0],"spd_noise":[0.0,0.0,0.0],"RSSI":2.6773727811963016e-9}
{"type":3,"rcvTime":25200.649190811655,"sendTime":25200.64907833445,"sender":553,"messageID":40791,"pos":[3961.960955711067,5245.156317713098,1.895],"pos_noise":[0.0,0.0,0.0],"spd":[-1.5641164554259593,-0.19976487338348754,0.0],"spd_noise":[0.0,0.0,0.0],"RSSI":8.491570882425317e-9}
{"type":3,"rcvTime":25200.6997324539,"sendTime":25200.69962205598,"sender":343,"messageID":44285,"pos":[3656.9056700413245,5186.1542846680199,1.895],"pos_noise":[0.0,0.0,0.0],"spd":[5.3030531810754379,-33.687226670671368,0.0],"spd_noise":[0.0,0.0,0.0],"RSSI":0.0000012007059955821284}
{"type":2,"rcvTime":25200.7,"pos":[3648.487705111841,5197.177584443174,1.895],"noise":[0.0,0.0,0.0],"spd":[4.654458735217439,-29.56374336739755,0.0],"spd_noise":[0.0,0.0,0.0]}
{"type":3,"rcvTime":25200.728666427847,"sendTime":25200.72855873359,"sender":1051,"messageID":45792,"pos":[3949.8141112817008,5256.86534702144,1.895],"pos_noise":[0.0,0.0,0.0],"spd":[1.6258769074390716,0.22982855190504718,0.0],"spd_noise":[0.0,0.0,0.0],"RSSI":6.553396816923529e-9}
{"type":3,"rcvTime":25200.73739436648,"sendTime":25200.73727857764,"sender":787,"messageID":46787,"pos":[3597.622150361864,5673.105016800781,1.895],"pos_noise":[0.0,0.0,0.0],"spd":[1.293853336121748,-30.12913927703657,0.0],"spd_noise":[0.0,0.0,0.0],"RSSI":1.4411031290757564e-9}
{"type":3,"rcvTime":25200.789883026766,"sendTime":25200.789769615745,"sender":901,"messageID":49869,"pos":[3463.9543649352874,5199.5708353754239,1.895],"pos_noise":[0.0,0.0,0.0],"spd":[1.7648099217281253,-0.06694688577799828,0.0],"spd_noise":[0.0,0.0,0.0],"RSSI":2.1860502781862006e-9}
{"type":2,"rcvTime":25200.8,"pos":[3648.953212540185,5194.2208191284339,1.895],"noise":[0.0,0.0,0.0],"spd":[4.649962528677765,-29.535184795106436,0.0],