{"type":2,"rcvTime":25298.8,"pos":[3609.7497022904,6079.319712613999,1.895],"noise":[0.0,0.0,0.0],"spd":[-5.001062939572186,-43.42245226709169,0.0],"spd_noise":[0.0,0.0,0.0]}
{"type":3,"rcvTime":25298.85278174692,"sendTime":25298.852672443725,"sender":3025,"messageID":6462519,"pos":[3595.560014094642,5968.261674314607,1.895],"pos_noise":[0.0,0.0,0.0],"spd":[-2.198119452929762,-33.113191290906808,0.0],"spd_noise":[0.0,0.0,0.0],"RSSI":1.8122074876910718e-8}
{"type":3,"rcvTime":25298.87924578856,"sendTime":25298.879139081062,"sender":2815,"messageID":6464649,"pos":[3588.108667736044,5662.102211020863,1.895],"pos_noise":[0.0,0.0,0.0],"spd":[-1.4568185337825473,34.85633451700562,0.0],"spd_noise":[0.0,0.0,0.0],"RSSI":1.6838421861673979e-9}
{"type":2,"rcvTime":25298.899999999998,"pos":[3609.24878671759,6074.970440706613,1.895],"noise":[0.0,0.0,0.0],"spd":[-5.009136836276107,-43.49255504289779,0.0],"spd_noise":[0.0,0.0,0.0]}
{"type":3,"rcvTime":25298.926052768846,"sendTime":25298.925938222834,"sender":2725,"messageID":6468367,"pos":[3582.0942357957585,5909.420606462675,1.895],"pos_noise":[0.0,0.0,0.0],"spd":[1.4052968292264803,32.84439976246535,0.0],"spd_noise":[0.0,0.0,0.0],"RSSI":5.72512873888379e-9}
{"type":3,"rcvTime":25298.955934531426,"sendTime":25298.955827466725,"sender":2767,"messageID":6470800,"pos":[3584.39668801049,5794.567978100098,1.895],"pos_noise":[0.0,0.0,0.0],"spd":[-0.033681609552739927,34.75164837953605,0.0],"spd_noise":[0.0,0.0,0.0],"RSSI":9.882362161904406e-9}
{"type":2,"rcvTime":25299.0,"pos":[3608.748938391244,6070.630435320999,1.895],"noise":[0.0,0.0,0.0],"spd":[-4.998464411893146,-43.3998901746603,0.0],"spd_noise":[0.0,0.0,0.0]}
{"type":2,"rcvTime":25299.1,"pos":[3608.248201609523,6066.2827157931,1.895],"noise":[0.0,0.0,0.0],"spd":[-5.007348932129486,-43.477031306572417,0.0],"spd_noise":[0.0,0.0,0.0]}
{"type":2,"rcvTime":25299.2,"pos":[3607.7484402598777,6061.943465595267,1.895],"noise":[0.0,0.0,0.0],"spd":[-4.9975946481685888,-43.39233832532956,0.0],"spd_noise":[0.0,0.0,0.0]}
{"type":3,"rcvTime":25299.270830483845,"sendTime":25299.27072035209,"sender":2587,"messageID":6487638,"pos":[3593.507586457404,6021.779936763261,1.895],"pos_noise":[0.0,0.0,0.0],"spd":[3.049623240129247,28.86005041041195,0.0],"spd_noise":[0.0,0.0,0.0],"RSSI":7.240063476644339e-8}
{"type":2,"rcvTime":25299.3,"pos":[3607.247907339738,6057.597516125029,1.895],"noise":[0.0,0.0,0.0],"spd":[-5.005310324004958,-43.45933079672039,0.0],"spd_noise":[0.0,0.0,0.0]}
{"type":3,"rcvTime":25299.33891848092,"sendTime":25299.338805905263,"sender":3085,"messageID":6492992,"pos":[3602.4966679890806,6045.1874234663,1.895],"pos_noise":[0.0,0.0,0.0],"spd":[-3.968692543629336,-34.437903862503258,0.0],"spd_noise":[0.0,0.0,0.0],"RSSI":0.000002526877856467211}
{"type":3,"rcvTime":25299.373401828503,"sendTime":25299.37328424291,"sender":2791,"messageID":6495998,"pos":[3604.3920450369389,5617.859197613571,1.895],"pos_noise":[0.0,0.0,0.0],"spd":[2.515478498724624,-29.878619609859006,0.0],"spd_noise":[0.0,0.0,0.0],"RSSI":3.569800529933214e-9}
{"type":3,"rcvTime":25299.387916828506,"sendTime":25299.387804208836,"sender":3073,"messageID":6497038,"pos":[3607.3831708327359,6029.919882358906,1.895],"pos_noise":[0.0,0.0,0.0],"spd":[-3.440226967910731,-29.888395718730619,0.0],"spd_noise":[0.0,0.0,0.0],"RSSI":5.688159869706641e-8}
{"type":2,"rcvTime":25299.399999999998,"pos":[3606.7470629188489,6053.248862004483,1.895],"noise":[0.0,0.0,0.0],"spd":[-5.008425319754402,-43.48637719779281,0.0],"spd_noise":[0.0,0.0,0.0]}
{"type":3,"rcvTime":25299.407451779407,"sendTime":25299.407334014166,"sender":2881,"messageID":6500013,"pos":[3601.1550963591828,6033.546079545808,1.895],"pos_noise":[0.0,0.0,0.0],"spd":[1.2882534476587056,-29.971610823100183,0.0],"spd_noise":[0.0,0.0,0.0],"RSSI":2.881686310180764e-9}
{"type":2,"rcvTime":25299.5,"pos":[3606.247133398798,6048.908151642783,1.895],"noise":[0.0,0.0,0.0],"spd":[-4.99927634588031,-43.40693990893232,0.0],"spd_noise":[0.0,0.0,0.0]}
{"type":3,"rcvTime":25299.528304812327,"sendTime":25299.528197260806,"sender":2821,"messageID":6506658,"pos":[3601.812153082013,5652.364372812854,1.895],"pos_noise":[0.0,0.0,0.0],"spd":[1.2916458712809882,-30.105058211719628,0.0],"spd_noise":[0.0,0.0,0.0],"RSSI":2.125517520806353e-9}
{"type":2,"rcvTime":25299.6,"pos":[3605.7470208077399,6044.56585174059,1.895],"noise":[0.0,0.0,0.0],"spd":[-5.001107049041812,-43.422835253912,0.0],"spd_noise":[0.0,0.0,0.0]}
{"type":3,"rcvTime":25299.64813027154,"sendTime":25299.648012301604,"sender":2737,"messageID":6513169,"pos":[3627.9710967779185,5272.6999361158109,1.895],"pos_noise":[0.0,0.0,0.0],"spd":[2.50248576421563,33.656056383326127,0.0],"spd_noise":[0.0,0.0,0.0],"RSSI":1.1405213657262623e-7}
{"type":2,"rcvTime":25299.7,"pos":[3605.246430173087,6040.219401155746,1.895],"noise":[0.0,0.0,0.0],"spd":[-5.00588746696289,-43.464341923885687,0.0],"spd_noise":[0.0,0.0,0.0]}
{"type":3,"rcvTime":25299.77883189794,"sendTime":25299.77872359664,"sender":3049,"messageID":6523895,"pos":[3596.266097190587,5978.898341303812,1.895],"pos_noise":[0.0,0.0,0.0],"spd":[-2.203600933102296,-33.19576610333937,0.0],"spd_noise":[0.0,0.0,0.0],"RSSI":6.710421047959432e-8}
{"type":3,"rcvTime":25299.786146319537,"sendTime":25299.786039776776,"sender":2749,"messageID":6524691,"pos":[3587.7245786606,5765.8446558940499,1.895],"pos_noise":[0.0,0.0,0.0],"spd":[-0.02909625534325043,29.989286564705809,0.0],"spd_noise":[0.0,0.0,0.0],"RSSI":1.0640090389435033e-8}
{"type":2,"rcvTime":25299.8,"pos":[3604.746618519964,6035.879714190696,1.895],"noise":[0.0,0.0,0.0],"spd":[-4.998097681044929,-43.396705981031079,0.0],"spd_noise":[0.0,0.0,0.0]}
{"type":3,"rcvTime":25299.852785995743,"sendTime":25299.852672443725,"sender":3025,"messageID":6527358,"pos":[3593.362617695332,5935.159375340205,1.895],"pos_noise":[0.0,0.0,0.0],"spd":[-2.1938993893985825,-33.049618871857379,0.0],"spd_noise":[0.0,0.0,0.0],"RSSI":2.7062155148881117e-8}
{"type":3,"rcvTime":25299.879257030927,"sendTime":25299.879139081062,"sender":2815,"messageID":6529489,"pos":[3586.662914012979,5696.693805122495,1.895],"pos_noise":[0.0,0.0,0.0],"spd":[-1.4370463914444587,34.38325953101897,0.0],"spd_noise":[0.0,0.0,0.0],"RSSI":1.0032916645150312e-8}
{"type":2,"rcvTime":25299.899999999998,"pos":[3604.246862877413,6031.54051354554,1.895],"noise":[0.0,0.0,0.0],"spd":[-4.997537577434216,-43.391842800424338,0.0],"spd_noise":[0.0,0.0,0.0]}
{"type":3,"rcvTime":25299.92605101172,"sendTime":25299.925938222834,"sender":2725,"messageID":6533144,"pos":[3583.855999624455,5942.118644337651,1.895],"pos_noise":[0.0,0.0,0.0],"spd":[2.41108652617582,32.472629932855507,0.0],"spd_noise":[0.0,0.0,0.0],"RSSI":2.008139218514726e-8}
{"type":3,"rcvTime":25299.955945759317,"sendTime":25299.955827466725,"sender":2767,"messageID":6535594,"pos":[3584.362930705194,5829.397727018105,1.895],"pos_noise":[0.0,0.0,0.0],"spd":[-0.03378815793004567,34.86158171682926,0.0],"spd_noise":[0.0,0.0,0.0],"RSSI":2.2046097700041834e-8}
{"type":2,"rcvTime":25300.0,"pos":[3603.7460451754366,6027.192091415812,1.895],"noise":[0.0,0.0,0.0],"spd":[-5.008158131641478,-43.48405729836827,0.0],"spd_noise":[0.0,0.0,0.0]}
