{"type":2,"rcvTime":25298.5,"pos":[6324.8734641091709,5904.042140580928,1.895],"noise":[0.0,0.0,0.0],"spd":[-3.1994821189453757,11.801368471519713,0.0],"spd_noise":[0.0,0.0,0.0]}
{"type":3,"rcvTime":25298.584422501994,"sendTime":25298.58431439558,"sender":2899,"messageID":6443908,"pos":[6130.171161573693,5822.110347537489,1.895],"pos_noise":[0.0,0.0,0.0],"spd":[-10.530617132472868,-1.0608964204690588,0.0],"spd_noise":[0.0,0.0,0.0],"RSSI":1.7367370625929266e-8}
{"type":3,"rcvTime":25298.599720714246,"sendTime":25298.599607777687,"sender":2905,"messageID":6445368,"pos":[6305.780900034063,6033.371899693435,1.895],"pos_noise":[0.0,0.0,0.0],"spd":[-1.6534948522259108,14.881453670039257,0.0],"spd_noise":[0.0,0.0,0.0],"RSSI":6.117796767464609e-9}
{"type":2,"rcvTime":25298.6,"pos":[6324.553450991257,5905.222516835528,1.895],"noise":[0.0,0.0,0.0],"spd":[-3.2076598395106794,11.831532194918572,0.0],"spd_noise":[0.0,0.0,0.0]}
{"type":3,"rcvTime":25298.660606742273,"sendTime":25298.660489458172,"sender":2875,"messageID":6449379,"pos":[6287.9801054792,6000.8379865311439,1.895],"pos_noise":[0.0,0.0,0.0],"spd":[-13.82482667198028,3.5912606152667556,0.0],"spd_noise":[0.0,0.0,0.0],"RSSI":1.414286813303329e-8}
{"type":3,"rcvTime":25298.677188239002,"sendTime":25298.677081576316,"sender":193,"messageID":6451374,"pos":[6091.596566088957,5800.290927890602,1.895],"pos_noise":[0.0,0.0,0.0],"spd":[-0.3882073497028706,7.746915858441695,0.0],"spd_noise":[0.0,0.0,0.0],"RSSI":2.3569299785174774e-9}
{"type":3,"rcvTime":25298.691332746002,"sendTime":25298.691214745584,"sender":2911,"messageID":6452152,"pos":[6305.825612617399,5973.841911847261,1.895],"pos_noise":[0.0,0.0,0.0],"spd":[-1.5005550100528782,12.366084633195202,0.0],"spd_noise":[0.0,0.0,0.0],"RSSI":2.4599751510112917e-8}
{"type":3,"rcvTime":25298.691450720544,"sendTime":25298.691341160702,"sender":2839,"messageID":6452348,"pos":[6094.829349978267,5801.80226662169,1.895],"pos_noise":[0.0,0.0,0.0],"spd":[0.5180471206743271,-10.337948154880943,0.0],"spd_noise":[0.0,0.0,0.0],"RSSI":1.2238104066267459e-8}
{"type":2,"rcvTime":25298.7,"pos":[6324.23498198786,5906.397197585763,1.895],"noise":[0.0,0.0,0.0],"spd":[-3.192182367357331,11.774443158285124,0.0],"spd_noise":[0.0,0.0,0.0]}
{"type":2,"rcvTime":25298.8,"pos":[6323.915645810632,5907.575076927998,1.895],"noise":[0.0,0.0,0.0],"spd":[-3.2008745068827886,11.80650432866815,0.0],"spd_noise":[0.0,0.0,0.0]}
{"type":3,"rcvTime":25298.866805242847,"sendTime":25298.866692372783,"sender":3037,"messageID":6463038,"pos":[6164.579641060118,5825.576795159856,1.895],"pos_noise":[0.0,0.0,0.0],"spd":[-4.695808754170421,-0.4730745250574985,0.0],"spd_noise":[0.0,0.0,0.0],"RSSI":9.676366508513779e-9}
{"type":3,"rcvTime":25298.891047122954,"sendTime":25298.89093281119,"sender":2773,"messageID":6465519,"pos":[6295.777700955329,6005.670863968784,1.895],"pos_noise":[0.0,0.0,0.0],"spd":[2.819305899861678,-0.7405261047722025,0.0],"spd_noise":[0.0,0.0,0.0],"RSSI":3.561241287279068e-8}
{"type":2,"rcvTime":25298.899999999998,"pos":[6323.59530218465,5908.756672269736,1.895],"noise":[0.0,0.0,0.0],"spd":[-3.210972695762977,11.843751746668853,0.0],"spd_noise":[0.0,0.0,0.0]}
{"type":3,"rcvTime":25298.91167358441,"sendTime":25298.91155543299,"sender":2779,"messageID":6467790,"pos":[6155.143477380498,5824.626158350567,1.895],"pos_noise":[0.0,0.0,0.0],"spd":[0.29367022580858107,-5.8603695453214439,0.0],"spd_noise":[0.0,0.0,0.0],"RSSI":1.626462707615244e-8}
{"type":3,"rcvTime":25298.98541673531,"sendTime":25298.985302317327,"sender":1783,"messageID":6472037,"pos":[6097.781888005235,5731.994990675287,1.895],"pos_noise":[0.0,0.0,0.0],"spd":[12.373331371447604,0.8434778005314282,0.0],"spd_noise":[0.0,0.0,0.0],"RSSI":6.386493528265503e-9}
{"type":2,"rcvTime":25299.0,"pos":[6323.277235416517,5909.929869365306,1.895],"noise":[0.0,0.0,0.0],"spd":[-3.1881505516836619,11.759571707029786,0.0],"spd_noise":[0.0,0.0,0.0]}
{"type":3,"rcvTime":25299.020084541073,"sendTime":25299.01997236861,"sender":1423,"messageID":6474841,"pos":[6072.143298777223,5726.797486635926,1.895],"pos_noise":[0.0,0.0,0.0],"spd":[4.715419812815268,0.4050032743630397,0.0],"spd_noise":[0.0,0.0,0.0],"RSSI":8.873560065284897e-9}
{"type":3,"rcvTime":25299.03005736981,"sendTime":25299.02995032142,"sender":631,"messageID":6475779,"pos":[6083.94403678393,5727.712800289011,1.895],"pos_noise":[0.0,0.0,0.0],"spd":[5.407432786758688,0.41942267128063517,0.0],"spd_noise":[0.0,0.0,0.0],"RSSI":8.410020901301355e-9}
{"type":3,"rcvTime":25299.043214780355,"sendTime":25299.043105160956,"sender":2497,"messageID":6477116,"pos":[6100.864455567172,5747.18200026137,1.895],"pos_noise":[0.0,0.0,0.0],"spd":[2.33635499015377e-15,-4.662339736227693e-14,0.0],"spd_noise":[0.0,0.0,0.0],"RSSI":8.390790129981049e-9}
{"type":3,"rcvTime":25299.07023256032,"sendTime":25299.070115265342,"sender":2563,"messageID":6480505,"pos":[6177.483661842487,5826.87679774142,1.895],"pos_noise":[0.0,0.0,0.0],"spd":[0.0,-0.0,0.0],"spd_noise":[0.0,0.0,0.0],"RSSI":3.6910691869840298e-9}
{"type":2,"rcvTime":25299.1,"pos":[6322.957909353786,5911.107711399971,1.895],"noise":[0.0,0.0,0.0],"spd":[-3.2007731239584715,11.806130375258784,0.0],"spd_noise":[0.0,0.0,0.0]}
{"type":3,"rcvTime":25299.16254681579,"sendTime":25299.162438867057,"sender":2653,"messageID":6483334,"pos":[6100.489013460533,5754.674177861997,1.895],"pos_noise":[0.0,0.0,0.0],"spd":[0.0,-0.0,0.0],"spd_noise":[0.0,0.0,0.0],"RSSI":1.4591215932785402e-8}
{"type":3,"rcvTime":25299.197062982363,"sendTime":25299.19695662949,"sender":3061,"messageID":6485307,"pos":[6317.977854414984,5935.574459670462,1.895],"pos_noise":[0.0,0.0,0.0],"spd":[-2.3069165260067927,14.312756423022974,0.0],"spd_noise":[0.0,0.0,0.0],"RSSI":7.316527250309142e-7}
{"type":2,"rcvTime":25299.2,"pos":[6322.637852023141,5912.288250734318,1.895],"noise":[0.0,0.0,0.0],"spd":[-3.208103006981592,11.833166829032596,0.0],"spd_noise":[0.0,0.0,0.0]}
{"type":3,"rcvTime":25299.23458854844,"sendTime":25299.234481542135,"sender":2923,"messageID":6486728,"pos":[6303.8499452010059,6020.621667332682,1.895],"pos_noise":[0.0,0.0,0.0],"spd":[-1.5320537244308957,14.844672072334213,0.0],"spd_noise":[0.0,0.0,0.0],"RSSI":5.543874767339813e-8}
{"type":3,"rcvTime":25299.29299452226,"sendTime":25299.29288856522,"sender":775,"messageID":6489999,"pos":[6137.851881376102,5730.979274479555,1.895],"pos_noise":[0.0,0.0,0.0],"spd":[11.221515396826112,0.5750395437076001,0.0],"spd_noise":[0.0,0.0,0.0],"RSSI":1.7629991971191e-8}
{"type":3,"rcvTime":25299.2942887282,"sendTime":25299.294178219792,"sender":2641,"messageID":6490390,"pos":[6099.43776555149,5775.652474908521,1.895],"pos_noise":[0.0,0.0,0.0],"spd":[1.048416695460409e-13,-2.0921798442315817e-12,0.0],"spd_noise":[0.0,0.0,0.0],"RSSI":3.6208876624147858e-9}
{"type":2,"rcvTime":25299.3,"pos":[6322.323630286378,5913.462916466025,1.895],"noise":[0.0,0.0,0.0],"spd":[-3.1855227675003765,11.78820978203246,0.0],"spd_noise":[0.0,0.0,0.0]}
{"type":3,"rcvTime":25299.301770741975,"sendTime":25299.301662346257,"sender":3079,"messageID":6491132,"pos":[6141.321032078153,5823.233630015436,1.895],"pos_noise":[0.0,0.0,0.0],"spd":[-2.6638875524150786,-0.2683706693859981,0.0],"spd_noise":[0.0,0.0,0.0],"RSSI":2.315696741465945e-9}
{"type":3,"rcvTime":25299.363268202782,"sendTime":25299.363161252113,"sender":409,"messageID":6495040,"pos":[6093.0373234143639,5771.539731446531,1.895],"pos_noise":[0.0,0.0,0.0],"spd":[-0.6597502117948759,13.165720283965284,0.0],"spd_noise":[0.0,0.0,0.0],"RSSI":3.7350730739692958e-9}
{"type":3,"rcvTime":25299.37963871098,"sendTime":25299.379520009454,"sender":2593,"messageID":6496640,"pos":[6101.23989767381,5739.689822660743,1.895],"pos_noise":[0.0,0.0,0.0],"spd":[2.3556569372425008e-15,-4.700857955966394e-14,0.0],"spd_noise":[0.0,0.0,0.0],"RSSI":1.5337227492044436e-9}
{"type":2,"rcvTime":25299.399999999998,"pos":[6322.051841412895,5914.626730360171,1.895],"noise":[0.0,0.0,0.0],"spd":[-3.0841454280261915,11.811243598519843,0.0],