{"type":2,"rcvTime":10896.3,"pos":[3645.7576335720898,5180.082051562654,1.895],"noise":[0.0,0.0,0.0],"spd":[-5.862363468293337,37.581227505006427,0.0],"spd_noise":[0.0,0.0,0.0]}
{"type":3,"rcvTime":10896.372543863288,"sendTime":10896.372430853919,"sender":229,"messageID":35698,"pos":[3633.6904362149059,5257.439945129108,1.895],"pos_noise":[0.0,0.0,0.0],"spd":[-5.276488308765706,33.82542017937084,0.0],"spd_noise":[0.0,0.0,0.0],"RSSI":3.134708229025061e-8}
{"type":2,"rcvTime":10896.4,"pos":[3645.172267197248,5183.834597276627,1.895],"noise":[0.0,0.0,0.0],"spd":[-5.8606968614431509,37.57054356643926,0.0],"spd_noise":[0.0,0.0,0.0]}
{"type":2,"rcvTime":10896.5,"pos":[3644.5864711385954,5187.589897518727,1.895],"noise":[0.0,0.0,0.0],"spd":[-5.864998862161438,37.598121943070207,0.0],"spd_noise":[0.0,0.0,0.0]}
{"type":2,"rcvTime":10896.6,"pos":[3644.0019751085708,5191.336863806118,1.895],"noise":[0.0,0.0,0.0],"spd":[-5.851982956178666,37.514682264420468,0.0],"spd_noise":[0.0,0.0,0.0]}
{"type":2,"rcvTime":10896.699999999999,"pos":[3643.417701368807,5195.082405081071,1.895],"noise":[0.0,0.0,0.0],"spd":[-5.84975738277508,37.50041501865567,0.0],"spd_noise":[0.0,0.0,0.0]}
{"type":3,"rcvTime":10896.769666259072,"sendTime":10896.76955045336,"sender":217,"messageID":35843,"pos":[3590.7773091621527,5677.204067360168,1.895],"pos_noise":[0.0,0.0,0.0],"spd":[-1.5512331679698035,37.15324898493302,0.0],"spd_noise":[0.0,0.0,0.0],"RSSI":1.6607578196463429e-9}
{"type":2,"rcvTime":10896.8,"pos":[3642.832923302655,5198.831179387345,1.895],"noise":[0.0,0.0,0.0],"spd":[-5.854806706082944,37.53278417641277,0.0],"spd_noise":[0.0,0.0,0.0]}
{"type":2,"rcvTime":10896.9,"pos":[3642.248307372992,5202.578914302549,1.895],"noise":[0.0,0.0,0.0],"spd":[-5.853183393146233,37.5223777775138,0.0],"spd_noise":[0.0,0.0,0.0]}
{"type":2,"rcvTime":10897.0,"pos":[3641.66309871978,5206.3304489273109,1.895],"noise":[0.0,0.0,0.0],"spd":[-5.8591177501380768,37.560420526205188,0.0],"spd_noise":[0.0,0.0,0.0]}
{"type":2,"rcvTime":10897.1,"pos":[3641.0771608701249,5210.08665813385,1.895],"noise":[0.0,0.0,0.0],"spd":[-5.866418475790603,37.60722250855988,0.0],"spd_noise":[0.0,0.0,0.0]}
{"type":3,"rcvTime":10897.190181420636,"sendTime":10897.190072620288,"sender":175,"messageID":35890,"pos":[4144.807305098573,5294.660028340809,1.895],"pos_noise":[0.0,0.0,0.0],"spd":[14.527009106415683,3.043207441266045,0.0],"spd_noise":[0.0,0.0,0.0],"RSSI":1.370092082623156e-9}
{"type":2,"rcvTime":10897.199999999999,"pos":[3640.492831413076,5213.832556589651,1.895],"noise":[0.0,0.0,0.0],"spd":[-5.850315225063159,37.50399111864565,0.0],"spd_noise":[0.0,0.0,0.0]}
{"type":3,"rcvTime":10897.220097141815,"sendTime":10897.219989222007,"sender":205,"messageID":35920,"pos":[3634.419137831088,5307.766044913887,1.895],"pos_noise":[0.0,0.0,0.0],"spd":[5.070801709640994,-32.211115405553,0.0],"spd_noise":[0.0,0.0,0.0],"RSSI":4.066661286093991e-8}
{"type":2,"rcvTime":10897.3,"pos":[3639.90927035674,5217.573529141055,1.895],"noise":[0.0,0.0,0.0],"spd":[-5.84262198568722,37.4546728904598,0.0],"spd_noise":[0.0,0.0,0.0]}
{"type":3,"rcvTime":10897.37253664031,"sendTime":10897.372430853919,"sender":229,"messageID":36022,"pos":[3628.4211475558779,5291.2192112826819,1.895],"pos_noise":[0.0,0.0,0.0],"spd":[-5.2689278730023159,33.776953301123239,0.0],"spd_noise":[0.0,0.0,0.0],"RSSI":1.010500620033255e-8}
{"type":2,"rcvTime":10897.4,"pos":[3639.326145163677,5221.31170755031,1.895],"noise":[0.0,0.0,0.0],"spd":[-5.838258116099027,37.42669789766328,0.0],"spd_noise":[0.0,0.0,0.0]}
{"type":2,"rcvTime":10897.5,"pos":[3638.741614820345,5225.058893806357,1.895],"noise":[0.0,0.0,0.0],"spd":[-5.852326501523819,37.51688459388859,0.0],"spd_noise":[0.0,0.0,0.0]}
{"type":2,"rcvTime":10897.6,"pos":[3638.15965992288,5228.789569926591,1.895],"noise":[0.0,0.0,0.0],"spd":[-5.826541099152559,37.351584868263639,0.0],"spd_noise":[0.0,0.0,0.0]}
{"type":2,"rcvTime":10897.699999999999,"pos":[3637.5779561728,5232.5186360431,1.895],"noise":[0.0,0.0,0.0],"spd":[-5.824026607793105,37.33546548700211,0.0],"spd_noise":[0.0,0.0,0.0]}
{"type":2,"rcvTime":10897.8,"pos":[3636.996035792503,5236.249090887808,1.895],"noise":[0.0,0.0,0.0],"spd":[-5.826195512752587,37.349369454406538,0.0],"spd_noise":[0.0,0.0,0.0]}
{"type":2,"rcvTime":10897.9,"pos":[3636.4144931181679,5239.977124413239,1.895],"noise":[0.0,0.0,0.0],"spd":[-5.822413915040614,37.32512716975212,0.0],"spd_noise":[0.0,0.0,0.0]}
{"type":2,"rcvTime":10898.0,"pos":[3635.833657058409,5243.700628120057,1.895],"noise":[0.0,0.0,0.0],"spd":[-5.8153392793787399,37.279774558358557,0.0],"spd_noise":[0.0,0.0,0.0]}
{"type":2,"rcvTime":10898.1,"pos":[3635.2536009357888,5247.419131967142,1.895],"noise":[0.0,0.0,0.0],"spd":[-5.807530537134241,37.22971588824217,0.0],"spd_noise":[0.0,0.0,0.0]}
{"type":2,"rcvTime":10898.199999999999,"pos":[3634.6732401054425,5251.139589171511,1.895],"noise":[0.0,0.0,0.0],"spd":[-5.810581275423922,37.249272930463458,0.0],"spd_noise":[0.0,0.0,0.0]}
{"type":3,"rcvTime":10898.220104524064,"sendTime":10898.219989222007,"sender":205,"messageID":36228,"pos":[3639.4937411008229,5275.53078096182,1.895],"pos_noise":[0.0,0.0,0.0],"spd":[5.07021213056486,-32.207370238485967,0.0],"spd_noise":[0.0,0.0,0.0],"RSSI":9.118358839199163e-8}
{"type":2,"rcvTime":10898.3,"pos":[3634.0960982122248,5254.839411079346,1.895],"noise":[0.0,0.0,0.0],"spd":[-5.778353228957,37.042672034285327,0.0],"spd_noise":[0.0,0.0,0.0]}
{"type":3,"rcvTime":10898.372543998808,"sendTime":10898.372430853919,"sender":229,"messageID":36334,"pos":[3623.451348521167,5325.03677265436,1.895],"pos_noise":[0.0,0.0,0.0],"spd":[-3.9278148125010645,34.03409749768404,0.0],"spd_noise":[0.0,0.0,0.0],"RSSI":3.0967626046568487e-9}
{"type":2,"rcvTime":10898.4,"pos":[3633.5169280514135,5258.552235385668,1.895],"noise":[0.0,0.0,0.0],"spd":[-5.798660274312283,37.17285224155752,0.0],"spd_noise":[0.0,0.0,0.0]}
{"type":2,"rcvTime":10898.5,"pos":[3632.9404099483879,5262.248058428326,1.895],"noise":[0.0,0.0,0.0],"spd":[-5.772107832264644,37.00263533659097,0.0],"spd_noise":[0.0,0.0,0.0]}
{"type":2,"rcvTime":10898.6,"pos":[3632.3642360968976,5265.941674614425,1.895],"noise":[0.0,0.0,0.0],"spd":[-5.768661180768162,36.980540255867257,0.0],"spd_noise":[0.0,0.0,0.0]}
{"type":2,"rcvTime":10898.699999999999,"pos":[3631.7875925672676,5269.638301716022,1.895],"noise":[0.0,0.0,0.0],"spd":[-5.7733636052980439,37.010685586661,0.0],"spd_noise":[0.0,0.0,0.0]}
{"type":2,"rcvTime":10898.8,"pos":[3631.212166343854,5273.327125162644,1.895],"noise":[0.0,0.0,0.0],"spd":[-5.7611759173343739,36.93255527684616,0.0],"spd_noise":[0.0,0.0,0.0]}
{"type":2,"rcvTime":10898.9,"pos":[3630.637928573724,5277.008329918701,1.895],"noise":[0.0,0.0,0.0],"spd":[-5.7492771053593849,36.856276833469198,0.0],"spd_noise":[0.0,0.0,0.0]}
{"type":2,"rcvTime":10899.0,"pos":[3630.0636544503747,5280.6897677204619,1.895],"noise":[0.0,0.0,0.0],"spd":[-5.749641074335292,36.85861009051857,0.0],"spd_noise":[0.0,0.0,0.0]}
{"type":2,"rcvTime":10899.1,"pos":[3629.4875866007098,5284.382704371978,1.895],"noise":[0.0,0.0,0.0],"spd":[-5.767599888912769,36.97373674550176,0.0],"spd_noise":[0.0,0.0,0.0]}
{"type":2,"rcvTime":10899.199999999999,"pos":[3628.9130387217016,5288.065897109909,1.895],"noise":[0.0,0.0,0.0],"spd":[-5.752381920068325,36.876180537592748,0.0],"spd_noise":[0.0,0.0,0.0]}
{"type":3,"rcvTime":10899.220095948549,"sendTime":10899.219989222007,"sender":205,"messageID":36504,"pos":[3644.5697321132786,5243.286701689517,1.895],"pos_noise":[0.0,0.0,0.0],"spd":[5.076353836736084,-32.24638403107748,0.0],"spd_noise":[0.0,0.0,0.0],"RSSI":2.3160905663431328e-8}
{"type":2,"rcvTime":10899.3,"pos":[3628.3394449814147,5291.74297325262,1.895],"noise":[0.0,0.0,0.0],"spd":[-5.742829068980884,36.814941095160097,0.0],"spd_noise":[0.0,0.0,0.0]}
{"type":3,"rcvTime":10899.37254840196,"sendTime":10899.372430853919,"sender":229,"messageID":36602,"pos":[3619.5336571859095,5358.983151298693,1.895],"pos_noise":[0.0,0.0,0.0],