{"type":2,"rcvTime":25297.399999999998,"pos":[3606.4318114333298,6079.334208617432,1.895],"noise":[0.0,0.0,0.0],"spd":[-4.193831882481282,-36.391526326757539,0.0],"spd_noise":[0.0,0.0,0.0]}
{"type":3,"rcvTime":25297.40525902215,"sendTime":25297.405149171223,"sender":2893,"messageID":6244418,"pos":[3612.8954519849305,6077.810106441923,1.895],"pos_noise":[0.0,0.0,0.0],"spd":[-3.1527899296350396,-27.391167476420898,0.0],"spd_noise":[0.0,0.0,0.0],"RSSI":0.000008220524662575593}
{"type":3,"rcvTime":25297.418019287106,"sendTime":25297.417901935238,"sender":2875,"messageID":6245330,"pos":[3601.4897082062295,6036.449637957848,1.895],"pos_noise":[0.0,0.0,0.0],"spd":[-4.201137164819602,-36.45491713071026,0.0],"spd_noise":[0.0,0.0,0.0],"RSSI":5.36621296504404e-8}
{"type":3,"rcvTime":25297.470814553,"sendTime":25297.47070077611,"sender":2533,"messageID":6246900,"pos":[3589.9755112816826,5696.407754403381,1.895],"pos_noise":[0.0,0.0,0.0],"spd":[-1.2513614703274206,29.971087027612137,0.0],"spd_noise":[0.0,0.0,0.0],"RSSI":5.219414114840468e-9}
{"type":3,"rcvTime":25297.49259624134,"sendTime":25297.49247950069,"sender":2671,"messageID":6249828,"pos":[3592.360223542101,5718.74643187765,1.895],"pos_noise":[0.0,0.0,0.0],"spd":[1.465343272850677,-34.0916598173969,0.0],"spd_noise":[0.0,0.0,0.0],"RSSI":1.8547915669093225e-9}
{"type":2,"rcvTime":25297.5,"pos":[3606.0107811648647,6075.680763622838,1.895],"noise":[0.0,0.0,0.0],"spd":[-4.205679335271732,-36.49433132760501,0.0],"spd_noise":[0.0,0.0,0.0]}
{"type":3,"rcvTime":25297.592077003992,"sendTime":25297.591962367856,"sender":2665,"messageID":6259104,"pos":[3607.5580674869186,5603.111696775399,1.895],"pos_noise":[0.0,0.0,0.0],"spd":[-2.5670529169517888,31.336546869117595,0.0],"spd_noise":[0.0,0.0,0.0],"RSSI":2.7887107736890548e-9}
{"type":2,"rcvTime":25297.6,"pos":[3605.592024066143,6072.0470438148699,1.895],"noise":[0.0,0.0,0.0],"spd":[-4.182972599599595,-36.297296064358068,0.0],"spd_noise":[0.0,0.0,0.0]}
{"type":2,"rcvTime":25297.7,"pos":[3605.173015629046,6068.411143045112,1.895],"noise":[0.0,0.0,0.0],"spd":[-4.185483223394569,-36.319081733040537,0.0],"spd_noise":[0.0,0.0,0.0]}
{"type":3,"rcvTime":25297.706486864856,"sendTime":25297.706369981355,"sender":2845,"messageID":6264968,"pos":[3596.0387303484128,5975.473212733979,1.895],"pos_noise":[0.0,0.0,0.0],"spd":[-2.373634637843938,-35.757209515113448,0.0],"spd_noise":[0.0,0.0,0.0],"RSSI":2.702456138843746e-8}
{"type":3,"rcvTime":25297.764692940018,"sendTime":25297.764575397967,"sender":2419,"messageID":6269242,"pos":[3584.3104070975434,5883.589969280994,1.895],"pos_noise":[0.0,0.0,0.0],"spd":[-0.02620387176115642,27.036348610367538,0.0],"spd_noise":[0.0,0.0,0.0],"RSSI":1.64179815373849e-8}
{"type":2,"rcvTime":25297.8,"pos":[3604.7536614887164,6064.772242472631,1.895],"noise":[0.0,0.0,0.0],"spd":[-4.188936459542955,-36.34904681932154,0.0],"spd_noise":[0.0,0.0,0.0]}
{"type":3,"rcvTime":25297.803124758317,"sendTime":25297.80301537695,"sender":2887,"messageID":6270439,"pos":[3607.4642627589435,6059.476053343351,1.895],"pos_noise":[0.0,0.0,0.0],"spd":[-3.5045004777355528,-30.42833224719218,0.0],"spd_noise":[0.0,0.0,0.0],"RSSI":8.807291406268513e-7}
{"type":2,"rcvTime":25297.899999999998,"pos":[3604.333586686696,6061.127088435627,1.895],"noise":[0.0,0.0,0.0],"spd":[-4.19613516283577,-36.41151279501391,0.0],"spd_noise":[0.0,0.0,0.0]}
{"type":3,"rcvTime":25297.910583380817,"sendTime":25297.910468329163,"sender":2659,"messageID":6277402,"pos":[3601.792834276723,5525.908864516756,1.895],"pos_noise":[0.0,0.0,0.0],"spd":[-2.442284738482524,29.813856071267325,0.0],"spd_noise":[0.0,0.0,0.0],"RSSI":3.074951400691299e-9}
{"type":3,"rcvTime":25297.928842385267,"sendTime":25297.928735157195,"sender":2545,"messageID":6278573,"pos":[3584.37216951063,5819.865411839836,1.895],"pos_noise":[0.0,0.0,0.0],"spd":[-0.03083729752742663,31.81697474808504,0.0],"spd_noise":[0.0,0.0,0.0],"RSSI":1.9556164722205239e-8}
{"type":3,"rcvTime":25297.931202723892,"sendTime":25297.931096678178,"sender":2569,"messageID":6279214,"pos":[3584.42143617906,5769.033579251549,1.895],"pos_noise":[0.0,0.0,0.0],"spd":[-0.03242606963281127,33.45622092214241,0.0],"spd_noise":[0.0,0.0,0.0],"RSSI":1.0669369575366944e-8}
{"type":3,"rcvTime":25297.96460061443,"sendTime":25297.9644938956,"sender":2599,"messageID":6280327,"pos":[3592.825110537972,5635.381122448564,1.895],"pos_noise":[0.0,0.0,0.0],"spd":[-2.445180685605054,29.849207948704817,0.0],"spd_noise":[0.0,0.0,0.0],"RSSI":7.270018042057842e-9}
{"type":3,"rcvTime":25297.995833618686,"sendTime":25297.99571947325,"sender":2539,"messageID":6282614,"pos":[3581.1215583858177,5768.857350279094,1.895],"pos_noise":[0.0,0.0,0.0],"spd":[-0.032495796657914337,33.563158594143789,0.0],"spd_noise":[0.0,0.0,0.0],"RSSI":8.696022688184641e-9}
{"type":2,"rcvTime":25298.0,"pos":[3603.9152051884977,6057.4966278609149,1.895],"noise":[0.0,0.0,0.0],"spd":[-4.179220718850012,-36.264739521575929,0.0],"spd_noise":[0.0,0.0,0.0]}
{"type":3,"rcvTime":25298.035822247188,"sendTime":25298.035710240107,"sender":2575,"messageID":6285191,"pos":[3590.797843835409,5676.712245857078,1.895],"pos_noise":[0.0,0.0,0.0],"spd":[-1.2486430736100925,29.905979297729354,0.0],"spd_noise":[0.0,0.0,0.0],"RSSI":7.2396497850858999e-9}
{"type":3,"rcvTime":25298.0828242514,"sendTime":25298.08270974923,"sender":2527,"messageID":6289293,"pos":[3740.5523472487227,5888.203239368612,1.895],"pos_noise":[0.0,0.0,0.0],"spd":[-0.028795893585679967,29.741727937041167,0.0],"spd_noise":[0.0,0.0,0.0],"RSSI":8.069845071262418e-9}
{"type":2,"rcvTime":25298.1,"pos":[3603.4961108434147,6053.859981633819,1.895],"noise":[0.0,0.0,0.0],"spd":[-4.18634135989961,-36.32652812051869,0.0],"spd_noise":[0.0,0.0,0.0]}
{"type":2,"rcvTime":25298.2,"pos":[3603.0764308241239,6050.218253281608,1.895],"noise":[0.0,0.0,0.0],"spd":[-4.192191670667489,-36.377293564666278,0.0],"spd_noise":[0.0,0.0,0.0]}
{"type":2,"rcvTime":25298.3,"pos":[3602.6585617448129,6046.592239166826,1.895],"noise":[0.0,0.0,0.0],"spd":[-4.174102156869269,-36.2203237490087,0.0],"spd_noise":[0.0,0.0,0.0]}
{"type":3,"rcvTime":25298.305590031534,"sendTime":25298.305481630003,"sender":2497,"messageID":6299414,"pos":[3616.0974330126239,5425.879519547281,1.895],"pos_noise":[0.0,0.0,0.0],"spd":[3.6964975044067138,-29.851934006692045,0.0],"spd_noise":[0.0,0.0,0.0],"RSSI":1.5842193845848366e-9}
{"type":3,"rcvTime":25298.314606034863,"sendTime":25298.314494293325,"sender":2707,"messageID":6300179,"pos":[3591.933071741241,5728.684249285419,1.895],"pos_noise":[0.0,0.0,0.0],"spd":[1.4692233455337334,-34.18193089606274,0.0],"spd_noise":[0.0,0.0,0.0],"RSSI":6.990309088834404e-9}
{"type":2,"rcvTime":25298.399999999998,"pos":[3602.2406383041359,6042.965753337122,1.895],"noise":[0.0,0.0,0.0],"spd":[-4.17464517358512,-36.22503571831613,0.0],"spd_noise":[0.0,0.0,0.0]}
{"type":3,"rcvTime":25298.40526209303,"sendTime":25298.405149171223,"sender":2893,"messageID":6307229,"pos":[3609.7407216069557,6050.402080517381,1.895],"pos_noise":[0.0,0.0,0.0],"spd":[-3.1588984544715954,-27.4442378143014,0.0],"spd_noise":[0.0,0.0,0.0],"RSSI":9.261511127708672e-7}
{"type":3,"rcvTime":25298.418009374225,"sendTime":25298.417901935238,"sender":2875,"messageID":6308142,"pos":[3597.672718064147,6000.08813879089,1.895],"pos_noise":[0.0,0.0,0.0],"spd":[-2.4142879269652495,-36.36962397579113,0.0],"spd_noise":[0.0,0.0,0.0],"RSSI":8.011269511491044e-8}
{"type":3,"rcvTime":25298.492597154218,"sendTime":25298.49247950069,"sender":2671,"messageID":6312565,"pos":[3593.829975504728,5684.552202543066,1.895],"pos_noise":[0.0,0.0,0.0],"spd":[1.4696996291527549,-34.19301178027098,0.0],"spd_noise":[0.0,0.0,0.0],"RSSI":6.1168054835814639e-9}
{"type":2,"rcvTime":25298.5,"pos":[3601.822735956543,6039.339450540397,1.895],"noise":[0.0,0.0,0.0],"spd":[-4.174434474363622,-36.22320739842133,0.0],"spd_noise":[0.0,0.0,0.0]}
{"type":2,"rcvTime":25298.6,"pos":[3601.406050572197,6035.7237078117109,1.895],"noise":[0.0,0.0,0.0],