{"type":2,"rcvTime":25298.8,"pos":[3609.522988373995,6077.351236245611,1.895],"noise":[0.0,0.0,0.0],"spd":[-3.4305480806381678,-29.786229863790685,0.0],"spd_noise":[0.0,0.0,0.0]}
{"type":3,"rcvTime":25298.803132747904,"sendTime":25298.80301537695,"sender":2887,"messageID":6332851,"pos":[3603.96190118776,6029.066292461655,1.895],"pos_noise":[0.0,0.0,0.0],"spd":[-3.5065721821883315,-30.446320120730115,0.0],"spd_noise":[0.0,0.0,0.0],"RSSI":5.1336850069573738e-8}
{"type":3,"rcvTime":25298.852689691816,"sendTime":25298.85257710707,"sender":2737,"messageID":6335537,"pos":[3603.5405654386324,5468.81843286519,1.895],"pos_noise":[0.0,0.0,0.0],"spd":[-3.87184670786827,33.55600480152296,0.0],"spd_noise":[0.0,0.0,0.0],"RSSI":1.9016741557890615e-9}
{"type":2,"rcvTime":25298.899999999998,"pos":[3609.1801663459007,6074.374634404981,1.895],"noise":[0.0,0.0,0.0],"spd":[-3.4282073515579345,-29.76590614501636,0.0],"spd_noise":[0.0,0.0,0.0]}
{"type":3,"rcvTime":25298.928848451047,"sendTime":25298.928735157195,"sender":2545,"messageID":6340849,"pos":[3584.3416593786489,5851.34482724477,1.895],"pos_noise":[0.0,0.0,0.0],"spd":[-0.030243668085113894,31.204486155043268,0.0],"spd_noise":[0.0,0.0,0.0],"RSSI":3.019287049892964e-8}
{"type":3,"rcvTime":25298.931204275177,"sendTime":25298.931096678178,"sender":2569,"messageID":6341749,"pos":[3584.3894161648897,5802.070844641191,1.895],"pos_noise":[0.0,0.0,0.0],"spd":[-0.03164223577179218,32.6474852622949,0.0],"spd_noise":[0.0,0.0,0.0],"RSSI":1.993148110296875e-8}
{"type":3,"rcvTime":25298.96460218241,"sendTime":25298.9644938956,"sender":2599,"messageID":6342838,"pos":[3591.272419971766,5665.345775799273,1.895],"pos_noise":[0.0,0.0,0.0],"spd":[-1.253969063400938,30.033540923408265,0.0],"spd_noise":[0.0,0.0,0.0],"RSSI":6.746428735951703e-9}
{"type":3,"rcvTime":25298.99583230028,"sendTime":25298.99571947325,"sender":2539,"messageID":6345492,"pos":[3581.0892348590934,5802.242580535092,1.895],"pos_noise":[0.0,0.0,0.0],"spd":[-0.03199800033583807,33.04901157751359,0.0],"spd_noise":[0.0,0.0,0.0],"RSSI":2.4968247559795839e-8}
{"type":2,"rcvTime":25299.0,"pos":[3608.8376624383924,6071.400794692353,1.895],"noise":[0.0,0.0,0.0],"spd":[-3.4250261576896334,-29.738284969164814,0.0],"spd_noise":[0.0,0.0,0.0]}
{"type":3,"rcvTime":25299.035827936263,"sendTime":25299.035710240107,"sender":2575,"messageID":6348085,"pos":[3589.5482448304035,5706.641120460187,1.895],"pos_noise":[0.0,0.0,0.0],"spd":[-1.2531728915841152,30.014471984994619,0.0],"spd_noise":[0.0,0.0,0.0],"RSSI":1.0162483520683822e-8}
{"type":3,"rcvTime":25299.08281694167,"sendTime":25299.08270974923,"sender":2527,"messageID":6351811,"pos":[3698.826253272884,5766.700017084082,1.895],"pos_noise":[0.0,0.0,0.0],"spd":[-0.0284642522965275,29.3991935070776,0.0],"spd_noise":[0.0,0.0,0.0],"RSSI":4.880925505215339e-9}
{"type":2,"rcvTime":25299.1,"pos":[3608.4956686163729,6068.431383870754,1.895],"noise":[0.0,0.0,0.0],"spd":[-3.4199253220392866,-29.69399622590651,0.0],"spd_noise":[0.0,0.0,0.0]}
{"type":2,"rcvTime":25299.2,"pos":[3608.1535948572739,6065.461278983896,1.895],"noise":[0.0,0.0,0.0],"spd":[-3.4207246898261767,-29.700936852327226,0.0],"spd_noise":[0.0,0.0,0.0]}
{"type":3,"rcvTime":25299.29257719366,"sendTime":25299.29247008362,"sender":2629,"messageID":6361677,"pos":[3584.1753729725157,5677.258501690346,1.895],"pos_noise":[0.0,0.0,0.0],"spd":[-1.4677829383279262,35.082954329959999,0.0],"spd_noise":[0.0,0.0,0.0],"RSSI":3.780147059650901e-9}
{"type":2,"rcvTime":25299.3,"pos":[3607.811044100786,6062.48703249823,1.895],"noise":[0.0,0.0,0.0],"spd":[-3.4254946457142636,-29.742352684195198,0.0],"spd_noise":[0.0,0.0,0.0]}
{"type":3,"rcvTime":25299.314602059938,"sendTime":25299.314494293325,"sender":2707,"messageID":6362925,"pos":[3593.402071152376,5694.507528291669,1.895],"pos_noise":[0.0,0.0,0.0],"spd":[1.46813143296669,-34.156527215925,0.0],"spd_noise":[0.0,0.0,0.0],"RSSI":6.8766759814225e-9}
{"type":2,"rcvTime":25299.399999999998,"pos":[3607.4680355957245,6059.508811544361,1.895],"noise":[0.0,0.0,0.0],"spd":[-3.4300721141993084,-29.782097216343208,0.0],"spd_noise":[0.0,0.0,0.0]}
{"type":3,"rcvTime":25299.40525805917,"sendTime":25299.405149171223,"sender":2893,"messageID":6370031,"pos":[3606.5871600145858,6023.004208901553,1.895],"pos_noise":[0.0,0.0,0.0],"spd":[-3.1628345416144119,-27.478434200529756,0.0],"spd_noise":[0.0,0.0,0.0],"RSSI":5.245439405842778e-8}
{"type":3,"rcvTime":25299.418018460536,"sendTime":25299.417901935238,"sender":2875,"messageID":6370949,"pos":[3595.26116687155,5963.75974187785,1.895],"pos_noise":[0.0,0.0,0.0],"spd":[-2.4062714253046075,-36.248860769480867,0.0],"spd_noise":[0.0,0.0,0.0],"RSSI":1.3506697343807225e-7}
{"type":3,"rcvTime":25299.492597776996,"sendTime":25299.49247950069,"sender":2671,"messageID":6375407,"pos":[3595.2999830686887,5650.352026565208,1.895],"pos_noise":[0.0,0.0,0.0],"spd":[1.465141626143901,-34.08696844496301,0.0],"spd_noise":[0.0,0.0,0.0],"RSSI":2.8071990666233039e-9}
{"type":2,"rcvTime":25299.5,"pos":[3607.1258259740459,6056.537527011009,1.895],"noise":[0.0,0.0,0.0],"spd":[-3.4220833104940415,-29.712733272770689,0.0],"spd_noise":[0.0,0.0,0.0]}
{"type":3,"rcvTime":25299.574894781297,"sendTime":25299.574778992075,"sender":2899,"messageID":6384149,"pos":[3597.8756100524026,6003.144570146132,1.895],"pos_noise":[0.0,0.0,0.0],"spd":[-2.410035817228525,-36.30556880221336,0.0],"spd_noise":[0.0,0.0,0.0],"RSSI":2.103945674669085e-8}
{"type":3,"rcvTime":25299.5920769886,"sendTime":25299.591962367856,"sender":2665,"messageID":6384939,"pos":[3525.219869392685,5751.0593979924019,1.895],"pos_noise":[0.0,0.0,0.0],"spd":[-2.565588962531908,31.318676074166633,0.0],"spd_noise":[0.0,0.0,0.0],"RSSI":5.666879061080299e-9}
{"type":2,"rcvTime":25299.6,"pos":[3606.7829893915838,6053.560798799979,1.895],"noise":[0.0,0.0,0.0],"spd":[-3.428352894681997,-29.767169844240664,0.0],"spd_noise":[0.0,0.0,0.0]}
{"type":2,"rcvTime":25299.7,"pos":[3606.4407089116868,6050.5888990299,1.895],"noise":[0.0,0.0,0.0],"spd":[-3.422791890003772,-29.71888561684443,0.0],"spd_noise":[0.0,0.0,0.0]}
{"type":3,"rcvTime":25299.757130639,"sendTime":25299.757023609567,"sender":2833,"messageID":6394040,"pos":[3695.307596244528,5701.537512566482,1.895],"pos_noise":[0.0,0.0,0.0],"spd":[-0.020489239097901604,-35.20307392433783,0.0],"spd_noise":[0.0,0.0,0.0],"RSSI":9.445018072283786e-9}
{"type":3,"rcvTime":25299.76469064304,"sendTime":25299.764575397967,"sender":2419,"messageID":6394645,"pos":[3586.830447040313,5937.668499314195,1.895],"pos_noise":[0.0,0.0,0.0],"spd":[2.005164330744709,26.967555515553035,0.0],"spd_noise":[0.0,0.0,0.0],"RSSI":7.980985786732013e-9}
{"type":2,"rcvTime":25299.8,"pos":[3606.0980086592714,6047.613354524217,1.895],"noise":[0.0,0.0,0.0],"spd":[-3.4269895993574015,-29.75533283541405,0.0],"spd_noise":[0.0,0.0,0.0]}
{"type":3,"rcvTime":25299.803125643815,"sendTime":25299.80301537695,"sender":2887,"messageID":6395813,"pos":[3600.885609927792,5998.624200376783,1.895],"pos_noise":[0.0,0.0,0.0],"spd":[-2.0254782864695888,-30.52063472679574,0.0],"spd_noise":[0.0,0.0,0.0],"RSSI":3.613287959975475e-8}
{"type":2,"rcvTime":25299.899999999998,"pos":[3605.7558499632339,6044.642512160107,1.895],"noise":[0.0,0.0,0.0],"spd":[-3.421574056006542,-29.70831159703047,0.0],"spd_noise":[0.0,0.0,0.0]}
{"type":3,"rcvTime":25299.91058698571,"sendTime":25299.910468329163,"sender":2659,"messageID":6402663,"pos":[3596.9064827040767,5585.558331347983,1.895],"pos_noise":[0.0,0.0,0.0],"spd":[-2.4435091104290049,29.82880242391932,0.0],"spd_noise":[0.0,0.0,0.0],"RSSI":3.5736031836264264e-9}
{"type":3,"rcvTime":25299.92884599102,"sendTime":25299.928735157195,"sender":2545,"messageID":6403838,"pos":[3584.3116467620277,5882.31092160949,1.895],"pos_noise":[0.0,0.0,0.0],"spd":[-0.02986379354399883,30.812543291977894,0.0],"spd_noise":[0.0,0.0,0.0],"RSSI":3.076781728303596e-9}
{"type":3,"rcvTime":25299.93121440036,"sendTime":25299.931096678178,"sender":2569,"messageID":6404751,