{"type":2,"rcvTime":25298.7,"pos":[6180.703182848026,5827.201145143612,1.895],"noise":[0.0,0.0,0.0],"spd":[-0.0,-0.0,0.0],"spd_noise":[0.0,0.0,0.0]}
{"type":3,"rcvTime":25298.703168395605,"sendTime":25298.703054737438,"sender":2287,"messageID":6326627,"pos":[6110.931031489606,5449.962188515796,1.895],"pos_noise":[0.0,0.0,0.0],"spd":[2.364704276874828e-15,-4.718912477326683e-14,0.0],"spd_noise":[0.0,0.0,0.0],"RSSI":6.826357268999584e-9}
{"type":3,"rcvTime":25298.728018827078,"sendTime":25298.7279052441,"sender":1069,"messageID":6329044,"pos":[6249.183668250487,5838.841962887166,1.895],"pos_noise":[0.0,0.0,0.0],"spd":[12.63296441775993,0.8314752043466528,0.0],"spd_noise":[0.0,0.0,0.0],"RSSI":2.1969358581387155e-8}
{"type":2,"rcvTime":25298.8,"pos":[6180.678497696726,5827.198658262898,1.895],"noise":[0.0,0.0,0.0],"spd":[-0.2468664241445363,-0.024870309347905605,0.0],"spd_noise":[0.0,0.0,0.0]}
{"type":3,"rcvTime":25298.826974501742,"sendTime":25298.826869176377,"sender":2731,"messageID":6333438,"pos":[6112.788291490271,5820.359127792532,1.895],"pos_noise":[0.0,0.0,0.0],"spd":[-12.055862685831395,-1.2145557480792642,0.0],"spd_noise":[0.0,0.0,0.0],"RSSI":4.94822246611789e-9}
{"type":3,"rcvTime":25298.83422296503,"sendTime":25298.83411734132,"sender":379,"messageID":6334454,"pos":[5946.474387348211,5593.940472707305,1.895],"pos_noise":[0.0,0.0,0.0],"spd":[10.221679277809774,0.588174841125364,0.0],"spd_noise":[0.0,0.0,0.0],"RSSI":1.7199494567016879e-8}
{"type":3,"rcvTime":25298.88712317989,"sendTime":25298.887012095143,"sender":1645,"messageID":6337681,"pos":[5869.188401865872,5712.318033440984,1.895],"pos_noise":[0.0,0.0,0.0],"spd":[4.2693926527693268,0.47621759920987219,0.0],"spd_noise":[0.0,0.0,0.0],"RSSI":9.03177701918426e-9}
{"type":2,"rcvTime":25298.899999999998,"pos":[6180.62960129152,5827.193732243786,1.895],"noise":[0.0,0.0,0.0],"spd":[-0.48899358808917917,-0.04926316669850427,0.0],"spd_noise":[0.0,0.0,0.0]}
{"type":3,"rcvTime":25298.908348265784,"sendTime":25298.908241053392,"sender":2059,"messageID":6339356,"pos":[5645.898342039198,5763.494328800848,1.895],"pos_noise":[0.0,0.0,0.0],"spd":[12.377437251016853,1.5879116588467089,0.0],"spd_noise":[0.0,0.0,0.0],"RSSI":1.962641376485902e-9}
{"type":3,"rcvTime":25298.917624395817,"sendTime":25298.917511808686,"sender":109,"messageID":6340310,"pos":[6321.829629102213,5595.350561823124,1.895],"pos_noise":[0.0,0.0,0.0],"spd":[3.117454481616729e-15,4.553527775604405e-14,0.0],"spd_noise":[0.0,0.0,0.0],"RSSI":1.3892614696069064e-9}
{"type":3,"rcvTime":25298.970840437145,"sendTime":25298.970726526015,"sender":2467,"messageID":6343734,"pos":[6323.427919834892,5862.723519021706,1.895],"pos_noise":[0.0,0.0,0.0],"spd":[0.16933552512844037,-3.3791943043208656,0.0],"spd_noise":[0.0,0.0,0.0],"RSSI":2.459515266953761e-8}
{"type":2,"rcvTime":25299.0,"pos":[6180.557379519082,5827.186456334037,1.895],"noise":[0.0,0.0,0.0],"spd":[-0.7222613501701508,-0.07276349252835784,0.0],"spd_noise":[0.0,0.0,0.0]}
{"type":3,"rcvTime":25299.02570417019,"sendTime":25299.025587499887,"sender":2449,"messageID":6347724,"pos":[6099.212641961887,5780.144954269698,1.895],"pos_noise":[0.0,0.0,0.0],"spd":[0.22687845750041478,-4.52749882683115,0.0],"spd_noise":[0.0,0.0,0.0],"RSSI":8.856216320875208e-9}
{"type":3,"rcvTime":25299.052552788376,"sendTime":25299.05243487912,"sender":187,"messageID":6348419,"pos":[6234.406048324863,5837.86933095842,1.895],"pos_noise":[0.0,0.0,0.0],"spd":[12.43936752113535,0.8187330629275854,0.0],"spd_noise":[0.0,0.0,0.0],"RSSI":2.664048819777779e-8}
{"type":3,"rcvTime":25299.06331186088,"sendTime":25299.06320180604,"sender":769,"messageID":6349008,"pos":[6095.512556651794,5682.37842988564,1.895],"pos_noise":[0.0,0.0,0.0],"spd":[-1.0006233401971983,-14.587749310443864,0.0],"spd_noise":[0.0,0.0,0.0],"RSSI":3.199484565955354e-9}
{"type":3,"rcvTime":25299.0651130148,"sendTime":25299.064998670947,"sender":481,"messageID":6349355,"pos":[6091.393436957089,5804.344494352397,1.895],"pos_noise":[0.0,0.0,0.0],"spd":[-0.307683712514365,6.140017270889202,0.0],"spd_noise":[0.0,0.0,0.0],"RSSI":4.412276625107213e-8}
{"type":3,"rcvTime":25299.076092326846,"sendTime":25299.07598362714,"sender":2179,"messageID":6350241,"pos":[6097.9498976738109,5739.529822660743,1.895],"pos_noise":[0.0,0.0,0.0],"spd":[2.2778204544559034e-15,-4.545530478702541e-14,0.0],"spd_noise":[0.0,0.0,0.0],"RSSI":6.234161629536846e-9}
{"type":3,"rcvTime":25299.088072335842,"sendTime":25299.087966183015,"sender":2869,"messageID":6352265,"pos":[6227.2583980600979,6091.524778381423,1.895],"pos_noise":[0.0,0.0,0.0],"spd":[-6.247108058096385,-0.6293586115368076,0.0],"spd_noise":[0.0,0.0,0.0],"RSSI":2.8545408002566695e-7}
{"type":2,"rcvTime":25299.1,"pos":[6180.463249028095,5827.176973252495,1.895],"noise":[0.0,0.0,0.0],"spd":[-0.94136176969899,-0.0948365436970599,0.0],"spd_noise":[0.0,0.0,0.0]}
{"type":3,"rcvTime":25299.12817164858,"sendTime":25299.128062198775,"sender":2923,"messageID":6354534,"pos":[6123.65015326249,5821.453395120724,1.895],"pos_noise":[0.0,0.0,0.0],"spd":[-1.1885210518578283,-0.11973635673069727,0.0],"spd_noise":[0.0,0.0,0.0],"RSSI":2.374240504122595e-7}
{"type":3,"rcvTime":25299.142583084744,"sendTime":25299.142475898145,"sender":757,"messageID":6355611,"pos":[6163.917308425886,5735.614787626461,1.895],"pos_noise":[0.0,0.0,0.0],"spd":[11.297026683647803,0.5790686100946485,0.0],"spd_noise":[0.0,0.0,0.0],"RSSI":3.1875475789071459e-9}
{"type":2,"rcvTime":25299.2,"pos":[6180.344208213577,5827.164980605491,1.895],"noise":[0.0,0.0,0.0],"spd":[-1.1904800521532156,-0.11993371424287808,0.0],"spd_noise":[0.0,0.0,0.0]}
{"type":3,"rcvTime":25299.241065363836,"sendTime":25299.240951809006,"sender":2377,"messageID":6358536,"pos":[6182.197523389194,5610.20203364485,1.895],"pos_noise":[0.0,0.0,0.0],"spd":[0.02239867742562228,-0.4469793513422879,0.0],"spd_noise":[0.0,0.0,0.0],"RSSI":6.224889073665471e-9}
{"type":3,"rcvTime":25299.24408847859,"sendTime":25299.243979626335,"sender":2677,"messageID":6358918,"pos":[6097.717198742127,5809.987441289623,1.895],"pos_noise":[0.0,0.0,0.0],"spd":[0.574970972096231,-11.473898537127506,0.0],"spd_noise":[0.0,0.0,0.0],"RSSI":4.595973958228573e-9}
{"type":3,"rcvTime":25299.253481808475,"sendTime":25299.2533717846,"sender":1303,"messageID":6359290,"pos":[6152.529280493644,5738.337944430302,1.895],"pos_noise":[0.0,0.0,0.0],"spd":[13.788544310541992,0.7057079096735366,0.0],"spd_noise":[0.0,0.0,0.0],"RSSI":6.278240825148417e-8}
{"type":3,"rcvTime":25299.283818069824,"sendTime":25299.28371169879,"sender":2641,"messageID":6360438,"pos":[6095.198477047178,5794.4361094736809,1.895],"pos_noise":[0.0,0.0,0.0],"spd":[0.5876178070636147,-11.726273888708335,0.0],"spd_noise":[0.0,0.0,0.0],"RSSI":2.516281770616691e-8}
{"type":3,"rcvTime":25299.288531407383,"sendTime":25299.28841771744,"sender":313,"messageID":6361326,"pos":[6170.480953257551,5732.651330876823,1.895],"pos_noise":[0.0,0.0,0.0],"spd":[13.497350964178484,0.6916633150881679,0.0],"spd_noise":[0.0,0.0,0.0],"RSSI":3.174321211874645e-8}
{"type":2,"rcvTime":25299.3,"pos":[6180.205384056877,5827.150994905596,1.895],"noise":[0.0,0.0,0.0],"spd":[-1.3883254241772898,-0.13986544705106086,0.0],"spd_noise":[0.0,0.0,0.0]}
{"type":3,"rcvTime":25299.315708512808,"sendTime":25299.315598902664,"sender":2857,"messageID":6363352,"pos":[6147.688916574359,5823.8751561276289,1.895],"pos_noise":[0.0,0.0,0.0],"spd":[-5.3887020627385289,-0.542879363803351,0.0],"spd_noise":[0.0,0.0,0.0],"RSSI":5.817536891209202e-7}
{"type":3,"rcvTime":25299.35081748299,"sendTime":25299.35069984882,"sender":2401,"messageID":6365359,"pos":[6047.706446027955,5536.700568584545,1.895],"pos_noise":[0.0,0.0,0.0],"spd":[5.167831249770378,12.272965284047379,0.0],"spd_noise":[0.0,0.0,0.0],"RSSI":8.880614499038017e-9}
{"type":3,"rcvTime":25299.36212660645,"sendTime":25299.362018213375,"sender":1777,"messageID":6365808,"pos":[6130.182879327861,5985.114593909603,1.895],"pos_noise":[0.0,0.0,0.0],