{"type":2,"rcvTime":25200.0,"pos":[3593.0569677636487,5976.905857219574,1.895],"noise":[0.0,0.0,0.0],"spd":[2.219770001171921,29.811626129734529,0.0],"spd_noise":[0.0,0.0,0.0]}
{"type":2,"rcvTime":25200.1,"pos":[3593.2783074678907,5979.878460915923,1.895],"noise":[0.0,0.0,0.0],"spd":[2.216056414780565,29.761752472084806,0.0],"spd_noise":[0.0,0.0,0.0]}
{"type":3,"rcvTime":25200.11088424502,"sendTime":25200.110778157832,"sender":859,"messageID":6138,"pos":[3806.9268825879869,6164.5390879214669,1.895],"pos_noise":[0.0,0.0,0.0],"spd":[1.27198647263028,29.875540146495973,0.0],"spd_noise":[0.0,0.0,0.0],"RSSI":1.6155421172197336e-8}
{"type":3,"rcvTime":25200.193347235265,"sendTime":25200.193239077926,"sender":97,"messageID":9830,"pos":[3605.487422304363,5526.255629083876,1.895],"pos_noise":[0.0,0.0,0.0],"spd":[2.827330888960856,-33.58737783181955,0.0],"spd_noise":[0.0,0.0,0.0],"RSSI":2.5766092897659666e-9}
{"type":2,"rcvTime":25200.2,"pos":[3593.5009233634998,5982.868203928455,1.895],"noise":[0.0,0.0,0.0],"spd":[2.228833661751127,29.933351560926906,0.0],"spd_noise":[0.0,0.0,0.0]}
{"type":3,"rcvTime":25200.24404782547,"sendTime":25200.243932312118,"sender":1141,"messageID":12732,"pos":[3390.441205873192,5615.045777348174,1.895],"pos_noise":[0.0,0.0,0.0],"spd":[-1.2480798087233359,29.89248866261083,0.0],"spd_noise":[0.0,0.0,0.0],"RSSI":1.4328556917951753e-8}
{"type":2,"rcvTime":25200.3,"pos":[3593.723040705402,5985.851251338877,1.895],"noise":[0.0,0.0,0.0],"spd":[2.2238421346169394,29.866315092892508,0.0],"spd_noise":[0.0,0.0,0.0]}
{"type":3,"rcvTime":25200.36161252979,"sendTime":25200.361496341415,"sender":13,"messageID":17665,"pos":[3496.694654209036,5616.7383205801629,1.895],"pos_noise":[0.0,0.0,0.0],"spd":[-2.450958123501458,29.919353669758267,0.0],"spd_noise":[0.0,0.0,0.0],"RSSI":1.123353856365968e-8}
{"type":2,"rcvTime":25200.399999999998,"pos":[3593.945360577453,5988.837018739682,1.895],"noise":[0.0,0.0,0.0],"spd":[2.2258698694762155,29.893547677116574,0.0],"spd_noise":[0.0,0.0,0.0]}
{"type":2,"rcvTime":25200.5,"pos":[3594.1670345999375,5991.814112347347,1.895],"noise":[0.0,0.0,0.0],"spd":[2.2194036140001285,29.806705531033559,0.0],"spd_noise":[0.0,0.0,0.0]}
{"type":3,"rcvTime":25200.52180416791,"sendTime":25200.52169612446,"sender":31,"messageID":25967,"pos":[3721.460785281934,6030.464684367511,1.895],"pos_noise":[0.0,0.0,0.0],"spd":[3.13823381615864,29.718252118167965,0.0],"spd_noise":[0.0,0.0,0.0],"RSSI":3.40078124785093e-8}
{"type":3,"rcvTime":25200.571757237747,"sendTime":25200.57164137601,"sender":79,"messageID":29639,"pos":[3604.8956602745276,6037.173790780318,1.895],"pos_noise":[0.0,0.0,0.0],"spd":[-3.9823269812801356,-34.577129971331128,0.0],"spd_noise":[0.0,0.0,0.0],"RSSI":1.1297324496415914e-8}
{"type":2,"rcvTime":25200.6,"pos":[3594.3890212883568,5994.795405074718,1.895],"noise":[0.0,0.0,0.0],"spd":[2.2225340299960316,29.848747180056266,0.0],"spd_noise":[0.0,0.0,0.0]}
{"type":3,"rcvTime":25200.685820395647,"sendTime":25200.68571244739,"sender":445,"messageID":33777,"pos":[3591.053223963119,5670.59569183635,1.895],"pos_noise":[0.0,0.0,0.0],"spd":[-1.249319954814759,29.92219113251592,0.0],"spd_noise":[0.0,0.0,0.0],"RSSI":2.27740504296268e-9}
{"type":2,"rcvTime":25200.7,"pos":[3594.610562351105,5997.770713026239,1.895],"noise":[0.0,0.0,0.0],"spd":[2.218072419144187,29.788827515138367,0.0],"spd_noise":[0.0,0.0,0.0]}
{"type":3,"rcvTime":25200.733550418998,"sendTime":25200.733441144926,"sender":61,"messageID":37187,"pos":[3602.4397396694196,5972.158091847101,1.895],"pos_noise":[0.0,0.0,0.0],"spd":[-1.7627779109606237,-26.569306203926918,0.0],"spd_noise":[0.0,0.0,0.0],"RSSI":3.3672125559296968e-7}
{"type":3,"rcvTime":25200.771285429557,"sendTime":25200.77117567323,"sender":625,"messageID":38645,"pos":[3587.121871247049,5410.06513262175,1.895],"pos_noise":[0.0,0.0,0.0],"spd":[1.1642194122655497,-27.110436586558089,0.0],"spd_noise":[0.0,0.0,0.0],"RSSI":1.7768517586570135e-9}
{"type":2,"rcvTime":25200.8,"pos":[3594.83353959664,6000.765308987003,1.895],"noise":[0.0,0.0,0.0],"spd":[2.2324515025919795,29.98193935087856,0.0],"spd_noise":[0.0,0.0,0.0]}
{"type":3,"rcvTime":25200.830293451087,"sendTime":25200.830188097432,"sender":55,"messageID":41111,"pos":[3593.0380875462935,5930.1450806738989,1.895],"pos_noise":[0.0,0.0,0.0],"spd":[-2.1474739206249278,-33.183782395575899,0.0],"spd_noise":[0.0,0.0,0.0],"RSSI":6.39186014667165e-9}
{"type":3,"rcvTime":25200.84217098561,"sendTime":25200.842056653695,"sender":247,"messageID":42158,"pos":[3599.7604622306159,5700.184192383465,1.895],"pos_noise":[0.0,0.0,0.0],"spd":[1.160884561574176,-27.05733675177822,0.0],"spd_noise":[0.0,0.0,0.0],"RSSI":4.937281380251944e-9}
{"type":3,"rcvTime":25200.89476303919,"sendTime":25200.89465129329,"sender":67,"messageID":45640,"pos":[3604.670745830112,6005.784724820983,1.895],"pos_noise":[0.0,0.0,0.0],"spd":[-2.7313086037857317,-26.804096603827526,0.0],"spd_noise":[0.0,0.0,0.0],"RSSI":1.7529041542706086e-7}
{"type":2,"rcvTime":25200.899999999998,"pos":[3595.055843162789,6003.750857398708,1.895],"noise":[0.0,0.0,0.0],"spd":[2.225706614549108,29.89135515498671,0.0],"spd_noise":[0.0,0.0,0.0]}
{"type":3,"rcvTime":25200.950462381887,"sendTime":25200.950354659926,"sender":73,"messageID":47912,"pos":[3597.421143636963,5946.4203772639989,1.895],"pos_noise":[0.0,0.0,0.0],"spd":[-2.256647650265281,-34.00397777696765,0.0],"spd_noise":[0.0,0.0,0.0],"RSSI":1.2139390646085222e-7}
{"type":3,"rcvTime":25200.976391384076,"sendTime":25200.97627445473,"sender":7,"messageID":49723,"pos":[3592.3489504581409,5967.397148121769,1.895],"pos_noise":[0.0,0.0,0.0],"spd":[2.2362743888808005,30.033280911828944,0.0],"spd_noise":[0.0,0.0,0.0],"RSSI":3.355304724483586e-8}
{"type":2,"rcvTime":25201.0,"pos":[3595.2778247145467,6006.7320811404429,1.895],"noise":[0.0,0.0,0.0],"spd":[2.22248260166007,29.848056494839626,0.0],"spd_noise":[0.0,0.0,0.0]}
{"type":2,"rcvTime":25201.1,"pos":[3595.5536115713059,6009.708753479674,1.895],"noise":[0.0,0.0,0.0],"spd":[2.5811855440926596,29.8220962251985,0.0],"spd_noise":[0.0,0.0,0.0]}
{"type":3,"rcvTime":25201.110893524885,"sendTime":25201.110778157832,"sender":859,"messageID":56547,"pos":[3665.6277416855739,6039.793172437495,1.895],"pos_noise":[0.0,0.0,0.0],"spd":[2.228000290425013,29.92215934084344,0.0],"spd_noise":[0.0,0.0,0.0],"RSSI":1.7270554106752708e-8}
{"type":3,"rcvTime":25201.1933494871,"sendTime":25201.193239077926,"sender":97,"messageID":60317,"pos":[3608.318528428357,5492.623403213209,1.895],"pos_noise":[0.0,0.0,0.0],"spd":[2.8252772429979675,-33.56298147161172,0.0],"spd_noise":[0.0,0.0,0.0],"RSSI":1.7097188350951784e-9}
{"type":2,"rcvTime":25201.2,"pos":[3595.86828196378,6012.68859966243,1.895],"noise":[0.0,0.0,0.0],"spd":[3.1504846551287186,29.83426435383923,0.0],"spd_noise":[0.0,0.0,0.0]}
{"type":3,"rcvTime":25201.236436025116,"sendTime":25201.236151666148,"sender":85,"messageID":63043,"pos":[3596.699662170108,5985.429706141502,1.895],"pos_noise":[0.0,0.0,0.0],"spd":[-2.42357835051351,-36.50957795860978,0.0],"spd_noise":[0.0,0.0,0.0],"RSSI":2.2697730506631393e-7}
{"type":3,"rcvTime":25201.244043929353,"sendTime":25201.243932312118,"sender":1141,"messageID":63633,"pos":[3793.095423043965,5752.448955904333,1.895],"pos_noise":[0.0,0.0,0.0],"spd":[-1.2481452710077397,29.89405653557912,0.0],"spd_noise":[0.0,0.0,0.0],"RSSI":5.353899758430882e-9}
{"type":2,"rcvTime":25201.3,"pos":[3596.1833627547155,6015.6723322110969,1.895],"noise":[0.0,0.0,0.0],"spd":[3.154593570624546,29.873174707204009,0.0],"spd_noise":[0.0,0.0,0.0]}
{"type":3,"rcvTime":25201.361611956734,"sendTime":25201.361496341415,"sender":13,"messageID":68663,"pos":[3721.852196803756,5884.709361049323,1.895],"pos_noise":[0.0,0.0,0.0],"spd":[-1.2470004863568143,29.836156726025587,0.0],"spd_noise":[0.0,0.0,0.0],"RSSI":4.0027569084287828e-9}
{"type":2,"rcvTime":25201.399999999998,"pos":[3596.4965968220119,6018.638576770685,1.895],"noise":[0.0,0.0,0.0],"spd":[3.136104146054329,29.698084700150465,0.0],