{"type":2,"rcvTime":18099.8,"pos":[6324.882634542836,5732.777982974421,1.895],"noise":[0.0,0.0,0.0],"spd":[-13.696731304005896,-0.8686687960651188,0.0],"spd_noise":[0.0,0.0,0.0]}
{"type":3,"rcvTime":18099.87167130452,"sendTime":18099.871558409555,"sender":367,"messageID":311464,"pos":[6145.602499780285,5737.983426663386,1.895],"pos_noise":[0.0,0.0,0.0],"spd":[12.464675173794399,0.6379513067911595,0.0],"spd_noise":[0.0,0.0,0.0],"RSSI":1.7592147301134257e-9}
{"type":2,"rcvTime":18099.899999999998,"pos":[6323.522187158371,5732.690728198293,1.895],"noise":[0.0,0.0,0.0],"spd":[-13.605969096029292,-0.8656693404519097,0.0],"spd_noise":[0.0,0.0,0.0]}
{"type":3,"rcvTime":18099.9188203313,"sendTime":18099.918702699848,"sender":493,"messageID":311822,"pos":[6208.722774665057,5511.26199856,1.895],"pos_noise":[0.0,0.0,0.0],"spd":[6.590626625676496,-4.721530919760969,0.0],"spd_noise":[0.0,0.0,0.0],"RSSI":5.6737835156267959e-9}
{"type":2,"rcvTime":18100.0,"pos":[6322.157585063719,5732.603206952243,1.895],"noise":[0.0,0.0,0.0],"spd":[-13.647344719756445,-0.8710755625517158,0.0],"spd_noise":[0.0,0.0,0.0]}
