{"type":2,"rcvTime":18000.0,"pos":[3594.0924416392615,6027.314702438278,1.895],"noise":[0.0,0.0,0.0],"spd":[3.369223033881527,31.88457686256785,0.0],"spd_noise":[0.0,0.0,0.0]}
{"type":3,"rcvTime":18000.034288182465,"sendTime":18000.03417131002,"sender":37,"messageID":228,"pos":[3595.850749905902,5972.641413787151,1.895],"pos_noise":[0.0,0.0,0.0],"spd":[-1.987876804006321,-29.946027176131414,0.0],"spd_noise":[0.0,0.0,0.0],"RSSI":7.904014580789105e-8}
{"type":3,"rcvTime":18000.091664186337,"sendTime":18000.09155644034,"sender":121,"messageID":292,"pos":[3592.959931449648,5975.602654494759,1.895],"pos_noise":[0.0,0.0,0.0],"spd":[2.499489777731647,33.56827722218507,0.0],"spd_noise":[0.0,0.0,0.0],"RSSI":4.413877919006982e-8}
{"type":2,"rcvTime":18000.1,"pos":[3594.428030760722,6030.490543583207,1.895],"noise":[0.0,0.0,0.0],"spd":[3.3558959018770855,31.75845580721472,0.0],"spd_noise":[0.0,0.0,0.0]}
{"type":3,"rcvTime":18000.198219478585,"sendTime":18000.198101483285,"sender":19,"messageID":856,"pos":[3852.3100810958278,5923.690749889397,1.895],"pos_noise":[0.0,0.0,0.0],"spd":[3.2684420230450308,30.95128972679873,0.0],"spd_noise":[0.0,0.0,0.0],"RSSI":3.47700973225673e-8}
{"type":2,"rcvTime":18000.2,"pos":[3594.76419575206,6033.671834461563,1.895],"noise":[0.0,0.0,0.0],"spd":[3.3616546087007967,31.81295321760417,0.0],"spd_noise":[0.0,0.0,0.0]}
{"type":2,"rcvTime":18000.3,"pos":[3595.0999115829556,6036.848874718772,1.895],"noise":[0.0,0.0,0.0],"spd":[3.3571629979959947,31.770446946771036,0.0],"spd_noise":[0.0,0.0,0.0]}
{"type":2,"rcvTime":18000.4,"pos":[3595.4358277786225,6040.027811124114,1.895],"noise":[0.0,0.0,0.0],"spd":[3.3591666485116145,31.789408454581165,0.0],"spd_noise":[0.0,0.0,0.0]}
{"type":3,"rcvTime":18000.45211188332,"sendTime":18000.45200160658,"sender":193,"messageID":1255,"pos":[3581.0624047495477,5829.953955986538,1.895],"pos_noise":[0.0,0.0,0.0],"spd":[-0.028981220971394874,29.93314261342915,0.0],"spd_noise":[0.0,0.0,0.0],"RSSI":2.8096411211931934e-8}
{"type":2,"rcvTime":18000.5,"pos":[3595.7710288647247,6043.199980103956,1.895],"noise":[0.0,0.0,0.0],"spd":[3.3520155428778306,31.72173410505315,0.0],"spd_noise":[0.0,0.0,0.0]}
{"type":2,"rcvTime":18000.6,"pos":[3596.1071111988765,6046.380488757628,1.895],"noise":[0.0,0.0,0.0],"spd":[3.360828035679251,31.805130959839408,0.0],"spd_noise":[0.0,0.0,0.0]}
{"type":2,"rcvTime":18000.7,"pos":[3596.442406974338,6049.553553828385,1.895],"noise":[0.0,0.0,0.0],"spd":[3.352962437792799,31.730695026723664,0.0],"spd_noise":[0.0,0.0,0.0]}
{"type":2,"rcvTime":18000.8,"pos":[3596.7771379988914,6052.721274389869,1.895],"noise":[0.0,0.0,0.0],"spd":[3.347314920821065,31.677249859349137,0.0],"spd_noise":[0.0,0.0,0.0]}
{"type":3,"rcvTime":18000.829257256715,"sendTime":18000.82914691069,"sender":25,"messageID":2054,"pos":[3595.500947066752,5722.500128077406,1.895],"pos_noise":[0.0,0.0,0.0],"spd":[1.1868102564269596,-27.636495198548795,0.0],"spd_noise":[0.0,0.0,0.0],"RSSI":1.558452922741706e-9}
{"type":2,"rcvTime":18000.9,"pos":[3597.112627363714,6055.896171489793,1.895],"noise":[0.0,0.0,0.0],"spd":[3.3548983341092297,31.7490153439833,0.0],"spd_noise":[0.0,0.0,0.0]}
{"type":2,"rcvTime":18001.0,"pos":[3597.448078438295,6059.070706230753,1.895],"noise":[0.0,0.0,0.0],"spd":[3.3545154311516405,31.745391749273776,0.0],"spd_noise":[0.0,0.0,0.0]}
{"type":3,"rcvTime":18001.018460350013,"sendTime":18001.018354159314,"sender":235,"messageID":2337,"pos":[3607.838035290044,6062.721387402646,1.895],"pos_noise":[0.0,0.0,0.0],"spd":[-3.6038177588983317,-31.290668904947144,0.0],"spd_noise":[0.0,0.0,0.0],"RSSI":0.0000014438241830048025}
{"type":3,"rcvTime":18001.09166510502,"sendTime":18001.09155644034,"sender":121,"messageID":2459,"pos":[3595.4930856808016,6009.135589152522,1.895],"pos_noise":[0.0,0.0,0.0],"spd":[2.7727471825239715,33.58317514601939,0.0],"spd_noise":[0.0,0.0,0.0],"RSSI":9.192336946305033e-8}
{"type":2,"rcvTime":18001.1,"pos":[3597.7825834800376,6062.236288208289,1.895],"noise":[0.0,0.0,0.0],"spd":[3.3450550895577297,31.65586398999953,0.0],"spd_noise":[0.0,0.0,0.0]}
{"type":2,"rcvTime":18001.2,"pos":[3598.1172268053167,6065.403178829392,1.895],"noise":[0.0,0.0,0.0],"spd":[3.346437926854265,31.66895044394646,0.0],"spd_noise":[0.0,0.0,0.0]}
{"type":2,"rcvTime":18001.3,"pos":[3598.452151286839,6068.5727301671599,1.895],"noise":[0.0,0.0,0.0],"spd":[3.3492494932196847,31.695557647744569,0.0],"spd_noise":[0.0,0.0,0.0]}
{"type":2,"rcvTime":18001.4,"pos":[3598.787534102138,6071.746618937726,1.895],"noise":[0.0,0.0,0.0],"spd":[3.353832837378623,31.738932036329815,0.0],"spd_noise":[0.0,0.0,0.0]}
{"type":3,"rcvTime":18001.452116744345,"sendTime":18001.45200160658,"sender":193,"messageID":3474,"pos":[3581.0333864569136,5859.925387924958,1.895],"pos_noise":[0.0,0.0,0.0],"spd":[-0.02898622220772695,29.938308121139106,0.0],"spd_noise":[0.0,0.0,0.0],"RSSI":5.702650868180152e-9}
{"type":2,"rcvTime":18001.5,"pos":[3599.122759569606,6074.919018650148,1.895],"noise":[0.0,0.0,0.0],"spd":[3.352259356874383,31.724041434082748,0.0],"spd_noise":[0.0,0.0,0.0]}
{"type":2,"rcvTime":18001.6,"pos":[3599.4575325796906,6078.087136540895,1.895],"noise":[0.0,0.0,0.0],"spd":[3.347734776721177,31.68122315752017,0.0],"spd_noise":[0.0,0.0,0.0]}
