{"type":2,"rcvTime":25297.899999999998,"pos":[4597.5295973438319,5180.1544865925729,1.895],"noise":[0.0,0.0,0.0],"spd":[-4.06558958291262,5.939895288933024,0.0],"spd_noise":[0.0,0.0,0.0]}
{"type":2,"rcvTime":25298.0,"pos":[4597.470032105849,5180.866514952464,1.895],"noise":[0.0,0.0,0.0],"spd":[-3.7468517452076237,6.424048766777983,0.0],"spd_noise":[0.0,0.0,0.0]}
{"type":3,"rcvTime":25298.01863829288,"sendTime":25298.01852959348,"sender":265,"messageID":5938531,"pos":[4470.444237543942,5276.338993295386,1.895],"pos_noise":[0.0,0.0,0.0],"spd":[9.739387424473803,-7.57569084006424,0.0],"spd_noise":[0.0,0.0,0.0],"RSSI":3.2751401748235877e-9}
{"type":3,"rcvTime":25298.05908862358,"sendTime":25298.05897310353,"sender":1171,"messageID":5942809,"pos":[4431.71583404696,5307.29353584296,1.895],"pos_noise":[0.0,0.0,0.0],"spd":[10.517748786172346,1.2724112990756267,0.0],"spd_noise":[0.0,0.0,0.0],"RSSI":1.506092331063681e-8}
{"type":3,"rcvTime":25298.064581627248,"sendTime":25298.064468457644,"sender":2857,"messageID":5943484,"pos":[4542.165592668521,5210.704898895838,1.895],"pos_noise":[0.0,0.0,0.0],"spd":[-11.140379492351937,7.7019907601448829,0.0],"spd_noise":[0.0,0.0,0.0],"RSSI":1.112012658306626e-8}
{"type":3,"rcvTime":25298.085622651855,"sendTime":25298.085506030915,"sender":2815,"messageID":5945939,"pos":[4545.038655276502,5216.74315776391,1.895],"pos_noise":[0.0,0.0,0.0],"spd":[-9.845062104431918,6.810067097064146,0.0],"spd_noise":[0.0,0.0,0.0],"RSSI":8.473952464742693e-8}
{"type":2,"rcvTime":25298.1,"pos":[4597.524004614322,5181.630307723886,1.895],"noise":[0.0,0.0,0.0],"spd":[-3.162913689593242,6.966703738742024,0.0],"spd_noise":[0.0,0.0,0.0]}
{"type":2,"rcvTime":25298.2,"pos":[4597.579040155148,5182.409144013752,1.895],"noise":[0.0,0.0,0.0],"spd":[-2.445060864815804,7.4087323936173619,0.0],"spd_noise":[0.0,0.0,0.0]}
{"type":3,"rcvTime":25298.225418705053,"sendTime":25298.22531177872,"sender":823,"messageID":5953228,"pos":[4601.181768503972,5204.6218825742639,1.895],"pos_noise":[0.0,0.0,0.0],"spd":[0.9392723233742147,-5.981113355274635,0.0],"spd_noise":[0.0,0.0,0.0],"RSSI":7.242324013706823e-7}
{"type":3,"rcvTime":25298.274756207127,"sendTime":25298.274639739095,"sender":1783,"messageID":5956856,"pos":[4404.267386298124,5297.845392853587,1.895],"pos_noise":[0.0,0.0,0.0],"spd":[-8.947086255700033,0.6966797831109031,0.0],"spd_noise":[0.0,0.0,0.0],"RSSI":6.910477835876117e-9}
{"type":3,"rcvTime":25298.29607527014,"sendTime":25298.295960169562,"sender":2809,"messageID":5959249,"pos":[4523.695873394998,5223.834636997491,1.895],"pos_noise":[0.0,0.0,0.0],"spd":[-10.910312722442072,8.009889556662153,0.0],"spd_noise":[0.0,0.0,0.0],"RSSI":1.8989137988827997e-8}
{"type":2,"rcvTime":25298.3,"pos":[4597.635427927246,5183.20711642497,1.895],"noise":[0.0,0.0,0.0],"spd":[-1.646299654898387,7.822092724474905,0.0],"spd_noise":[0.0,0.0,0.0]}
{"type":3,"rcvTime":25298.31112327328,"sendTime":25298.311010254733,"sender":2869,"messageID":5961268,"pos":[4547.745971297246,5210.857051495854,1.895],"pos_noise":[0.0,0.0,0.0],"spd":[-10.490863486186948,7.443855188435065,0.0],"spd_noise":[0.0,0.0,0.0],"RSSI":5.5519394576672099e-8}
{"type":3,"rcvTime":25298.37874339949,"sendTime":25298.37863536631,"sender":2821,"messageID":5964612,"pos":[4532.193561131903,5221.694817373806,1.895],"pos_noise":[0.0,0.0,0.0],"spd":[-10.635081908226545,7.582617679872188,0.0],"spd_noise":[0.0,0.0,0.0],"RSSI":7.560753016411642e-9}
{"type":3,"rcvTime":25298.399667458172,"sendTime":25298.399560452763,"sender":2785,"messageID":5965204,"pos":[4527.18742258213,5229.459212696979,1.895],"pos_noise":[0.0,0.0,0.0],"spd":[-9.627503219666077,7.0638195805083419,0.0],"spd_noise":[0.0,0.0,0.0],"RSSI":5.711743734763923e-9}
{"type":2,"rcvTime":25298.399999999998,"pos":[4597.692913260875,5184.020620994807,1.895],"noise":[0.0,0.0,0.0],"spd":[-0.7762700225823854,8.11199354939959,0.0],"spd_noise":[0.0,0.0,0.0]}
{"type":2,"rcvTime":25298.5,"pos":[4597.752075925687,5184.857862342295,1.895],"noise":[0.0,0.0,0.0],"spd":[0.13063535424460358,8.385810107428787,0.0],"spd_noise":[0.0,0.0,0.0]}
{"type":3,"rcvTime":25298.56095076634,"sendTime":25298.560836856486,"sender":2539,"messageID":5975524,"pos":[4611.2065700421039,5342.514359912232,1.895],"pos_noise":[0.0,0.0,0.0],"spd":[0.4415780406773155,2.3232164270680739,0.0],"spd_noise":[0.0,0.0,0.0],"RSSI":2.1496726426217225e-9}
{"type":3,"rcvTime":25298.58500791512,"sendTime":25298.584897756715,"sender":2197,"messageID":5976849,"pos":[4615.961306519495,5364.386115593933,1.895],"pos_noise":[0.0,0.0,0.0],"spd":[4.702530068097921e-15,-4.746274533849073e-14,0.0],"spd_noise":[0.0,0.0,0.0],"RSSI":1.4372300827802923e-8}
{"type":3,"rcvTime":25298.589430310665,"sendTime":25298.589313584147,"sender":1045,"messageID":5977504,"pos":[4460.770005384334,5283.864003725923,1.895],"pos_noise":[0.0,0.0,0.0],"spd":[9.78034440369979,-7.607548840864351,0.0],"spd_noise":[0.0,0.0,0.0],"RSSI":1.5081707947568469e-9}
{"type":3,"rcvTime":25298.592427314354,"sendTime":25298.592319867992,"sender":2911,"messageID":5978507,"pos":[4561.303535115846,5201.10028454127,1.895],"pos_noise":[0.0,0.0,0.0],"spd":[-10.271951345708925,7.533730183032429,0.0],"spd_noise":[0.0,0.0,0.0],"RSSI":8.174460881289497e-8}
{"type":2,"rcvTime":25298.6,"pos":[4597.9912558937089,5185.6823923168599,1.895],"noise":[0.0,0.0,0.0],"spd":[0.9171466770411777,8.55841159960319,0.0],"spd_noise":[0.0,0.0,0.0]}
{"type":3,"rcvTime":25298.658976003757,"sendTime":25298.658862112647,"sender":2779,"messageID":5986160,"pos":[4511.031438158774,5237.22696183356,1.895],"pos_noise":[0.0,0.0,0.0],"spd":[-10.872372512525383,7.989754464410986,0.0],"spd_noise":[0.0,0.0,0.0],"RSSI":4.9175748217032577e-8}
{"type":3,"rcvTime":25298.676572342007,"sendTime":25298.676455789013,"sender":673,"messageID":5988440,"pos":[4476.7344277492279,5275.651478686558,1.895],"pos_noise":[0.0,0.0,0.0],"spd":[10.331265689149547,-7.9664620350056529,0.0],"spd_noise":[0.0,0.0,0.0],"RSSI":1.9762612819167454e-9}
{"type":3,"rcvTime":25298.689358458087,"sendTime":25298.68925187504,"sender":319,"messageID":5988757,"pos":[4462.986809626137,5286.320911443367,1.895],"pos_noise":[0.0,0.0,0.0],"spd":[9.448237607590848,-7.3492137738342289,0.0],"spd_noise":[0.0,0.0,0.0],"RSSI":8.504984313874603e-9}
{"type":2,"rcvTime":25298.7,"pos":[4598.264213464275,5186.523248188604,1.895],"noise":[0.0,0.0,0.0],"spd":[1.318150667731277,8.734792746468689,0.0],"spd_noise":[0.0,0.0,0.0]}
{"type":3,"rcvTime":25298.70561555907,"sendTime":25298.705503025325,"sender":343,"messageID":5989603,"pos":[4450.709496224787,5294.440786231204,1.895],"pos_noise":[0.0,0.0,0.0],"spd":[10.28788215406482,-4.975741782022664,0.0],"spd_noise":[0.0,0.0,0.0],"RSSI":5.7664892676462028e-9}
{"type":3,"rcvTime":25298.72556456663,"sendTime":25298.725453355255,"sender":2767,"messageID":5991492,"pos":[4494.289001388304,5245.476125124366,1.895],"pos_noise":[0.0,0.0,0.0],"spd":[-11.778011214175918,8.73384831574227,0.0],"spd_noise":[0.0,0.0,0.0],"RSSI":2.1522455276167846e-8}
{"type":3,"rcvTime":25298.750661566686,"sendTime":25298.75054536946,"sender":2875,"messageID":5993259,"pos":[4553.830832564946,5210.584512079386,1.895],"pos_noise":[0.0,0.0,0.0],"spd":[-9.750819897540693,6.966623524280423,0.0],"spd_noise":[0.0,0.0,0.0],"RSSI":1.111892812129616e-8}
{"type":3,"rcvTime":25298.795752593334,"sendTime":25298.795636296734,"sender":2899,"messageID":5995828,"pos":[4549.864068523911,5205.306474055972,1.895],"pos_noise":[0.0,0.0,0.0],"spd":[-10.868413687009419,7.775095945321623,0.0],"spd_noise":[0.0,0.0,0.0],"RSSI":9.067973262088409e-8}
{"type":2,"rcvTime":25298.8,"pos":[4598.543236277995,5187.382788265768,1.895],"noise":[0.0,0.0,0.0],"spd":[1.740119817529536,8.860730575661233,0.0],"spd_noise":[0.0,0.0,0.0]}
{"type":3,"rcvTime":25298.821530895108,"sendTime":25298.82141708373,"sender":1105,"messageID":5996986,"pos":[4598.38365414294,5227.459264909123,1.895],"pos_noise":[0.0,0.0,0.0],"spd":[-1.1898028215092185,-10.692475897745672,0.0],"spd_noise":[0.0,0.0,0.0],