{"type":2,"rcvTime":25200.0,"pos":[3644.591487895978,5221.925202249275,1.895],"noise":[0.0,0.0,0.0],"spd":[4.657113424154154,-29.580605165279978,0.0],"spd_noise":[0.0,0.0,0.0]}
{"type":3,"rcvTime":25200.018637022768,"sendTime":25200.01852959348,"sender":265,"messageID":1667,"pos":[3949.5782129100628,5253.506866443405,1.895],"pos_noise":[0.0,0.0,0.0],"spd":[4.727399498302683e-14,6.687666905147281e-15,0.0],"spd_noise":[0.0,0.0,0.0],"RSSI":4.589543388213053e-9}
{"type":3,"rcvTime":25200.059081083036,"sendTime":25200.05897310353,"sender":1171,"messageID":4450,"pos":[3820.4325803971785,5264.525077186061,1.895],"pos_noise":[0.0,0.0,0.0],"spd":[0.0,-0.0,0.0],"spd_noise":[0.0,0.0,0.0],"RSSI":2.747997753744117e-9}
{"type":2,"rcvTime":25200.1,"pos":[3645.058497776253,5218.958893804854,1.895],"noise":[0.0,0.0,0.0],"spd":[4.664970549504346,-29.630511298446654,0.0],"spd_noise":[0.0,0.0,0.0]}
{"type":3,"rcvTime":25200.113286300846,"sendTime":25200.113180083456,"sender":1081,"messageID":8819,"pos":[3879.56240684636,5758.569192058384,1.895],"pos_noise":[0.0,0.0,0.0],"spd":[-4.404734623016186,38.182168246512969,0.0],"spd_noise":[0.0,0.0,0.0],"RSSI":1.6763661442675386e-8}
{"type":3,"rcvTime":25200.177136520822,"sendTime":25200.177019221475,"sender":661,"messageID":11759,"pos":[3698.7726256861189,5221.851003173257,1.895],"pos_noise":[0.0,0.0,0.0],"spd":[-13.114914703324163,-5.270400081168856,0.0],"spd_noise":[0.0,0.0,0.0],"RSSI":2.1610954632633858e-7}
{"type":3,"rcvTime":25200.185476905008,"sendTime":25200.185368881095,"sender":1087,"messageID":12094,"pos":[3633.622971144682,5291.593972089857,1.895],"pos_noise":[0.0,0.0,0.0],"spd":[4.657594222196415,-29.583659052043659,0.0],"spd_noise":[0.0,0.0,0.0],"RSSI":2.1503475249706075e-8}
{"type":2,"rcvTime":25200.2,"pos":[3645.524061334701,5216.001771968317,1.895],"noise":[0.0,0.0,0.0],"spd":[4.650523213350925,-29.538746098086539,0.0],"spd_noise":[0.0,0.0,0.0]}
{"type":3,"rcvTime":25200.21801469133,"sendTime":25200.217907321407,"sender":253,"messageID":14460,"pos":[3463.1859498642886,5196.295325268012,1.895],"pos_noise":[0.0,0.0,0.0],"spd":[0.5070987831932743,-0.019385745136408357,0.0],"spd_noise":[0.0,0.0,0.0],"RSSI":1.7749965968649435e-8}
{"type":3,"rcvTime":25200.26389118571,"sendTime":25200.263778526336,"sender":103,"messageID":17280,"pos":[3593.1221553069906,5701.0198561230849,1.895],"pos_noise":[0.0,0.0,0.0],"spd":[1.2879823836347094,-29.965304435558307,0.0],"spd_noise":[0.0,0.0,0.0],"RSSI":2.370589858040754e-9}
{"type":2,"rcvTime":25200.3,"pos":[3645.9900053057197,5213.0422338638,1.895],"noise":[0.0,0.0,0.0],"spd":[4.654323161730517,-29.56288224476165,0.0],"spd_noise":[0.0,0.0,0.0]}
{"type":3,"rcvTime":25200.323653450654,"sendTime":25200.323541316902,"sender":67,"messageID":20480,"pos":[3640.2286008131466,5249.636968835977,1.895],"pos_noise":[0.0,0.0,0.0],"spd":[4.6574329249831349,-29.582634539914005,0.0],"spd_noise":[0.0,0.0,0.0],"RSSI":3.421155583325268e-8}
{"type":3,"rcvTime":25200.352285921344,"sendTime":25200.352176259505,"sender":1009,"messageID":22001,"pos":[3470.0054145907809,5270.806284221693,1.895],"pos_noise":[0.0,0.0,0.0],"spd":[0.7070464075399873,-0.02701227918010204,0.0],"spd_noise":[0.0,0.0,0.0],"RSSI":1.5209143660849429e-8}
{"type":3,"rcvTime":25200.3558683753,"sendTime":25200.35575362388,"sender":73,"messageID":22308,"pos":[3628.987593444956,5321.782000719559,1.895],"pos_noise":[0.0,0.0,0.0],"spd":[3.675017147807318,-29.6784643406417,0.0],"spd_noise":[0.0,0.0,0.0],"RSSI":9.032630700722038e-9}
{"type":3,"rcvTime":25200.38090819477,"sendTime":25200.38079258101,"sender":223,"messageID":23610,"pos":[3984.9687554809518,5248.022518315336,1.895],"pos_noise":[0.0,0.0,0.0],"spd":[-8.654754486747067,-0.9801137538078848,0.0],"spd_noise":[0.0,0.0,0.0],"RSSI":6.129568131613147e-9}
{"type":2,"rcvTime":25200.399999999998,"pos":[3646.4563814538798,5210.079950698077,1.895],"noise":[0.0,0.0,0.0],"spd":[4.658640187395151,-29.59030271320281,0.0],"spd_noise":[0.0,0.0,0.0]}
{"type":3,"rcvTime":25200.410309416606,"sendTime":25200.410196136447,"sender":1183,"messageID":24154,"pos":[3463.4958271229336,5199.588229701107,1.895],"pos_noise":[0.0,0.0,0.0],"spd":[0.9953341993910622,-0.03775733813436372,0.0],"spd_noise":[0.0,0.0,0.0],"RSSI":1.1599863937726293e-8}
{"type":3,"rcvTime":25200.484169433963,"sendTime":25200.484053568915,"sender":391,"messageID":28329,"pos":[3479.377987670158,5187.624321056004,1.895],"pos_noise":[0.0,0.0,0.0],"spd":[-0.9631686997272843,-0.18835751527436479,0.0],"spd_noise":[0.0,0.0,0.0],"RSSI":9.202935400244089e-9}
{"type":3,"rcvTime":25200.497190980615,"sendTime":25200.49707379518,"sender":79,"messageID":29073,"pos":[3614.3019071894329,5500.150776813886,1.895],"pos_noise":[0.0,0.0,0.0],"spd":[2.652581009756816,-31.507110482183035,0.0],"spd_noise":[0.0,0.0,0.0],"RSSI":2.8455527545129218e-9}
{"type":2,"rcvTime":25200.5,"pos":[3646.922336431976,5207.120342679862,1.895],"noise":[0.0,0.0,0.0],"spd":[4.6544331116391099,-29.56358061401698,0.0],"spd_noise":[0.0,0.0,0.0]}
{"type":3,"rcvTime":25200.526747783373,"sendTime":25200.526638424486,"sender":271,"messageID":31342,"pos":[3456.772285488949,5196.540511545501,1.895],"pos_noise":[0.0,0.0,0.0],"spd":[0.441053251888564,-0.016860908004658019,0.0],"spd_noise":[0.0,0.0,0.0],"RSSI":8.578319804903608e-9}
{"type":3,"rcvTime":25200.565873545285,"sendTime":25200.565765130337,"sender":25,"messageID":32603,"pos":[3600.197483330669,5545.383892444244,1.895],"pos_noise":[0.0,0.0,0.0],"spd":[-2.65557231516538,32.41753491869202,0.0],"spd_noise":[0.0,0.0,0.0],"RSSI":3.569069788013783e-9}
{"type":3,"rcvTime":25200.58942643796,"sendTime":25200.589313584147,"sender":1045,"messageID":33851,"pos":[3943.354373810809,5255.952220017896,1.895],"pos_noise":[0.0,0.0,0.0],"spd":[0.43868222499566147,0.06201066025102034,0.0],"spd_noise":[0.0,0.0,0.0],"RSSI":1.5237313163831128e-8}
{"type":3,"rcvTime":25200.59407001056,"sendTime":25200.59395606676,"sender":739,"messageID":34132,"pos":[3822.7155979593628,5266.939627174946,1.895],"pos_noise":[0.0,0.0,0.0],"spd":[0.9324844575666363,-0.6897108942628316,0.0],"spd_noise":[0.0,0.0,0.0],"RSSI":6.54056219258822e-9}
{"type":3,"rcvTime":25200.59951212678,"sendTime":25200.599400074454,"sender":667,"messageID":35077,"pos":[3603.8108726372249,5063.301107387774,1.895],"pos_noise":[0.0,0.0,0.0],"spd":[-1.8654193037886105,-0.36499478709743679,0.0],"spd_noise":[0.0,0.0,0.0],"RSSI":1.1301168438868338e-8}
{"type":2,"rcvTime":25200.6,"pos":[3647.38871381049,5204.158051699294,1.895],"noise":[0.0,0.0,0.0],"spd":[4.658652477424525,-29.59038077582943,0.0],"spd_noise":[0.0,0.0,0.0]}
{"type":3,"rcvTime":25200.630945545945,"sendTime":25200.630839117337,"sender":457,"messageID":36329,"pos":[3619.3761441064318,5453.07190712295,1.895],"pos_noise":[0.0,0.0,0.0],"spd":[3.8225534593371126,-30.854965180004709,0.0],"spd_noise":[0.0,0.0,0.0],"RSSI":3.5840455458534824e-9}
{"type":3,"rcvTime":25200.689365603437,"sendTime":25200.68925187504,"sender":319,"messageID":40457,"pos":[3949.721878378051,5256.852309284951,1.895],"pos_noise":[0.0,0.0,0.0],"spd":[1.6004800092132137,0.2262385308430044,0.0],"spd_noise":[0.0,0.0,0.0],"RSSI":8.762814359387387e-9}
{"type":2,"rcvTime":25200.7,"pos":[3647.8553645554995,5201.1940243757139,1.895],"noise":[0.0,0.0,0.0],"spd":[4.66138314052611,-29.607725139121457,0.0],"spd_noise":[0.0,0.0,0.0]}
{"type":3,"rcvTime":25200.70561560889,"sendTime":25200.705503025325,"sender":343,"messageID":41728,"pos":[3819.0265563243649,5261.451861454025,1.895],"pos_noise":[0.0,0.0,0.0],"spd":[1.4457608809210625,-1.065570493939787,0.0],"spd_noise":[0.0,0.0,0.0],"RSSI":1.1319842548828678e-8}
{"type":3,"rcvTime":25200.757115831755,"sendTime":25200.75700373063,"sender":1159,"messageID":42639,"pos":[3627.537357872979,5254.074678124252,1.895],"pos_noise":[0.0,0.0,0.0],"spd":[-5.225090182594845,33.49853540857961,0.0],"spd_noise":[0.0,0.0,0.0],"RSSI":1.5698771289521125e-7}
{"type":2,"rcvTime":25200.8,"pos":[3648.3213101904559,5198.234475702357,1.895],"noise":[0.0,0.0,0.0],