{"type":2,"rcvTime":25299.1,"pos":[6156.024789596521,5824.714945262438,1.895],"noise":[0.0,0.0,0.0],"spd":[-0.0,-0.0,0.0],"spd_noise":[0.0,0.0,0.0]}
{"type":3,"rcvTime":25299.115337355215,"sendTime":25299.11522487956,"sender":2965,"messageID":6017637,"pos":[6165.210509547293,5825.64035137042,1.895],"pos_noise":[0.0,0.0,0.0],"spd":[-1.628366889115523,-0.16404818275491657,0.0],"spd_noise":[0.0,0.0,0.0],"RSSI":0.0000015815896776126028}
{"type":3,"rcvTime":25299.142645859072,"sendTime":25299.14253289965,"sender":2011,"messageID":6019085,"pos":[5868.780341337714,5806.941144055244,1.895],"pos_noise":[0.0,0.0,0.0],"spd":[-15.23176191817051,-0.0516974672037115,0.0],"spd_noise":[0.0,0.0,0.0],"RSSI":1.9653601643274673e-8}
{"type":2,"rcvTime":25299.2,"pos":[6155.999150249667,5824.712362252254,1.895],"noise":[0.0,0.0,0.0],"spd":[-0.2564089560707748,-0.025831662119106086,0.0],"spd_noise":[0.0,0.0,0.0]}
{"type":3,"rcvTime":25299.26036221064,"sendTime":25299.260247514583,"sender":1201,"messageID":6024590,"pos":[5957.122688696281,5729.242166971982,1.895],"pos_noise":[0.0,0.0,0.0],"spd":[11.520180429981755,1.1591288411717833,0.0],"spd_noise":[0.0,0.0,0.0],"RSSI":1.0676358013415593e-8}
{"type":3,"rcvTime":25299.293129210764,"sendTime":25299.293013673556,"sender":2851,"messageID":6027985,"pos":[6148.120825051885,5823.918668312338,1.895],"pos_noise":[0.0,0.0,0.0],"spd":[-11.179448176301355,-1.1262622507168932,0.0],"spd_noise":[0.0,0.0,0.0],"RSSI":0.00000860448591105232}
{"type":2,"rcvTime":25299.3,"pos":[6155.94772261717,5824.707181227197,1.895],"noise":[0.0,0.0,0.0],"spd":[-0.5143073899885482,-0.05181338018425698,0.0],"spd_noise":[0.0,0.0,0.0]}
{"type":3,"rcvTime":25299.310283970004,"sendTime":25299.310174942017,"sender":679,"messageID":6029992,"pos":[6097.48544195266,5719.5746892879619,1.895],"pos_noise":[0.0,0.0,0.0],"spd":[2.5880024865097295,-8.058476393369489,0.0],"spd_noise":[0.0,0.0,0.0],"RSSI":2.0170007772906905e-9}
{"type":3,"rcvTime":25299.31060338529,"sendTime":25299.31049277312,"sender":1627,"messageID":6030367,"pos":[6025.145525455409,5712.805807597337,1.895],"pos_noise":[0.0,0.0,0.0],"spd":[-13.923570241504866,-1.2048274032310682,0.0],"spd_noise":[0.0,0.0,0.0],"RSSI":2.8172288677319217e-9}
{"type":3,"rcvTime":25299.330793750778,"sendTime":25299.330685065546,"sender":1759,"messageID":6031548,"pos":[6023.42361745066,5462.007131627132,1.895],"pos_noise":[0.0,0.0,0.0],"spd":[-5.535484033915903,-13.14851749114183,0.0],"spd_noise":[0.0,0.0,0.0],"RSSI":4.89046318407642e-9}
{"type":3,"rcvTime":25299.331143056734,"sendTime":25299.331035648007,"sender":2827,"messageID":6031824,"pos":[6111.503309102001,5820.229673535584,1.895],"pos_noise":[0.0,0.0,0.0],"spd":[-12.458018469487639,-1.255070527601185,0.0],"spd_noise":[0.0,0.0,0.0],"RSSI":3.0198373391213618e-8}
{"type":3,"rcvTime":25299.356617771515,"sendTime":25299.356509809615,"sender":397,"messageID":6032919,"pos":[6099.973310795771,5699.224101836892,1.895],"pos_noise":[0.0,0.0,0.0],"spd":[-0.7884662680731357,-11.496575602994973,0.0],"spd_noise":[0.0,0.0,0.0],"RSSI":1.5883311755547984e-9}
{"type":3,"rcvTime":25299.361345032168,"sendTime":25299.361236471355,"sender":1969,"messageID":6033666,"pos":[5883.922345459838,5810.292459221843,1.895],"pos_noise":[0.0,0.0,0.0],"spd":[-13.551454851167149,-0.046083787056485889,0.0],"spd_noise":[0.0,0.0,0.0],"RSSI":1.9400560463512668e-9}
{"type":2,"rcvTime":25299.399999999998,"pos":[6155.874210103606,5824.699775283032,1.895],"noise":[0.0,0.0,0.0],"spd":[-0.7351695411154333,-0.07406391522888258,0.0],"spd_noise":[0.0,0.0,0.0]}
{"type":3,"rcvTime":25299.406032352676,"sendTime":25299.405913091963,"sender":2005,"messageID":6035014,"pos":[5788.209254606384,5702.331155374853,1.895],"pos_noise":[0.0,0.0,0.0],"spd":[14.089727632317585,1.0488519291783643,0.0],"spd_noise":[0.0,0.0,0.0],"RSSI":5.910436554171864e-9}
{"type":3,"rcvTime":25299.43681786771,"sendTime":25299.436702563708,"sender":2461,"messageID":6037419,"pos":[6099.630055391686,5771.815213162775,1.895],"pos_noise":[0.0,0.0,0.0],"spd":[0.1022928687329355,-2.0413169601204279,0.0],"spd_noise":[0.0,0.0,0.0],"RSSI":2.2802420116108265e-9}
{"type":3,"rcvTime":25299.44502789291,"sendTime":25299.444921716164,"sender":2671,"messageID":6038007,"pos":[6098.749052216401,5789.396172088895,1.895],"pos_noise":[0.0,0.0,0.0],"spd":[0.32021320843196879,-6.390051049736157,0.0],"spd_noise":[0.0,0.0,0.0],"RSSI":3.751590534561841e-8}
{"type":3,"rcvTime":25299.489971148836,"sendTime":25299.489863976,"sender":1603,"messageID":6040645,"pos":[6020.709350363673,5433.617216895074,1.895],"pos_noise":[0.0,0.0,0.0],"spd":[6.830452972885578,-10.455470336861679,0.0],"spd_noise":[0.0,0.0,0.0],"RSSI":2.0376791241787509e-9}
{"type":2,"rcvTime":25299.5,"pos":[6155.775576263018,5824.68983851607,1.895],"noise":[0.0,0.0,0.0],"spd":[-0.9863979859630826,-0.0993736719605292,0.0],"spd_noise":[0.0,0.0,0.0]}
{"type":3,"rcvTime":25299.516833724454,"sendTime":25299.51672639926,"sender":2635,"messageID":6042327,"pos":[6222.689291129437,6019.149913820161,1.895],"pos_noise":[0.0,0.0,0.0],"spd":[-16.78669666363095,5.962670252951987,0.0],"spd_noise":[0.0,0.0,0.0],"RSSI":1.9573884588901643e-8}
{"type":3,"rcvTime":25299.52087746278,"sendTime":25299.520765719608,"sender":2089,"messageID":6042554,"pos":[6222.801921140726,5741.934550222861,1.895],"pos_noise":[0.0,0.0,0.0],"spd":[14.435385335513655,0.7388137123855044,0.0],"spd_noise":[0.0,0.0,0.0],"RSSI":4.051930219995159e-9}
{"type":3,"rcvTime":25299.532039012876,"sendTime":25299.531924487135,"sender":1693,"messageID":6043232,"pos":[6074.039331269277,5733.566000693272,1.895],"pos_noise":[0.0,0.0,0.0],"spd":[13.172660770074146,1.0618431671739464,0.0],"spd_noise":[0.0,0.0,0.0],"RSSI":4.761752992840627e-9}
{"type":3,"rcvTime":25299.58092604668,"sendTime":25299.58081263555,"sender":2773,"messageID":6045778,"pos":[6125.231732940733,5821.612729773027,1.895],"pos_noise":[0.0,0.0,0.0],"spd":[-11.86604934769778,-1.19543319443859,0.0],"spd_noise":[0.0,0.0,0.0],"RSSI":1.270210228444112e-7}
{"type":3,"rcvTime":25299.591008576168,"sendTime":25299.590895162102,"sender":2227,"messageID":6047110,"pos":[6097.9498976738109,5739.529822660743,1.895],"pos_noise":[0.0,0.0,0.0],"spd":[2.3357308643876816e-15,-4.661094254971261e-14,0.0],"spd_noise":[0.0,0.0,0.0],"RSSI":4.234268826927451e-8}
{"type":2,"rcvTime":25299.6,"pos":[6155.657184543946,5824.677911261532,1.895],"noise":[0.0,0.0,0.0],"spd":[-1.1839887056187873,-0.11927975007214753,0.0],"spd_noise":[0.0,0.0,0.0]}
{"type":3,"rcvTime":25299.6014161198,"sendTime":25299.6013068303,"sender":1909,"messageID":6048931,"pos":[6146.731120080998,5429.979126204851,1.895],"pos_noise":[0.0,0.0,0.0],"spd":[-0.901300337852981,-13.141801868650865,0.0],"spd_noise":[0.0,0.0,0.0],"RSSI":3.845034533465924e-9}
{"type":3,"rcvTime":25299.612161145415,"sendTime":25299.612047593295,"sender":2413,"messageID":6049649,"pos":[6191.042271160951,6011.795597309817,1.895],"pos_noise":[0.0,0.0,0.0],"spd":[2.3712265953050249e-15,-4.731928163948618e-14,0.0],"spd_noise":[0.0,0.0,0.0],"RSSI":6.284306938997484e-9}
{"type":3,"rcvTime":25299.61445655181,"sendTime":25299.614339224296,"sender":943,"messageID":6050047,"pos":[6037.522625639387,5822.735749728311,1.895],"pos_noise":[0.0,0.0,0.0],"spd":[13.509851933728824,1.3599980389325957,0.0],"spd_noise":[0.0,0.0,0.0],"RSSI":2.2846965871497266e-8}
{"type":3,"rcvTime":25299.618363697595,"sendTime":25299.618246893584,"sender":2575,"messageID":6051384,"pos":[6096.5036846537709,5768.389890838718,1.895],"pos_noise":[0.0,0.0,0.0],"spd":[0.3470728823877647,-6.926052324003609,0.0],"spd_noise":[0.0,0.0,0.0],"RSSI":2.8082370802649557e-9}
{"type":3,"rcvTime":25299.633003023562,"sendTime":25299.63289297386,"sender":2389,"messageID":6052310,"pos":[6100.48177217262,5754.818682205383,1.895],"pos_noise":[0.0,0.0,0.0],"spd":[0.021531598053390865,-0.42967625044911397,0.0],"spd_noise":[0.0,0.0,0.0],"RSSI":1.0916479708470155e-8}
{"type":3,"rcvTime":25299.662520113776,"sendTime":25299.662403086943,"sender":2329,