{"type":2,"rcvTime":18097.3,"pos":[2326.078523915716,5568.000062060678,1.895],"noise":[0.0,0.0,0.0],"spd":[13.45335468016611,-2.591016456920447,0.0],"spd_noise":[0.0,0.0,0.0]}
{"type":3,"rcvTime":18097.366358474028,"sendTime":18097.366248856113,"sender":547,"messageID":241430,"pos":[2104.8321358318687,5394.089365561601,1.895],"pos_noise":[0.0,0.0,0.0],"spd":[14.35319886254349,-2.7646295558950837,0.0],"spd_noise":[0.0,0.0,0.0],"RSSI":1.9297395041344179e-9}
{"type":2,"rcvTime":18097.399999999998,"pos":[2327.4242133036088,5567.740892252639,1.895],"noise":[0.0,0.0,0.0],"spd":[13.470433707621507,-2.5943057510968674,0.0],"spd_noise":[0.0,0.0,0.0]}
{"type":2,"rcvTime":18097.5,"pos":[2328.7680461535435,5567.482080000059,1.895],"noise":[0.0,0.0,0.0],"spd":[13.451849648245125,-2.590726598920676,0.0],"spd_noise":[0.0,0.0,0.0]}
{"type":2,"rcvTime":18097.6,"pos":[2330.112216244394,5567.223202797377,1.895],"noise":[0.0,0.0,0.0],"spd":[13.455225450597953,-2.591376753447887,0.0],"spd_noise":[0.0,0.0,0.0]}
{"type":2,"rcvTime":18097.7,"pos":[2331.4552919608747,5566.964536363092,1.895],"noise":[0.0,0.0,0.0],"spd":[13.444270695707328,-2.5892669488024597,0.0],"spd_noise":[0.0,0.0,0.0]}
{"type":2,"rcvTime":18097.8,"pos":[2332.802498438164,5566.705074374873,1.895],"noise":[0.0,0.0,0.0],"spd":[13.485619865979933,-2.5972304927066376,0.0],"spd_noise":[0.0,0.0,0.0]}
{"type":3,"rcvTime":18097.86504310178,"sendTime":18097.864933292847,"sender":145,"messageID":242998,"pos":[3013.6067047871249,5295.469772236612,1.895],"pos_noise":[0.0,0.0,0.0],"spd":[-10.015897619789503,4.017630958420323,0.0],"spd_noise":[0.0,0.0,0.0],"RSSI":1.8849848299694959e-9}
{"type":2,"rcvTime":18097.899999999998,"pos":[2334.152984306434,5566.444980800243,1.895],"noise":[0.0,0.0,0.0],"spd":[13.51844677180283,-2.6035527116076517,0.0],"spd_noise":[0.0,0.0,0.0]}
{"type":2,"rcvTime":18098.0,"pos":[2335.4968047923678,5566.186170928878,1.895],"noise":[0.0,0.0,0.0],"spd":[13.451725883830669,-2.5907027628130074,0.0],"spd_noise":[0.0,0.0,0.0]}
{"type":2,"rcvTime":18098.1,"pos":[2336.8479539278857,5565.925949613889,1.895],"noise":[0.0,0.0,0.0],"spd":[13.525086117836115,-2.60483140047153,0.0],"spd_noise":[0.0,0.0,0.0]}
{"type":2,"rcvTime":18098.2,"pos":[2338.1986606205757,5565.6658135101129,1.895],"noise":[0.0,0.0,0.0],"spd":[13.520657237860477,-2.603978430994741,0.0],"spd_noise":[0.0,0.0,0.0]}
{"type":3,"rcvTime":18098.280784156592,"sendTime":18098.280670144177,"sender":421,"messageID":244337,"pos":[2813.9335533697087,5455.144640128451,1.895],"pos_noise":[0.0,0.0,0.0],"spd":[13.096486774952578,-4.605967806442918,0.0],"spd_noise":[0.0,0.0,0.0],"RSSI":2.7826443110466436e-9}
{"type":2,"rcvTime":18098.3,"pos":[2339.5431383913557,5565.406877050555,1.895],"noise":[0.0,0.0,0.0],"spd":[13.458305345651749,-2.5919699184213846,0.0],"spd_noise":[0.0,0.0,0.0]}
{"type":3,"rcvTime":18098.366357156905,"sendTime":18098.366248856113,"sender":547,"messageID":244547,"pos":[2673.406114802285,5496.223951027034,1.895],"pos_noise":[0.0,0.0,0.0],"spd":[14.323177101534176,-2.7588469391696259,0.0],"spd_noise":[0.0,0.0,0.0],"RSSI":3.265751634638101e-9}
{"type":2,"rcvTime":18098.399999999998,"pos":[2340.8889189174758,5565.1476896899689,1.895],"noise":[0.0,0.0,0.0],"spd":[13.471346006894649,-2.5944814531791025,0.0],"spd_noise":[0.0,0.0,0.0]}
{"type":2,"rcvTime":18098.5,"pos":[2342.238561767114,5564.887758474482,1.895],"noise":[0.0,0.0,0.0],"spd":[13.510008103345493,-2.6019274865696335,0.0],"spd_noise":[0.0,0.0,0.0]}
{"type":2,"rcvTime":18098.6,"pos":[2343.5848290779215,5564.628477362771,1.895],"noise":[0.0,0.0,0.0],"spd":[13.476218751617994,-2.595419907718587,0.0],"spd_noise":[0.0,0.0,0.0]}
{"type":2,"rcvTime":18098.7,"pos":[2344.9333876124248,5564.368754978348,1.895],"noise":[0.0,0.0,0.0],"spd":[13.499154042017738,-2.599837074760151,0.0],"spd_noise":[0.0,0.0,0.0]}
{"type":2,"rcvTime":18098.8,"pos":[2346.279467842846,5564.1095098969349,1.895],"noise":[0.0,0.0,0.0],"spd":[13.474346065420642,-2.5950592422285525,0.0],"spd_noise":[0.0,0.0,0.0]}
{"type":2,"rcvTime":18098.899999999998,"pos":[2347.631346317372,5563.849148116655,1.895],"noise":[0.0,0.0,0.0],"spd":[13.532386846255492,-2.606237466687425,0.0],"spd_noise":[0.0,0.0,0.0]}
{"type":2,"rcvTime":18099.0,"pos":[2348.973307979517,5563.590696240983,1.895],"noise":[0.0,0.0,0.0],"spd":[13.433118943145193,-2.5871192038643939,0.0],"spd_noise":[0.0,0.0,0.0]}
{"type":2,"rcvTime":18099.1,"pos":[2350.3174059092905,5563.331832935989,1.895],"noise":[0.0,0.0,0.0],"spd":[13.454503113769036,-2.591237636725281,0.0],"spd_noise":[0.0,0.0,0.0]}
{"type":2,"rcvTime":18099.2,"pos":[2351.6650794783365,5563.072280989358,1.895],"noise":[0.0,0.0,0.0],"spd":[13.490295483252343,-2.598130981961059,0.0],"spd_noise":[0.0,0.0,0.0]}
{"type":3,"rcvTime":18099.28077844751,"sendTime":18099.280670144177,"sender":421,"messageID":247304,"pos":[2827.018070031518,5450.542882149933,1.895],"pos_noise":[0.0,0.0,0.0],"spd":[13.07932906471487,-4.5999335269977179,0.0],"spd_noise":[0.0,0.0,0.0],"RSSI":1.350921342947306e-9}
{"type":2,"rcvTime":18099.3,"pos":[2353.0083352917106,5562.813579869745,1.895],"noise":[0.0,0.0,0.0],"spd":[13.44607347670596,-2.5896141510704706,0.0],"spd_noise":[0.0,0.0,0.0]}
{"type":3,"rcvTime":18099.366364447797,"sendTime":18099.366248856113,"sender":547,"messageID":247514,"pos":[2487.679679118879,5387.528364820124,1.895],"pos_noise":[0.0,0.0,0.0],"spd":[14.253432718860543,-2.745413182447954,0.0],"spd_noise":[0.0,0.0,0.0],"RSSI":2.4960165859128618e-8}
{"type":2,"rcvTime":18099.399999999998,"pos":[2354.3564406745497,5562.553944758976,1.895],"noise":[0.0,0.0,0.0],"spd":[13.494617965934865,-2.598963460105365,0.0],"spd_noise":[0.0,0.0,0.0]}
{"type":2,"rcvTime":18099.5,"pos":[2355.709055192423,5562.2934412222,1.895],"noise":[0.0,0.0,0.0],"spd":[13.539754685523013,-2.607656457953763,0.0],"spd_noise":[0.0,0.0,0.0]}
{"type":2,"rcvTime":18099.6,"pos":[2357.0541380323527,5562.034388230807,1.895],"noise":[0.0,0.0,0.0],"spd":[13.464362125130606,-2.593136409283805,0.0],"spd_noise":[0.0,0.0,0.0]}
{"type":2,"rcvTime":18099.7,"pos":[2358.4001484999328,5561.775156585199,1.895],"noise":[0.0,0.0,0.0],"spd":[13.473647735081779,-2.5949247489800597,0.0],"spd_noise":[0.0,0.0,0.0]}
{"type":2,"rcvTime":18099.8,"pos":[2359.7482116796124,5561.515529602446,1.895],"noise":[0.0,0.0,0.0],"spd":[13.494195509704435,-2.5988820981646896,0.0],"spd_noise":[0.0,0.0,0.0]}
{"type":2,"rcvTime":18099.899999999998,"pos":[2361.095882510137,5561.255978183233,1.895],"noise":[0.0,0.0,0.0],"spd":[13.490268070483225,-2.598125702464614,0.0],"spd_noise":[0.0,0.0,0.0]}
{"type":2,"rcvTime":18100.0,"pos":[2362.4451637439417,5560.9961166122789,1.895],"noise":[0.0,0.0,0.0],"spd":[13.506388306565759,-2.6012303405231664,0.0],"spd_noise":[0.0,0.0,0.0]}
