{"type":2,"rcvTime":25288.2,"pos":[2639.7271528080416,5180.65017469481,1.895],"noise":[0.0,0.0,0.0],"spd":[9.368079478194228,6.239408312398174,0.0],"spd_noise":[0.0,0.0,0.0]}
{"type":3,"rcvTime":25288.293483334757,"sendTime":25288.293376277667,"sender":1039,"messageID":5553348,"pos":[2755.6345700368858,5466.2517717687619,1.895],"pos_noise":[0.0,0.0,0.0],"spd":[-0.0,0.0,0.0],"spd_noise":[0.0,0.0,0.0],"RSSI":1.155238483668403e-8}
{"type":2,"rcvTime":25288.3,"pos":[2640.6640648535669,5181.274184858094,1.895],"noise":[0.0,0.0,0.0],"spd":[9.368990954200294,6.240015381435923,0.0],"spd_noise":[0.0,0.0,0.0]}
{"type":2,"rcvTime":25288.399999999998,"pos":[2641.6037396488266,5181.900035091553,1.895],"noise":[0.0,0.0,0.0],"spd":[9.396618069670142,6.2584158288607629,0.0],"spd_noise":[0.0,0.0,0.0]}
{"type":3,"rcvTime":25288.41147284224,"sendTime":25288.411354407668,"sender":337,"messageID":5562695,"pos":[2754.8523725690367,5463.0423461191,1.895],"pos_noise":[0.0,0.0,0.0],"spd":[-0.0,0.0,0.0],"spd_noise":[0.0,0.0,0.0],"RSSI":1.1206787302154853e-8}
{"type":2,"rcvTime":25288.5,"pos":[2642.5409909140846,5182.52427118486,1.895],"noise":[0.0,0.0,0.0],"spd":[9.372383104637814,6.242274650442644,0.0],"spd_noise":[0.0,0.0,0.0]}
{"type":2,"rcvTime":25288.6,"pos":[2643.481224988499,5183.1504939142,1.895],"noise":[0.0,0.0,0.0],"spd":[9.40221078391602,6.262140736173499,0.0],"spd_noise":[0.0,0.0,0.0]}
{"type":3,"rcvTime":25288.630772964752,"sendTime":25288.630660489063,"sender":2359,"messageID":5576605,"pos":[2651.87145054726,5500.76239858804,1.895],"pos_noise":[0.0,0.0,0.0],"spd":[11.321873598332232,-2.4671857518079816,0.0],"spd_noise":[0.0,0.0,0.0],"RSSI":6.232853409034653e-9}
{"type":2,"rcvTime":25288.7,"pos":[2644.421747509165,5183.776908756975,1.895],"noise":[0.0,0.0,0.0],"spd":[9.40509520656261,6.264061843980091,0.0],"spd_noise":[0.0,0.0,0.0]}
{"type":3,"rcvTime":25288.722989251448,"sendTime":25288.722871218113,"sender":2143,"messageID":5579910,"pos":[2993.5948766953567,5326.105587331986,1.895],"pos_noise":[0.0,0.0,0.0],"spd":[0.0,-0.0,0.0],"spd_noise":[0.0,0.0,0.0],"RSSI":2.995797962658199e-9}
{"type":3,"rcvTime":25288.790752277117,"sendTime":25288.790636989288,"sender":1207,"messageID":5583320,"pos":[3004.0700849399806,5309.842522534191,1.895],"pos_noise":[0.0,0.0,0.0],"spd":[-0.0,0.0,0.0],"spd_noise":[0.0,0.0,0.0],"RSSI":3.0469685375543377e-9}
{"type":2,"rcvTime":25288.8,"pos":[2645.3627228334355,5184.403625179875,1.895],"noise":[0.0,0.0,0.0],"spd":[9.40962318001578,6.267077603537541,0.0],"spd_noise":[0.0,0.0,0.0]}
{"type":2,"rcvTime":25288.899999999998,"pos":[2646.3080792215735,5185.033259516354,1.895],"noise":[0.0,0.0,0.0],"spd":[9.453433213138164,6.296256336005238,0.0],"spd_noise":[0.0,0.0,0.0]}
{"type":2,"rcvTime":25289.0,"pos":[2647.2505425365736,5185.660966983549,1.895],"noise":[0.0,0.0,0.0],"spd":[9.424502881643223,6.276987909511824,0.0],"spd_noise":[0.0,0.0,0.0]}
{"type":2,"rcvTime":25289.1,"pos":[2648.189072045125,5186.286054423373,1.895],"noise":[0.0,0.0,0.0],"spd":[9.385165360894775,6.250787997937801,0.0],"spd_noise":[0.0,0.0,0.0]}
{"type":2,"rcvTime":25289.2,"pos":[2649.1350965028825,5186.916133713285,1.895],"noise":[0.0,0.0,0.0],"spd":[9.460113816990097,6.300705808843642,0.0],"spd_noise":[0.0,0.0,0.0]}
{"type":3,"rcvTime":25289.29349103783,"sendTime":25289.293376277667,"sender":1039,"messageID":5609126,"pos":[2755.6345700368858,5466.2517717687619,1.895],"pos_noise":[0.0,0.0,0.0],"spd":[-0.0,0.0,0.0],"spd_noise":[0.0,0.0,0.0],"RSSI":2.2101225672766588e-9}
{"type":2,"rcvTime":25289.3,"pos":[2650.0770051586539,5187.5434717616039,1.895],"noise":[0.0,0.0,0.0],"spd":[9.418956366019854,6.273293771800262,0.0],"spd_noise":[0.0,0.0,0.0]}
{"type":2,"rcvTime":25289.399999999998,"pos":[2651.022244413914,5188.173028084242,1.895],"noise":[0.0,0.0,0.0],"spd":[9.452261900550362,6.2954762083906339,0.0],"spd_noise":[0.0,0.0,0.0]}
{"type":3,"rcvTime":25289.411473031763,"sendTime":25289.411354407668,"sender":337,"messageID":5618674,"pos":[2754.8523725690367,5463.0423461191,1.895],"pos_noise":[0.0,0.0,0.0],"spd":[-0.0,0.0,0.0],"spd_noise":[0.0,0.0,0.0],"RSSI":7.283885267741951e-9}
{"type":2,"rcvTime":25289.5,"pos":[2651.9656424256638,5188.801358086151,1.895],"noise":[0.0,0.0,0.0],"spd":[9.433849719945004,6.283213170594476,0.0],"spd_noise":[0.0,0.0,0.0]}
{"type":2,"rcvTime":25289.6,"pos":[2652.9070441590868,5189.4283585097159,1.895],"noise":[0.0,0.0,0.0],"spd":[9.41388721260086,6.269917570938747,0.0],"spd_noise":[0.0,0.0,0.0]}
{"type":3,"rcvTime":25289.630773096174,"sendTime":25289.630660489063,"sender":2359,"messageID":5632633,"pos":[2663.1472839131395,5498.243547765448,1.895],"pos_noise":[0.0,0.0,0.0],"spd":[11.265497436401362,-2.5975957503379099,0.0],"spd_noise":[0.0,0.0,0.0],"RSSI":2.08958555901478e-9}
{"type":2,"rcvTime":25289.7,"pos":[2653.845562535102,5190.053438534953,1.895],"noise":[0.0,0.0,0.0],"spd":[9.38505403707567,6.250713853094866,0.0],"spd_noise":[0.0,0.0,0.0]}
{"type":3,"rcvTime":25289.722989343863,"sendTime":25289.722871218113,"sender":2143,"messageID":5636221,"pos":[2993.5948766953567,5326.105587331986,1.895],"pos_noise":[0.0,0.0,0.0],"spd":[0.0,-0.0,0.0],"spd_noise":[0.0,0.0,0.0],"RSSI":3.1873744526083555e-9}
{"type":3,"rcvTime":25289.79075236837,"sendTime":25289.790636989288,"sender":1207,"messageID":5639677,"pos":[3004.0700849399806,5309.842522534191,1.895],"pos_noise":[0.0,0.0,0.0],"spd":[-0.0,0.0,0.0],"spd_noise":[0.0,0.0,0.0],"RSSI":1.9584199595527504e-9}
{"type":2,"rcvTime":25289.8,"pos":[2654.7910539038678,5190.683162772381,1.895],"noise":[0.0,0.0,0.0],"spd":[9.454783000753143,6.297155333079148,0.0],"spd_noise":[0.0,0.0,0.0]}
{"type":2,"rcvTime":25289.899999999998,"pos":[2655.7362114198624,5191.312664654336,1.895],"noise":[0.0,0.0,0.0],"spd":[9.451444519194475,6.29493180907549,0.0],"spd_noise":[0.0,0.0,0.0]}
{"type":2,"rcvTime":25290.0,"pos":[2656.6760194423357,5191.938603620923,1.895],"noise":[0.0,0.0,0.0],"spd":[9.397950323393673,6.259303147863225,0.0],"spd_noise":[0.0,0.0,0.0]}
{"type":2,"rcvTime":25290.1,"pos":[2657.616733111531,5192.565145774075,1.895],"noise":[0.0,0.0,0.0],"spd":[9.407006665436262,6.265334930147392,0.0],"spd_noise":[0.0,0.0,0.0]}
{"type":2,"rcvTime":25290.2,"pos":[2658.5579698019539,5193.192036274291,1.895],"noise":[0.0,0.0,0.0],"spd":[9.412236805413248,6.268818352646546,0.0],"spd_noise":[0.0,0.0,0.0]}
{"type":3,"rcvTime":25290.293484921272,"sendTime":25290.293376277667,"sender":1039,"messageID":5665703,"pos":[2755.5555077040928,5466.271098116778,1.895],"pos_noise":[0.0,0.0,0.0],"spd":[-0.5224217706069585,0.1277030994817853,0.0],"spd_noise":[0.0,0.0,0.0],"RSSI":2.5995339629272119e-9}
{"type":2,"rcvTime":25290.3,"pos":[2659.5035520737285,5193.821821055719,1.895],"noise":[0.0,0.0,0.0],"spd":[9.455692018282776,6.297760764698694,0.0],"spd_noise":[0.0,0.0,0.0]}
{"type":2,"rcvTime":25290.399999999998,"pos":[2660.4467264254706,5194.450002093679,1.895],"noise":[0.0,0.0,0.0],"spd":[9.431613150786444,6.281723551699626,0.0],"spd_noise":[0.0,0.0,0.0]}
{"type":3,"rcvTime":25290.41146307015,"sendTime":25290.411354407668,"sender":337,"messageID":5675324,"pos":[2754.636985819806,5463.094987975194,1.895],"pos_noise":[0.0,0.0,0.0],"spd":[-0.8577648851572045,0.20964305282677246,0.0],"spd_noise":[0.0,0.0,0.0],"RSSI":5.930740040041488e-9}
{"type":2,"rcvTime":25290.5,"pos":[2661.385534384644,5195.075274989565,1.895],"noise":[0.0,0.0,0.0],"spd":[9.387949828624098,6.252642532918679,0.0],"spd_noise":[0.0,0.0,0.0]}
{"type":2,"rcvTime":25290.6,"pos":[2662.3300672826655,5195.704360858121,1.895],"noise":[0.0,0.0,0.0],"spd":[9.445198425794205,6.290771732597449,0.0],"spd_noise":[0.0,0.0,0.0]}
{"type":2,"rcvTime":25290.7,"pos":[2663.2687225601696,5196.329532063657,1.895],"noise":[0.0,0.0,0.0],"spd":[9.386423033034884,6.251625643479082,0.0],"spd_noise":[0.0,0.0,0.0]}
{"type":3,"rcvTime":25290.72298362936,"sendTime":25290.722871218113,"sender":2143,"messageID":5693662,"pos":[2994.310086686583,5325.908772362888,1.895],"pos_noise":[0.0,0.0,0.0],