{"type":2,"rcvTime":10897.5,"pos":[3645.681568403825,5180.569674414633,1.895],"noise":[0.0,0.0,0.0],"spd":[-5.800325239532428,37.18352565630988,0.0],"spd_noise":[0.0,0.0,0.0]}
{"type":2,"rcvTime":10897.6,"pos":[3645.1043291979246,5184.270120154493,1.895],"noise":[0.0,0.0,0.0],"spd":[-5.779327524990047,37.048917849821879,0.0],"spd_noise":[0.0,0.0,0.0]}
{"type":3,"rcvTime":10897.671103460056,"sendTime":10897.670987651776,"sender":211,"messageID":30680,"pos":[3592.3043957459096,5641.737676874877,1.895],"pos_noise":[0.0,0.0,0.0],"spd":[-2.621408442490653,32.00048412741645,0.0],"spd_noise":[0.0,0.0,0.0],"RSSI":3.413246374967553e-9}
{"type":2,"rcvTime":10897.699999999999,"pos":[3644.5258728111609,5187.978368745744,1.895],"noise":[0.0,0.0,0.0],"spd":[-5.791513957915221,37.12704011411964,0.0],"spd_noise":[0.0,0.0,0.0]}
{"type":3,"rcvTime":10897.755389436992,"sendTime":10897.75528122536,"sender":175,"messageID":30720,"pos":[3637.859220008178,5264.686573965727,1.895],"pos_noise":[0.0,0.0,0.0],"spd":[4.974662950625695,-31.597585708256465,0.0],"spd_noise":[0.0,0.0,0.0],"RSSI":5.43099414424354e-8}
{"type":2,"rcvTime":10897.8,"pos":[3643.9468265911639,5191.690398517919,1.895],"noise":[0.0,0.0,0.0],"spd":[-5.797419377029641,37.16489735385028,0.0],"spd_noise":[0.0,0.0,0.0]}
{"type":2,"rcvTime":10897.9,"pos":[3643.36786421038,5195.401890831003,1.895],"noise":[0.0,0.0,0.0],"spd":[-5.796579977577038,37.159516305417799,0.0],"spd_noise":[0.0,0.0,0.0]}
{"type":2,"rcvTime":10898.0,"pos":[3642.7895562320247,5199.109188036316,1.895],"noise":[0.0,0.0,0.0],"spd":[-5.790028090722107,37.11751482395761,0.0],"spd_noise":[0.0,0.0,0.0]}
{"type":3,"rcvTime":10898.003618978935,"sendTime":10898.00350412838,"sender":169,"messageID":30776,"pos":[3629.1955958894625,5346.963045351084,1.895],"pos_noise":[0.0,0.0,0.0],"spd":[3.3833020123367509,-27.316031601088495,0.0],"spd_noise":[0.0,0.0,0.0],"RSSI":2.0789430067460249e-9}
{"type":2,"rcvTime":10898.1,"pos":[3642.2109432082577,5202.818440763677,1.895],"noise":[0.0,0.0,0.0],"spd":[-5.793082209924237,37.137093539816429,0.0],"spd_noise":[0.0,0.0,0.0]}
{"type":2,"rcvTime":10898.199999999999,"pos":[3641.6319704612299,5206.529999530533,1.895],"noise":[0.0,0.0,0.0],"spd":[-5.796683764567138,37.16018164158536,0.0],"spd_noise":[0.0,0.0,0.0]}
{"type":3,"rcvTime":10898.265565381043,"sendTime":10898.265449543997,"sender":199,"messageID":30816,"pos":[3582.7588425392648,5711.116418415617,1.895],"pos_noise":[0.0,0.0,0.0],"spd":[-1.3633650805062497,32.587158227132288,0.0],"spd_noise":[0.0,0.0,0.0],"RSSI":2.4574717098966408e-9}
{"type":2,"rcvTime":10898.3,"pos":[3641.0537855253617,5210.236507960512,1.895],"noise":[0.0,0.0,0.0],"spd":[-5.7887961875095,37.10961759355804,0.0],"spd_noise":[0.0,0.0,0.0]}
{"type":2,"rcvTime":10898.4,"pos":[3640.47465501226,5213.949078101492,1.895],"noise":[0.0,0.0,0.0],"spd":[-5.798263320849446,37.170307534363129,0.0],"spd_noise":[0.0,0.0,0.0]}
{"type":2,"rcvTime":10898.5,"pos":[3639.8961429595049,5217.657683544771,1.895],"noise":[0.0,0.0,0.0],"spd":[-5.792071286656068,37.13061292195969,0.0],"spd_noise":[0.0,0.0,0.0]}
{"type":2,"rcvTime":10898.6,"pos":[3639.318373926141,5221.361525792975,1.895],"noise":[0.0,0.0,0.0],"spd":[-5.784632165437781,37.08292374191997,0.0],"spd_noise":[0.0,0.0,0.0]}
{"type":2,"rcvTime":10898.699999999999,"pos":[3638.7411011637698,5225.062186649718,1.895],"noise":[0.0,0.0,0.0],"spd":[-5.779663492870573,37.051071603246537,0.0],"spd_noise":[0.0,0.0,0.0]}
{"type":3,"rcvTime":10898.755390612287,"sendTime":10898.75528122536,"sender":175,"messageID":31028,"pos":[3642.843374927294,5233.028698084861,1.895],"pos_noise":[0.0,0.0,0.0],"spd":[4.97595889210546,-31.605817144735317,0.0],"spd_noise":[0.0,0.0,0.0],"RSSI":5.98908212492356e-7}
{"type":2,"rcvTime":10898.8,"pos":[3638.162819385837,5228.769315894779,1.895],"noise":[0.0,0.0,0.0],"spd":[-5.789765771698466,37.11583320341062,0.0],"spd_noise":[0.0,0.0,0.0]}
{"type":2,"rcvTime":10898.9,"pos":[3637.5848969202727,5232.4741417344089,1.895],"noise":[0.0,0.0,0.0],"spd":[-5.786168330919242,37.09277147393323,0.0],"spd_noise":[0.0,0.0,0.0]}
{"type":2,"rcvTime":10899.0,"pos":[3637.0073625986276,5236.1764793412589,1.895],"noise":[0.0,0.0,0.0],"spd":[-5.782282228214253,37.0678592502866,0.0],"spd_noise":[0.0,0.0,0.0]}
{"type":3,"rcvTime":10899.003614948364,"sendTime":10899.00350412838,"sender":169,"messageID":31096,"pos":[3632.5777938503508,5319.655927617011,1.895],"pos_noise":[0.0,0.0,0.0],"spd":[3.3804147402249078,-27.292720405114716,0.0],"spd_noise":[0.0,0.0,0.0],"RSSI":5.7891963199621539e-8}
{"type":2,"rcvTime":10899.1,"pos":[3636.42924069142,5239.882583720132,1.895],"noise":[0.0,0.0,0.0],"spd":[-5.788165143618246,37.105572227883758,0.0],"spd_noise":[0.0,0.0,0.0]}
{"type":2,"rcvTime":10899.199999999999,"pos":[3635.8501649156967,5243.594802962048,1.895],"noise":[0.0,0.0,0.0],"spd":[-5.797715289401664,37.16679432770372,0.0],"spd_noise":[0.0,0.0,0.0]}
{"type":3,"rcvTime":10899.265561750715,"sendTime":10899.265449543997,"sender":199,"messageID":31124,"pos":[3581.3947962784766,5743.719858216907,1.895],"pos_noise":[0.0,0.0,0.0],"spd":[-1.3621171509028192,32.557330208198639,0.0],"spd_noise":[0.0,0.0,0.0],"RSSI":2.5152915967706879e-9}
{"type":2,"rcvTime":10899.3,"pos":[3635.2721288637469,5247.300356957787,1.895],"noise":[0.0,0.0,0.0],"spd":[-5.787305559499544,37.10006178374338,0.0],"spd_noise":[0.0,0.0,0.0]}
{"type":3,"rcvTime":10899.323845030987,"sendTime":10899.323732881852,"sender":193,"messageID":31192,"pos":[3588.2910816704745,5736.751162496425,1.895],"pos_noise":[0.0,0.0,0.0],"spd":[-1.3240847027915939,31.712865387183635,0.0],"spd_noise":[0.0,0.0,0.0],"RSSI":2.9752996089440586e-9}
{"type":2,"rcvTime":10899.4,"pos":[3634.6929150989028,5251.013460791824,1.895],"noise":[0.0,0.0,0.0],"spd":[-5.799096838535864,37.175650877209459,0.0],"spd_noise":[0.0,0.0,0.0]}
{"type":2,"rcvTime":10899.5,"pos":[3634.1154831615806,5254.71514205443,1.895],"noise":[0.0,0.0,0.0],"spd":[-5.781257154852584,37.06128792193642,0.0],"spd_noise":[0.0,0.0,0.0]}
{"type":2,"rcvTime":10899.6,"pos":[3633.537215688243,5258.422179598549,1.895],"noise":[0.0,0.0,0.0],"spd":[-5.789622553875695,37.114915092206938,0.0],"spd_noise":[0.0,0.0,0.0]}
{"type":3,"rcvTime":10899.671098524424,"sendTime":10899.670987651776,"sender":211,"messageID":31292,"pos":[3589.5894213334725,5705.6549109705779,1.895],"pos_noise":[0.0,0.0,0.0],"spd":[-1.3365211414278327,32.01072783029528,0.0],"spd_noise":[0.0,0.0,0.0],"RSSI":5.886598221194878e-9}
{"type":2,"rcvTime":10899.699999999999,"pos":[3632.9595677287259,5262.125245691574,1.895],"noise":[0.0,0.0,0.0],"spd":[-5.78341997228629,37.075152864721278,0.0],"spd_noise":[0.0,0.0,0.0]}
{"type":3,"rcvTime":10899.75539791681,"sendTime":10899.75528122536,"sender":175,"messageID":31332,"pos":[3647.8311010636209,5201.34813888997,1.895],"pos_noise":[0.0,0.0,0.0],"spd":[4.987981005376007,-31.68217804760024,0.0],"spd_noise":[0.0,0.0,0.0],"RSSI":1.8207882278545048e-8}
{"type":2,"rcvTime":10899.8,"pos":[3632.3821845068234,5265.826614659438,1.895],"noise":[0.0,0.0,0.0],"spd":[-5.780769415346622,37.058161222341897,0.0],"spd_noise":[0.0,0.0,0.0]}
{"type":2,"rcvTime":10899.9,"pos":[3631.8043149321867,5269.531101436844,1.895],"noise":[0.0,0.0,0.0],"spd":[-5.785638786164264,37.08937677790039,0.0],"spd_noise":[0.0,0.0,0.0]}
{"type":2,"rcvTime":10900.0,"pos":[3631.2268405990955,5273.23305448148,1.895],"noise":[0.0,0.0,0.0],"spd":[-5.781681621926098,37.06400900768015,0.0],"spd_noise":[0.0,0.0,0.0]}
