{"type":2,"rcvTime":18098.1,"pos":[6149.52938423305,5824.060572188865,1.895],"noise":[0.0,0.0,0.0],"spd":[-0.0,-0.0,0.0],"spd_noise":[0.0,0.0,0.0]}
{"type":3,"rcvTime":18098.171012342817,"sendTime":18098.170900340563,"sender":565,"messageID":305624,"pos":[6341.959939811258,5724.566525860016,1.895],"pos_noise":[0.0,0.0,0.0],"spd":[0.3916087039488499,-7.814791969413136,0.0],"spd_noise":[0.0,0.0,0.0],"RSSI":5.740082584058878e-9}
{"type":2,"rcvTime":18098.2,"pos":[6149.505765538336,5824.058192747246,1.895],"noise":[0.0,0.0,0.0],"spd":[-0.23620121409073359,-0.02379585349909151,0.0],"spd_noise":[0.0,0.0,0.0]}
{"type":2,"rcvTime":18098.3,"pos":[6149.459297371261,5824.053511358539,1.895],"noise":[0.0,0.0,0.0],"spd":[-0.46470973999504758,-0.04681671487206386,0.0],"spd_noise":[0.0,0.0,0.0]}
{"type":2,"rcvTime":18098.399999999998,"pos":[6149.389231445753,5824.046452637419,1.895],"noise":[0.0,0.0,0.0],"spd":[-0.7007015786303825,-0.07059147505159805,0.0],"spd_noise":[0.0,0.0,0.0]}
{"type":2,"rcvTime":18098.5,"pos":[6149.299864848984,5824.037449489604,1.895],"noise":[0.0,0.0,0.0],"spd":[-0.8937199498641808,-0.09003691652496793,0.0],"spd_noise":[0.0,0.0,0.0]}
{"type":3,"rcvTime":18098.589415181916,"sendTime":18098.589305537287,"sender":55,"messageID":307024,"pos":[6002.772128383094,5424.88090102653,1.895],"pos_noise":[0.0,0.0,0.0],"spd":[-5.799459943302142,-11.725139518818559,0.0],"spd_noise":[0.0,0.0,0.0],"RSSI":3.4964152787050116e-9}
{"type":2,"rcvTime":18098.6,"pos":[6149.190739739702,5824.02645579034,1.895],"noise":[0.0,0.0,0.0],"spd":[-1.091317010188584,-0.10994363342067382,0.0],"spd_noise":[0.0,0.0,0.0]}
{"type":2,"rcvTime":18098.7,"pos":[6149.060906910013,5824.013375912633,1.895],"noise":[0.0,0.0,0.0],"spd":[-1.2984067228233676,-0.1308066780157004,0.0],"spd_noise":[0.0,0.0,0.0]}
{"type":3,"rcvTime":18098.719994191695,"sendTime":18098.719885378752,"sender":355,"messageID":307394,"pos":[6239.05520780471,5434.729228329716,1.895],"pos_noise":[0.0,0.0,0.0],"spd":[-0.966211014247002,-14.088260238339562,0.0],"spd_noise":[0.0,0.0,0.0],"RSSI":3.1190443069400618e-9}
{"type":3,"rcvTime":18098.762953257865,"sendTime":18098.762839117273,"sender":229,"messageID":307627,"pos":[5803.722757835187,5645.523852288409,1.895],"pos_noise":[0.0,0.0,0.0],"spd":[12.119843239523325,0.938260417134225,0.0],"spd_noise":[0.0,0.0,0.0],"RSSI":3.9092557827818729e-9}
{"type":3,"rcvTime":18098.797813351353,"sendTime":18098.797704394117,"sender":367,"messageID":307918,"pos":[6132.043552101919,5737.289469679388,1.895],"pos_noise":[0.0,0.0,0.0],"spd":[12.225127141775252,0.6426188112043583,0.0],"spd_noise":[0.0,0.0,0.0],"RSSI":3.496566898296237e-8}
{"type":2,"rcvTime":18098.8,"pos":[6148.914165178454,5823.998592564631,1.895],"noise":[0.0,0.0,0.0],"spd":[-1.4675059554036192,-0.14784240994804782,0.0],"spd_noise":[0.0,0.0,0.0]}
{"type":3,"rcvTime":18098.888586429162,"sendTime":18098.888469332273,"sender":313,"messageID":308149,"pos":[6159.066827255743,5738.672540915323,1.895],"pos_noise":[0.0,0.0,0.0],"spd":[12.794272618994397,0.6548203481379461,0.0],"spd_noise":[0.0,0.0,0.0],"RSSI":1.1607517139363417e-8}
{"type":2,"rcvTime":18098.899999999998,"pos":[6148.745656462065,5823.981616323657,1.895],"noise":[0.0,0.0,0.0],"spd":[-1.6851889521136355,-0.16977266428181662,0.0],"spd_noise":[0.0,0.0,0.0]}
{"type":2,"rcvTime":18099.0,"pos":[6148.560071719138,5823.962919775584,1.895],"noise":[0.0,0.0,0.0],"spd":[-1.8559595323239138,-0.18697677444814984,0.0],"spd_noise":[0.0,0.0,0.0]}
{"type":2,"rcvTime":18099.1,"pos":[6148.3603152961109,5823.942795515867,1.895],"noise":[0.0,0.0,0.0],"spd":[-1.9976848937771135,-0.2012547532940336,0.0],"spd_noise":[0.0,0.0,0.0]}
{"type":3,"rcvTime":18099.17101380574,"sendTime":18099.170900340563,"sender":565,"messageID":308953,"pos":[5820.05148465953,5727.430783763467,1.895],"pos_noise":[0.0,0.0,0.0],"spd":[0.25375154603446078,-5.063767797243046,0.0],"spd_noise":[0.0,0.0,0.0],"RSSI":1.735692552453789e-8}
{"type":3,"rcvTime":18099.17461027815,"sendTime":18099.17450112975,"sender":403,"messageID":309034,"pos":[5664.554306717301,5927.0802431145389,1.895],"pos_noise":[0.0,0.0,0.0],"spd":[5.071183008789865,0.5825702963233647,0.0],"spd_noise":[0.0,0.0,0.0],"RSSI":2.1855163122189027e-9}
{"type":2,"rcvTime":18099.2,"pos":[6148.142454493065,5823.920847348612,1.895],"noise":[0.0,0.0,0.0],"spd":[-2.1787396299691768,-0.21949493040072105,0.0],"spd_noise":[0.0,0.0,0.0]}
{"type":2,"rcvTime":18099.3,"pos":[6147.903983372716,5823.896822815693,1.895],"noise":[0.0,0.0,0.0],"spd":[-2.384855252732655,-0.24025984129262555,0.0],"spd_noise":[0.0,0.0,0.0]}
{"type":2,"rcvTime":18099.399999999998,"pos":[6147.642307503942,5823.870460543757,1.895],"noise":[0.0,0.0,0.0],"spd":[-2.616916753872145,-0.26363864357795127,0.0],"spd_noise":[0.0,0.0,0.0]}
{"type":3,"rcvTime":18099.407725055757,"sendTime":18099.407614039585,"sender":559,"messageID":309651,"pos":[5983.798913509426,5401.516975726509,1.895],"pos_noise":[0.0,0.0,0.0],"spd":[4.91323249786982,9.876010197399307,0.0],"spd_noise":[0.0,0.0,0.0],"RSSI":3.898872203044282e-9}
{"type":2,"rcvTime":18099.5,"pos":[6147.364056048176,5823.842428380997,1.895],"noise":[0.0,0.0,0.0],"spd":[-2.7826826363386094,-0.2803385605094441,0.0],"spd_noise":[0.0,0.0,0.0]}
{"type":3,"rcvTime":18099.552565066584,"sendTime":18099.552447182825,"sender":469,"messageID":310114,"pos":[6093.783242358924,5628.463973268026,1.895],"pos_noise":[0.0,0.0,0.0],"spd":[-4.855707451868334,-14.001231637530943,0.0],"spd_noise":[0.0,0.0,0.0],"RSSI":8.638268258084767e-9}
{"type":2,"rcvTime":18099.6,"pos":[6147.06649983494,5823.812451379884,1.895],"noise":[0.0,0.0,0.0],"spd":[-2.9757418721402137,-0.29978811884194209,0.0],"spd_noise":[0.0,0.0,0.0]}
{"type":2,"rcvTime":18099.7,"pos":[6146.748466924386,5823.780411474515,1.895],"noise":[0.0,0.0,0.0],"spd":[-3.18052121433663,-0.32041840749402059,0.0],"spd_noise":[0.0,0.0,0.0]}
{"type":3,"rcvTime":18099.71999464809,"sendTime":18099.719885378752,"sender":355,"messageID":310704,"pos":[6167.698397635659,5587.825595161585,1.895],"pos_noise":[0.0,0.0,0.0],"spd":[-0.9741229277669008,-14.203623337091276,0.0],"spd_noise":[0.0,0.0,0.0],"RSSI":1.3898404910553164e-9}
{"type":3,"rcvTime":18099.762953682504,"sendTime":18099.762839117273,"sender":229,"messageID":310923,"pos":[6190.8525251208989,5709.995508500432,1.895],"pos_noise":[0.0,0.0,0.0],"spd":[12.089401681140924,1.9356549148101594,0.0],"spd_noise":[0.0,0.0,0.0],"RSSI":1.1436346616232659e-8}
{"type":3,"rcvTime":18099.797813800582,"sendTime":18099.797704394117,"sender":367,"messageID":311221,"pos":[6144.355937427958,5737.919626678984,1.895],"pos_noise":[0.0,0.0,0.0],"spd":[12.427978173092124,0.6360731271163547,0.0],"spd_noise":[0.0,0.0,0.0],"RSSI":6.242949728816936e-8}
{"type":2,"rcvTime":18099.8,"pos":[6146.413331913826,5823.7466486353,1.895],"noise":[0.0,0.0,0.0],"spd":[-3.3515525449647316,-0.33764878669866607,0.0],"spd_noise":[0.0,0.0,0.0]}
{"type":3,"rcvTime":18099.888586896028,"sendTime":18099.888469332273,"sender":313,"messageID":311459,"pos":[6171.924080010521,5739.330584633453,1.895],"pos_noise":[0.0,0.0,0.0],"spd":[12.814543129700875,0.6558578078883381,0.0],"spd_noise":[0.0,0.0,0.0],"RSSI":2.4527712912010564e-8}
{"type":2,"rcvTime":18099.899999999998,"pos":[6146.058386736527,5823.710890040782,1.895],"noise":[0.0,0.0,0.0],"spd":[-3.5496661787586776,-0.357607545268478,0.0],"spd_noise":[0.0,0.0,0.0]}
{"type":2,"rcvTime":18100.0,"pos":[6145.6908073260769,5823.673858623167,1.895],"noise":[0.0,0.0,0.0],"spd":[-3.676016142013517,-0.3703365451036474,0.0],"spd_noise":[0.0,0.0,0.0]}
