{"type":2,"rcvTime":18099.8,"pos":[6324.882634542836,5732.777982974421,1.895],"noise":[0.0,0.0,0.0],"spd":[-13.696731304005896,-0.8686687960651188,0.0],"spd_noise":[0.0,0.0,0.0]}
{"type":3,"rcvTime":18099.804390572717,"sendTime":18099.804273437847,"sender":643,"messageID":311296,"pos":[6146.413331913826,5823.7466486353,1.895],"pos_noise":[0.0,0.0,0.0],"spd":[-3.3515525449647316,-0.33764878669866607,0.0],"spd_noise":[0.0,0.0,0.0],"RSSI":5.322724250369091e-9}
{"type":2,"rcvTime":18099.899999999998,"pos":[6323.522187158371,5732.690728198293,1.895],"noise":[0.0,0.0,0.0],"spd":[-13.605969096029292,-0.8656693404519097,0.0],"spd_noise":[0.0,0.0,0.0]}
{"type":2,"rcvTime":18100.0,"pos":[6322.157585063719,5732.603206952243,1.895],"noise":[0.0,0.0,0.0],"spd":[-13.647344719756445,-0.8710755625517158,0.0],"spd_noise":[0.0,0.0,0.0]}
