{"type":2,"rcvTime":18059.1,"pos":[3575.859708871421,5195.191182084113,1.895],"noise":[0.0,0.0,0.0],"spd":[-0.0,-0.0,0.0],"spd_noise":[0.0,0.0,0.0]}
{"type":2,"rcvTime":18059.2,"pos":[3575.843452694099,5195.171141681906,1.895],"noise":[0.0,0.0,0.0],"spd":[-0.16255246672408817,-0.20039254914187105,0.0],"spd_noise":[0.0,0.0,0.0]}
{"type":3,"rcvTime":18059.230557921826,"sendTime":18059.230451030842,"sender":445,"messageID":183044,"pos":[3613.77974714837,5216.317299619783,1.895],"pos_noise":[0.0,0.0,0.0],"spd":[14.024817753963659,1.869975700528106,0.0],"spd_noise":[0.0,0.0,0.0],"RSSI":1.4245731842505867e-7}
{"type":2,"rcvTime":18059.3,"pos":[3575.8123376912506,5195.13278351446,1.895],"noise":[0.0,0.0,0.0],"spd":[-0.3111322154729878,-0.38355971481239095,0.0],"spd_noise":[0.0,0.0,0.0]}
{"type":2,"rcvTime":18059.4,"pos":[3575.767060508337,5195.076966397163,1.895],"noise":[0.0,0.0,0.0],"spd":[-0.4527459084154883,-0.5581392182437905,0.0],"spd_noise":[0.0,0.0,0.0]}
{"type":3,"rcvTime":18059.42483723372,"sendTime":18059.424721952855,"sender":463,"messageID":183469,"pos":[3528.60477884482,5205.843683353374,1.895],"pos_noise":[0.0,0.0,0.0],"spd":[13.634916396512905,1.679948110988331,0.0],"spd_noise":[0.0,0.0,0.0],"RSSI":8.356478950671352e-9}
{"type":2,"rcvTime":18059.5,"pos":[3575.7071567041859,5195.00311777303,1.895],"noise":[0.0,0.0,0.0],"spd":[-0.5990037472056992,-0.7384439637680086,0.0],"spd_noise":[0.0,0.0,0.0]}
{"type":3,"rcvTime":18059.537203629185,"sendTime":18059.5370969336,"sender":505,"messageID":183790,"pos":[3634.556290921577,5209.075650539613,1.895],"pos_noise":[0.0,0.0,0.0],"spd":[-4.7361837252893619,30.364110987315088,0.0],"spd_noise":[0.0,0.0,0.0],"RSSI":6.390577405734255e-8}
{"type":2,"rcvTime":18059.6,"pos":[3575.6332045958158,5194.911950583694,1.895],"noise":[0.0,0.0,0.0],"spd":[-0.7394787468866386,-0.9116197010801679,0.0],"spd_noise":[0.0,0.0,0.0]}
{"type":3,"rcvTime":18059.62006693131,"sendTime":18059.619955711998,"sender":151,"messageID":184270,"pos":[3822.42581302402,5267.159121027574,1.895],"pos_noise":[0.0,0.0,0.0],"spd":[0.0,-0.0,0.0],"spd_noise":[0.0,0.0,0.0],"RSSI":1.870977325422556e-8}
{"type":2,"rcvTime":18059.7,"pos":[3575.545985454824,5194.804427970537,1.895],"noise":[0.0,0.0,0.0],"spd":[-0.8721414778614736,-1.0751645759869133,0.0],"spd_noise":[0.0,0.0,0.0]}
{"type":3,"rcvTime":18059.7454425749,"sendTime":18059.7453344306,"sender":163,"messageID":184727,"pos":[3182.9695001218935,5248.738499548382,1.895],"pos_noise":[0.0,0.0,0.0],"spd":[-0.0,0.0,0.0],"spd_noise":[0.0,0.0,0.0],"RSSI":1.3451420678699759e-9}
{"type":2,"rcvTime":18059.8,"pos":[3575.4447681951517,5194.6796486602529,1.895],"noise":[0.0,0.0,0.0],"spd":[-1.0121146508928869,-1.2477216679863608,0.0],"spd_noise":[0.0,0.0,0.0]}
{"type":2,"rcvTime":18059.9,"pos":[3575.3271890332068,5194.534698611429,1.895],"noise":[0.0,0.0,0.0],"spd":[-1.1757243065943977,-1.4494175058342467,0.0],"spd_noise":[0.0,0.0,0.0]}
{"type":2,"rcvTime":18060.0,"pos":[3575.19507835276,5194.371834297173,1.895],"noise":[0.0,0.0,0.0],"spd":[-1.3210311724736637,-1.6285499044266905,0.0],"spd_noise":[0.0,0.0,0.0]}
{"type":2,"rcvTime":18060.1,"pos":[3575.047551620681,5194.189965276643,1.895],"noise":[0.0,0.0,0.0],"spd":[-1.4751828632641964,-1.818586087171767,0.0],"spd_noise":[0.0,0.0,0.0]}
{"type":3,"rcvTime":18060.153454580446,"sendTime":18060.153338484,"sender":133,"messageID":185630,"pos":[3184.7526174582555,5251.583313552316,1.895],"pos_noise":[0.0,0.0,0.0],"spd":[-0.9059885443475254,0.3621765799264067,0.0],"spd_noise":[0.0,0.0,0.0],"RSSI":1.5419982107957748e-9}
{"type":3,"rcvTime":18060.193644624112,"sendTime":18060.193525840386,"sender":451,"messageID":185810,"pos":[3594.4965213048915,5809.424254682647,1.895],"pos_noise":[0.0,0.0,0.0],"spd":[-0.021935053169694638,-37.64877688642249,0.0],"spd_noise":[0.0,0.0,0.0],"RSSI":1.7099604425669785e-9}
{"type":2,"rcvTime":18060.2,"pos":[3574.8907094157659,5193.9966122633709,1.895],"noise":[0.0,0.0,0.0],"spd":[-1.5683322586156743,-1.9334194401297425,0.0],"spd_noise":[0.0,0.0,0.0]}
{"type":3,"rcvTime":18060.230561293763,"sendTime":18060.230451030842,"sender":445,"messageID":186021,"pos":[3627.786328184493,5218.184843757933,1.895],"pos_noise":[0.0,0.0,0.0],"spd":[13.994749466133828,1.8659665954841294,0.0],"spd_noise":[0.0,0.0,0.0],"RSSI":5.3927914750347319e-8}
{"type":2,"rcvTime":18060.3,"pos":[3574.724494557801,5193.791704766339,1.895],"noise":[0.0,0.0,0.0],"spd":[-1.6620534233632234,-2.048957662900217,0.0],"spd_noise":[0.0,0.0,0.0]}
{"type":2,"rcvTime":18060.4,"pos":[3574.5466407033929,5193.572448867134,1.895],"noise":[0.0,0.0,0.0],"spd":[-1.7784367245956896,-2.1924334703211159,0.0],"spd_noise":[0.0,0.0,0.0]}
{"type":3,"rcvTime":18060.424827514216,"sendTime":18060.424721952855,"sender":463,"messageID":186439,"pos":[3542.1772198883547,5207.515973742992,1.895],"pos_noise":[0.0,0.0,0.0],"spd":[13.589406343869623,1.6744012897494778,0.0],"spd_noise":[0.0,0.0,0.0],"RSSI":1.0854979581705551e-7}
{"type":2,"rcvTime":18060.5,"pos":[3574.354893263256,5193.336065137654,1.895],"noise":[0.0,0.0,0.0],"spd":[-1.9173646279410504,-2.363701967559796,0.0],"spd_noise":[0.0,0.0,0.0]}
{"type":3,"rcvTime":18060.537206949128,"sendTime":18060.5370969336,"sender":505,"messageID":186773,"pos":[3629.638856792367,5240.6017745949179,1.895],"pos_noise":[0.0,0.0,0.0],"spd":[-5.046608059622267,32.35427004525412,0.0],"spd_noise":[0.0,0.0,0.0],"RSSI":1.0480364787137538e-8}
{"type":2,"rcvTime":18060.6,"pos":[3574.1527416483106,5193.0868552779179,1.895],"noise":[0.0,0.0,0.0],"spd":[-2.02140041975605,-2.4919559273059268,0.0],"spd_noise":[0.0,0.0,0.0]}
{"type":2,"rcvTime":18060.7,"pos":[3573.9397862261196,5192.824326626298,1.895],"noise":[0.0,0.0,0.0],"spd":[-2.129432307136583,-2.625136221257354,0.0],"spd_noise":[0.0,0.0,0.0]}
{"type":3,"rcvTime":18060.74544259537,"sendTime":18060.7453344306,"sender":163,"messageID":187698,"pos":[3182.3439104082747,5248.988533793309,1.895],"pos_noise":[0.0,0.0,0.0],"spd":[-1.5330305307147197,0.6127180847981265,0.0],"spd_noise":[0.0,0.0,0.0],"RSSI":1.6176823035410948e-9}
{"type":2,"rcvTime":18060.8,"pos":[3573.714145087516,5192.546159189857,1.895],"noise":[0.0,0.0,0.0],"spd":[-2.2562822088212024,-2.7815151164482208,0.0],"spd_noise":[0.0,0.0,0.0]}
{"type":2,"rcvTime":18060.9,"pos":[3573.473540561602,5192.249545085779,1.895],"noise":[0.0,0.0,0.0],"spd":[-2.4059075155419178,-2.9659712322746576,0.0],"spd_noise":[0.0,0.0,0.0]}
{"type":2,"rcvTime":18061.0,"pos":[3573.2226891531356,5191.940298759276,1.895],"noise":[0.0,0.0,0.0],"spd":[-2.5083704748355934,-3.0922862247152809,0.0],"spd_noise":[0.0,0.0,0.0]}
{"type":2,"rcvTime":18061.1,"pos":[3572.962138373832,5191.61909517561,1.895],"noise":[0.0,0.0,0.0],"spd":[-2.605358630408424,-3.2118519509303518,0.0],"spd_noise":[0.0,0.0,0.0]}
{"type":2,"rcvTime":18061.2,"pos":[3572.6864774230218,5191.279263970677,1.895],"noise":[0.0,0.0,0.0],"spd":[-2.7564516950671025,-3.3981174994919285,0.0],"spd_noise":[0.0,0.0,0.0]}
{"type":3,"rcvTime":18061.230565465146,"sendTime":18061.230451030842,"sender":445,"messageID":188972,"pos":[3641.7813509358959,5220.050846791453,1.895],"pos_noise":[0.0,0.0,0.0],"spd":[14.051397012383479,1.873519601650748,0.0],"spd_noise":[0.0,0.0,0.0],"RSSI":4.118462992862634e-9}
{"type":2,"rcvTime":18061.3,"pos":[3572.3979871159774,5190.923616903631,1.895],"noise":[0.0,0.0,0.0],"spd":[-2.884737912735903,-3.5562670661923079,0.0],"spd_noise":[0.0,0.0,0.0]}
{"type":2,"rcvTime":18061.4,"pos":[3572.096866095602,5190.55239885884,1.895],"noise":[0.0,0.0,0.0],"spd":[-3.0110378150918835,-3.7119679294254674,0.0],"spd_noise":[0.0,0.0,0.0]}
{"type":3,"rcvTime":18061.424831596454,"sendTime":18061.424721952855,"sender":463,"messageID":189406,"pos":[3555.7732319078265,5209.191188942597,1.895],"pos_noise":[0.0,0.0,0.0],"spd":[13.623334817895497,1.6785817432020148,0.0],"spd_noise":[0.0,0.0,0.0],"RSSI":2.7919815634624887e-7}
{"type":2,"rcvTime":18061.5,"pos":[3571.786831326794,5190.170192061884,1.895],"noise":[0.0,0.0,0.0],