{"type":2,"rcvTime":10800.0,"pos":[3588.7310124994835,5910.269567690912,1.895],"noise":[0.0,0.0,0.0],"spd":[1.4383991363118612,33.7841259071792,0.0],"spd_noise":[0.0,0.0,0.0]}
{"type":3,"rcvTime":10800.07976335176,"sendTime":10800.079645470947,"sender":19,"messageID":58,"pos":[3613.826324944598,5505.799698477823,1.895],"pos_noise":[0.0,0.0,0.0],"spd":[3.0957036327468159,-36.77047977735909,0.0],"spd_noise":[0.0,0.0,0.0],"RSSI":5.724984616417882e-9}
{"type":2,"rcvTime":10800.1,"pos":[3588.87446759162,5913.638941860031,1.895],"noise":[0.0,0.0,0.0],"spd":[1.4362745186237314,33.73422435366156,0.0],"spd_noise":[0.0,0.0,0.0]}
{"type":3,"rcvTime":10800.148683999754,"sendTime":10800.148564780364,"sender":37,"messageID":113,"pos":[3621.49385719775,5409.145178875995,1.895],"pos_noise":[0.0,0.0,0.0],"spd":[3.683949099439496,-29.743389638333786,0.0],"spd_noise":[0.0,0.0,0.0],"RSSI":1.295234538470291e-9}
{"type":2,"rcvTime":10800.199999999999,"pos":[3589.0178157521679,5917.005804493805,1.895],"noise":[0.0,0.0,0.0],"spd":[1.4352039179602412,33.709078824379428,0.0],"spd_noise":[0.0,0.0,0.0]}
{"type":2,"rcvTime":10800.3,"pos":[3589.1616704758296,5920.384564932302,1.895],"noise":[0.0,0.0,0.0],"spd":[1.440275635405113,33.82819982243742,0.0],"spd_noise":[0.0,0.0,0.0]}
{"type":2,"rcvTime":10800.4,"pos":[3589.3051955280154,5923.755582274757,1.895],"noise":[0.0,0.0,0.0],"spd":[1.4369749596772304,33.75067582957293,0.0],"spd_noise":[0.0,0.0,0.0]}
{"type":3,"rcvTime":10800.426131675436,"sendTime":10800.42602252704,"sender":61,"messageID":224,"pos":[3590.555717431834,6025.268823633017,1.895],"pos_noise":[0.0,0.0,0.0],"spd":[3.811663863186912,36.04784177361377,0.0],"spd_noise":[0.0,0.0,0.0],"RSSI":9.512627669724876e-8}
{"type":3,"rcvTime":10800.427662722128,"sendTime":10800.427545964252,"sender":43,"messageID":257,"pos":[3610.94283649408,5467.506674690558,1.895],"pos_noise":[0.0,0.0,0.0],"spd":[3.6758233035941134,-29.684974641094546,0.0],"spd_noise":[0.0,0.0,0.0],"RSSI":4.9248347774545208e-9}
{"type":2,"rcvTime":10800.5,"pos":[3589.448703220078,5927.126191874632,1.895],"noise":[0.0,0.0,0.0],"spd":[1.4368011498683787,33.7465935047802,0.0],"spd_noise":[0.0,0.0,0.0]}
{"type":3,"rcvTime":10800.565883172072,"sendTime":10800.565765130334,"sender":25,"messageID":339,"pos":[3606.6639794829995,5590.873371606003,1.895],"pos_noise":[0.0,0.0,0.0],"spd":[3.3778265829177878,-40.12150993545446,0.0],"spd_noise":[0.0,0.0,0.0],"RSSI":3.008836361403043e-9}
{"type":2,"rcvTime":10800.6,"pos":[3589.6014836139659,5930.498526048699,1.895],"noise":[0.0,0.0,0.0],"spd":[1.5068185029678139,33.7662241520589,0.0],"spd_noise":[0.0,0.0,0.0]}
{"type":2,"rcvTime":10800.699999999999,"pos":[3589.852066864508,5933.86387208707,1.895],"noise":[0.0,0.0,0.0],"spd":[2.3109816757037198,33.70804347138958,0.0],"spd_noise":[0.0,0.0,0.0]}
{"type":2,"rcvTime":10800.8,"pos":[3590.1031331716696,5937.235705600869,1.895],"noise":[0.0,0.0,0.0],"spd":[2.5136796058636614,33.75884734921543,0.0],"spd_noise":[0.0,0.0,0.0]}
{"type":2,"rcvTime":10800.9,"pos":[3590.3543219137,5940.6091834212979,1.895],"noise":[0.0,0.0,0.0],"spd":[2.5149054255910228,33.775310171674757,0.0],"spd_noise":[0.0,0.0,0.0]}
{"type":3,"rcvTime":10800.948203337215,"sendTime":10800.948090423364,"sender":49,"messageID":425,"pos":[3608.416152860458,5491.463670300653,1.895],"pos_noise":[0.0,0.0,0.0],"spd":[2.516712517212563,-29.89737583946434,0.0],"spd_noise":[0.0,0.0,0.0],"RSSI":3.22415768838408e-9}
{"type":3,"rcvTime":10800.993970337404,"sendTime":10800.993852010462,"sender":55,"messageID":478,"pos":[3598.175526490332,5660.218899045593,1.895],"pos_noise":[0.0,0.0,0.0],"spd":[1.541295306876126,-35.89116298691828,0.0],"spd_noise":[0.0,0.0,0.0],"RSSI":6.6916179293425959e-9}
{"type":2,"rcvTime":10801.0,"pos":[3590.6050773420176,5943.976841816111,1.895],"noise":[0.0,0.0,0.0],"spd":[2.510567082246478,33.717045995766,0.0],"spd_noise":[0.0,0.0,0.0]}
{"type":3,"rcvTime":10801.079752614416,"sendTime":10801.079645470947,"sender":19,"messageID":527,"pos":[3617.343691540775,5469.477499303787,1.895],"pos_noise":[0.0,0.0,0.0],"spd":[4.452548252225699,-35.940170031921827,0.0],"spd_noise":[0.0,0.0,0.0],"RSSI":2.9911623760559675e-9}
{"type":2,"rcvTime":10801.1,"pos":[3590.8562354465445,5947.349908173284,1.895],"noise":[0.0,0.0,0.0],"spd":[2.51459868245234,33.77119059542882,0.0],"spd_noise":[0.0,0.0,0.0]}
{"type":3,"rcvTime":10801.148673218277,"sendTime":10801.148564780364,"sender":37,"messageID":572,"pos":[3625.17002420038,5379.464620164831,1.895],"pos_noise":[0.0,0.0,0.0],"spd":[3.676035172301371,-29.679494342257507,0.0],"spd_noise":[0.0,0.0,0.0],"RSSI":1.2932165994959252e-9}
{"type":2,"rcvTime":10801.199999999999,"pos":[3591.1066035074538,5950.71236420373,1.895],"noise":[0.0,0.0,0.0],"spd":[2.5066887539834359,33.66495984625056,0.0],"spd_noise":[0.0,0.0,0.0]}
{"type":2,"rcvTime":10801.3,"pos":[3591.357486685713,5954.081738286885,1.895],"noise":[0.0,0.0,0.0],"spd":[2.5118461165689847,33.73422349298847,0.0],"spd_noise":[0.0,0.0,0.0]}
{"type":2,"rcvTime":10801.4,"pos":[3591.6081396673005,5957.448020816801,1.895],"noise":[0.0,0.0,0.0],"spd":[2.509541384054176,33.70327081590528,0.0],"spd_noise":[0.0,0.0,0.0]}
{"type":3,"rcvTime":10801.426133910389,"sendTime":10801.42602252704,"sender":61,"messageID":715,"pos":[3594.377233943151,6061.409844321053,1.895],"pos_noise":[0.0,0.0,0.0],"spd":[3.818513352128466,36.112619073652897,0.0],"spd_noise":[0.0,0.0,0.0],"RSSI":2.118682231621461e-8}
{"type":2,"rcvTime":10801.5,"pos":[3591.85832352992,5960.80800305468,1.895],"noise":[0.0,0.0,0.0],"spd":[2.504844557969621,33.64019219823083,0.0],"spd_noise":[0.0,0.0,0.0]}
{"type":2,"rcvTime":10801.6,"pos":[3592.1091455027619,5964.1765551459,1.895],"noise":[0.0,0.0,0.0],"spd":[2.5112333270130016,33.72599369750087,0.0],"spd_noise":[0.0,0.0,0.0]}
{"type":2,"rcvTime":10801.699999999999,"pos":[3592.359445873257,5967.538102090579,1.895],"noise":[0.0,0.0,0.0],"spd":[2.506011036550095,33.6558580660059,0.0],"spd_noise":[0.0,0.0,0.0]}
{"type":2,"rcvTime":10801.8,"pos":[3592.6104494571729,5970.909093227938,1.895],"noise":[0.0,0.0,0.0],"spd":[2.5130516197927,33.750413463751169,0.0],"spd_noise":[0.0,0.0,0.0]}
{"type":2,"rcvTime":10801.9,"pos":[3592.861269666843,5974.277621639673,1.895],"noise":[0.0,0.0,0.0],"spd":[2.5112156741134514,33.72575661814525,0.0],"spd_noise":[0.0,0.0,0.0]}
{"type":3,"rcvTime":10801.993970311467,"sendTime":10801.993852010462,"sender":55,"messageID":967,"pos":[3600.5352801455658,5624.37981311473,1.895],"pos_noise":[0.0,0.0,0.0],"spd":[3.0170945229479879,-35.83922666078482,0.0],"spd_noise":[0.0,0.0,0.0],"RSSI":3.5754167331560149e-9}
{"type":2,"rcvTime":10802.0,"pos":[3593.1124701928299,5977.65125771925,1.895],"noise":[0.0,0.0,0.0],"spd":[2.5150234067399159,33.7768946646174,0.0],"spd_noise":[0.0,0.0,0.0]}
{"type":2,"rcvTime":10802.1,"pos":[3593.3629657347735,5981.015425826593,1.895],"noise":[0.0,0.0,0.0],"spd":[2.507965095998649,33.68210118563972,0.0],"spd_noise":[0.0,0.0,0.0]}
{"type":2,"rcvTime":10802.199999999999,"pos":[3593.614083653184,5984.387952482145,1.895],"noise":[0.0,0.0,0.0],"spd":[2.5141963384597116,33.76578709476098,0.0],"spd_noise":[0.0,0.0,0.0]}
{"type":2,"rcvTime":10802.3,"pos":[3593.8648427146424,5987.755659670223,1.895],"noise":[0.0,0.0,0.0],"spd":[2.510603457302249,33.717534514656609,0.0],"spd_noise":[0.0,0.0,0.0]}
{"type":2,"rcvTime":10802.4,"pos":[3594.1157067211186,5991.124776275334,1.895],"noise":[0.0,0.0,0.0],"spd":[2.511654168388074,33.731645618973349,0.0],"spd_noise":[0.0,0.0,0.0]}
{"type":3,"rcvTime":10802.427655567006,"sendTime":10802.427545964252,"sender":43,"messageID":1164,"pos":[3618.310334864452,5408.008710770782,1.895],"pos_noise":[0.0,0.0,0.0],"spd":[3.676222157227804,-29.688195677299637,0.0],"spd_noise":[0.0,0.0,0.0],"RSSI":2.242578900711877e-9}
{"type":2,"rcvTime":10802.5,"pos":[3594.366324223611,5994.490582319176,1.895],"noise":[0.0,0.0,0.0],"spd":[2.5091861668349066,33.69850023024544,0.0],"spd_noise":[0.0,0.0,0.0]}
{"type":3,"rcvTime":10802.565883777152,