{"type":2,"rcvTime":18098.1,"pos":[6179.160302044975,5827.0457091705279,1.895],"noise":[0.0,0.0,0.0],"spd":[-0.0,-0.0,0.0],"spd_noise":[0.0,0.0,0.0]}
{"type":2,"rcvTime":18098.2,"pos":[6179.136555609875,5827.043316859832,1.895],"noise":[0.0,0.0,0.0],"spd":[-0.23747869510646672,-0.02392455203779919,0.0],"spd_noise":[0.0,0.0,0.0]}
{"type":3,"rcvTime":18098.241151392303,"sendTime":18098.241038605105,"sender":37,"messageID":255430,"pos":[6100.166168440051,5819.0659699529919,1.895],"pos_noise":[0.0,0.0,0.0],"spd":[-5.854853112093069,-11.83713143510019,0.0],"spd_noise":[0.0,0.0,0.0],"RSSI":1.7502168054777177e-9}
{"type":3,"rcvTime":18098.286188360096,"sendTime":18098.286078566685,"sender":565,"messageID":255548,"pos":[6223.441918467037,6025.937984701048,1.895],"pos_noise":[0.0,0.0,0.0],"spd":[17.330926949142808,-5.964844776532191,0.0],"spd_noise":[0.0,0.0,0.0],"RSSI":6.929462790624257e-9}
{"type":2,"rcvTime":18098.3,"pos":[6179.089180226163,5827.0385440744989,1.895],"noise":[0.0,0.0,0.0],"spd":[-0.4737824543750387,-0.04773073634761721,0.0],"spd_noise":[0.0,0.0,0.0]}
{"type":3,"rcvTime":18098.347152974384,"sendTime":18098.347034781844,"sender":241,"messageID":255736,"pos":[6154.624547812451,5738.445181763443,1.895],"pos_noise":[0.0,0.0,0.0],"spd":[14.186061627021097,0.7260531403341092,0.0],"spd_noise":[0.0,0.0,0.0],"RSSI":2.3219850740920169e-8}
{"type":2,"rcvTime":18098.399999999998,"pos":[6179.019605692325,5827.031534858137,1.895],"noise":[0.0,0.0,0.0],"spd":[-0.6957873650978326,-0.07009639755710394,0.0],"spd_noise":[0.0,0.0,0.0]}
{"type":2,"rcvTime":18098.5,"pos":[6178.928815540009,5827.0223882956529,1.895],"noise":[0.0,0.0,0.0],"spd":[-0.9079563652377286,-0.09147114985799979,0.0],"spd_noise":[0.0,0.0,0.0]}
{"type":3,"rcvTime":18098.530850092895,"sendTime":18098.530733933112,"sender":319,"messageID":256142,"pos":[6131.438054360538,5737.2584798565499,1.895],"pos_noise":[0.0,0.0,0.0],"spd":[13.315064207595596,0.7045220754269581,0.0],"spd_noise":[0.0,0.0,0.0],"RSSI":2.9295770004845327e-8}
{"type":2,"rcvTime":18098.6,"pos":[6178.815653598914,5827.010987909832,1.895],"noise":[0.0,0.0,0.0],"spd":[-1.1316877667830756,-0.11401074464713095,0.0],"spd_noise":[0.0,0.0,0.0]}
{"type":2,"rcvTime":18098.7,"pos":[6178.682404875288,5826.997563901328,1.895],"noise":[0.0,0.0,0.0],"spd":[-1.332567725573034,-0.13424819384366563,0.0],"spd_noise":[0.0,0.0,0.0]}
{"type":3,"rcvTime":18098.75324690937,"sendTime":18098.753137608663,"sender":589,"messageID":256615,"pos":[6114.053192860553,6063.3852512183489,1.895],"pos_noise":[0.0,0.0,0.0],"spd":[14.573183985897659,-6.093743375730943,0.0],"spd_noise":[0.0,0.0,0.0],"RSSI":2.9691046245819599e-9}
{"type":2,"rcvTime":18098.8,"pos":[6178.525474589556,5826.981754117694,1.895],"noise":[0.0,0.0,0.0],"spd":[-1.5693976515546946,-0.15810738628917374,0.0],"spd_noise":[0.0,0.0,0.0]}
{"type":2,"rcvTime":18098.899999999998,"pos":[6178.353694064721,5826.964448261674,1.895],"noise":[0.0,0.0,0.0],"spd":[-1.717909012925948,-0.17306901386464855,0.0],"spd_noise":[0.0,0.0,0.0]}
{"type":2,"rcvTime":18099.0,"pos":[6178.161654131094,5826.945101391912,1.895],"noise":[0.0,0.0,0.0],"spd":[-1.9205153386070922,-0.19348038415524486,0.0],"spd_noise":[0.0,0.0,0.0]}
{"type":3,"rcvTime":18099.091178747043,"sendTime":18099.091066034,"sender":331,"messageID":257712,"pos":[5781.705132102102,5705.155594688332,1.895],"pos_noise":[0.0,0.0,0.0],"spd":[4.586704476930538,0.5208409038449025,0.0],"spd_noise":[0.0,0.0,0.0],"RSSI":1.44555354936011e-8}
{"type":3,"rcvTime":18099.098439813184,"sendTime":18099.098329534194,"sender":529,"messageID":257788,"pos":[6129.5541902331019,5822.048191380966,1.895],"pos_noise":[0.0,0.0,0.0],"spd":[0.045695441816814907,-0.9118805791251172,0.0],"spd_noise":[0.0,0.0,0.0],"RSSI":1.1981628055877544e-8}
{"type":2,"rcvTime":18099.1,"pos":[6177.956185632026,5826.924401674845,1.895],"noise":[0.0,0.0,0.0],"spd":[-2.0548091045821605,-0.20700967439758828,0.0],"spd_noise":[0.0,0.0,0.0]}
{"type":2,"rcvTime":18099.2,"pos":[6177.735395226528,5826.902158367742,1.895],"noise":[0.0,0.0,0.0],"spd":[-2.2080374241153057,-0.22244650717388907,0.0],"spd_noise":[0.0,0.0,0.0]}
{"type":3,"rcvTime":18099.241157793607,"sendTime":18099.241038605105,"sender":37,"messageID":258408,"pos":[6100.166168440051,5819.0659699529919,1.895],"pos_noise":[0.0,0.0,0.0],"spd":[-5.822041352984667,-11.743323931701682,0.0],"spd_noise":[0.0,0.0,0.0],"RSSI":2.046184227185931e-9}
{"type":2,"rcvTime":18099.3,"pos":[6177.493407003665,5826.87777950787,1.895],"noise":[0.0,0.0,0.0],"spd":[-2.42002840239049,-0.24380332484157556,0.0],"spd_noise":[0.0,0.0,0.0]}
{"type":3,"rcvTime":18099.347144403044,"sendTime":18099.347034781844,"sender":241,"messageID":258696,"pos":[6168.848225438076,5739.173160118444,1.895],"pos_noise":[0.0,0.0,0.0],"spd":[14.191836461861277,0.7263487006581556,0.0],"spd_noise":[0.0,0.0,0.0],"RSSI":1.5677498746529457e-8}
{"type":2,"rcvTime":18099.399999999998,"pos":[6177.229675346429,5826.851210127596,1.895],"noise":[0.0,0.0,0.0],"spd":[-2.6374758803115858,-0.2657098520718385,0.0],"spd_noise":[0.0,0.0,0.0]}
{"type":2,"rcvTime":18099.5,"pos":[6176.951566401659,5826.823192321963,1.895],"noise":[0.0,0.0,0.0],"spd":[-2.7812574402900824,-0.2801949805684717,0.0],"spd_noise":[0.0,0.0,0.0]}
{"type":3,"rcvTime":18099.530841513217,"sendTime":18099.530733933112,"sender":319,"messageID":259106,"pos":[6144.90515408244,5737.947735994113,1.895],"pos_noise":[0.0,0.0,0.0],"spd":[13.53162593600477,0.6925586369897794,0.0],"spd_noise":[0.0,0.0,0.0],"RSSI":3.7837757384980438e-8}
{"type":2,"rcvTime":18099.6,"pos":[6176.65912519064,5826.793730626598,1.895],"noise":[0.0,0.0,0.0],"spd":[-2.924588760235671,-0.29463475008610426,0.0],"spd_noise":[0.0,0.0,0.0]}
{"type":2,"rcvTime":18099.7,"pos":[6176.346439020989,5826.762229373258,1.895],"noise":[0.0,0.0,0.0],"spd":[-3.127050575582819,-0.3150315618280399,0.0],"spd_noise":[0.0,0.0,0.0]}
{"type":3,"rcvTime":18099.75324771678,"sendTime":18099.753137608663,"sender":589,"messageID":259587,"pos":[6114.053192860553,6063.3852512183489,1.895],"pos_noise":[0.0,0.0,0.0],"spd":[14.974151978382772,-5.075920969802344,0.0],"spd_noise":[0.0,0.0,0.0],"RSSI":1.9964720250700814e-9}
{"type":2,"rcvTime":18099.8,"pos":[6176.016351166569,5826.728975004707,1.895],"noise":[0.0,0.0,0.0],"spd":[-3.301077934823298,-0.33256377291926517,0.0],"spd_noise":[0.0,0.0,0.0]}
{"type":2,"rcvTime":18099.899999999998,"pos":[6175.6674372023949,5826.693824018683,1.895],"noise":[0.0,0.0,0.0],"spd":[-3.489350404337643,-0.35153109330216489,0.0],"spd_noise":[0.0,0.0,0.0]}
{"type":2,"rcvTime":18100.0,"pos":[6175.304519935892,5826.657262284065,1.895],"noise":[0.0,0.0,0.0],"spd":[-3.629391886349672,-0.3656394314094329,0.0],"spd_noise":[0.0,0.0,0.0]}
