{"type":2,"rcvTime":18095.6,"pos":[3613.1304430260227,6079.851688375916,1.895],"noise":[0.0,0.0,0.0],"spd":[-4.883281454786173,-42.42552886421073,0.0],"spd_noise":[0.0,0.0,0.0]}
{"type":3,"rcvTime":18095.661530391943,"sendTime":18095.661423335645,"sender":577,"messageID":247731,"pos":[3592.2156343820395,5909.093006033082,1.895],"pos_noise":[0.0,0.0,0.0],"spd":[-1.3799119660540214,-35.32117203716637,0.0],"spd_noise":[0.0,0.0,0.0],"RSSI":2.3820632335498677e-9}
{"type":2,"rcvTime":18095.7,"pos":[3612.6429053130384,6075.616002698951,1.895],"noise":[0.0,0.0,0.0],"spd":[-4.880731396807957,-42.403374180070908,0.0],"spd_noise":[0.0,0.0,0.0]}
{"type":2,"rcvTime":18095.8,"pos":[3612.155033679268,6071.377415946952,1.895],"noise":[0.0,0.0,0.0],"spd":[-4.884074271870338,-42.43241679078218,0.0],"spd_noise":[0.0,0.0,0.0]}
{"type":3,"rcvTime":18095.86471843333,"sendTime":18095.864609023694,"sender":535,"messageID":248497,"pos":[3591.168828990852,5761.839309907987,1.895],"pos_noise":[0.0,0.0,0.0],"spd":[-0.01906155083045754,-32.750127019887369,0.0],"spd_noise":[0.0,0.0,0.0],"RSSI":1.618561944977414e-9}
{"type":2,"rcvTime":18095.899999999998,"pos":[3611.667106523402,6067.138346823759,1.895],"noise":[0.0,0.0,0.0],"spd":[-4.884630102593994,-42.43724580025633,0.0],"spd_noise":[0.0,0.0,0.0]}
{"type":2,"rcvTime":18096.0,"pos":[3611.179665988784,6062.903505424078,1.895],"noise":[0.0,0.0,0.0],"spd":[-4.879758545902955,-42.394922135163607,0.0],"spd_noise":[0.0,0.0,0.0]}
{"type":3,"rcvTime":18096.080476755524,"sendTime":18096.080364010246,"sender":559,"messageID":248955,"pos":[3612.6024463129326,5419.041356150176,1.895],"pos_noise":[0.0,0.0,0.0],"spd":[-4.085052812838526,35.39654804316138,0.0],"spd_noise":[0.0,0.0,0.0],"RSSI":2.0863452312577539e-9}
{"type":3,"rcvTime":18096.08066575554,"sendTime":18096.080380163246,"sender":505,"messageID":249009,"pos":[3606.245515553899,6020.036031240206,1.895],"pos_noise":[0.0,0.0,0.0],"spd":[3.1442658992377949,-37.34729786132036,0.0],"spd_noise":[0.0,0.0,0.0],"RSSI":3.6310109472014717e-9}
{"type":2,"rcvTime":18096.1,"pos":[3610.692195273275,6058.6684018154169,1.895],"noise":[0.0,0.0,0.0],"spd":[-4.880060686268523,-42.397547104614108,0.0],"spd_noise":[0.0,0.0,0.0]}
{"type":2,"rcvTime":18096.2,"pos":[3610.2043183147927,6054.42976880277,1.895],"noise":[0.0,0.0,0.0],"spd":[-4.884127577473176,-42.43287990530393,0.0],"spd_noise":[0.0,0.0,0.0]}
{"type":3,"rcvTime":18096.21078422918,"sendTime":18096.210677009913,"sender":553,"messageID":249654,"pos":[3591.2075290412246,5828.330833953547,1.895],"pos_noise":[0.0,0.0,0.0],"spd":[-0.019047668072371267,-32.72627470784886,0.0],"spd_noise":[0.0,0.0,0.0],"RSSI":1.0920115719041463e-8}
{"type":2,"rcvTime":18096.3,"pos":[3609.7158667773139,6050.186143897274,1.895],"noise":[0.0,0.0,0.0],"spd":[-4.889879677611463,-42.48285365608382,0.0],"spd_noise":[0.0,0.0,0.0]}
{"type":2,"rcvTime":18096.399999999998,"pos":[3609.228334977453,6045.950509593019,1.895],"noise":[0.0,0.0,0.0],"spd":[-4.880672200632597,-42.4028598887881,0.0],"spd_noise":[0.0,0.0,0.0]}
{"type":2,"rcvTime":18096.5,"pos":[3608.739670144465,6041.705031594502,1.895],"noise":[0.0,0.0,0.0],"spd":[-4.89201497516879,-42.501404937435967,0.0],"spd_noise":[0.0,0.0,0.0]}
{"type":3,"rcvTime":18096.56020548116,"sendTime":18096.560097761776,"sender":541,"messageID":250504,"pos":[3591.1789219448735,5779.180266535938,1.895],"pos_noise":[0.0,0.0,0.0],"spd":[-0.019024227222679034,-32.686000396274277,0.0],"spd_noise":[0.0,0.0,0.0],"RSSI":6.6158134647631158e-9}
{"type":2,"rcvTime":18096.6,"pos":[3608.2516515837958,6037.46516835425,1.895],"noise":[0.0,0.0,0.0],"spd":[-4.885545154455071,-42.44519569204606,0.0],"spd_noise":[0.0,0.0,0.0]}
{"type":2,"rcvTime":18096.7,"pos":[3607.763038858033,6033.220143058819,1.895],"noise":[0.0,0.0,0.0],"spd":[-4.891493330665666,-42.49687293486906,0.0],"spd_noise":[0.0,0.0,0.0]}
{"type":2,"rcvTime":18096.8,"pos":[3607.275096663273,6028.980943279015,1.895],"noise":[0.0,0.0,0.0],"spd":[-4.884780656688283,-42.4385538012659,0.0],"spd_noise":[0.0,0.0,0.0]}
{"type":3,"rcvTime":18096.802742475982,"sendTime":18096.802628687397,"sender":547,"messageID":251090,"pos":[3599.0460816961215,5479.023806168694,1.895],"pos_noise":[0.0,0.0,0.0],"spd":[-4.16171776198823,36.07559169454012,0.0],"spd_noise":[0.0,0.0,0.0],"RSSI":2.7100442519644325e-9}
{"type":2,"rcvTime":18096.899999999998,"pos":[3606.787143593959,6024.741649022019,1.895],"noise":[0.0,0.0,0.0],"spd":[-4.884889521654489,-42.43949961075332,0.0],"spd_noise":[0.0,0.0,0.0]}
{"type":2,"rcvTime":18097.0,"pos":[3606.2994354164295,6020.504482363764,1.895],"noise":[0.0,0.0,0.0],"spd":[-4.882437914348856,-42.41820025751401,0.0],"spd_noise":[0.0,0.0,0.0]}
{"type":2,"rcvTime":18097.1,"pos":[3605.81076428961,6016.258949684976,1.895],"noise":[0.0,0.0,0.0],"spd":[-4.89207798260949,-42.50195234065629,0.0],"spd_noise":[0.0,0.0,0.0]}
{"type":2,"rcvTime":18097.2,"pos":[3605.3221979542788,6012.014327425624,1.895],"noise":[0.0,0.0,0.0],"spd":[-4.8910289168747209,-42.49283814783596,0.0],"spd_noise":[0.0,0.0,0.0]}
{"type":3,"rcvTime":18097.210788276585,"sendTime":18097.210677009913,"sender":553,"messageID":252440,"pos":[3591.1884541902315,5795.557855591008,1.895],"pos_noise":[0.0,0.0,0.0],"spd":[-0.01909578526700063,-32.80894606287397,0.0],"spd_noise":[0.0,0.0,0.0],"RSSI":3.244429450521065e-9}
{"type":2,"rcvTime":18097.3,"pos":[3604.8334767606399,6007.768359770623,1.895],"noise":[0.0,0.0,0.0],"spd":[-4.892579200647698,-42.50630687982102,0.0],"spd_noise":[0.0,0.0,0.0]}
{"type":2,"rcvTime":18097.399999999998,"pos":[3604.5202922164778,6003.517026714893,1.895],"noise":[0.0,0.0,0.0],"spd":[-3.39152116982055,-42.546772665044567,0.0],"spd_noise":[0.0,0.0,0.0]}
{"type":2,"rcvTime":18097.5,"pos":[3604.2378201679568,5999.259493020743,1.895],"noise":[0.0,0.0,0.0],"spd":[-2.827822667293232,-42.622094292585497,0.0],"spd_noise":[0.0,0.0,0.0]}
{"type":3,"rcvTime":18097.560209528845,"sendTime":18097.560097761776,"sender":541,"messageID":253294,"pos":[3591.1721429864485,5746.387489703036,1.895],"pos_noise":[0.0,0.0,0.0],"spd":[0.0614376406701739,-32.73393944377022,0.0],"spd_noise":[0.0,0.0,0.0],"RSSI":1.9845197444718695e-8}
{"type":2,"rcvTime":18097.6,"pos":[3603.955289362085,5995.001073711894,1.895],"noise":[0.0,0.0,0.0],"spd":[-2.8284108860867644,-42.630960165622699,0.0],"spd_noise":[0.0,0.0,0.0]}
{"type":3,"rcvTime":18097.661538526892,"sendTime":18097.661423335645,"sender":577,"messageID":253381,"pos":[3591.213722015179,5838.971137328848,1.895],"pos_noise":[0.0,0.0,0.0],"spd":[-0.020295116723703326,-34.86954742560298,0.0],"spd_noise":[0.0,0.0,0.0],"RSSI":6.260159229332019e-9}
{"type":2,"rcvTime":18097.7,"pos":[3603.672317581217,5990.7360078484,1.895],"noise":[0.0,0.0,0.0],"spd":[-2.8328254789512536,-42.69749870627339,0.0],"spd_noise":[0.0,0.0,0.0]}
{"type":2,"rcvTime":18097.8,"pos":[3603.3899623914878,5986.480235497525,1.895],"noise":[0.0,0.0,0.0],"spd":[-2.8266527960012017,-42.604461516290317,0.0],"spd_noise":[0.0,0.0,0.0]}
{"type":3,"rcvTime":18097.86472536324,"sendTime":18097.864609023694,"sender":535,"messageID":254170,"pos":[3593.3201099899617,5696.414379825383,1.895],"pos_noise":[0.0,0.0,0.0],"spd":[1.4047819561163424,-32.68268224432257,0.0],"spd_noise":[0.0,0.0,0.0],"RSSI":1.3906827419466077e-9}
{"type":2,"rcvTime":18097.899999999998,"pos":[3603.107209111397,5982.218462966687,1.895],"noise":[0.0,0.0,0.0],"spd":[-2.830638071545322,-42.664529211477887,0.0],"spd_noise":[0.0,0.0,0.0]}
{"type":2,"rcvTime":18098.0,"pos":[3602.824817329352,5977.962139081536,1.895],"noise":[0.0,0.0,0.0],"spd":[-2.827019121024128,-42.609982916146638,0.0],"spd_noise":[0.0,0.0,0.0]}
{"type":3,"rcvTime":18098.08047250754,"sendTime":18098.080364010246,"sender":559,"messageID":254552,"pos":[3604.7629410352917,5489.651693507576,1.895],"pos_noise":[0.0,0.0,0.0],"spd":[-2.901117312977715,35.414991811619398,0.0],"spd_noise":[0.0,0.0,0.0],"RSSI":3.1845958119486517e-9}
{"type":3,"rcvTime":18098.08066171556,"sendTime":18098.080380163246,"sender":505,