{"type":2,"rcvTime":25299.7,"pos":[5876.600301564837,5181.055041096812,1.895],"noise":[0.0,0.0,0.0],"spd":[7.5017289952235919,13.97429516961775,0.0],"spd_noise":[0.0,0.0,0.0]}
{"type":2,"rcvTime":25299.8,"pos":[5877.348318961004,5182.448455320746,1.895],"noise":[0.0,0.0,0.0],"spd":[7.460791954431021,13.898037244033976,0.0],"spd_noise":[0.0,0.0,0.0]}
{"type":2,"rcvTime":25299.899999999998,"pos":[5878.1018576990459,5183.852154755082,1.895],"noise":[0.0,0.0,0.0],"spd":[7.5158623087373999,14.000622846193505,0.0],"spd_noise":[0.0,0.0,0.0]}
{"type":3,"rcvTime":25299.901536704685,"sendTime":25299.901425754884,"sender":1129,"messageID":5901864,"pos":[5919.37290806862,5249.043640344706,1.895],"pos_noise":[0.0,0.0,0.0],"spd":[-5.630954343219776,-11.528105708653856,0.0],"spd_noise":[0.0,0.0,0.0],"RSSI":1.054135697788702e-8}
{"type":3,"rcvTime":25299.9493459693,"sendTime":25299.949237024877,"sender":397,"messageID":5903866,"pos":[6000.6225766918619,5420.535014732115,1.895],"pos_noise":[0.0,0.0,0.0],"spd":[-6.002488541703938,-12.135615436547083,0.0],"spd_noise":[0.0,0.0,0.0],"RSSI":2.1224041386527375e-8}
{"type":3,"rcvTime":25299.951263969375,"sendTime":25299.951152020552,"sender":2605,"messageID":5904172,"pos":[5952.351300917642,5330.897697719954,1.895],"pos_noise":[0.0,0.0,0.0],"spd":[5.941680888038091,11.950530796518054,0.0],"spd_noise":[0.0,0.0,0.0],"RSSI":5.218668130333655e-9}
{"type":3,"rcvTime":25299.96813833079,"sendTime":25299.968025661863,"sender":1831,"messageID":5905339,"pos":[6026.09833005334,5468.3604162224169,1.895],"pos_noise":[0.0,0.0,0.0],"spd":[-4.387114712718619,-10.42077877605577,0.0],"spd_noise":[0.0,0.0,0.0],"RSSI":1.7150319724340445e-9}
{"type":2,"rcvTime":25300.0,"pos":[5878.849695962884,5185.245235289537,1.895],"noise":[0.0,0.0,0.0],"spd":[7.45900527266542,13.89470899552719,0.0],"spd_noise":[0.0,0.0,0.0]}
