{"type":2,"rcvTime":25299.6,"pos":[6324.771591554201,5736.074329762964,1.895],"noise":[0.0,0.0,0.0],"spd":[-13.072376688748204,-0.8342263616216988,0.0],"spd_noise":[0.0,0.0,0.0]}
{"type":3,"rcvTime":25299.607853676942,"sendTime":25299.60774675873,"sender":955,"messageID":5880450,"pos":[6091.198673617917,5808.231116287884,1.895],"pos_noise":[0.0,0.0,0.0],"spd":[-0.20570960189487337,4.105061324503147,0.0],"spd_noise":[0.0,0.0,0.0],"RSSI":5.0931602615992078e-9}
{"type":3,"rcvTime":25299.61611515887,"sendTime":25299.616001054972,"sender":2497,"messageID":5881515,"pos":[6206.193687830288,5509.021196478404,1.895],"pos_noise":[0.0,0.0,0.0],"spd":[-5.379064184180928,3.999399538254627,0.0],"spd_noise":[0.0,0.0,0.0],"RSSI":4.665045438552224e-9}
{"type":3,"rcvTime":25299.616772199926,"sendTime":25299.61666108896,"sender":1927,"messageID":5881727,"pos":[6324.418982486367,5742.669292615498,1.895],"pos_noise":[0.0,0.0,0.0],"spd":[1.8159783857414985,0.11659572300115435,0.0],"spd_noise":[0.0,0.0,0.0],"RSSI":0.000002984196840542833}
{"type":3,"rcvTime":25299.646535897155,"sendTime":25299.64642173881,"sender":1567,"messageID":5883383,"pos":[6087.9636608239629,5734.632455339529,1.895],"pos_noise":[0.0,0.0,0.0],"spd":[10.421289544058635,0.7967537641578709,0.0],"spd_noise":[0.0,0.0,0.0],"RSSI":7.51896248207835e-9}
{"type":2,"rcvTime":25299.7,"pos":[6323.465138154735,5735.990537989615,1.895],"noise":[0.0,0.0,0.0],"spd":[-13.064748169874122,-0.834983529353493,0.0],"spd_noise":[0.0,0.0,0.0]}
{"type":3,"rcvTime":25299.707117364876,"sendTime":25299.707002393203,"sender":991,"messageID":5887552,"pos":[6275.252895598577,5843.867209307977,1.895],"pos_noise":[0.0,0.0,0.0],"spd":[18.352307788565253,1.206308149655863,0.0],"spd_noise":[0.0,0.0,0.0],"RSSI":1.0432341274570687e-8}
{"type":3,"rcvTime":25299.742848496116,"sendTime":25299.74273727275,"sender":175,"messageID":5890030,"pos":[6246.5223641325469,5838.666801435576,1.895],"pos_noise":[0.0,0.0,0.0],"spd":[15.118511341224709,0.9950686862697294,0.0],"spd_noise":[0.0,0.0,0.0],"RSSI":2.189026669427195e-9}
{"type":3,"rcvTime":25299.767088402354,"sendTime":25299.76698164944,"sender":619,"messageID":5891480,"pos":[6103.642178706268,5729.091178520057,1.895],"pos_noise":[0.0,0.0,0.0],"spd":[11.382293985160726,0.7789918394833106,0.0],"spd_noise":[0.0,0.0,0.0],"RSSI":7.512323957209848e-9}
{"type":3,"rcvTime":25299.794343402376,"sendTime":25299.794234196655,"sender":487,"messageID":5892309,"pos":[6118.756845661157,5729.975047543632,1.895],"pos_noise":[0.0,0.0,0.0],"spd":[12.664600944968959,0.7287451940401096,0.0],"spd_noise":[0.0,0.0,0.0],"RSSI":1.696906204965467e-8}
{"type":2,"rcvTime":25299.8,"pos":[6322.156507972699,5735.906606604342,1.895],"noise":[0.0,0.0,0.0],"spd":[-13.086436847430568,-0.8376178239081449,0.0],"spd_noise":[0.0,0.0,0.0]}
{"type":3,"rcvTime":25299.801110594104,"sendTime":25299.800996233942,"sender":229,"messageID":5893221,"pos":[6089.611581504928,5727.727225391192,1.895],"pos_noise":[0.0,0.0,0.0],"spd":[3.606525052781169,-0.06264778654778566,0.0],"spd_noise":[0.0,0.0,0.0],"RSSI":1.0761453627360899e-8}
{"type":3,"rcvTime":25299.83387140074,"sendTime":25299.83375557419,"sender":2887,"messageID":5894517,"pos":[9524.566688379273,8333.940840442665,1.895],"pos_noise":[0.0,0.0,0.0],"spd":[-2.0281019218209979,12.582912507186359,0.0],"spd_noise":[0.0,0.0,0.0],"RSSI":3.078731917014142e-9}
{"type":3,"rcvTime":25299.847827400743,"sendTime":25299.84772195411,"sender":133,"messageID":5895057,"pos":[6319.227208372147,5843.4520816930139,1.895],"pos_noise":[0.0,0.0,0.0],"spd":[4.289877303608764,0.2823507206772442,0.0],"spd_noise":[0.0,0.0,0.0],"RSSI":6.425101824182587e-9}
{"type":3,"rcvTime":25299.85122860684,"sendTime":25299.85111299436,"sender":337,"messageID":5895636,"pos":[6092.979410886785,5772.695411468146,1.895],"pos_noise":[0.0,0.0,0.0],"spd":[-0.4608834106855068,9.197211247721404,0.0],"spd_noise":[0.0,0.0,0.0],"RSSI":1.1411498536716934e-8}
{"type":3,"rcvTime":25299.862532673047,"sendTime":25299.862418566132,"sender":613,"messageID":5897376,"pos":[6092.178432693862,5788.67942276973,1.895],"pos_noise":[0.0,0.0,0.0],"spd":[-0.4370303466198572,8.721208718555351,0.0],"spd_noise":[0.0,0.0,0.0],"RSSI":2.761523273276302e-9}
{"type":3,"rcvTime":25299.86714177097,"sendTime":25299.867028714205,"sender":2305,"messageID":5897791,"pos":[6100.939533978045,5745.683764506012,1.895],"pos_noise":[0.0,0.0,0.0],"spd":[2.2721743277983706e-15,-4.534263286515459e-14,0.0],"spd_noise":[0.0,0.0,0.0],"RSSI":8.241180215777869e-9}
{"type":3,"rcvTime":25299.872504803145,"sendTime":25299.87238638024,"sender":2239,"messageID":5898210,"pos":[6097.9498976738109,5739.529822660743,1.895],"pos_noise":[0.0,0.0,0.0],"spd":[2.342074247625914e-15,-4.6737528654338586e-14,0.0],"spd_noise":[0.0,0.0,0.0],"RSSI":2.5570687663649955e-8}
{"type":2,"rcvTime":25299.899999999998,"pos":[6320.8448609498059,5735.822481728475,1.895],"noise":[0.0,0.0,0.0],"spd":[-13.116525576544359,-0.840797614527169,0.0],"spd_noise":[0.0,0.0,0.0]}
{"type":3,"rcvTime":25299.900799851606,"sendTime":25299.900685014483,"sender":2491,"messageID":5901442,"pos":[5177.688723243773,10696.390872588381,1.895],"pos_noise":[0.0,0.0,0.0],"spd":[0.2347702560007437,-4.684984508123287,0.0],"spd_noise":[0.0,0.0,0.0],"RSSI":2.0491872114160119e-8}
{"type":3,"rcvTime":25299.94138980405,"sendTime":25299.941279031616,"sender":1909,"messageID":5903652,"pos":[6197.832553056698,5518.598346649365,1.895],"pos_noise":[0.0,0.0,0.0],"spd":[3.492988634583964,-2.1540752910003224,0.0],"spd_noise":[0.0,0.0,0.0],"RSSI":1.6805841846609645e-9}
{"type":2,"rcvTime":25300.0,"pos":[6319.534670959597,5735.738450302059,1.895],"noise":[0.0,0.0,0.0],"spd":[-13.10192618513541,-0.8403159498750037,0.0],"spd_noise":[0.0,0.0,0.0]}
