{"type":2,"rcvTime":10898.6,"pos":[3645.588507263223,5181.166251531654,1.895],"noise":[0.0,0.0,0.0],"spd":[-5.126173422536341,32.8618125887953,0.0],"spd_noise":[0.0,0.0,0.0]}
{"type":2,"rcvTime":10898.699999999999,"pos":[3645.078271314487,5184.437166645394,1.895],"noise":[0.0,0.0,0.0],"spd":[-5.10848991652883,32.748450825078368,0.0],"spd_noise":[0.0,0.0,0.0]}
{"type":2,"rcvTime":10898.8,"pos":[3644.5678254101087,5187.709427699354,1.895],"noise":[0.0,0.0,0.0],"spd":[-5.110591995549199,32.76192639859496,0.0],"spd_noise":[0.0,0.0,0.0]}
{"type":2,"rcvTime":10898.9,"pos":[3644.0567150965655,5190.985948010198,1.895],"noise":[0.0,0.0,0.0],"spd":[-5.117244069997679,32.804570141948939,0.0],"spd_noise":[0.0,0.0,0.0]}
{"type":2,"rcvTime":10899.0,"pos":[3643.545296108022,5194.264447110909,1.895],"noise":[0.0,0.0,0.0],"spd":[-5.120334528699325,32.824381815556098,0.0],"spd_noise":[0.0,0.0,0.0]}
{"type":3,"rcvTime":10899.023334231784,"sendTime":10899.023216400481,"sender":187,"messageID":32896,"pos":[3640.2594915079555,5291.897819629255,1.895],"pos_noise":[0.0,0.0,0.0],"spd":[4.444521831148359,-28.23347404907732,0.0],"spd_noise":[0.0,0.0,0.0],"RSSI":4.4846603883408509e-8}
{"type":2,"rcvTime":10899.1,"pos":[3643.031977390493,5197.555124601372,1.895],"noise":[0.0,0.0,0.0],"spd":[-5.1393546435887249,32.94631203510951,0.0],"spd_noise":[0.0,0.0,0.0]}
{"type":2,"rcvTime":10899.199999999999,"pos":[3642.521550595836,5200.827263150681,1.895],"noise":[0.0,0.0,0.0],"spd":[-5.110400668732702,32.76069988020225,0.0],"spd_noise":[0.0,0.0,0.0]}
{"type":2,"rcvTime":10899.3,"pos":[3642.009574313782,5204.109334833388,1.895],"noise":[0.0,0.0,0.0],"spd":[-5.12591415962159,32.86015055971171,0.0],"spd_noise":[0.0,0.0,0.0]}
{"type":3,"rcvTime":10899.380751827186,"sendTime":10899.38064305368,"sender":127,"messageID":33005,"pos":[4176.428342189865,5301.638691921774,1.895],"pos_noise":[0.0,0.0,0.0],"spd":[14.278896779770723,3.8717947413955766,0.0],"spd_noise":[0.0,0.0,0.0],"RSSI":2.3725214006418377e-9}
{"type":2,"rcvTime":10899.4,"pos":[3641.50002089665,5207.375874514656,1.895],"noise":[0.0,0.0,0.0],"spd":[-5.101656399948951,32.704643930013677,0.0],"spd_noise":[0.0,0.0,0.0]}
{"type":3,"rcvTime":10899.44661550715,"sendTime":10899.446510288026,"sender":223,"messageID":33052,"pos":[9777.054322334006,5455.8627610094849,1.895],"pos_noise":[0.0,0.0,0.0],"spd":[-5.098119945971463,32.68197316212155,0.0],"spd_noise":[0.0,0.0,0.0],"RSSI":1.0670473782936542e-7}
{"type":2,"rcvTime":10899.5,"pos":[3640.988167917729,5210.657155751139,1.895],"noise":[0.0,0.0,0.0],"spd":[-5.124679646821427,32.85223660033123,0.0],"spd_noise":[0.0,0.0,0.0]}
{"type":3,"rcvTime":10899.521191031954,"sendTime":10899.521083772323,"sender":205,"messageID":33080,"pos":[3634.980235237117,5327.11848524813,1.895],"pos_noise":[0.0,0.0,0.0],"spd":[3.756100960202442,-30.318572538612395,0.0],"spd_noise":[0.0,0.0,0.0],"RSSI":7.173857656210258e-9}
{"type":2,"rcvTime":10899.6,"pos":[3640.4759671974336,5213.940666216117,1.895],"noise":[0.0,0.0,0.0],"spd":[-5.128161238638767,32.874555669231458,0.0],"spd_noise":[0.0,0.0,0.0]}
{"type":2,"rcvTime":10899.699999999999,"pos":[3639.9649848552564,5217.216366154591,1.895],"noise":[0.0,0.0,0.0],"spd":[-5.115962818777618,32.79635656156406,0.0],"spd_noise":[0.0,0.0,0.0]}
{"type":2,"rcvTime":10899.8,"pos":[3639.452964987097,5220.498717250091,1.895],"noise":[0.0,0.0,0.0],"spd":[-5.126350544358997,32.8629480447508,0.0],"spd_noise":[0.0,0.0,0.0]}
{"type":2,"rcvTime":10899.9,"pos":[3638.9417749083106,5223.775748903464,1.895],"noise":[0.0,0.0,0.0],"spd":[-5.118042680803057,32.809689710948799,0.0],"spd_noise":[0.0,0.0,0.0]}
{"type":2,"rcvTime":10900.0,"pos":[3638.4306584886237,5227.052308358314,1.895],"noise":[0.0,0.0,0.0],"spd":[-5.117305204804191,32.804962052325098,0.0],"spd_noise":[0.0,0.0,0.0]}
