{"type":2,"rcvTime":25296.899999999998,"pos":[5540.562281039569,6079.953958578608,1.895],"noise":[0.0,0.0,0.0],"spd":[-7.868238459133173,-10.143092753431033,0.0],"spd_noise":[0.0,0.0,0.0]}
{"type":2,"rcvTime":25297.0,"pos":[5539.776014528351,6078.9403677738,1.895],"noise":[0.0,0.0,0.0],"spd":[-7.862969285865088,-10.136300164031569,0.0],"spd_noise":[0.0,0.0,0.0]}
{"type":2,"rcvTime":25297.1,"pos":[5538.990164036039,6077.927313266714,1.895],"noise":[0.0,0.0,0.0],"spd":[-7.858808935865901,-10.13093697935356,0.0],"spd_noise":[0.0,0.0,0.0]}
{"type":3,"rcvTime":25297.162481707757,"sendTime":25297.162372690393,"sender":985,"messageID":5704901,"pos":[4793.900113487528,5615.631418793131,1.895],"pos_noise":[0.0,0.0,0.0],"spd":[15.344004568115404,-1.1270868810044202,0.0],"spd_noise":[0.0,0.0,0.0],"RSSI":2.257544906460328e-9}
{"type":2,"rcvTime":25297.2,"pos":[5538.203419113283,6076.913105732685,1.895],"noise":[0.0,0.0,0.0],"spd":[-7.867753586308191,-10.142467694840987,0.0],"spd_noise":[0.0,0.0,0.0]}
{"type":2,"rcvTime":25297.3,"pos":[5537.414120141761,6075.895605726815,1.895],"noise":[0.0,0.0,0.0],"spd":[-7.893295062047663,-10.17539368696163,0.0],"spd_noise":[0.0,0.0,0.0]}
{"type":2,"rcvTime":25297.399999999998,"pos":[5536.62718992337,6074.88115932473,1.895],"noise":[0.0,0.0,0.0],"spd":[-7.869606614347787,-10.144856467804154,0.0],"spd_noise":[0.0,0.0,0.0]}
{"type":2,"rcvTime":25297.5,"pos":[5535.843280531493,6073.8706071263709,1.895],"noise":[0.0,0.0,0.0],"spd":[-7.839397180582417,-10.105912924049444,0.0],"spd_noise":[0.0,0.0,0.0]}
{"type":2,"rcvTime":25297.6,"pos":[5535.060135193887,6072.861039884603,1.895],"noise":[0.0,0.0,0.0],"spd":[-7.831756342294136,-10.096062977091865,0.0],"spd_noise":[0.0,0.0,0.0]}
{"type":2,"rcvTime":25297.7,"pos":[5534.272763178165,6071.84602395335,1.895],"noise":[0.0,0.0,0.0],"spd":[-7.874024758568647,-10.150551979813369,0.0],"spd_noise":[0.0,0.0,0.0]}
{"type":2,"rcvTime":25297.8,"pos":[5533.482503695153,6070.827285734229,1.895],"noise":[0.0,0.0,0.0],"spd":[-7.902900548516243,-10.18777629848481,0.0],"spd_noise":[0.0,0.0,0.0]}
{"type":2,"rcvTime":25297.899999999998,"pos":[5532.695270201911,6069.812448374884,1.895],"noise":[0.0,0.0,0.0],"spd":[-7.872639480190989,-10.148766191651174,0.0],"spd_noise":[0.0,0.0,0.0]}
{"type":2,"rcvTime":25298.0,"pos":[5531.9103085152969,6068.8005396437779,1.895],"noise":[0.0,0.0,0.0],"spd":[-7.849920535050845,-10.119478776305309,0.0],"spd_noise":[0.0,0.0,0.0]}
{"type":2,"rcvTime":25298.1,"pos":[5531.127036424183,6067.790809001703,1.895],"noise":[0.0,0.0,0.0],"spd":[-7.833023926400842,-10.097697043374158,0.0],"spd_noise":[0.0,0.0,0.0]}
{"type":3,"rcvTime":25298.162479604038,"sendTime":25298.162372690393,"sender":985,"messageID":5777099,"pos":[4793.900113487528,5615.631418793131,1.895],"pos_noise":[0.0,0.0,0.0],"spd":[15.409225412065583,-1.1318776484509466,0.0],"spd_noise":[0.0,0.0,0.0],"RSSI":3.856752879225202e-9}
{"type":2,"rcvTime":25298.2,"pos":[5530.343900838879,6066.78125433181,1.895],"noise":[0.0,0.0,0.0],"spd":[-7.831658815496997,-10.095937253478116,0.0],"spd_noise":[0.0,0.0,0.0]}
{"type":2,"rcvTime":25298.3,"pos":[5529.560110964029,6065.770856205076,1.895],"noise":[0.0,0.0,0.0],"spd":[-7.8382019640737738,-10.10437214818575,0.0],"spd_noise":[0.0,0.0,0.0]}
{"type":2,"rcvTime":25298.399999999998,"pos":[5528.773062515023,6064.756257389702,1.895],"noise":[0.0,0.0,0.0],"spd":[-7.870788966239602,-10.146380659651323,0.0],"spd_noise":[0.0,0.0,0.0]}
{"type":2,"rcvTime":25298.5,"pos":[5527.984586037392,6063.739817676029,1.895],"noise":[0.0,0.0,0.0],"spd":[-7.885069804942864,-10.16479035481913,0.0],"spd_noise":[0.0,0.0,0.0]}
{"type":2,"rcvTime":25298.6,"pos":[5527.199849242584,6062.728198857139,1.895],"noise":[0.0,0.0,0.0],"spd":[-7.84767152998145,-10.11657954197682,0.0],"spd_noise":[0.0,0.0,0.0]}
{"type":2,"rcvTime":25298.7,"pos":[5526.412523837092,6061.713243012001,1.895],"noise":[0.0,0.0,0.0],"spd":[-7.873558638247142,-10.149951095424843,0.0],"spd_noise":[0.0,0.0,0.0]}
{"type":2,"rcvTime":25298.8,"pos":[5525.627080569424,6060.700713465789,1.895],"noise":[0.0,0.0,0.0],"spd":[-7.854736531884563,-10.125687167527609,0.0],"spd_noise":[0.0,0.0,0.0]}
{"type":2,"rcvTime":25298.899999999998,"pos":[5524.840456487855,6059.686661710382,1.895],"noise":[0.0,0.0,0.0],"spd":[-7.866545127701547,-10.140909848345123,0.0],"spd_noise":[0.0,0.0,0.0]}
{"type":2,"rcvTime":25299.0,"pos":[5524.052441279396,6058.67081662739,1.895],"noise":[0.0,0.0,0.0],"spd":[-7.88045693477207,-10.158843817964513,0.0],"spd_noise":[0.0,0.0,0.0]}
{"type":2,"rcvTime":25299.1,"pos":[5523.262657507711,6057.652691656604,1.895],"noise":[0.0,0.0,0.0],"spd":[-7.898143251209914,-10.181643577914264,0.0],"spd_noise":[0.0,0.0,0.0]}
{"type":3,"rcvTime":25299.162479124843,"sendTime":25299.162372690393,"sender":985,"messageID":5849714,"pos":[4793.900113487528,5615.631418793131,1.895],"pos_noise":[0.0,0.0,0.0],"spd":[15.343351505064936,-1.1270389105546653,0.0],"spd_noise":[0.0,0.0,0.0],"RSSI":2.541312176652311e-9}
{"type":2,"rcvTime":25299.2,"pos":[5522.475985934331,6056.6385786786199,1.895],"noise":[0.0,0.0,0.0],"spd":[-7.867020064178409,-10.14152209780072,0.0],"spd_noise":[0.0,0.0,0.0]}
{"type":2,"rcvTime":25299.3,"pos":[5521.707862451877,6055.648376390129,1.895],"noise":[0.0,0.0,0.0],"spd":[-7.68153197944732,-9.902405952826769,0.0],"spd_noise":[0.0,0.0,0.0]}
{"type":2,"rcvTime":25299.399999999998,"pos":[5520.967319703039,6054.693728939069,1.895],"noise":[0.0,0.0,0.0],"spd":[-7.405713973450846,-9.546843823842075,0.0],"spd_noise":[0.0,0.0,0.0]}
{"type":2,"rcvTime":25299.5,"pos":[5520.252180297054,6053.77182941045,1.895],"noise":[0.0,0.0,0.0],"spd":[-7.151670717423574,-9.219351930624578,0.0],"spd_noise":[0.0,0.0,0.0]}
{"type":2,"rcvTime":25299.6,"pos":[5519.564621624686,6052.885484719261,1.895],"noise":[0.0,0.0,0.0],"spd":[-6.8758527114270999,-8.863789801639884,0.0],"spd_noise":[0.0,0.0,0.0]}
{"type":2,"rcvTime":25299.7,"pos":[5518.9046436859339,6052.034694865502,1.895],"noise":[0.0,0.0,0.0],"spd":[-6.600034705430625,-8.50822767265519,0.0],"spd_noise":[0.0,0.0,0.0]}
{"type":2,"rcvTime":25299.8,"pos":[5518.272246480798,6051.219459849174,1.895],"noise":[0.0,0.0,0.0],"spd":[-6.32421669943415,-8.152665543670496,0.0],"spd_noise":[0.0,0.0,0.0]}
{"type":2,"rcvTime":25299.899999999998,"pos":[5517.667361477804,6050.439691325076,1.895],"noise":[0.0,0.0,0.0],"spd":[-6.0490840346918699,-7.7979869008642359,0.0],"spd_noise":[0.0,0.0,0.0]}
{"type":2,"rcvTime":25300.0,"pos":[5517.090057208426,6049.695477638408,1.895],"noise":[0.0,0.0,0.0],"spd":[-5.773266028696517,-7.442424771878671,0.0],"spd_noise":[0.0,0.0,0.0]}
