{"type":2,"rcvTime":25298.3,"pos":[2325.8299765424364,5564.692169365383,1.895],"noise":[0.0,0.0,0.0],"spd":[12.524237450716399,-2.4123456626570927,0.0],"spd_noise":[0.0,0.0,0.0]}
{"type":2,"rcvTime":25298.399999999998,"pos":[2327.083529753272,5564.450717248001,1.895],"noise":[0.0,0.0,0.0],"spd":[12.53554071511204,-2.414522831601968,0.0],"spd_noise":[0.0,0.0,0.0]}
{"type":3,"rcvTime":25298.401939410618,"sendTime":25298.40183129604,"sender":1117,"messageID":5791181,"pos":[3480.032388086173,5184.387215014218,1.895],"pos_noise":[0.0,0.0,0.0],"spd":[-10.889339358029972,2.9960928839967817,0.0],"spd_noise":[0.0,0.0,0.0],"RSSI":9.201177697507574e-9}
{"type":3,"rcvTime":25298.47211502164,"sendTime":25298.471997766846,"sender":2203,"messageID":5798500,"pos":[2361.8196434808085,5557.760049363598,1.895],"pos_noise":[0.0,0.0,0.0],"spd":[12.148636591739003,-2.9797339001997624,0.0],"spd_noise":[0.0,0.0,0.0],"RSSI":6.529374031129432e-9}
{"type":2,"rcvTime":25298.5,"pos":[2328.3292164659217,5564.210780329677,1.895],"noise":[0.0,0.0,0.0],"spd":[12.45687567923812,-2.399370830624668,0.0],"spd_noise":[0.0,0.0,0.0]}
{"type":3,"rcvTime":25298.58704201695,"sendTime":25298.58693523542,"sender":1075,"messageID":5806060,"pos":[2703.3410392937664,5476.9164229041,1.895],"pos_noise":[0.0,0.0,0.0],"spd":[-11.009659350141082,3.028928417661331,0.0],"spd_noise":[0.0,0.0,0.0],"RSSI":3.6251144057292965e-9}
{"type":2,"rcvTime":25298.6,"pos":[2329.5757289668947,5563.970684352816,1.895],"noise":[0.0,0.0,0.0],"spd":[12.465133568145103,-2.4009614170827939,0.0],"spd_noise":[0.0,0.0,0.0]}
{"type":2,"rcvTime":25298.7,"pos":[2330.8271401378408,5563.72964482268,1.895],"noise":[0.0,0.0,0.0],"spd":[12.514120301507623,-2.410396956309818,0.0],"spd_noise":[0.0,0.0,0.0]}
{"type":3,"rcvTime":25298.74050720025,"sendTime":25298.74039936196,"sender":1657,"messageID":5816382,"pos":[2817.6269804762607,5450.349287527038,1.895],"pos_noise":[0.0,0.0,0.0],"spd":[13.179753036372338,-4.633819010566702,0.0],"spd_noise":[0.0,0.0,0.0],"RSSI":4.371249189152273e-9}
{"type":3,"rcvTime":25298.746117200262,"sendTime":25298.745999861043,"sender":721,"messageID":5817669,"pos":[2678.166647123624,5483.842289492382,1.895],"pos_noise":[0.0,0.0,0.0],"spd":[-14.790010386129252,4.06896174816548,0.0],"spd_noise":[0.0,0.0,0.0],"RSSI":4.5557660062589148e-9}
{"type":2,"rcvTime":25298.8,"pos":[2332.075180039924,5563.4892546467149,1.895],"noise":[0.0,0.0,0.0],"spd":[12.48040758973618,-2.403903410146673,0.0],"spd_noise":[0.0,0.0,0.0]}
{"type":3,"rcvTime":25298.871841428998,"sendTime":25298.871733744072,"sender":2659,"messageID":5826390,"pos":[2359.4802686756654,5544.766328156539,1.895],"pos_noise":[0.0,0.0,0.0],"spd":[-10.832020179989728,2.0864878996100408,0.0],"spd_noise":[0.0,0.0,0.0],"RSSI":9.838767269271087e-8}
{"type":2,"rcvTime":25298.899999999998,"pos":[2333.321316465816,5563.249231107245,1.895],"noise":[0.0,0.0,0.0],"spd":[12.461372814750286,-2.400237042670698,0.0],"spd_noise":[0.0,0.0,0.0]}
{"type":3,"rcvTime":25298.98552380899,"sendTime":25298.98541553528,"sender":1453,"messageID":5833987,"pos":[2335.02814304166,5566.276431710496,1.895],"pos_noise":[0.0,0.0,0.0],"spd":[10.51763231053267,-3.6993928312209789,0.0],"spd_noise":[0.0,0.0,0.0],"RSSI":2.865443209873818e-9}
{"type":2,"rcvTime":25299.0,"pos":[2334.5765651915396,5563.007452409662,1.895],"noise":[0.0,0.0,0.0],"spd":[12.552495875633783,-2.4177886358561575,0.0],"spd_noise":[0.0,0.0,0.0]}
{"type":3,"rcvTime":25299.02233978982,"sendTime":25299.02223188849,"sender":343,"messageID":5837866,"pos":[2686.3053506875319,5478.185194478474,1.895],"pos_noise":[0.0,0.0,0.0],"spd":[-12.668622662340365,3.485644901008225,0.0],"spd_noise":[0.0,0.0,0.0],"RSSI":4.291593498943074e-9}
{"type":2,"rcvTime":25299.1,"pos":[2335.8203217903248,5562.767887258627,1.895],"noise":[0.0,0.0,0.0],"spd":[12.437574527341532,-2.3956531551777404,0.0],"spd_noise":[0.0,0.0,0.0]}
{"type":3,"rcvTime":25299.17308178948,"sendTime":25299.172967205755,"sender":655,"messageID":5850667,"pos":[2678.6455319384047,5487.136727027035,1.895],"pos_noise":[0.0,0.0,0.0],"spd":[-13.62425575327518,3.7491118067275046,0.0],"spd_noise":[0.0,0.0,0.0],"RSSI":9.030064639164926e-9}
{"type":2,"rcvTime":25299.2,"pos":[2337.0708911597337,5562.527009871399,1.895],"noise":[0.0,0.0,0.0],"spd":[12.505702280356509,-2.4087755261116166,0.0],"spd_noise":[0.0,0.0,0.0]}
{"type":3,"rcvTime":25299.23290237923,"sendTime":25299.232795052183,"sender":2221,"messageID":5854098,"pos":[2766.8803763786365,5470.294678068491,1.895],"pos_noise":[0.0,0.0,0.0],"spd":[15.07255616209984,-3.687086703509738,0.0],"spd_noise":[0.0,0.0,0.0],"RSSI":2.287912394734898e-9}
{"type":2,"rcvTime":25299.3,"pos":[2338.326466242377,5562.285168312847,1.895],"noise":[0.0,0.0,0.0],"spd":[12.555759447075382,-2.4184172459763459,0.0],"spd_noise":[0.0,0.0,0.0]}
{"type":2,"rcvTime":25299.399999999998,"pos":[2339.581192169187,5562.043490313746,1.895],"noise":[0.0,0.0,0.0],"spd":[12.547267882905082,-2.416781650350185,0.0],"spd_noise":[0.0,0.0,0.0]}
{"type":3,"rcvTime":25299.40194836639,"sendTime":25299.40183129604,"sender":1117,"messageID":5863349,"pos":[3480.032388086173,5184.387215014218,1.895],"pos_noise":[0.0,0.0,0.0],"spd":[-10.948086698380669,3.0122566275069579,0.0],"spd_noise":[0.0,0.0,0.0],"RSSI":1.033358577498067e-8}
{"type":3,"rcvTime":25299.42061111811,"sendTime":25299.420495638016,"sender":1477,"messageID":5865991,"pos":[2812.9452772110137,5455.49221182833,1.895],"pos_noise":[0.0,0.0,0.0],"spd":[9.591482271180306,-3.373275544526036,0.0],"spd_noise":[0.0,0.0,0.0],"RSSI":3.4163732492338577e-9}
{"type":3,"rcvTime":25299.47211112054,"sendTime":25299.471997766846,"sender":2203,"messageID":5870603,"pos":[2361.8196434808085,5557.760049363598,1.895],"pos_noise":[0.0,0.0,0.0],"spd":[12.13180035148183,-2.9630664452942918,0.0],"spd_noise":[0.0,0.0,0.0],"RSSI":4.5634283481135e-9}
{"type":2,"rcvTime":25299.5,"pos":[2340.8246532631826,5561.803982081123,1.895],"noise":[0.0,0.0,0.0],"spd":[12.434619477418451,-2.3950839706727509,0.0],"spd_noise":[0.0,0.0,0.0]}
{"type":3,"rcvTime":25299.587051114497,"sendTime":25299.58693523542,"sender":1075,"messageID":5877741,"pos":[2692.293917122054,5479.955657926286,1.895],"pos_noise":[0.0,0.0,0.0],"spd":[-11.004764918486613,3.0275818834377499,0.0],"spd_noise":[0.0,0.0,0.0],"RSSI":4.2595498187507449e-9}
{"type":2,"rcvTime":25299.6,"pos":[2342.079843041497,5561.562214737646,1.895],"noise":[0.0,0.0,0.0],"spd":[12.551906401136128,-2.4176750947096279,0.0],"spd_noise":[0.0,0.0,0.0]}
{"type":2,"rcvTime":25299.7,"pos":[2343.331129728181,5561.321199184944,1.895],"noise":[0.0,0.0,0.0],"spd":[12.512875458036039,-2.4101571818093556,0.0],"spd_noise":[0.0,0.0,0.0]}
{"type":3,"rcvTime":25299.746108048723,"sendTime":25299.745999861043,"sender":721,"messageID":5889162,"pos":[2663.364616267621,5487.914558258653,1.895],"pos_noise":[0.0,0.0,0.0],"spd":[-14.763892317416218,4.061776261491642,0.0],"spd_noise":[0.0,0.0,0.0],"RSSI":1.7959488590983315e-9}
{"type":2,"rcvTime":25299.8,"pos":[2344.58256384492,5561.080155235122,1.895],"noise":[0.0,0.0,0.0],"spd":[12.514349759593682,-2.410441153189735,0.0],"spd_noise":[0.0,0.0,0.0]}
{"type":3,"rcvTime":25299.871845151578,"sendTime":25299.871733744072,"sender":2659,"messageID":5898387,"pos":[2348.6768746817699,5546.847302016302,1.895],"pos_noise":[0.0,0.0,0.0],"spd":[-10.763718646111798,2.0733315057340055,0.0],"spd_noise":[0.0,0.0,0.0],"RSSI":2.5217098611607979e-7}
{"type":2,"rcvTime":25299.899999999998,"pos":[2345.831823790915,5560.839530061406,1.895],"noise":[0.0,0.0,0.0],"spd":[12.492608037230323,-2.406253389276098,0.0],"spd_noise":[0.0,0.0,0.0]}
{"type":3,"rcvTime":25299.981653489165,"sendTime":25299.98154187095,"sender":1957,"messageID":5905761,"pos":[2840.3421896910547,5436.072512047387,1.895],"pos_noise":[0.0,0.0,0.0],"spd":[-13.29683590934804,4.477612721634846,0.0],"spd_noise":[0.0,0.0,0.0],"RSSI":4.102098133758136e-9}
{"type":2,"rcvTime":25300.0,"pos":[2347.076740192904,5560.599741515834,1.895],"noise":[0.0,0.0,0.0],