{"type":2,"rcvTime":18093.0,"pos":[6096.019732333301,6078.690349006828,1.895],"noise":[0.0,0.0,0.0],"spd":[7.6047504409583779,-15.171736923999939,0.0],"spd_noise":[0.0,0.0,0.0]}
{"type":2,"rcvTime":18093.1,"pos":[6096.798043996206,6077.169821294371,1.895],"noise":[0.0,0.0,0.0],"spd":[7.745758220968828,-15.132292872265415,0.0],"spd_noise":[0.0,0.0,0.0]}
{"type":2,"rcvTime":18093.2,"pos":[6097.5765908490889,6075.648834109318,1.895],"noise":[0.0,0.0,0.0],"spd":[7.748098831798866,-15.136865543864678,0.0],"spd_noise":[0.0,0.0,0.0]}
{"type":2,"rcvTime":18093.3,"pos":[6098.463274847525,6074.217055590696,1.895],"noise":[0.0,0.0,0.0],"spd":[8.183110802457236,-14.85392214876581,0.0],"spd_noise":[0.0,0.0,0.0]}
{"type":2,"rcvTime":18093.399999999998,"pos":[6099.7370046847959,6073.079704907719,1.895],"noise":[0.0,0.0,0.0],"spd":[10.192287970903142,-13.598534360690934,0.0],"spd_noise":[0.0,0.0,0.0]}
{"type":2,"rcvTime":18093.5,"pos":[6101.006625015189,6071.946023723813,1.895],"noise":[0.0,0.0,0.0],"spd":[11.948593118669079,-12.007224383318308,0.0],"spd_noise":[0.0,0.0,0.0]}
{"type":2,"rcvTime":18093.6,"pos":[6102.281895740389,6070.807297136866,1.895],"noise":[0.0,0.0,0.0],"spd":[12.691495161228599,-11.33260780053358,0.0],"spd_noise":[0.0,0.0,0.0]}
{"type":2,"rcvTime":18093.7,"pos":[6103.585708783075,6069.7083768649849,1.895],"noise":[0.0,0.0,0.0],"spd":[12.789362009498726,-11.174657722747531,0.0],"spd_noise":[0.0,0.0,0.0]}
{"type":2,"rcvTime":18093.8,"pos":[6104.947554073473,6068.687466417801,1.895],"noise":[0.0,0.0,0.0],"spd":[13.108043894104992,-10.728139105451535,0.0],"spd_noise":[0.0,0.0,0.0]}
{"type":2,"rcvTime":18093.899999999998,"pos":[6106.309245532724,6067.66667129049,1.895],"noise":[0.0,0.0,0.0],"spd":[13.44544270381185,-10.298982435846482,0.0],"spd_noise":[0.0,0.0,0.0]}
{"type":2,"rcvTime":18094.0,"pos":[6107.673629519338,6066.643857703863,1.895],"noise":[0.0,0.0,0.0],"spd":[13.578350401982306,-10.17904153917703,0.0],"spd_noise":[0.0,0.0,0.0]}
{"type":2,"rcvTime":18094.1,"pos":[6109.0395074687999,6065.619924164559,1.895],"noise":[0.0,0.0,0.0],"spd":[13.593218321303514,-10.190187309015878,0.0],"spd_noise":[0.0,0.0,0.0]}
{"type":2,"rcvTime":18094.2,"pos":[6110.417438994013,6064.626728148387,1.895],"noise":[0.0,0.0,0.0],"spd":[13.63465266982334,-10.071979517312475,0.0],"spd_noise":[0.0,0.0,0.0]}
{"type":2,"rcvTime":18094.3,"pos":[6112.0298362622129,6064.07615347144,1.895],"noise":[0.0,0.0,0.0],"spd":[14.732051552388873,-8.3953731211167,0.0],"spd_noise":[0.0,0.0,0.0]}
{"type":2,"rcvTime":18094.399999999998,"pos":[6113.642458596791,6063.52550194256,1.895],"noise":[0.0,0.0,0.0],"spd":[15.627860724961569,-6.585277006604901,0.0],"spd_noise":[0.0,0.0,0.0]}
{"type":2,"rcvTime":18094.5,"pos":[6115.262631917577,6062.972272028145,1.895],"noise":[0.0,0.0,0.0],"spd":[16.123966036995609,-5.5057445004361,0.0],"spd_noise":[0.0,0.0,0.0]}
{"type":2,"rcvTime":18094.6,"pos":[6116.871107586801,6062.423036433775,1.895],"noise":[0.0,0.0,0.0],"spd":[16.007551000364935,-5.465993024516851,0.0],"spd_noise":[0.0,0.0,0.0]}
{"type":2,"rcvTime":18094.7,"pos":[6118.491079707736,6061.869875221749,1.895],"noise":[0.0,0.0,0.0],"spd":[16.121963695929759,-5.505060774221926,0.0],"spd_noise":[0.0,0.0,0.0]}
{"type":3,"rcvTime":18094.7918303532,"sendTime":18094.79171693805,"sender":259,"messageID":233821,"pos":[7506.3012160453949,10644.958909135312,1.895],"pos_noise":[0.0,0.0,0.0],"spd":[9.434339187637147,0.6044409813011101,0.0],"spd_noise":[0.0,0.0,0.0],"RSSI":1.682628186710209e-9}
{"type":2,"rcvTime":18094.8,"pos":[6120.109881518953,6061.317113627675,1.895],"noise":[0.0,0.0,0.0],"spd":[16.11031677279185,-5.501083776073843,0.0],"spd_noise":[0.0,0.0,0.0]}
{"type":3,"rcvTime":18094.86822539456,"sendTime":18094.868112822205,"sender":523,"messageID":233948,"pos":[4061.8110113870354,7827.023577992804,1.895],"pos_noise":[0.0,0.0,0.0],"spd":[-13.15035332246065,-1.3241584713210389,0.0],"spd_noise":[0.0,0.0,0.0],"RSSI":2.043812269264601e-8}
{"type":2,"rcvTime":18094.899999999998,"pos":[6121.726985501815,6060.764931779869,1.895],"noise":[0.0,0.0,0.0],"spd":[16.093419983793305,-5.495314140806047,0.0],"spd_noise":[0.0,0.0,0.0]}
{"type":2,"rcvTime":18095.0,"pos":[6123.341856081695,6060.214287380887,1.895],"noise":[0.0,0.0,0.0],"spd":[16.06973231840802,-5.484316067777834,0.0],"spd_noise":[0.0,0.0,0.0]}
{"type":2,"rcvTime":18095.1,"pos":[6124.954900816683,6059.667499315201,1.895],"noise":[0.0,0.0,0.0],"spd":[16.04633958404842,-5.4613099376916589,0.0],"spd_noise":[0.0,0.0,0.0]}
{"type":3,"rcvTime":18095.169032365524,"sendTime":18095.168925367667,"sender":457,"messageID":234660,"pos":[6101.23989767381,5739.689822660743,1.895],"pos_noise":[0.0,0.0,0.0],"spd":[2.3106923227002238e-15,-4.611128308726481e-14,0.0],"spd_noise":[0.0,0.0,0.0],"RSSI":5.404216865903242e-9}
{"type":2,"rcvTime":18095.2,"pos":[6126.563800459802,6059.122116348031,1.895],"noise":[0.0,0.0,0.0],"spd":[16.00965649064119,-5.433883763214693,0.0],"spd_noise":[0.0,0.0,0.0]}
{"type":2,"rcvTime":18095.3,"pos":[6128.17321620472,6058.576558433263,1.895],"noise":[0.0,0.0,0.0],"spd":[16.016906634321967,-5.429392754518054,0.0],"spd_noise":[0.0,0.0,0.0]}
{"type":2,"rcvTime":18095.399999999998,"pos":[6129.78218200273,6058.031153040984,1.895],"noise":[0.0,0.0,0.0],"spd":[16.012428762381018,-5.427874850594879,0.0],"spd_noise":[0.0,0.0,0.0]}
{"type":2,"rcvTime":18095.5,"pos":[6131.3938058730359,6057.4848466183889,1.895],"noise":[0.0,0.0,0.0],"spd":[16.03888189974959,-5.436841904944871,0.0],"spd_noise":[0.0,0.0,0.0]}
{"type":2,"rcvTime":18095.6,"pos":[6133.011349477232,6056.936533531145,1.895],"noise":[0.0,0.0,0.0],"spd":[16.097795095637286,-5.456812232937623,0.0],"spd_noise":[0.0,0.0,0.0]}
{"type":3,"rcvTime":18095.651788505216,"sendTime":18095.6516775914,"sender":235,"messageID":236018,"pos":[6097.44160804203,5720.511828066959,1.895],"pos_noise":[0.0,0.0,0.0],"spd":[2.3065710725773749,-5.693067773666444,0.0],"spd_noise":[0.0,0.0,0.0],"RSSI":5.362454428146327e-9}
{"type":3,"rcvTime":18095.67466854658,"sendTime":18095.674554675912,"sender":307,"messageID":236152,"pos":[5864.21843921329,5711.744884522179,1.895],"pos_noise":[0.0,0.0,0.0],"spd":[0.0,0.0,0.0],"spd_noise":[0.0,0.0,0.0],"RSSI":4.56014302220885e-9}
{"type":2,"rcvTime":18095.7,"pos":[6134.622713480365,6056.390315198028,1.895],"noise":[0.0,0.0,0.0],"spd":[16.036295701460046,-5.435965238397634,0.0],"spd_noise":[0.0,0.0,0.0]}
{"type":3,"rcvTime":18095.730237927404,"sendTime":18095.73012202629,"sender":175,"messageID":236275,"pos":[6100.939533978045,5745.683764506012,1.895],"pos_noise":[0.0,0.0,0.0],"spd":[2.2863410239860557e-15,-4.5625337979890547e-14,0.0],"spd_noise":[0.0,0.0,0.0],"RSSI":1.0852447401085323e-8}
{"type":3,"rcvTime":18095.791833255353,"sendTime":18095.79171693805,"sender":259,"messageID":236559,"pos":[11036.178054846823,206.4799729268998,1.895],"pos_noise":[0.0,0.0,0.0],"spd":[11.431563038277567,0.6634389263287713,0.0],"spd_noise":[0.0,0.0,0.0],"RSSI":4.215688448269686e-9}
{"type":2,"rcvTime":18095.8,"pos":[6136.231570128417,6055.844946805277,1.895],"noise":[0.0,0.0,0.0],"spd":[16.01134250191682,-5.427506631260866,0.0],"spd_noise":[0.0,0.0,0.0]}
{"type":3,"rcvTime":18095.868228363248,"sendTime":18095.868112822205,"sender":523,"messageID":236682,"pos":[11552.153931548819,10711.716165067628,1.895],"pos_noise":[0.0,0.0,0.0],"spd":[-13.123061450103125,-1.3214103501771113,0.0],"spd_noise":[0.0,0.0,0.0],"RSSI":1.893299304064741e-8}
{"type":2,"rcvTime":18095.899999999998,"pos":[6137.844359019995,6055.298245465098,1.895],"noise":[0.0,0.0,0.0],"spd":[16.050476192282824,-5.440772125012384,0.0],"spd_noise":[0.0,0.0,0.0]}
{"type":2,"rcvTime":18096.0,"pos":[6139.452873871032,6054.75299293431,1.895],"noise":[0.0,0.0,0.0],"spd":[16.00794093779566,-5.426353572929994,0.0],"spd_noise":[0.0,0.0,0.0]}
{"type":2,"rcvTime":18096.1,"pos":[6141.073247555773,6054.20372050959,1.895],"noise":[0.0,0.0,0.0],"spd":[16.125960059213349,-5.466359560187661,0.0],"spd_noise":[0.0,0.0,0.0]}
{"type":3,