{"type":2,"rcvTime":18097.8,"pos":[3645.3284633948785,5182.833286991054,1.895],"noise":[0.0,0.0,0.0],"spd":[-5.205658526004842,33.37135925419984,0.0],"spd_noise":[0.0,0.0,0.0]}
{"type":2,"rcvTime":18097.899999999998,"pos":[3644.8096754220475,5186.159025652479,1.895],"noise":[0.0,0.0,0.0],"spd":[-5.194112909116727,33.29734500085839,0.0],"spd_noise":[0.0,0.0,0.0]}
{"type":3,"rcvTime":18097.98415934938,"sendTime":18097.984042235417,"sender":133,"messageID":243002,"pos":[3598.694906425122,5210.980805984537,1.895],"pos_noise":[0.0,0.0,0.0],"spd":[12.221482161304638,1.6213337935427954,0.0],"spd_noise":[0.0,0.0,0.0],"RSSI":3.51977929296396e-8}
{"type":2,"rcvTime":18098.0,"pos":[3644.2895540435099,5189.493312235486,1.895],"noise":[0.0,0.0,0.0],"spd":[-5.20746298690751,33.38292691902885,0.0],"spd_noise":[0.0,0.0,0.0]}
{"type":2,"rcvTime":18098.1,"pos":[3643.7704817051264,5192.820873848793,1.895],"noise":[0.0,0.0,0.0],"spd":[-5.196959981260585,33.31559642224162,0.0],"spd_noise":[0.0,0.0,0.0]}
{"type":2,"rcvTime":18098.2,"pos":[3643.2515053085187,5196.147820418401,1.895],"noise":[0.0,0.0,0.0],"spd":[-5.195999410772608,33.309438595583738,0.0],"spd_noise":[0.0,0.0,0.0]}
{"type":3,"rcvTime":18098.249908281454,"sendTime":18098.24979627505,"sender":109,"messageID":243964,"pos":[3652.75082205292,5224.8344149723229,1.895],"pos_noise":[0.0,0.0,0.0],"spd":[13.775861496683462,1.8335926760633339,0.0],"spd_noise":[0.0,0.0,0.0],"RSSI":1.2668310195126623e-7}
{"type":2,"rcvTime":18098.3,"pos":[3642.732019754086,5199.47803099171,1.895],"noise":[0.0,0.0,0.0],"spd":[-5.20109710649584,33.34211784922644,0.0],"spd_noise":[0.0,0.0,0.0]}
{"type":2,"rcvTime":18098.399999999998,"pos":[3642.212020532282,5202.811534477588,1.895],"noise":[0.0,0.0,0.0],"spd":[-5.206239951868887,33.37508653890814,0.0],"spd_noise":[0.0,0.0,0.0]}
{"type":3,"rcvTime":18098.490632697303,"sendTime":18098.490520951942,"sender":487,"messageID":244578,"pos":[3657.4879271826209,5182.4555421456029,1.895],"pos_noise":[0.0,0.0,0.0],"spd":[6.162351855519912,-39.14585366070877,0.0],"spd_noise":[0.0,0.0,0.0],"RSSI":9.711009859942498e-8}
{"type":2,"rcvTime":18098.5,"pos":[3641.6933625993149,5206.136439506345,1.895],"noise":[0.0,0.0,0.0],"spd":[-5.192810948067505,33.288998658176989,0.0],"spd_noise":[0.0,0.0,0.0]}
{"type":2,"rcvTime":18098.6,"pos":[3641.1748645126929,5209.4603198252029,1.895],"noise":[0.0,0.0,0.0],"spd":[-5.191210564073896,33.278739247403738,0.0],"spd_noise":[0.0,0.0,0.0]}
{"type":3,"rcvTime":18098.64410529073,"sendTime":18098.64399019652,"sender":115,"messageID":244953,"pos":[3735.9005527241436,5243.880967564112,1.895],"pos_noise":[0.0,0.0,0.0],"spd":[-14.18732934058179,-5.708761433617651,0.0],"spd_noise":[0.0,0.0,0.0],"RSSI":5.401464782749306e-9}
{"type":2,"rcvTime":18098.7,"pos":[3640.6552875073186,5212.791116653298,1.895],"noise":[0.0,0.0,0.0],"spd":[-5.202012714685988,33.34798744088268,0.0],"spd_noise":[0.0,0.0,0.0]}
{"type":3,"rcvTime":18098.740208794035,"sendTime":18098.740098745515,"sender":493,"messageID":245364,"pos":[3812.5968250071666,5245.185221421639,1.895],"pos_noise":[0.0,0.0,0.0],"spd":[1.8892000719500714e-14,4.347447794230871e-14,0.0],"spd_noise":[0.0,0.0,0.0],"RSSI":4.466383310583581e-9}
{"type":2,"rcvTime":18098.8,"pos":[3640.137013054551,5216.113563346483,1.895],"noise":[0.0,0.0,0.0],"spd":[-5.188971538590077,33.264385765816999,0.0],"spd_noise":[0.0,0.0,0.0]}
{"type":3,"rcvTime":18098.87390930443,"sendTime":18098.8737996954,"sender":415,"messageID":245782,"pos":[4038.873099837867,5266.659888759024,1.895],"pos_noise":[0.0,0.0,0.0],"spd":[14.286747282981711,2.943047388205961,0.0],"spd_noise":[0.0,0.0,0.0],"RSSI":2.658065591359734e-9}
{"type":2,"rcvTime":18098.899999999998,"pos":[3639.6172511581037,5219.4455454360399,1.895],"noise":[0.0,0.0,0.0],"spd":[-5.203863846866882,33.35985429629148,0.0],"spd_noise":[0.0,0.0,0.0]}
{"type":3,"rcvTime":18098.984150502023,"sendTime":18098.984042235417,"sender":133,"messageID":246104,"pos":[3610.8024689878386,5212.593692821091,1.895],"pos_noise":[0.0,0.0,0.0],"spd":[12.239129486959028,1.6304132841074777,0.0],"spd_noise":[0.0,0.0,0.0],"RSSI":2.0298696966540075e-7}
{"type":2,"rcvTime":18099.0,"pos":[3639.097738425659,5222.77593023653,1.895],"noise":[0.0,0.0,0.0],"spd":[-5.201369213160257,33.343862214364559,0.0],"spd_noise":[0.0,0.0,0.0]}
{"type":2,"rcvTime":18099.1,"pos":[3638.5775690352477,5226.11052460413,1.895],"noise":[0.0,0.0,0.0],"spd":[-5.207943682500863,33.386008462946779,0.0],"spd_noise":[0.0,0.0,0.0]}
{"type":3,"rcvTime":18099.182219071576,"sendTime":18099.18210762958,"sender":505,"messageID":246706,"pos":[3634.756169507578,5328.9271035857159,1.895],"pos_noise":[0.0,0.0,0.0],"spd":[4.693946305133565,-37.88869177171249,0.0],"spd_noise":[0.0,0.0,0.0],"RSSI":5.929322271484691e-8}
{"type":2,"rcvTime":18099.2,"pos":[3638.0573718046859,5229.445297443608,1.895],"noise":[0.0,0.0,0.0],"spd":[-5.208222418500514,33.387795326056409,0.0],"spd_noise":[0.0,0.0,0.0]}
{"type":3,"rcvTime":18099.23504586866,"sendTime":18099.234928198253,"sender":511,"messageID":246859,"pos":[3613.5331505699966,5446.587984833829,1.895],"pos_noise":[0.0,0.0,0.0],"spd":[4.628279019387466,-37.37675453225214,0.0],"spd_noise":[0.0,0.0,0.0],"RSSI":8.059117500162739e-9}
{"type":3,"rcvTime":18099.24990704319,"sendTime":18099.24979627505,"sender":109,"messageID":247013,"pos":[3666.2321121066727,5228.570800551727,1.895],"pos_noise":[0.0,0.0,0.0],"spd":[13.284266639432131,3.8893428677582344,0.0],"spd_noise":[0.0,0.0,0.0],"RSSI":2.7693847179516809e-7}
{"type":2,"rcvTime":18099.3,"pos":[3637.537816801976,5232.775953221572,1.895],"noise":[0.0,0.0,0.0],"spd":[-5.201792423681884,33.3465752448788,0.0],"spd_noise":[0.0,0.0,0.0]}
{"type":3,"rcvTime":18099.34158209494,"sendTime":18099.341465110752,"sender":403,"messageID":247151,"pos":[4027.706671370503,5267.905429625429,1.895],"pos_noise":[0.0,0.0,0.0],"spd":[13.264609282950199,2.212851878496149,0.0],"spd_noise":[0.0,0.0,0.0],"RSSI":5.830704237298878e-9}
{"type":2,"rcvTime":18099.399999999998,"pos":[3637.0178748879454,5236.109089330627,1.895],"noise":[0.0,0.0,0.0],"spd":[-5.205666185588456,33.37140835668075,0.0],"spd_noise":[0.0,0.0,0.0]}
{"type":3,"rcvTime":18099.46642923537,"sendTime":18099.46631702571,"sender":589,"messageID":247467,"pos":[3643.2970323299257,5195.855965203628,1.895],"pos_noise":[0.0,0.0,0.0],"spd":[-5.205441753098254,33.369969611280648,0.0],"spd_noise":[0.0,0.0,0.0],"RSSI":1.1144673127132249e-7}
{"type":2,"rcvTime":18099.5,"pos":[3636.4982594233977,5239.440132704841,1.895],"noise":[0.0,0.0,0.0],"spd":[-5.202397768505362,33.35045586428664,0.0],"spd_noise":[0.0,0.0,0.0]}
{"type":2,"rcvTime":18099.6,"pos":[3635.978457440618,5242.772371771565,1.895],"noise":[0.0,0.0,0.0],"spd":[-5.204265191818417,33.362427155516808,0.0],"spd_noise":[0.0,0.0,0.0]}
{"type":3,"rcvTime":18099.64410769247,"sendTime":18099.64399019652,"sender":115,"messageID":247969,"pos":[3721.591409575385,5238.129463115447,1.895],"pos_noise":[0.0,0.0,0.0],"spd":[-14.143456276123079,-5.683905346031149,0.0],"spd_noise":[0.0,0.0,0.0],"RSSI":1.1130965216458269e-7}
{"type":2,"rcvTime":18099.7,"pos":[3635.459831633164,5246.097070856723,1.895],"noise":[0.0,0.0,0.0],"spd":[-5.19248930694614,33.286936747791099,0.0],"spd_noise":[0.0,0.0,0.0]}
{"type":2,"rcvTime":18099.8,"pos":[3634.9407741317966,5249.424537355957,1.895],"noise":[0.0,0.0,0.0],"spd":[-5.196811432838542,33.31464413873438,0.0],"spd_noise":[0.0,0.0,0.0]}
{"type":2,"rcvTime":18099.899999999998,"pos":[3634.422368324804,5252.747826107645,1.895],"noise":[0.0,0.0,0.0],"spd":[-5.190286659045869,33.272816468094827,0.0],"spd_noise":[0.0,0.0,0.0]}
{"type":3,"rcvTime":18099.98414996081,"sendTime":18099.984042235417,"sender":133,"messageID":249126,"pos":[3622.913651889166,5214.207061934441,1.895],"pos_noise":[0.0,0.0,0.0],"spd":[12.26187402512314,1.6334431562213632,0.0],"spd_noise":[0.0,0.0,0.0],"RSSI":3.437076916924492e-8}
{"type":2,"rcvTime":18100.0,"pos":[3633.9039104879846,5256.071448401394,1.895],"noise":[0.0,0.0,0.0],