{"type":2,"rcvTime":10800.0,"pos":[3594.2860596665898,6060.5475867838499,1.895],"noise":[0.0,0.0,0.0],"spd":[4.274223373092638,40.42238072102784,0.0],"spd_noise":[0.0,0.0,0.0]}
{"type":3,"rcvTime":10800.06388536127,"sendTime":10800.063769801753,"sender":49,"messageID":113,"pos":[3597.83802366867,5880.591332892837,1.895],"pos_noise":[0.0,0.0,0.0],"spd":[-0.47880750270407398,-36.81785886879693,0.0],"spd_noise":[0.0,0.0,0.0],"RSSI":8.808396473070605e-9}
{"type":2,"rcvTime":10800.1,"pos":[3594.713345078133,6064.58852991534,1.895],"noise":[0.0,0.0,0.0],"spd":[4.2677332394229039,40.36100193213517,0.0],"spd_noise":[0.0,0.0,0.0]}
{"type":2,"rcvTime":10800.199999999999,"pos":[3595.1411750102727,6068.634622711912,1.895],"noise":[0.0,0.0,0.0],"spd":[4.2731719194827069,40.41243686591279,0.0],"spd_noise":[0.0,0.0,0.0]}
{"type":2,"rcvTime":10800.3,"pos":[3595.568368801623,6072.674699368722,1.895],"noise":[0.0,0.0,0.0],"spd":[4.266818135531561,40.35234756976394,0.0],"spd_noise":[0.0,0.0,0.0]}
{"type":2,"rcvTime":10800.4,"pos":[3595.9966173331069,6076.724750962155,1.895],"noise":[0.0,0.0,0.0],"spd":[4.277352896150868,40.45197738962511,0.0],"spd_noise":[0.0,0.0,0.0]}
