{"type":2,"rcvTime":25288.2,"pos":[2639.7271528080416,5180.65017469481,1.895],"noise":[0.0,0.0,0.0],"spd":[9.368079478194228,6.239408312398174,0.0],"spd_noise":[0.0,0.0,0.0]}
{"type":3,"rcvTime":25288.2934908576,"sendTime":25288.293376277667,"sender":1039,"messageID":5552226,"pos":[2755.6345700368858,5466.2517717687619,1.895],"pos_noise":[0.0,0.0,0.0],"spd":[-0.0,0.0,0.0],"spd_noise":[0.0,0.0,0.0],"RSSI":1.4291600725108429e-9}
{"type":2,"rcvTime":25288.3,"pos":[2640.6640648535669,5181.274184858094,1.895],"noise":[0.0,0.0,0.0],"spd":[9.368990954200294,6.240015381435923,0.0],"spd_noise":[0.0,0.0,0.0]}
{"type":3,"rcvTime":25288.31295892303,"sendTime":25288.31284442451,"sender":2143,"messageID":5552944,"pos":[2743.5948766953567,5476.105587331986,1.895],"pos_noise":[0.0,0.0,0.0],"spd":[0.0,-0.0,0.0],"spd_noise":[0.0,0.0,0.0],"RSSI":5.1225302608802839e-9}
{"type":2,"rcvTime":25288.399999999998,"pos":[2641.6037396488266,5181.900035091553,1.895],"noise":[0.0,0.0,0.0],"spd":[9.396618069670142,6.2584158288607629,0.0],"spd_noise":[0.0,0.0,0.0]}
{"type":2,"rcvTime":25288.5,"pos":[2642.5409909140846,5182.52427118486,1.895],"noise":[0.0,0.0,0.0],"spd":[9.372383104637814,6.242274650442644,0.0],"spd_noise":[0.0,0.0,0.0]}
{"type":2,"rcvTime":25288.6,"pos":[2643.481224988499,5183.1504939142,1.895],"noise":[0.0,0.0,0.0],"spd":[9.40221078391602,6.262140736173499,0.0],"spd_noise":[0.0,0.0,0.0]}
{"type":2,"rcvTime":25288.7,"pos":[2644.421747509165,5183.776908756975,1.895],"noise":[0.0,0.0,0.0],"spd":[9.40509520656261,6.264061843980091,0.0],"spd_noise":[0.0,0.0,0.0]}
{"type":3,"rcvTime":25288.777994532757,"sendTime":25288.777886962143,"sender":2359,"messageID":5579258,"pos":[2653.0015506839415,5500.516134846344,1.895],"pos_noise":[0.0,0.0,0.0],"spd":[11.301009125955045,-2.462639107779081,0.0],"spd_noise":[0.0,0.0,0.0],"RSSI":5.902602706032331e-9}
{"type":3,"rcvTime":25288.790754830075,"sendTime":25288.790636989288,"sender":1207,"messageID":5579774,"pos":[2754.0700849399806,5459.842522534191,1.895],"pos_noise":[0.0,0.0,0.0],"spd":[-0.0,0.0,0.0],"spd_noise":[0.0,0.0,0.0],"RSSI":1.9972455044643755e-9}
{"type":2,"rcvTime":25288.8,"pos":[2645.3627228334355,5184.403625179875,1.895],"noise":[0.0,0.0,0.0],"spd":[9.40962318001578,6.267077603537541,0.0],"spd_noise":[0.0,0.0,0.0]}
{"type":2,"rcvTime":25288.899999999998,"pos":[2646.3080792215735,5185.033259516354,1.895],"noise":[0.0,0.0,0.0],"spd":[9.453433213138164,6.296256336005238,0.0],"spd_noise":[0.0,0.0,0.0]}
{"type":2,"rcvTime":25289.0,"pos":[2647.2505425365736,5185.660966983549,1.895],"noise":[0.0,0.0,0.0],"spd":[9.424502881643223,6.276987909511824,0.0],"spd_noise":[0.0,0.0,0.0]}
{"type":2,"rcvTime":25289.1,"pos":[2648.189072045125,5186.286054423373,1.895],"noise":[0.0,0.0,0.0],"spd":[9.385165360894775,6.250787997937801,0.0],"spd_noise":[0.0,0.0,0.0]}
{"type":2,"rcvTime":25289.2,"pos":[2649.1350965028825,5186.916133713285,1.895],"noise":[0.0,0.0,0.0],"spd":[9.460113816990097,6.300705808843642,0.0],"spd_noise":[0.0,0.0,0.0]}
{"type":3,"rcvTime":25289.29349383061,"sendTime":25289.293376277667,"sender":1039,"messageID":5608087,"pos":[2755.6345700368858,5466.2517717687619,1.895],"pos_noise":[0.0,0.0,0.0],"spd":[-0.0,0.0,0.0],"spd_noise":[0.0,0.0,0.0],"RSSI":9.614582055933516e-9}
{"type":2,"rcvTime":25289.3,"pos":[2650.0770051586539,5187.5434717616039,1.895],"noise":[0.0,0.0,0.0],"spd":[9.418956366019854,6.273293771800262,0.0],"spd_noise":[0.0,0.0,0.0]}
{"type":3,"rcvTime":25289.312961897143,"sendTime":25289.31284442451,"sender":2143,"messageID":5608801,"pos":[2743.5948766953567,5476.105587331986,1.895],"pos_noise":[0.0,0.0,0.0],"spd":[0.0,-0.0,0.0],"spd_noise":[0.0,0.0,0.0],"RSSI":1.2374529297475788e-8}
{"type":2,"rcvTime":25289.399999999998,"pos":[2651.022244413914,5188.173028084242,1.895],"noise":[0.0,0.0,0.0],"spd":[9.452261900550362,6.2954762083906339,0.0],"spd_noise":[0.0,0.0,0.0]}
{"type":3,"rcvTime":25289.411460544892,"sendTime":25289.411354407668,"sender":337,"messageID":5615797,"pos":[2754.8523725690367,5463.0423461191,1.895],"pos_noise":[0.0,0.0,0.0],"spd":[-0.0,0.0,0.0],"spd_noise":[0.0,0.0,0.0],"RSSI":3.072802838660123e-9}
{"type":2,"rcvTime":25289.5,"pos":[2651.9656424256638,5188.801358086151,1.895],"noise":[0.0,0.0,0.0],"spd":[9.433849719945004,6.283213170594476,0.0],"spd_noise":[0.0,0.0,0.0]}
{"type":2,"rcvTime":25289.6,"pos":[2652.9070441590868,5189.4283585097159,1.895],"noise":[0.0,0.0,0.0],"spd":[9.41388721260086,6.269917570938747,0.0],"spd_noise":[0.0,0.0,0.0]}
{"type":2,"rcvTime":25289.7,"pos":[2653.845562535102,5190.053438534953,1.895],"noise":[0.0,0.0,0.0],"spd":[9.38505403707567,6.250713853094866,0.0],"spd_noise":[0.0,0.0,0.0]}
{"type":3,"rcvTime":25289.77800005179,"sendTime":25289.777886962143,"sender":2359,"messageID":5635760,"pos":[2664.2645735392495,5497.936086563936,1.895],"pos_noise":[0.0,0.0,0.0],"spd":[11.25847472253946,-2.74477343809417,0.0],"spd_noise":[0.0,0.0,0.0],"RSSI":5.212684863421159e-9}
{"type":3,"rcvTime":25289.79074730962,"sendTime":25289.790636989288,"sender":1207,"messageID":5636287,"pos":[2754.0700849399806,5459.842522534191,1.895],"pos_noise":[0.0,0.0,0.0],"spd":[-0.0,0.0,0.0],"spd_noise":[0.0,0.0,0.0],"RSSI":6.023325459858671e-9}
{"type":2,"rcvTime":25289.8,"pos":[2654.7910539038678,5190.683162772381,1.895],"noise":[0.0,0.0,0.0],"spd":[9.454783000753143,6.297155333079148,0.0],"spd_noise":[0.0,0.0,0.0]}
{"type":2,"rcvTime":25289.899999999998,"pos":[2655.7362114198624,5191.312664654336,1.895],"noise":[0.0,0.0,0.0],"spd":[9.451444519194475,6.29493180907549,0.0],"spd_noise":[0.0,0.0,0.0]}
{"type":2,"rcvTime":25290.0,"pos":[2656.6760194423357,5191.938603620923,1.895],"noise":[0.0,0.0,0.0],"spd":[9.397950323393673,6.259303147863225,0.0],"spd_noise":[0.0,0.0,0.0]}
{"type":2,"rcvTime":25290.1,"pos":[2657.616733111531,5192.565145774075,1.895],"noise":[0.0,0.0,0.0],"spd":[9.407006665436262,6.265334930147392,0.0],"spd_noise":[0.0,0.0,0.0]}
{"type":2,"rcvTime":25290.2,"pos":[2658.5579698019539,5193.192036274291,1.895],"noise":[0.0,0.0,0.0],"spd":[9.412236805413248,6.268818352646546,0.0],"spd_noise":[0.0,0.0,0.0]}
{"type":3,"rcvTime":25290.293486249,"sendTime":25290.293376277667,"sender":1039,"messageID":5664377,"pos":[2755.5555077040928,5466.271098116778,1.895],"pos_noise":[0.0,0.0,0.0],"spd":[-0.5224217706069585,0.1277030994817853,0.0],"spd_noise":[0.0,0.0,0.0],"RSSI":1.8948969659173138e-9}
{"type":2,"rcvTime":25290.3,"pos":[2659.5035520737285,5193.821821055719,1.895],"noise":[0.0,0.0,0.0],"spd":[9.455692018282776,6.297760764698694,0.0],"spd_noise":[0.0,0.0,0.0]}
{"type":2,"rcvTime":25290.399999999998,"pos":[2660.4467264254706,5194.450002093679,1.895],"noise":[0.0,0.0,0.0],"spd":[9.431613150786444,6.281723551699626,0.0],"spd_noise":[0.0,0.0,0.0]}
{"type":3,"rcvTime":25290.41146135508,"sendTime":25290.411354407668,"sender":337,"messageID":5672095,"pos":[2754.636985819806,5463.094987975194,1.895],"pos_noise":[0.0,0.0,0.0],"spd":[-0.8577648851572045,0.20964305282677246,0.0],"spd_noise":[0.0,0.0,0.0],"RSSI":1.0232874815367586e-8}
{"type":2,"rcvTime":25290.5,"pos":[2661.385534384644,5195.075274989565,1.895],"noise":[0.0,0.0,0.0],"spd":[9.387949828624098,6.252642532918679,0.0],"spd_noise":[0.0,0.0,0.0]}
{"type":2,"rcvTime":25290.6,"pos":[2662.3300672826655,5195.704360858121,1.895],"noise":[0.0,0.0,0.0],"spd":[9.445198425794205,6.290771732597449,0.0],"spd_noise":[0.0,0.0,0.0]}
{"type":2,"rcvTime":25290.7,"pos":[2663.2687225601696,5196.329532063657,1.895],"noise":[0.0,0.0,0.0],"spd":[9.386423033034884,6.251625643479082,0.0],"spd_noise":[0.0,0.0,0.0]}
{"type":3,"rcvTime":25290.79075091636,"sendTime":25290.790636989288,"sender":1207,"messageID":5693448,"pos":[2753.4618749586759,5459.99141275925,1.895],"pos_noise":[0.0,0.0,0.0],"spd":[-1.4571271413884024,0.3567057343519987,0.0],"spd_noise":[0.0,0.0,0.0],"RSSI":7.181957519510396e-9}
{"type":2,"rcvTime":25290.8,"pos":[2664.2267587875769,5196.51853308652,1.895],"noise":[0.0,0.0,0.0],"spd":[9.928310030624888,5.544131256687877,0.0],