{"type":2,"rcvTime":25298.8,"pos":[6324.695234494533,5904.699544897215,1.895],"noise":[0.0,0.0,0.0],"spd":[-4.1261131226053939,15.219269714530832,0.0],"spd_noise":[0.0,0.0,0.0]}
{"type":3,"rcvTime":25298.853985744896,"sendTime":25298.853868888178,"sender":2773,"messageID":6201606,"pos":[6285.211733616519,6001.557123564449,1.895],"pos_noise":[0.0,0.0,0.0],"spd":[-14.543167821968368,3.7778633366966449,0.0],"spd_noise":[0.0,0.0,0.0],"RSSI":7.512391814255662e-8}
{"type":2,"rcvTime":25298.899999999998,"pos":[6324.285752427492,5906.209929570726,1.895],"noise":[0.0,0.0,0.0],"spd":[-4.104454186160149,15.139380194855736,0.0],"spd_noise":[0.0,0.0,0.0]}
{"type":2,"rcvTime":25299.0,"pos":[6323.876403186679,5907.719824311428,1.895],"noise":[0.0,0.0,0.0],"spd":[-4.103122798998928,15.134469340569668,0.0],"spd_noise":[0.0,0.0,0.0]}
{"type":3,"rcvTime":25299.034187606263,"sendTime":25299.03407460097,"sender":2503,"messageID":6209091,"pos":[6098.169393699608,5800.9636134566439,1.895],"pos_noise":[0.0,0.0,0.0],"spd":[0.29852178708639168,-5.957185427420784,0.0],"spd_noise":[0.0,0.0,0.0],"RSSI":3.9245089787075808e-9}
{"type":3,"rcvTime":25299.05473517299,"sendTime":25299.05461726589,"sender":1375,"messageID":6210071,"pos":[7745.907745668665,4986.016206210479,1.895],"pos_noise":[0.0,0.0,0.0],"spd":[5.9917756065968839,0.5183421556010627,0.0],"spd_noise":[0.0,0.0,0.0],"RSSI":3.0472706159656615e-9}
{"type":3,"rcvTime":25299.08751923029,"sendTime":25299.087412665598,"sender":2815,"messageID":6211936,"pos":[8963.873428637162,1711.9609988294542,1.895],"pos_noise":[0.0,0.0,0.0],"spd":[-1.5127490273059059,12.466575617113414,0.0],"spd_noise":[0.0,0.0,0.0],"RSSI":1.1747861458565863e-8}
{"type":2,"rcvTime":25299.1,"pos":[6323.466553563389,5909.231564725204,1.895],"noise":[0.0,0.0,0.0],"spd":[-4.10813839582369,15.152969492792153,0.0],"spd_noise":[0.0,0.0,0.0]}
{"type":3,"rcvTime":25299.11663944947,"sendTime":25299.116528574516,"sender":1423,"messageID":6214966,"pos":[6065.4322327268769,5726.221242455514,1.895],"pos_noise":[0.0,0.0,0.0],"spd":[4.91620274293086,0.425295487423652,0.0],"spd_noise":[0.0,0.0,0.0],"RSSI":4.143923891469011e-9}
{"type":3,"rcvTime":25299.131981349576,"sendTime":25299.13187069376,"sender":2761,"messageID":6215701,"pos":[6301.95787504064,6059.682305263555,1.895],"pos_noise":[0.0,0.0,0.0],"spd":[-1.9698507775397994,14.153742623807802,0.0],"spd_noise":[0.0,0.0,0.0],"RSSI":5.050813244711063e-9}
{"type":3,"rcvTime":25299.134196450006,"sendTime":25299.134079845062,"sender":1987,"messageID":6215889,"pos":[6100.864455567172,5747.18200026137,1.895],"pos_noise":[0.0,0.0,0.0],"spd":[2.3214860935436108e-15,-4.632667940728617e-14,0.0],"spd_noise":[0.0,0.0,0.0],"RSSI":1.3412948404590314e-8}
{"type":3,"rcvTime":25299.165524136526,"sendTime":25299.165406112792,"sender":181,"messageID":6219869,"pos":[6101.23989767381,5739.689822660743,1.895],"pos_noise":[0.0,0.0,0.0],"spd":[2.359114923134927e-15,-4.7077585789888029e-14,0.0],"spd_noise":[0.0,0.0,0.0],"RSSI":6.630336363338118e-9}
{"type":3,"rcvTime":25299.17741323757,"sendTime":25299.177305631572,"sender":1165,"messageID":6221457,"pos":[6324.402563942887,5847.097846356994,1.895],"pos_noise":[0.0,0.0,0.0],"spd":[4.5442017275646629e-14,2.986930930325012e-15,0.0],"spd_noise":[0.0,0.0,0.0],"RSSI":1.0324042268974585e-7}
{"type":2,"rcvTime":25299.2,"pos":[6323.055009157729,5910.749556385427,1.895],"noise":[0.0,0.0,0.0],"spd":[-4.125126091141578,15.215629024702393,0.0],"spd_noise":[0.0,0.0,0.0]}
{"type":3,"rcvTime":25299.248148816027,"sendTime":25299.248033559183,"sender":295,"messageID":6226098,"pos":[6112.000724680224,5719.6641156362979,1.895],"pos_noise":[0.0,0.0,0.0],"spd":[-0.0,-0.0,0.0],"spd_noise":[0.0,0.0,0.0],"RSSI":2.4197418846446895e-9}
{"type":3,"rcvTime":25299.26065657816,"sendTime":25299.26054980778,"sender":1303,"messageID":6227643,"pos":[6076.905238766477,5727.166842237657,1.895],"pos_noise":[0.0,0.0,0.0],"spd":[5.85324337783104,0.4540015696897478,0.0],"spd_noise":[0.0,0.0,0.0],"RSSI":1.2869661765979935e-8}
{"type":3,"rcvTime":25299.294562008887,"sendTime":25299.29445495936,"sender":2449,"messageID":6230101,"pos":[1612.014071783051,4335.260946536437,1.895],"pos_noise":[0.0,0.0,0.0],"spd":[0.24349634649477809,-4.859118998068662,0.0],"spd_noise":[0.0,0.0,0.0],"RSSI":1.3683420620542987e-9}
{"type":2,"rcvTime":25299.3,"pos":[6322.646413245838,5912.256672453879,1.895],"noise":[0.0,0.0,0.0],"spd":[-4.09557178689178,15.106617246734699,0.0],"spd_noise":[0.0,0.0,0.0]}
{"type":3,"rcvTime":25299.372038801343,"sendTime":25299.371922122078,"sender":763,"messageID":6234529,"pos":[6119.558712083878,5733.321645641899,1.895],"pos_noise":[0.0,0.0,0.0],"spd":[11.19617593483492,0.6438895149556765,0.0],"spd_noise":[0.0,0.0,0.0],"RSSI":5.5254050310157048e-9}
{"type":3,"rcvTime":25299.385927829655,"sendTime":25299.385816476308,"sender":2779,"messageID":6235796,"pos":[6299.383423513007,5997.630727609382,1.895],"pos_noise":[0.0,0.0,0.0],"spd":[-11.050618404122826,7.88994637969979,0.0],"spd_noise":[0.0,0.0,0.0],"RSSI":3.1787002691191229e-8}
{"type":3,"rcvTime":25299.388211979764,"sendTime":25299.388097425686,"sender":877,"messageID":6236411,"pos":[6105.51099826587,5719.290057538548,1.895],"pos_noise":[0.0,0.0,0.0],"spd":[-0.0,-0.0,0.0],"spd_noise":[0.0,0.0,0.0],"RSSI":7.846733959991579e-9}
{"type":2,"rcvTime":25299.399999999998,"pos":[6322.252126800144,5913.769098060924,1.895],"noise":[0.0,0.0,0.0],"spd":[-4.0749472675590658,15.21427511416381,0.0],"spd_noise":[0.0,0.0,0.0]}
{"type":3,"rcvTime":25299.401603206865,"sendTime":25299.401488320294,"sender":2869,"messageID":6238546,"pos":[6307.771767041255,5957.803639239161,1.895],"pos_noise":[0.0,0.0,0.0],"spd":[-1.5344591445775158,10.363798495306757,0.0],"spd_noise":[0.0,0.0,0.0],"RSSI":9.110255181743923e-9}
{"type":3,"rcvTime":25299.495761482343,"sendTime":25299.495651997902,"sender":2911,"messageID":6244280,"pos":[6152.095007917188,5824.3190433637769,1.895],"pos_noise":[0.0,0.0,0.0],"spd":[-9.166280323552752,-0.923447682309854,0.0],"spd_noise":[0.0,0.0,0.0],"RSSI":9.999211711053198e-9}
{"type":2,"rcvTime":25299.5,"pos":[6321.902473492596,5915.2663314547839,1.895],"noise":[0.0,0.0,0.0],"spd":[-3.8960991480929354,15.213552168030632,0.0],"spd_noise":[0.0,0.0,0.0]}
{"type":3,"rcvTime":25299.517659303845,"sendTime":25299.517552099285,"sender":2833,"messageID":6246701,"pos":[6306.793951939477,5993.247835938396,1.895],"pos_noise":[0.0,0.0,0.0],"spd":[-1.521434485929127,12.50684585476238,0.0],"spd_noise":[0.0,0.0,0.0],"RSSI":4.27401252985987e-8}
{"type":3,"rcvTime":25299.538037307168,"sendTime":25299.537920925206,"sender":2857,"messageID":6247775,"pos":[6310.559648315436,5989.566652548466,1.895],"pos_noise":[0.0,0.0,0.0],"spd":[-1.3323745407186357,10.945528485044003,0.0],"spd_noise":[0.0,0.0,0.0],"RSSI":5.564703986520375e-8}
{"type":2,"rcvTime":25299.6,"pos":[6321.5517292574609,5916.768236256519,1.895],"noise":[0.0,0.0,0.0],"spd":[-3.7377745044685497,15.303666096520632,0.0],"spd_noise":[0.0,0.0,0.0]}
{"type":3,"rcvTime":25299.614411082657,"sendTime":25299.614293574494,"sender":2977,"messageID":6253658,"pos":[6324.8586047925359,5892.210587816943,1.895],"pos_noise":[0.0,0.0,0.0],"spd":[-4.088139848457192,12.942381527361928,0.0],"spd_noise":[0.0,0.0,0.0],"RSSI":7.44053496069911e-8}
{"type":3,"rcvTime":25299.6331255162,"sendTime":25299.633017269334,"sender":2491,"messageID":6254829,"pos":[6099.604856257322,5772.318077350618,1.895],"pos_noise":[0.0,0.0,0.0],"spd":[0.1524977452313927,-3.0431860751969768,0.0],"spd_noise":[0.0,0.0,0.0],"RSSI":4.069446478521956e-9}
{"type":3,"rcvTime":25299.637773611357,"sendTime":25299.637657534982,"sender":2035,"messageID":6255859,"pos":[6100.539065728022,5753.675354153334,1.895],"pos_noise":[0.0,0.0,0.0],"spd":[0.000014190532584045482,-0.00028318078469892927,0.0],"spd_noise":[0.0,0.0,0.0],"RSSI":2.3704021133710929e-9}
{"type":3,"rcvTime":25299.67353076541,"sendTime":25299.673414370744,"sender":1237,"messageID":6257118,"pos":[6118.49045109458,5720.038173734048,1.895],