{"type":2,"rcvTime":25272.7,"pos":[3566.2204193397349,5180.302884298478,1.895],"noise":[0.0,0.0,0.0],"spd":[0.3012927280509321,3.926524584922815,0.0],"spd_noise":[0.0,0.0,0.0]}
{"type":3,"rcvTime":25272.727133916636,"sendTime":25272.727025733326,"sender":2323,"messageID":4696733,"pos":[3592.6817817131889,5637.130789424578,1.895],"pos_noise":[0.0,0.0,0.0],"spd":[-2.5541938482180068,31.179971183958867,0.0],"spd_noise":[0.0,0.0,0.0],"RSSI":1.982190781159753e-9}
{"type":2,"rcvTime":25272.8,"pos":[3566.2471067771396,5180.650681869815,1.895],"noise":[0.0,0.0,0.0],"spd":[0.2668642321496577,3.4778435415635307,0.0],"spd_noise":[0.0,0.0,0.0]}
{"type":3,"rcvTime":25272.86256395729,"sendTime":25272.862455304712,"sender":1693,"messageID":4705934,"pos":[7992.691523274407,9458.374762558378,1.895],"pos_noise":[0.0,0.0,0.0],"spd":[4.505891394064168e-14,6.368681414651581e-15,0.0],"spd_noise":[0.0,0.0,0.0],"RSSI":7.002028038649123e-9}
{"type":2,"rcvTime":25272.899999999998,"pos":[3566.270351234112,5180.953609631652,1.895],"noise":[0.0,0.0,0.0],"spd":[0.2324357362482876,3.0291624982042539,0.0],"spd_noise":[0.0,0.0,0.0]}
{"type":3,"rcvTime":25272.97360336581,"sendTime":25272.973487392068,"sender":967,"messageID":4709486,"pos":[3818.4486345386228,5261.890118808212,1.895],"pos_noise":[0.0,0.0,0.0],"spd":[0.0,-0.0,0.0],"spd_noise":[0.0,0.0,0.0],"RSSI":1.0433107145627769e-8}
{"type":3,"rcvTime":25272.997816624913,"sendTime":25272.99770218986,"sender":1585,"messageID":4710592,"pos":[3525.960249959464,5192.217418416049,1.895],"pos_noise":[0.0,0.0,0.0],"spd":[-14.756927963321225,-1.8216686193974499,0.0],"spd_noise":[0.0,0.0,0.0],"RSSI":1.8868187769990164e-8}
{"type":2,"rcvTime":25273.0,"pos":[3566.2901527106525,5181.211667583987,1.895],"noise":[0.0,0.0,0.0],"spd":[0.19800724034700085,2.58048145484497,0.0],"spd_noise":[0.0,0.0,0.0]}
{"type":3,"rcvTime":25273.02250624388,"sendTime":25273.022399087204,"sender":2245,"messageID":4712779,"pos":[3587.7290175046134,5761.26957351485,1.895],"pos_noise":[0.0,0.0,0.0],"spd":[-0.030841978241355866,31.788589730121467,0.0],"spd_noise":[0.0,0.0,0.0],"RSSI":2.4925730341898357e-9}
{"type":3,"rcvTime":25273.046940279088,"sendTime":25273.04682770474,"sender":2233,"messageID":4713472,"pos":[4891.003259224817,4879.778319620527,1.895],"pos_noise":[0.0,0.0,0.0],"spd":[4.346517051131228,-35.0843052147086,0.0],"spd_noise":[0.0,0.0,0.0],"RSSI":5.6068042017878228e-9}
{"type":3,"rcvTime":25273.06388686471,"sendTime":25273.063771216897,"sender":2185,"messageID":4715094,"pos":[3758.7886383259017,5260.58657117015,1.895],"pos_noise":[0.0,0.0,0.0],"spd":[12.888513751083352,5.5434030428276819,0.0],"spd_noise":[0.0,0.0,0.0],"RSSI":7.236425492539902e-9}
{"type":3,"rcvTime":25273.07879210913,"sendTime":25273.078684740187,"sender":2113,"messageID":4715878,"pos":[3794.5333796690717,5269.388769473047,1.895],"pos_noise":[0.0,0.0,0.0],"spd":[9.908057296567025,1.2898738185612096,0.0],"spd_noise":[0.0,0.0,0.0],"RSSI":1.5738715909370594e-8}
{"type":2,"rcvTime":25273.1,"pos":[3566.306511206761,5181.424855726821,1.895],"noise":[0.0,0.0,0.0],"spd":[0.16357874444564306,2.1318004114856925,0.0],"spd_noise":[0.0,0.0,0.0]}
{"type":3,"rcvTime":25273.12543718714,"sendTime":25273.125319232462,"sender":1105,"messageID":4717856,"pos":[3961.6845568385035,5251.775841885688,1.895],"pos_noise":[0.0,0.0,0.0],"spd":[-0.0,-0.0,0.0],"spd_noise":[0.0,0.0,0.0],"RSSI":3.595923182453468e-9}
{"type":3,"rcvTime":25273.135168280874,"sendTime":25273.135061397774,"sender":2467,"messageID":4718531,"pos":[5966.151008019224,9692.230845219456,1.895],"pos_noise":[0.0,0.0,0.0],"spd":[-5.456447767303648,34.981790237219239,0.0],"spd_noise":[0.0,0.0,0.0],"RSSI":1.0315967383630696e-8}
{"type":3,"rcvTime":25273.169547395006,"sendTime":25273.169437905726,"sender":2023,"messageID":4721612,"pos":[3543.469895957014,5194.375465734616,1.895],"pos_noise":[0.0,0.0,0.0],"spd":[-13.47100052536993,-1.6576398102753625,0.0],"spd_noise":[0.0,0.0,0.0],"RSSI":7.618123114383556e-8}
{"type":2,"rcvTime":25273.2,"pos":[3566.3194267224378,5181.593174060154,1.895],"noise":[0.0,0.0,0.0],"spd":[0.1291502485443208,1.6831193681264117,0.0],"spd_noise":[0.0,0.0,0.0]}
{"type":3,"rcvTime":25273.204504521218,"sendTime":25273.20439663017,"sender":2293,"messageID":4724510,"pos":[3590.1892279123887,5691.289073758321,1.895],"pos_noise":[0.0,0.0,0.0],"spd":[-1.3157772375686987,31.51389509036648,0.0],"spd_noise":[0.0,0.0,0.0],"RSSI":1.5438598235529529e-9}
{"type":3,"rcvTime":25273.210725719822,"sendTime":25273.21061493582,"sender":1501,"messageID":4725071,"pos":[3503.7844603058458,5192.379046177897,1.895],"pos_noise":[0.0,0.0,0.0],"spd":[-11.354000761310113,-1.8617110213504023,0.0],"spd_noise":[0.0,0.0,0.0],"RSSI":2.5064839100439326e-8}
{"type":3,"rcvTime":25273.261399983712,"sendTime":25273.26128472937,"sender":2149,"messageID":4726581,"pos":[3656.3575459362575,5189.6361997725,1.895],"pos_noise":[0.0,0.0,0.0],"spd":[5.499366207080593,-34.93428966999443,0.0],"spd_noise":[0.0,0.0,0.0],"RSSI":3.2911715440713809e-8}
{"type":3,"rcvTime":25273.263034096344,"sendTime":25273.262925399235,"sender":901,"messageID":4727136,"pos":[3967.560522323375,5249.196188538876,1.895],"pos_noise":[0.0,0.0,0.0],"spd":[-0.0,-0.0,0.0],"spd_noise":[0.0,0.0,0.0],"RSSI":2.4127580482871726e-9}
{"type":3,"rcvTime":25273.269009243566,"sendTime":25273.26889202604,"sender":859,"messageID":4727594,"pos":[11018.657311266288,6827.804266707972,1.895],"pos_noise":[0.0,0.0,0.0],"spd":[-12.828883241444517,-2.680410558988506,0.0],"spd_noise":[0.0,0.0,0.0],"RSSI":1.3248127495746575e-9}
{"type":3,"rcvTime":25273.28104611672,"sendTime":25273.280929906432,"sender":2155,"messageID":4728597,"pos":[3650.657127519973,5225.847657728915,1.895],"pos_noise":[0.0,0.0,0.0],"spd":[5.36723713257953,-34.094950155446849,0.0],"spd_noise":[0.0,0.0,0.0],"RSSI":1.3271357096311958e-8}
{"type":3,"rcvTime":25273.295703437816,"sendTime":25273.295594097817,"sender":1057,"messageID":4729810,"pos":[3180.321930271714,5261.197429687446,1.895],"pos_noise":[0.0,0.0,0.0],"spd":[4.488035472565571,-2.7695105181585939,0.0],"spd_noise":[0.0,0.0,0.0],"RSSI":2.294970705469978e-9}
{"type":2,"rcvTime":25273.3,"pos":[3566.3288992576819,5181.716622583984,1.895],"noise":[0.0,0.0,0.0],"spd":[0.09472175264301554,1.2344383247671296,0.0],"spd_noise":[0.0,0.0,0.0]}
{"type":3,"rcvTime":25273.391334236214,"sendTime":25273.39121710416,"sender":1093,"messageID":4735287,"pos":[3970.9315433758795,5246.303166144659,1.895],"pos_noise":[0.0,0.0,0.0],"spd":[-0.0,-0.0,0.0],"spd_noise":[0.0,0.0,0.0],"RSSI":6.924721879485415e-9}
{"type":3,"rcvTime":25273.399853433923,"sendTime":25273.399737977983,"sender":2473,"messageID":4736037,"pos":[3491.2570155100709,5200.036624077293,1.895],"pos_noise":[0.0,0.0,0.0],"spd":[12.877790011032307,2.5251903245745015,0.0],"spd_noise":[0.0,0.0,0.0],"RSSI":6.3772344550080869e-9}
