{"type":2,"rcvTime":25200.0,"pos":[4889.119265781196,5196.308405135793,1.895],"noise":[0.0,0.0,0.0],"spd":[2.4935748597563847,-13.10835961629842,0.0],"spd_noise":[0.0,0.0,0.0]}
{"type":2,"rcvTime":25200.1,"pos":[4889.368852558977,5194.996363820563,1.895],"noise":[0.0,0.0,0.0],"spd":[2.4931448009264236,-13.10609885969471,0.0],"spd_noise":[0.0,0.0,0.0]}
{"type":3,"rcvTime":25200.105060555372,"sendTime":25200.104953662958,"sender":1231,"messageID":7989,"pos":[4847.443615200577,5356.127586378106,1.895],"pos_noise":[0.0,0.0,0.0],"spd":[2.7872590685104936,-13.75195281156995,0.0],"spd_noise":[0.0,0.0,0.0],"RSSI":2.172084958174084e-9}
{"type":2,"rcvTime":25200.2,"pos":[4889.618345050362,5193.68481815517,1.895],"noise":[0.0,0.0,0.0],"spd":[2.4922029656333799,-13.101147768825224,0.0],"spd_noise":[0.0,0.0,0.0]}
{"type":3,"rcvTime":25200.262042555678,"sendTime":25200.261933504837,"sender":541,"messageID":19813,"pos":[4886.13245794433,5211.870017189946,1.895],"pos_noise":[0.0,0.0,0.0],"spd":[2.4601121513877599,-12.619538021303926,0.0],"spd_noise":[0.0,0.0,0.0],"RSSI":6.395764272662264e-8}
{"type":2,"rcvTime":25200.3,"pos":[4889.867368062702,5192.375740472697,1.895],"noise":[0.0,0.0,0.0],"spd":[2.4875132971656437,-13.076494865190087,0.0],"spd_noise":[0.0,0.0,0.0]}
{"type":2,"rcvTime":25200.399999999998,"pos":[4890.116729745335,5191.0648824498489,1.895],"noise":[0.0,0.0,0.0],"spd":[2.4908963052272949,-13.094278845519956,0.0],"spd_noise":[0.0,0.0,0.0]}
{"type":3,"rcvTime":25200.446259644665,"sendTime":25200.44614622998,"sender":331,"messageID":31267,"pos":[4591.748756376289,5186.693930602425,1.895],"pos_noise":[0.0,0.0,0.0],"spd":[0.8983078940874766,-0.6823766068701468,0.0],"spd_noise":[0.0,0.0,0.0],"RSSI":6.29501774065075e-9}
{"type":2,"rcvTime":25200.5,"pos":[4890.365217595794,5189.758618035386,1.895],"noise":[0.0,0.0,0.0],"spd":[2.4821675169424926,-13.048392877667802,0.0],"spd_noise":[0.0,0.0,0.0]}
{"type":2,"rcvTime":25200.6,"pos":[4890.614688503344,5188.447185833071,1.895],"noise":[0.0,0.0,0.0],"spd":[2.4919873627536965,-13.100014375924518,0.0],"spd_noise":[0.0,0.0,0.0]}
{"type":2,"rcvTime":25200.7,"pos":[4890.8630442339849,5187.141615953242,1.895],"noise":[0.0,0.0,0.0],"spd":[2.480847760172199,-13.041455108659204,0.0],"spd_noise":[0.0,0.0,0.0]}
{"type":2,"rcvTime":25200.8,"pos":[4891.112544378835,5185.830030054698,1.895],"noise":[0.0,0.0,0.0],"spd":[2.4922794167876,-13.101549661400725,0.0],"spd_noise":[0.0,0.0,0.0]}
{"type":2,"rcvTime":25200.899999999998,"pos":[4891.361373613116,5184.521971035239,1.895],"noise":[0.0,0.0,0.0],"spd":[2.4855776306815828,-13.066319348593499,0.0],"spd_noise":[0.0,0.0,0.0]}
{"type":2,"rcvTime":25201.0,"pos":[4891.609128874029,5183.219557737247,1.895],"noise":[0.0,0.0,0.0],"spd":[2.474849613996397,-13.009923728414364,0.0],"spd_noise":[0.0,0.0,0.0]}
{"type":2,"rcvTime":25201.1,"pos":[4891.857691515402,5181.912900157853,1.895],"noise":[0.0,0.0,0.0],"spd":[2.4829146101099548,-13.052320237565443,0.0],"spd_noise":[0.0,0.0,0.0]}
{"type":3,"rcvTime":25201.10506655264,"sendTime":25201.104953662958,"sender":1231,"messageID":69659,"pos":[4850.279566987912,5342.289457514461,1.895],"pos_noise":[0.0,0.0,0.0],"spd":[2.864026773580512,-13.817673030421825,0.0],"spd_noise":[0.0,0.0,0.0],"RSSI":3.122749768806467e-9}
{"type":2,"rcvTime":25201.2,"pos":[4892.10626643078,5180.606178055797,1.895],"noise":[0.0,0.0,0.0],"spd":[2.4830372162655869,-13.052964760256593,0.0],"spd_noise":[0.0,0.0,0.0]}
{"type":3,"rcvTime":25201.254553001403,"sendTime":25201.25443810853,"sender":1159,"messageID":80618,"pos":[4595.065693306754,5188.315703194171,1.895],"pos_noise":[0.0,0.0,0.0],"spd":[2.2963950525277796,-1.745376800374202,0.0],"spd_noise":[0.0,0.0,0.0],"RSSI":1.6936082403363163e-9}
{"type":3,"rcvTime":25201.26204976996,"sendTime":25201.261933504837,"sender":541,"messageID":81326,"pos":[4888.577339369506,5199.157233299987,1.895],"pos_noise":[0.0,0.0,0.0],"spd":[2.4197114783901028,-12.720070585538118,0.0],"spd_noise":[0.0,0.0,0.0],"RSSI":7.20504017248588e-7}
