{"type":2,"rcvTime":25297.1,"pos":[5319.197869378917,5180.191822598206,1.895],"noise":[0.0,0.0,0.0],"spd":[0.9532607400107769,10.072566280814224,0.0],"spd_noise":[0.0,0.0,0.0]}
{"type":3,"rcvTime":25297.18591687471,"sendTime":25297.185800311898,"sender":2713,"messageID":6093101,"pos":[5275.850091722196,5262.245573950247,1.895],"pos_noise":[0.0,0.0,0.0],"spd":[-12.354053458876875,7.621756734005024,0.0],"spd_noise":[0.0,0.0,0.0],"RSSI":6.359771824328027e-8}
{"type":2,"rcvTime":25297.2,"pos":[5319.301375008712,5181.194589369106,1.895],"noise":[0.0,0.0,0.0],"spd":[0.969196221542159,10.037197021455249,0.0],"spd_noise":[0.0,0.0,0.0]}
{"type":3,"rcvTime":25297.228927904816,"sendTime":25297.228813672904,"sender":475,"messageID":6095580,"pos":[5304.69597597331,5252.206793128956,1.895],"pos_noise":[0.0,0.0,0.0],"spd":[10.61875289181936,-6.552160958002191,0.0],"spd_noise":[0.0,0.0,0.0],"RSSI":2.9457357428065138e-9}
{"type":2,"rcvTime":25297.3,"pos":[5319.406539053759,5182.201159514553,1.895],"noise":[0.0,0.0,0.0],"spd":[0.9951134421342918,10.074782386094823,0.0],"spd_noise":[0.0,0.0,0.0]}
{"type":2,"rcvTime":25297.399999999998,"pos":[5319.521942665416,5183.202670704711,1.895],"noise":[0.0,0.0,0.0],"spd":[1.0372917388807595,10.03344071525542,0.0],"spd_noise":[0.0,0.0,0.0]}
{"type":2,"rcvTime":25297.5,"pos":[5319.679141434587,5184.2000697918679,1.895],"noise":[0.0,0.0,0.0],"spd":[1.1782977396834014,10.031457572750315,0.0],"spd_noise":[0.0,0.0,0.0]}
{"type":2,"rcvTime":25297.6,"pos":[5319.878352782971,5185.18327049743,1.895],"noise":[0.0,0.0,0.0],"spd":[1.3985448053650598,9.954654466976218,0.0],"spd_noise":[0.0,0.0,0.0]}
{"type":2,"rcvTime":25297.7,"pos":[5320.154734127064,5186.147895580734,1.895],"noise":[0.0,0.0,0.0],"spd":[1.7832328077013789,9.87800382234634,0.0],"spd_noise":[0.0,0.0,0.0]}
{"type":2,"rcvTime":25297.8,"pos":[5320.461591373856,5187.0989473512049,1.895],"noise":[0.0,0.0,0.0],"spd":[2.230133482072707,9.75005825256924,0.0],"spd_noise":[0.0,0.0,0.0]}
{"type":2,"rcvTime":25297.899999999998,"pos":[5320.800085252117,5188.0437544399769,1.895],"noise":[0.0,0.0,0.0],"spd":[2.6775988913371187,9.675763541653112,0.0],"spd_noise":[0.0,0.0,0.0]}
{"type":2,"rcvTime":25298.0,"pos":[5321.139038811075,5188.989844593551,1.895],"noise":[0.0,0.0,0.0],"spd":[3.0848291236014697,9.568056236164298,0.0],"spd_noise":[0.0,0.0,0.0]}
{"type":3,"rcvTime":25298.015984249345,"sendTime":25298.015872979766,"sender":229,"messageID":6142801,"pos":[5106.586967443536,5464.2477908219029,1.895],"pos_noise":[0.0,0.0,0.0],"spd":[-13.23019635167721,-5.887521006057091,0.0],"spd_noise":[0.0,0.0,0.0],"RSSI":3.6851647732425007e-9}
{"type":3,"rcvTime":25298.069575741574,"sendTime":25298.069463397285,"sender":1543,"messageID":6146304,"pos":[5115.630218298228,5369.574517446043,1.895],"pos_noise":[0.0,0.0,0.0],"spd":[11.53731055439068,-7.712793417986765,0.0],"spd_noise":[0.0,0.0,0.0],"RSSI":2.612334292189461e-9}
{"type":2,"rcvTime":25298.1,"pos":[5321.480676678263,5189.929166556543,1.895],"noise":[0.0,0.0,0.0],"spd":[3.2478987448416678,9.454064735371349,0.0],"spd_noise":[0.0,0.0,0.0]}
{"type":3,"rcvTime":25298.185908436706,"sendTime":25298.185800311898,"sender":2713,"messageID":6157531,"pos":[5263.5180321651509,5269.853761682794,1.895],"pos_noise":[0.0,0.0,0.0],"spd":[-12.359458426203089,7.625091295108799,0.0],"spd_noise":[0.0,0.0,0.0],"RSSI":3.5035442295664774e-9}
{"type":2,"rcvTime":25298.2,"pos":[5321.824595559086,5190.871642087213,1.895],"noise":[0.0,0.0,0.0],"spd":[3.40646691949734,9.437387848114247,0.0],"spd_noise":[0.0,0.0,0.0]}
{"type":3,"rcvTime":25298.228919477966,"sendTime":25298.228813672904,"sender":475,"messageID":6160068,"pos":[5315.300941806326,5245.6631392931499,1.895],"pos_noise":[0.0,0.0,0.0],"spd":[10.571491574052836,-6.522998987265296,0.0],"spd_noise":[0.0,0.0,0.0],"RSSI":2.6830902595169348e-8}
{"type":2,"rcvTime":25298.3,"pos":[5322.17099883048,5191.820925843463,1.895],"noise":[0.0,0.0,0.0],"spd":[3.44361140662264,9.50102673927085,0.0],"spd_noise":[0.0,0.0,0.0]}
{"type":3,"rcvTime":25298.380692491246,"sendTime":25298.38057904309,"sender":2401,"messageID":6170942,"pos":[5144.416810764994,5651.272304005717,1.895],"pos_noise":[0.0,0.0,0.0],"spd":[16.949193392385209,-0.9702110315509082,0.0],"spd_noise":[0.0,0.0,0.0],"RSSI":3.212095412748377e-9}
{"type":2,"rcvTime":25298.399999999998,"pos":[5322.5159590515809,5192.766255063724,1.895],"noise":[0.0,0.0,0.0],"spd":[3.441691309363853,9.45693451406143,0.0],"spd_noise":[0.0,0.0,0.0]}
{"type":3,"rcvTime":25298.429048563004,"sendTime":25298.428932337323,"sender":775,"messageID":6175217,"pos":[5334.538552941596,5639.9271474306719,1.895],"pos_noise":[0.0,0.0,0.0],"spd":[-24.899997627339354,-2.699497440552475,0.0],"spd_noise":[0.0,0.0,0.0],"RSSI":5.251331192592943e-9}
{"type":2,"rcvTime":25298.5,"pos":[5322.859082813178,5193.706551649137,1.895],"noise":[0.0,0.0,0.0],"spd":[3.4314809038760716,9.403632560453075,0.0],"spd_noise":[0.0,0.0,0.0]}
{"type":3,"rcvTime":25298.5589530396,"sendTime":25298.55883721076,"sender":2011,"messageID":6184080,"pos":[5242.962217783354,5537.949824984298,1.895],"pos_noise":[0.0,0.0,0.0],"spd":[15.271429389861705,7.438817546380532,0.0],"spd_noise":[0.0,0.0,0.0],"RSSI":9.60536101122825e-9}
{"type":2,"rcvTime":25298.6,"pos":[5323.202364618999,5194.647281339045,1.895],"noise":[0.0,0.0,0.0],"spd":[3.4330614581712548,9.407963912499055,0.0],"spd_noise":[0.0,0.0,0.0]}
{"type":3,"rcvTime":25298.669594332314,"sendTime":25298.66948229731,"sender":2563,"messageID":6191466,"pos":[5268.384282270532,5546.666074513051,1.895],"pos_noise":[0.0,0.0,0.0],"spd":[12.99949669581169,6.331953426017472,0.0],"spd_noise":[0.0,0.0,0.0],"RSSI":1.858983277720733e-9}
{"type":2,"rcvTime":25298.7,"pos":[5323.547067523378,5195.591905408391,1.895],"noise":[0.0,0.0,0.0],"spd":[3.447273451367211,9.446910468143726,0.0],"spd_noise":[0.0,0.0,0.0]}
{"type":3,"rcvTime":25298.755830848157,"sendTime":25298.75572117087,"sender":1885,"messageID":6196187,"pos":[5117.29597145952,5469.013365301836,1.895],"pos_noise":[0.0,0.0,0.0],"spd":[-13.42975762833035,-5.976327035614338,0.0],"spd_noise":[0.0,0.0,0.0],"RSSI":3.5522781858503387e-9}
{"type":2,"rcvTime":25298.8,"pos":[5323.889623464096,5196.530645937086,1.895],"noise":[0.0,0.0,0.0],"spd":[3.425802292475135,9.388070889981404,0.0],"spd_noise":[0.0,0.0,0.0]}
{"type":3,"rcvTime":25298.827806253208,"sendTime":25298.82769354284,"sender":1633,"messageID":6199904,"pos":[5226.408065133933,5522.635056646735,1.895],"pos_noise":[0.0,0.0,0.0],"spd":[-17.875892723860198,-8.571463302022704,0.0],"spd_noise":[0.0,0.0,0.0],"RSSI":2.9468941075487925e-9}
{"type":3,"rcvTime":25298.85102564214,"sendTime":25298.850914188897,"sender":1033,"messageID":6201356,"pos":[5305.349881613507,5251.803309306555,1.895],"pos_noise":[0.0,0.0,0.0],"spd":[9.396725105050928,-5.7981248828042,0.0],"spd_noise":[0.0,0.0,0.0],"RSSI":9.753715649728042e-8}
{"type":2,"rcvTime":25298.899999999998,"pos":[5324.232541187059,5197.470377894087,1.895],"noise":[0.0,0.0,0.0],"spd":[3.42942037143987,9.397985875992445,0.0],"spd_noise":[0.0,0.0,0.0]}
{"type":2,"rcvTime":25299.0,"pos":[5324.578748835172,5198.419125564165,1.895],"noise":[0.0,0.0,0.0],"spd":[3.4623219556252708,9.48814939926514,0.0],"spd_noise":[0.0,0.0,0.0]}
{"type":3,"rcvTime":25299.05007567069,"sendTime":25299.04996548714,"sender":1873,"messageID":6209499,"pos":[5415.06085464405,5471.931202416668,1.895],"pos_noise":[0.0,0.0,0.0],"spd":[11.000887325838543,-6.781262643833071,0.0],"spd_noise":[0.0,0.0,0.0],"RSSI":1.7387453505791575e-8}
{"type":3,"rcvTime":25299.069577010487,"sendTime":25299.069463397285,"sender":1543,"messageID":6211088,"pos":[5127.172827901945,5361.8861457343859,1.895],"pos_noise":[0.0,0.0,0.0],"spd":[11.578352404302866,-7.7121794939826089,0.0],"spd_noise":[0.0,0.0,0.0],"RSSI":1.0279634312213545e-8}
{"type":2,"rcvTime":25299.1,"pos":[5324.922002076611,5199.359776976222,1.895],"noise":[0.0,0.0,0.0],"spd":[3.4327757940967484,9.40718107848204,0.0],"spd_noise":[0.0,0.0,0.0]}
{"type":3,