{"type":2,"rcvTime":25299.3,"pos":[3639.0362010409055,5180.354533292791,1.895],"noise":[0.0,0.0,0.0],"spd":[-4.060452921492147,26.031938437823734,0.0],"spd_noise":[0.0,0.0,0.0]}
{"type":3,"rcvTime":25299.351490167704,"sendTime":25299.351373304704,"sender":2875,"messageID":6232197,"pos":[3953.5509806126358,6379.874672507867,1.895],"pos_noise":[0.0,0.0,0.0],"spd":[-3.981593962046171,34.507147671080797,0.0],"spd_noise":[0.0,0.0,0.0],"RSSI":3.2615194661019728e-9}
{"type":3,"rcvTime":25299.371933175247,"sendTime":25299.37182230996,"sender":2521,"messageID":6234299,"pos":[3644.2908436164927,5266.288973624413,1.895],"pos_noise":[0.0,0.0,0.0],"spd":[4.80442812736603,-30.519750382120315,0.0],"spd_noise":[0.0,0.0,0.0],"RSSI":1.4414983168996024e-8}
{"type":3,"rcvTime":25299.38039198616,"sendTime":25299.380273742507,"sender":2053,"messageID":6235277,"pos":[3330.4408488176925,5208.598373455743,1.895],"pos_noise":[0.0,0.0,0.0],"spd":[14.55253192212475,-3.3649477865217287,0.0],"spd_noise":[0.0,0.0,0.0],"RSSI":2.91702268521994e-9}
{"type":3,"rcvTime":25299.399855223182,"sendTime":25299.399737977983,"sender":2473,"messageID":6238184,"pos":[3813.7042048595728,5264.751255247172,1.895],"pos_noise":[0.0,0.0,0.0],"spd":[7.155748928001873,-2.7031160693399376,0.0],"spd_noise":[0.0,0.0,0.0],"RSSI":5.936577116669886e-9}
{"type":2,"rcvTime":25299.399999999998,"pos":[3638.6257390428156,5182.986043045998,1.895],"noise":[0.0,0.0,0.0],"spd":[-4.099700728000778,26.28355974771368,0.0],"spd_noise":[0.0,0.0,0.0]}
{"type":3,"rcvTime":25299.43029798033,"sendTime":25299.430179237526,"sender":2677,"messageID":6240124,"pos":[3586.2439564532367,5706.717925843214,1.895],"pos_noise":[0.0,0.0,0.0],"spd":[-1.3119241857136217,31.389543184539403,0.0],"spd_noise":[0.0,0.0,0.0],"RSSI":1.2774213851013249e-9}
{"type":3,"rcvTime":25299.462181087816,"sendTime":25299.462072695278,"sender":2653,"messageID":6241508,"pos":[3582.285771015072,5722.423776094087,1.895],"pos_noise":[0.0,0.0,0.0],"spd":[-1.3704918298270815,32.75750182114994,0.0],"spd_noise":[0.0,0.0,0.0],"RSSI":2.345994182181762e-9}
{"type":3,"rcvTime":25299.466989215834,"sendTime":25299.46688002208,"sender":283,"messageID":6242122,"pos":[3491.759593265163,5196.774032509573,1.895],"pos_noise":[0.0,0.0,0.0],"spd":[12.176407365794253,2.3812213136070228,0.0],"spd_noise":[0.0,0.0,0.0],"RSSI":1.78168720138696e-9}
{"type":3,"rcvTime":25299.46719208119,"sendTime":25299.467085315147,"sender":289,"messageID":6242412,"pos":[3758.5961853846399,5246.132928388605,1.895],"pos_noise":[0.0,0.0,0.0],"spd":[-11.996641327740154,-5.159475053789647,0.0],"spd_noise":[0.0,0.0,0.0],"RSSI":2.21826964017709e-9}
{"type":3,"rcvTime":25299.478686474038,"sendTime":25299.478580215713,"sender":925,"messageID":6243104,"pos":[3968.614598566389,5249.329938880525,1.895],"pos_noise":[0.0,0.0,0.0],"spd":[-11.124519510380284,-1.4347511144223056,0.0],"spd_noise":[0.0,0.0,0.0],"RSSI":4.407791758210805e-9}
{"type":2,"rcvTime":25299.5,"pos":[3638.211909757937,5185.639140785591,1.895],"noise":[0.0,0.0,0.0],"spd":[-4.133333240054987,26.499180886611958,0.0],"spd_noise":[0.0,0.0,0.0]}
{"type":3,"rcvTime":25299.524004727966,"sendTime":25299.523888514934,"sender":2617,"messageID":6246905,"pos":[3613.5505219913104,5509.07566030089,1.895],"pos_noise":[0.0,0.0,0.0],"spd":[2.5103662671428408,-29.817896998683034,0.0],"spd_noise":[0.0,0.0,0.0],"RSSI":1.7971722314755146e-8}
{"type":2,"rcvTime":25299.6,"pos":[3637.7948119193099,5188.313193524934,1.895],"noise":[0.0,0.0,0.0],"spd":[-4.165979604993668,26.70847974529635,0.0],"spd_noise":[0.0,0.0,0.0]}
{"type":3,"rcvTime":25299.60010442244,"sendTime":25299.59998703003,"sender":1189,"messageID":6252120,"pos":[3310.1648764558365,5203.117176478661,1.895],"pos_noise":[0.0,0.0,0.0],"spd":[-9.684533209624434,2.23577878937057,0.0],"spd_noise":[0.0,0.0,0.0],"RSSI":1.0347071445582312e-8}
{"type":3,"rcvTime":25299.600606488624,"sendTime":25299.600488955388,"sender":979,"messageID":6252380,"pos":[3786.22765121952,5264.490027301583,1.895],"pos_noise":[0.0,0.0,0.0],"spd":[-12.895188549055062,-2.746590796027815,0.0],"spd_noise":[0.0,0.0,0.0],"RSSI":7.58975631107714e-9}
{"type":3,"rcvTime":25299.60316283219,"sendTime":25299.603051286424,"sender":2659,"messageID":6252736,"pos":[3609.542888980243,5478.812279725073,1.895],"pos_noise":[0.0,0.0,0.0],"spd":[3.516804100099351,-35.90174517955912,0.0],"spd_noise":[0.0,0.0,0.0],"RSSI":9.526018591338205e-9}
{"type":3,"rcvTime":25299.61538534727,"sendTime":25299.615277658588,"sender":2689,"messageID":6253857,"pos":[3607.031433236823,5586.508790099832,1.895],"pos_noise":[0.0,0.0,0.0],"spd":[2.7670382996216427,-32.86662352396881,0.0],"spd_noise":[0.0,0.0,0.0],"RSSI":2.382964924654011e-9}
{"type":3,"rcvTime":25299.63420336763,"sendTime":25299.63409033022,"sender":2461,"messageID":6255245,"pos":[3652.9150353180168,5211.50447669772,1.895],"pos_noise":[0.0,0.0,0.0],"spd":[4.658791093716087,-29.59460262354218,0.0],"spd_noise":[0.0,0.0,0.0],"RSSI":1.0829505767680676e-7}
{"type":3,"rcvTime":25299.683187971375,"sendTime":25299.683074365836,"sender":1099,"messageID":6257549,"pos":[3818.528926720213,5253.780095963861,1.895],"pos_noise":[0.0,0.0,0.0],"spd":[-8.379758804978814,5.767536188750523,0.0],"spd_noise":[0.0,0.0,0.0],"RSSI":1.0062257921777388e-8}
{"type":3,"rcvTime":25299.686693233856,"sendTime":25299.686581257774,"sender":2803,"messageID":6257937,"pos":[3607.7086062602945,5461.445959585003,1.895],"pos_noise":[0.0,0.0,0.0],"spd":[-3.428157573757862,29.704620678990886,0.0],"spd_noise":[0.0,0.0,0.0],"RSSI":1.824004033367676e-9}
{"type":3,"rcvTime":25299.686925990773,"sendTime":25299.686808223836,"sender":523,"messageID":6258298,"pos":[3803.1228491359768,5261.506886444191,1.895],"pos_noise":[0.0,0.0,0.0],"spd":[-11.10536031210943,3.7639535735774278,0.0],"spd_noise":[0.0,0.0,0.0],"RSSI":1.75984746414826e-9}
{"type":2,"rcvTime":25299.7,"pos":[3637.3754341115475,5191.001863356833,1.895],"noise":[0.0,0.0,0.0],"spd":[-4.188751971662568,26.854475489778574,0.0],"spd_noise":[0.0,0.0,0.0]}
{"type":3,"rcvTime":25299.799767800167,"sendTime":25299.799661193043,"sender":433,"messageID":6263768,"pos":[3544.4753889953265,5207.799139704728,1.895],"pos_noise":[0.0,0.0,0.0],"spd":[14.066675020386479,1.7332073381752074,0.0],"spd_noise":[0.0,0.0,0.0],"RSSI":1.2729101990543983e-8}
{"type":2,"rcvTime":25299.8,"pos":[3636.9527768581199,5193.71155801757,1.895],"noise":[0.0,0.0,0.0],"spd":[-4.2215071252287,27.064471802440097,0.0],"spd_noise":[0.0,0.0,0.0]}
{"type":3,"rcvTime":25299.80535179689,"sendTime":25299.805235839216,"sender":349,"messageID":6264084,"pos":[4728.85309628211,4648.347721900791,1.895],"pos_noise":[0.0,0.0,0.0],"spd":[15.208650722212428,1.7594219957646607,0.0],"spd_noise":[0.0,0.0,0.0],"RSSI":1.2055618881901156e-8}
{"type":3,"rcvTime":25299.862567537,"sendTime":25299.862455304712,"sender":1693,"messageID":6267565,"pos":[11330.371209876612,10352.70093975123,1.895],"pos_noise":[0.0,0.0,0.0],"spd":[13.533872675633365,3.669777705129714,0.0],"spd_noise":[0.0,0.0,0.0],"RSSI":2.6625695598830698e-9}
{"type":3,"rcvTime":25299.88453066703,"sendTime":25299.884419247832,"sender":2683,"messageID":6268349,"pos":[3609.766098411487,5514.729490401827,1.895],"pos_noise":[0.0,0.0,0.0],"spd":[3.043087269361534,-36.14798726574238,0.0],"spd_noise":[0.0,0.0,0.0],"RSSI":4.209184942091728e-9}
{"type":2,"rcvTime":25299.899999999998,"pos":[3636.526640456244,5196.443557820111,1.895],"noise":[0.0,0.0,0.0],"spd":[-4.256256913250366,27.287255900661614,0.0],"spd_noise":[0.0,0.0,0.0]}
{"type":3,"rcvTime":25299.931519672064,"sendTime":25299.93141100658,"sender":2899,"messageID":6269030,"pos":[3607.981982823636,5401.563502771097,1.895],"pos_noise":[0.0,0.0,0.0],"spd":[-3.9233716856637055,34.00950354937399,0.0],"spd_noise":[0.0,0.0,0.0],"RSSI":5.870082661503154e-9}
{"type":3,"rcvTime":25299.937358927327,"sendTime":25299.937252065167,"sender":895,"messageID":6269985,"pos":[3816.5638167066674,5251.130809900018,1.895],"pos_noise":[0.0,0.0,0.0],