{"type":2,"rcvTime":10890.4,"pos":[6095.448390215378,6079.806536216915,1.895],"noise":[0.0,0.0,0.0],"spd":[6.6576223235753499,-13.541570714024182,0.0],"spd_noise":[0.0,0.0,0.0]}
{"type":2,"rcvTime":10890.5,"pos":[6096.1427402583199,6078.450037872154,1.895],"noise":[0.0,0.0,0.0],"spd":[6.775860197030199,-13.56778369975237,0.0],"spd_noise":[0.0,0.0,0.0]}
{"type":2,"rcvTime":10890.6,"pos":[6096.832556104864,6077.102397638614,1.895],"noise":[0.0,0.0,0.0],"spd":[6.814962524656322,-13.437235879147055,0.0],"spd_noise":[0.0,0.0,0.0]}
{"type":2,"rcvTime":10890.699999999999,"pos":[6097.526918730481,6075.745874712047,1.895],"noise":[0.0,0.0,0.0],"spd":[6.91029734236716,-13.50011712682728,0.0],"spd_noise":[0.0,0.0,0.0]}
{"type":2,"rcvTime":10890.8,"pos":[6098.247422846291,6074.409796165536,1.895],"noise":[0.0,0.0,0.0],"spd":[6.988901088695928,-13.457241718750409,0.0],"spd_noise":[0.0,0.0,0.0]}
{"type":2,"rcvTime":10890.9,"pos":[6099.3780872092479,6073.40019283538,1.895],"noise":[0.0,0.0,0.0],"spd":[8.261568572105784,-12.62204804653666,0.0],"spd_noise":[0.0,0.0,0.0]}
{"type":2,"rcvTime":10891.0,"pos":[6100.506965588506,6072.392184262385,1.895],"noise":[0.0,0.0,0.0],"spd":[9.488757119440333,-11.696783143463965,0.0],"spd_noise":[0.0,0.0,0.0]}
{"type":2,"rcvTime":10891.1,"pos":[6101.64175334739,6071.378899031221,1.895],"noise":[0.0,0.0,0.0],"spd":[10.686342113496725,-10.725416943299745,0.0],"spd_noise":[0.0,0.0,0.0]}
{"type":2,"rcvTime":10891.199999999999,"pos":[6102.771467980254,6070.370143742885,1.895],"noise":[0.0,0.0,0.0],"spd":[11.242920827113679,-10.03913334461553,0.0],"spd_noise":[0.0,0.0,0.0]}
{"type":2,"rcvTime":10891.3,"pos":[6103.964043234076,6069.424757575569,1.895],"noise":[0.0,0.0,0.0],"spd":[11.467463231513224,-9.911705455924002,0.0],"spd_noise":[0.0,0.0,0.0]}
{"type":2,"rcvTime":10891.4,"pos":[6105.183910053213,6068.510281615186,1.895],"noise":[0.0,0.0,0.0],"spd":[11.71021758551096,-9.647743692113388,0.0],"spd_noise":[0.0,0.0,0.0]}
{"type":2,"rcvTime":10891.5,"pos":[6106.403744721381,6067.595829756851,1.895],"noise":[0.0,0.0,0.0],"spd":[11.934584139331422,-9.368122599390575,0.0],"spd_noise":[0.0,0.0,0.0]}
{"type":2,"rcvTime":10891.6,"pos":[6107.621417613038,6066.682998479239,1.895],"noise":[0.0,0.0,0.0],"spd":[12.118281480964419,-9.084497521894232,0.0],"spd_noise":[0.0,0.0,0.0]}
{"type":2,"rcvTime":10891.699999999999,"pos":[6108.8356966569849,6065.772711407351,1.895],"noise":[0.0,0.0,0.0],"spd":[12.084505906150746,-9.059177584725142,0.0],"spd_noise":[0.0,0.0,0.0]}
{"type":2,"rcvTime":10891.8,"pos":[6110.051068412975,6064.861605181372,1.895],"noise":[0.0,0.0,0.0],"spd":[12.095380577182146,-9.067329806817752,0.0],"spd_noise":[0.0,0.0,0.0]}
{"type":2,"rcvTime":10891.9,"pos":[6111.434816594656,6064.279330918898,1.895],"noise":[0.0,0.0,0.0],"spd":[12.630677858653165,-8.217548694524769,0.0],"spd_noise":[0.0,0.0,0.0]}
{"type":2,"rcvTime":10892.0,"pos":[6112.86965047729,6063.789387641902,1.895],"noise":[0.0,0.0,0.0],"spd":[13.312635868694907,-7.102920712379344,0.0],"spd_noise":[0.0,0.0,0.0]}
{"type":2,"rcvTime":10892.1,"pos":[6114.309791744123,6063.297632087373,1.895],"noise":[0.0,0.0,0.0],"spd":[13.931117386688879,-5.940469586974139,0.0],"spd_noise":[0.0,0.0,0.0]}
{"type":2,"rcvTime":10892.199999999999,"pos":[6115.744572260577,6062.807707032975,1.895],"noise":[0.0,0.0,0.0],"spd":[14.278936716864854,-4.875734488683566,0.0],"spd_noise":[0.0,0.0,0.0]}
{"type":2,"rcvTime":10892.3,"pos":[6117.18363032095,6062.316321353823,1.895],"noise":[0.0,0.0,0.0],"spd":[14.321506836968501,-4.890270627258024,0.0],"spd_noise":[0.0,0.0,0.0]}
{"type":2,"rcvTime":10892.4,"pos":[6118.620463702024,6061.825695321261,1.895],"noise":[0.0,0.0,0.0],"spd":[14.299366827005163,-4.882710623853424,0.0],"spd_noise":[0.0,0.0,0.0]}
{"type":2,"rcvTime":10892.5,"pos":[6120.054057789105,6061.336175389087,1.895],"noise":[0.0,0.0,0.0],"spd":[14.267129370907169,-4.871702712017568,0.0],"spd_noise":[0.0,0.0,0.0]}
{"type":2,"rcvTime":10892.6,"pos":[6121.48853690465,6060.846353252071,1.895],"noise":[0.0,0.0,0.0],"spd":[14.27593717479079,-4.8747102548070979,0.0],"spd_noise":[0.0,0.0,0.0]}
{"type":2,"rcvTime":10892.699999999999,"pos":[6122.926072224033,6060.3554875332579,1.895],"noise":[0.0,0.0,0.0],"spd":[14.306352517565513,-4.885095981608224,0.0],"spd_noise":[0.0,0.0,0.0]}
{"type":2,"rcvTime":10892.8,"pos":[6124.367166119295,6059.86672895301,1.895],"noise":[0.0,0.0,0.0],"spd":[14.334471205509397,-4.885593585053594,0.0],"spd_noise":[0.0,0.0,0.0]}
{"type":2,"rcvTime":10892.9,"pos":[6125.803053749344,6059.379993400828,1.895],"noise":[0.0,0.0,0.0],"spd":[14.284875193650244,-4.85895156403385,0.0],"spd_noise":[0.0,0.0,0.0]}
{"type":2,"rcvTime":10893.0,"pos":[6127.241760684904,6058.892302163679,1.895],"noise":[0.0,0.0,0.0],"spd":[14.315900261938119,-4.859730094142327,0.0],"spd_noise":[0.0,0.0,0.0]}
{"type":2,"rcvTime":10893.1,"pos":[6128.683683046699,6058.403520965009,1.895],"noise":[0.0,0.0,0.0],"spd":[14.350012366753502,-4.864350835658068,0.0],"spd_noise":[0.0,0.0,0.0]}
{"type":2,"rcvTime":10893.199999999999,"pos":[6130.117466680105,6057.917498623211,1.895],"noise":[0.0,0.0,0.0],"spd":[14.269015736058077,-4.836894690106472,0.0],"spd_noise":[0.0,0.0,0.0]}
{"type":2,"rcvTime":10893.3,"pos":[6131.561559632354,6057.427981640263,1.895],"noise":[0.0,0.0,0.0],"spd":[14.371614084490611,-4.871673361314533,0.0],"spd_noise":[0.0,0.0,0.0]}
{"type":2,"rcvTime":10893.4,"pos":[6132.994867975544,6056.942120411802,1.895],"noise":[0.0,0.0,0.0],"spd":[14.264285647494069,-4.835291290076492,0.0],"spd_noise":[0.0,0.0,0.0]}
{"type":2,"rcvTime":10893.5,"pos":[6134.429350582114,6056.4558611328779,1.895],"noise":[0.0,0.0,0.0],"spd":[14.27597191747956,-4.839252688555936,0.0],"spd_noise":[0.0,0.0,0.0]}
{"type":2,"rcvTime":10893.6,"pos":[6135.866250170337,6055.968782548268,1.895],"noise":[0.0,0.0,0.0],"spd":[14.300025720596827,-4.847406419319633,0.0],"spd_noise":[0.0,0.0,0.0]}
{"type":2,"rcvTime":10893.699999999999,"pos":[6137.303128440351,6055.48171119008,1.895],"noise":[0.0,0.0,0.0],"spd":[14.299813561780035,-4.847334501965739,0.0],"spd_noise":[0.0,0.0,0.0]}
{"type":3,"rcvTime":10893.759774074131,"sendTime":10893.75966395964,"sender":115,"messageID":34906,"pos":[6101.00090018497,5735.518197036711,1.895],"pos_noise":[0.0,0.0,0.0],"spd":[7.6646207464292959,0.5207294274661332,0.0],"spd_noise":[0.0,0.0,0.0],"RSSI":1.7495504226883718e-9}
{"type":2,"rcvTime":10893.8,"pos":[6138.742403465011,6054.993827382736,1.895],"noise":[0.0,0.0,0.0],"spd":[14.323666065704336,-4.855419996557606,0.0],"spd_noise":[0.0,0.0,0.0]}
{"type":2,"rcvTime":10893.9,"pos":[6140.1781217843449,6054.507149223307,1.895],"noise":[0.0,0.0,0.0],"spd":[14.288269731777714,-4.8434213876294349,0.0],"spd_noise":[0.0,0.0,0.0]}
{"type":2,"rcvTime":10894.0,"pos":[6141.615351666252,6054.019958676121,1.895],"noise":[0.0,0.0,0.0],"spd":[14.303312803585959,-4.848520670964607,0.0],"spd_noise":[0.0,0.0,0.0]}
{"type":2,"rcvTime":10894.1,"pos":[6143.049462432808,6053.533825443102,1.895],"noise":[0.0,0.0,0.0],"spd":[14.272271365393362,-4.837998279627718,0.0],"spd_noise":[0.0,0.0,0.0]}
{"type":2,"rcvTime":10894.199999999999,"pos":[6144.483176631743,6053.0478266381219,1.895],"noise":[0.0,0.0,0.0],"spd":[14.26832472416337,-4.836660451682034,0.0],"spd_noise":[0.0,0.0,0.0]}
{"type":2,"rcvTime":10894.3,"pos":[6145.923862053434,6052.559464735998,1.895],"noise":[0.0,0.0,0.0],"spd":[14.337702337962059,-4.860177996129556,0.0],"spd_noise":[0.0,0.0,0.0]}
{"type":2,"rcvTime":10894.4,"pos":[6147.364065798367,6052.071266112113,1.895],"noise":[0.0,0.0,0.0],"spd":[14.33290869052089,-4.858553050983841,0.0],"spd_noise":[0.0,0.0,0.0]}
{"type":2,"rcvTime":10894.5,"pos":[6148.806511343702,6051.5823075652829,1.895],"noise":[0.0,0.0,0.0],"spd":[14.355219089713803,-4.866115804674919,0.0],"spd_noise":[0.0,0.0,0.0]}
{"type":2,"rcvTime":10894.6,"pos":[6150.240870812847,6051.096090027343,1.895],"noise":[0.0,0.0,0.0],"spd":[14.274746453737434,-4.8388372822534368,0.0],"spd_noise":[0.0,0.0,0.0]}
{"type":2,