{"type":2,"rcvTime":25284.7,"pos":[2685.2561088965478,5180.213631851781,1.895],"noise":[0.0,0.0,0.0],"spd":[-8.734807706682834,5.1771580361165319,0.0],"spd_noise":[0.0,0.0,0.0]}
{"type":3,"rcvTime":25284.722298171502,"sendTime":25284.722184854327,"sender":1453,"messageID":4886630,"pos":[2744.4758020361998,5479.295160278009,1.895],"pos_noise":[0.0,0.0,0.0],"spd":[0.0,-0.0,0.0],"spd_noise":[0.0,0.0,0.0],"RSSI":1.8402313649503363e-9}
{"type":2,"rcvTime":25284.8,"pos":[2684.380031358358,5180.732886770654,1.895],"noise":[0.0,0.0,0.0],"spd":[-8.76084665121982,5.192591430357568,0.0],"spd_noise":[0.0,0.0,0.0]}
{"type":3,"rcvTime":25284.820707709914,"sendTime":25284.82059663688,"sender":2365,"messageID":4893621,"pos":[2995.3831694684106,5181.280086001878,1.895],"pos_noise":[0.0,0.0,0.0],"spd":[-6.907356446310768,-10.738254710336293,0.0],"spd_noise":[0.0,0.0,0.0],"RSSI":2.667771970263272e-9}
{"type":2,"rcvTime":25284.899999999998,"pos":[2683.5115725319149,5181.247626046358,1.895],"noise":[0.0,0.0,0.0],"spd":[-8.68465891397496,5.147434631333336,0.0],"spd_noise":[0.0,0.0,0.0]}
{"type":3,"rcvTime":25284.976177284825,"sendTime":25284.976066087464,"sender":1477,"messageID":4902421,"pos":[2743.5948766953567,5476.105587331986,1.895],"pos_noise":[0.0,0.0,0.0],"spd":[0.0,-0.0,0.0],"spd_noise":[0.0,0.0,0.0],"RSSI":5.538087032264105e-9}
{"type":2,"rcvTime":25285.0,"pos":[2682.634883508417,5181.767243395199,1.895],"noise":[0.0,0.0,0.0],"spd":[-8.766961554049923,5.1962157595255429,0.0],"spd_noise":[0.0,0.0,0.0]}
{"type":3,"rcvTime":25285.022347303275,"sendTime":25285.02223188849,"sender":343,"messageID":4907185,"pos":[2754.0700849399806,5459.842522534191,1.895],"pos_noise":[0.0,0.0,0.0],"spd":[-0.0,0.0,0.0],"spd_noise":[0.0,0.0,0.0],"RSSI":6.3115443836535e-9}
{"type":2,"rcvTime":25285.1,"pos":[2681.7587045079305,5182.28655845121,1.895],"noise":[0.0,0.0,0.0],"spd":[-8.761861282442526,5.193192806640767,0.0],"spd_noise":[0.0,0.0,0.0]}
{"type":2,"rcvTime":25285.2,"pos":[2680.8878204688014,5182.802735160888,1.895],"noise":[0.0,0.0,0.0],"spd":[-8.708911238125026,5.161809087999618,0.0],"spd_noise":[0.0,0.0,0.0]}
{"type":2,"rcvTime":25285.3,"pos":[2680.013813837958,5183.3207626440839,1.895],"noise":[0.0,0.0,0.0],"spd":[-8.740137409286655,5.180316973736232,0.0],"spd_noise":[0.0,0.0,0.0]}
{"type":2,"rcvTime":25285.399999999998,"pos":[2679.1457244010168,5183.835282981044,1.895],"noise":[0.0,0.0,0.0],"spd":[-8.680964988905595,5.145245226082543,0.0],"spd_noise":[0.0,0.0,0.0]}
{"type":2,"rcvTime":25285.5,"pos":[2678.277584939345,5184.349832967877,1.895],"noise":[0.0,0.0,0.0],"spd":[-8.68146524027357,5.145541727216484,0.0],"spd_noise":[0.0,0.0,0.0]}
{"type":3,"rcvTime":25285.58704528753,"sendTime":25285.58693523542,"sender":1075,"messageID":4938113,"pos":[2760.6817509774175,5461.617609916019,1.895],"pos_noise":[0.0,0.0,0.0],"spd":[-0.0,0.0,0.0],"spd_noise":[0.0,0.0,0.0],"RSSI":1.3554746882939962e-9}
{"type":2,"rcvTime":25285.6,"pos":[2677.405669869273,5184.8666207740229,1.895],"noise":[0.0,0.0,0.0],"spd":[-8.719221631427147,5.167920102385766,0.0],"spd_noise":[0.0,0.0,0.0]}
{"type":3,"rcvTime":25285.629250308735,"sendTime":25285.629131911555,"sender":1003,"messageID":4940566,"pos":[2761.477122275999,5464.823592332534,1.895],"pos_noise":[0.0,0.0,0.0],"spd":[-0.0,0.0,0.0],"spd_noise":[0.0,0.0,0.0],"RSSI":2.325293148515862e-9}
{"type":2,"rcvTime":25285.7,"pos":[2676.536305522315,5185.381896755624,1.895],"noise":[0.0,0.0,0.0],"spd":[-8.693714192781475,5.1528017339664669,0.0],"spd_noise":[0.0,0.0,0.0]}
{"type":3,"rcvTime":25285.72229243016,"sendTime":25285.722184854327,"sender":1453,"messageID":4945149,"pos":[2744.4758020361998,5479.295160278009,1.895],"pos_noise":[0.0,0.0,0.0],"spd":[0.0,-0.0,0.0],"spd_noise":[0.0,0.0,0.0],"RSSI":5.908720867526568e-9}
{"type":3,"rcvTime":25285.74611545055,"sendTime":25285.745999861043,"sender":721,"messageID":4946586,"pos":[2754.8523725690367,5463.0423461191,1.895],"pos_noise":[0.0,0.0,0.0],"spd":[-0.0,0.0,0.0],"spd_noise":[0.0,0.0,0.0],"RSSI":6.841414466722672e-9}
{"type":2,"rcvTime":25285.8,"pos":[2675.667359172487,5185.896924988532,1.895],"noise":[0.0,0.0,0.0],"spd":[-8.689534187481398,5.150324226875641,0.0],"spd_noise":[0.0,0.0,0.0]}
{"type":2,"rcvTime":25285.899999999998,"pos":[2674.7961519530169,5186.413293248586,1.895],"noise":[0.0,0.0,0.0],"spd":[-8.712143067828578,5.163724607342798,0.0],"spd_noise":[0.0,0.0,0.0]}
{"type":3,"rcvTime":25285.97617857188,"sendTime":25285.976066087464,"sender":1477,"messageID":4961218,"pos":[2743.5948766953567,5476.105587331986,1.895],"pos_noise":[0.0,0.0,0.0],"spd":[0.0,-0.0,0.0],"spd_noise":[0.0,0.0,0.0],"RSSI":1.4495988722669683e-9}
{"type":2,"rcvTime":25286.0,"pos":[2673.926386990131,5186.928806676969,1.895],"noise":[0.0,0.0,0.0],"spd":[-8.697720384649243,5.155176221089585,0.0],"spd_noise":[0.0,0.0,0.0]}
{"type":3,"rcvTime":25286.02234429586,"sendTime":25286.02223188849,"sender":343,"messageID":4966022,"pos":[2754.0700849399806,5459.842522534191,1.895],"pos_noise":[0.0,0.0,0.0],"spd":[-0.0,0.0,0.0],"spd_noise":[0.0,0.0,0.0],"RSSI":7.594784557377885e-9}
{"type":2,"rcvTime":25286.1,"pos":[2673.0559991542938,5187.444689284825,1.895],"noise":[0.0,0.0,0.0],"spd":[-8.70394916484056,5.158868045856147,0.0],"spd_noise":[0.0,0.0,0.0]}
{"type":3,"rcvTime":25286.173073339014,"sendTime":25286.172967205755,"sender":655,"messageID":4975881,"pos":[2755.6345700368858,5466.2517717687619,1.895],"pos_noise":[0.0,0.0,0.0],"spd":[-0.0,0.0,0.0],"spd_noise":[0.0,0.0,0.0],"RSSI":4.76006732898005e-9}
{"type":2,"rcvTime":25286.2,"pos":[2672.1837464877596,5187.961677185843,1.895],"noise":[0.0,0.0,0.0],"spd":[-8.72259762351453,5.169921067391042,0.0],"spd_noise":[0.0,0.0,0.0]}
{"type":2,"rcvTime":25286.3,"pos":[2671.3144679102558,5188.476902331521,1.895],"noise":[0.0,0.0,0.0],"spd":[-8.692856491265305,5.152293370594754,0.0],"spd_noise":[0.0,0.0,0.0]}
{"type":2,"rcvTime":25286.399999999998,"pos":[2670.438380160225,5188.996163302995,1.895],"noise":[0.0,0.0,0.0],"spd":[-8.760948770463385,5.192651956872289,0.0],"spd_noise":[0.0,0.0,0.0]}
{"type":3,"rcvTime":25286.401941261414,"sendTime":25286.40183129604,"sender":1117,"messageID":4985634,"pos":[2929.112915904951,5591.783755254908,1.895],"pos_noise":[0.0,0.0,0.0],"spd":[-0.0,0.0,0.0],"spd_noise":[0.0,0.0,0.0],"RSSI":4.406247749353176e-9}
{"type":2,"rcvTime":25286.5,"pos":[2669.5658785769589,5189.513298738029,1.895],"noise":[0.0,0.0,0.0],"spd":[-8.725086811083776,5.171396419552218,0.0],"spd_noise":[0.0,0.0,0.0]}
{"type":3,"rcvTime":25286.58704228339,"sendTime":25286.58693523542,"sender":1075,"messageID":4998008,"pos":[2760.6817509774175,5461.617609916019,1.895],"pos_noise":[0.0,0.0,0.0],"spd":[-0.0,0.0,0.0],"spd_noise":[0.0,0.0,0.0],"RSSI":1.7880261860966715e-9}
{"type":2,"rcvTime":25286.6,"pos":[2668.6916194486,5190.031475877587,1.895],"noise":[0.0,0.0,0.0],"spd":[-8.742662404984263,5.1818135495288539,0.0],"spd_noise":[0.0,0.0,0.0]}
{"type":3,"rcvTime":25286.643380349014,"sendTime":25286.643273544872,"sender":1657,"messageID":5001016,"pos":[2742.7138937767897,5472.925796457284,1.895],"pos_noise":[0.0,0.0,0.0],"spd":[0.0,-0.0,0.0],"spd_noise":[0.0,0.0,0.0],"RSSI":2.843143181173892e-9}
{"type":2,"rcvTime":25286.7,"pos":[2667.822316332183,5190.546715567584,1.895],"noise":[0.0,0.0,0.0],"spd":[-8.693101882392038,5.152438814969309,0.0],"spd_noise":[0.0,0.0,0.0]}
{"type":3,"rcvTime":25286.722297392178,"sendTime":25286.722184854327,"sender":1453,"messageID":5005220,"pos":[2744.4758020361998,5479.295160278009,1.895],"pos_noise":[0.0,0.0,0.0],"spd":[0.0,-0.0,0.0],"spd_noise":[0.0,0.0,0.0],"RSSI":1.2876062249157149e-8}
{"type":2,"rcvTime":25286.8,"pos":[2666.9466011607175,5191.065755710143,1.895],"noise":[0.0,0.0,0.0],"spd":[-8.757222954502659,5.1904436497532429,0.0],"spd_noise":[0.0,0.0,0.0]}
{"type":2,"rcvTime":25286.899999999998,"pos":[2666.0707505408429,5191.584876133556,1.895],"noise":[0.0,0.0,0.0],"spd":[-8.758577449616354,5.1912464648240699,0.0],"spd_noise":[0.0,0.0,0.0]}
{"type":3,