{"type":2,"rcvTime":25298.3,"pos":[2325.8299765424364,5564.692169365383,1.895],"noise":[0.0,0.0,0.0],"spd":[12.524237450716399,-2.4123456626570927,0.0],"spd_noise":[0.0,0.0,0.0]}
{"type":2,"rcvTime":25298.399999999998,"pos":[2327.083529753272,5564.450717248001,1.895],"noise":[0.0,0.0,0.0],"spd":[12.53554071511204,-2.414522831601968,0.0],"spd_noise":[0.0,0.0,0.0]}
{"type":2,"rcvTime":25298.5,"pos":[2328.3292164659217,5564.210780329677,1.895],"noise":[0.0,0.0,0.0],"spd":[12.45687567923812,-2.399370830624668,0.0],"spd_noise":[0.0,0.0,0.0]}
{"type":3,"rcvTime":25298.587047583478,"sendTime":25298.58693523542,"sender":1075,"messageID":5807986,"pos":[2703.3410392937664,5476.9164229041,1.895],"pos_noise":[0.0,0.0,0.0],"spd":[-11.009659350141082,3.028928417661331,0.0],"spd_noise":[0.0,0.0,0.0],"RSSI":5.8403237430302629e-9}
{"type":2,"rcvTime":25298.6,"pos":[2329.5757289668947,5563.970684352816,1.895],"noise":[0.0,0.0,0.0],"spd":[12.465133568145103,-2.4009614170827939,0.0],"spd_noise":[0.0,0.0,0.0]}
{"type":3,"rcvTime":25298.6219955409,"sendTime":25298.621881275765,"sender":2203,"messageID":5810370,"pos":[2763.749640758063,5474.4539126259119,1.895],"pos_noise":[0.0,0.0,0.0],"spd":[12.158478709087016,-2.9695823575181747,0.0],"spd_noise":[0.0,0.0,0.0],"RSSI":3.662232404540311e-9}
{"type":3,"rcvTime":25298.68858292821,"sendTime":25298.68846874465,"sender":2659,"messageID":5813000,"pos":[2361.6448857524085,5544.349374784697,1.895],"pos_noise":[0.0,0.0,0.0],"spd":[-10.873807104787043,2.0945369903154456,0.0],"spd_noise":[0.0,0.0,0.0],"RSSI":8.745965771345128e-8}
{"type":2,"rcvTime":25298.7,"pos":[2330.8271401378408,5563.72964482268,1.895],"noise":[0.0,0.0,0.0],"spd":[12.514120301507623,-2.410396956309818,0.0],"spd_noise":[0.0,0.0,0.0]}
{"type":3,"rcvTime":25298.763287930953,"sendTime":25298.763173096766,"sender":2221,"messageID":5819300,"pos":[2858.8593042565855,5542.846875346687,1.895],"pos_noise":[0.0,0.0,0.0],"spd":[15.013642270888534,-3.704217905830759,0.0],"spd_noise":[0.0,0.0,0.0],"RSSI":4.612671132097126e-9}
{"type":2,"rcvTime":25298.8,"pos":[2332.075180039924,5563.4892546467149,1.895],"noise":[0.0,0.0,0.0],"spd":[12.48040758973618,-2.403903410146673,0.0],"spd_noise":[0.0,0.0,0.0]}
{"type":2,"rcvTime":25298.899999999998,"pos":[2333.321316465816,5563.249231107245,1.895],"noise":[0.0,0.0,0.0],"spd":[12.461372814750286,-2.400237042670698,0.0],"spd_noise":[0.0,0.0,0.0]}
{"type":2,"rcvTime":25299.0,"pos":[2334.5765651915396,5563.007452409662,1.895],"noise":[0.0,0.0,0.0],"spd":[12.552495875633783,-2.4177886358561575,0.0],"spd_noise":[0.0,0.0,0.0]}
{"type":3,"rcvTime":25299.022345907695,"sendTime":25299.02223188849,"sender":343,"messageID":5839104,"pos":[2686.3053506875319,5478.185194478474,1.895],"pos_noise":[0.0,0.0,0.0],"spd":[-12.668622662340365,3.485644901008225,0.0],"spd_noise":[0.0,0.0,0.0],"RSSI":2.7381058595531977e-9}
{"type":2,"rcvTime":25299.1,"pos":[2335.8203217903248,5562.767887258627,1.895],"noise":[0.0,0.0,0.0],"spd":[12.437574527341532,-2.3956531551777404,0.0],"spd_noise":[0.0,0.0,0.0]}
{"type":3,"rcvTime":25299.173074907354,"sendTime":25299.172967205755,"sender":655,"messageID":5849858,"pos":[2678.6455319384047,5487.136727027035,1.895],"pos_noise":[0.0,0.0,0.0],"spd":[-13.62425575327518,3.7491118067275046,0.0],"spd_noise":[0.0,0.0,0.0],"RSSI":1.3866088289381454e-9}
{"type":3,"rcvTime":25299.185688134326,"sendTime":25299.18556861589,"sender":1957,"messageID":5850911,"pos":[2850.9489534971628,5432.500761528887,1.895],"pos_noise":[0.0,0.0,0.0],"spd":[-13.041378519282193,5.206907689254058,0.0],"spd_noise":[0.0,0.0,0.0],"RSSI":3.5414005584441129e-9}
{"type":2,"rcvTime":25299.2,"pos":[2337.0708911597337,5562.527009871399,1.895],"noise":[0.0,0.0,0.0],"spd":[12.505702280356509,-2.4087755261116166,0.0],"spd_noise":[0.0,0.0,0.0]}
{"type":2,"rcvTime":25299.3,"pos":[2338.326466242377,5562.285168312847,1.895],"noise":[0.0,0.0,0.0],"spd":[12.555759447075382,-2.4184172459763459,0.0],"spd_noise":[0.0,0.0,0.0]}
{"type":2,"rcvTime":25299.399999999998,"pos":[2339.581192169187,5562.043490313746,1.895],"noise":[0.0,0.0,0.0],"spd":[12.547267882905082,-2.416781650350185,0.0],"spd_noise":[0.0,0.0,0.0]}
{"type":2,"rcvTime":25299.5,"pos":[2340.8246532631826,5561.803982081123,1.895],"noise":[0.0,0.0,0.0],"spd":[12.434619477418451,-2.3950839706727509,0.0],"spd_noise":[0.0,0.0,0.0]}
{"type":3,"rcvTime":25299.58705110463,"sendTime":25299.58693523542,"sender":1075,"messageID":5879656,"pos":[2692.293917122054,5479.955657926286,1.895],"pos_noise":[0.0,0.0,0.0],"spd":[-11.004764918486613,3.0275818834377499,0.0],"spd_noise":[0.0,0.0,0.0],"RSSI":3.531089829972205e-9}
{"type":2,"rcvTime":25299.6,"pos":[2342.079843041497,5561.562214737646,1.895],"noise":[0.0,0.0,0.0],"spd":[12.551906401136128,-2.4176750947096279,0.0],"spd_noise":[0.0,0.0,0.0]}
{"type":3,"rcvTime":25299.621999060717,"sendTime":25299.621881275765,"sender":2203,"messageID":5881693,"pos":[2775.9321502660188,5471.478460994936,1.895],"pos_noise":[0.0,0.0,0.0],"spd":[12.1641134338119,-2.9709585806099354,0.0],"spd_noise":[0.0,0.0,0.0],"RSSI":5.705863421329822e-9}
{"type":3,"rcvTime":25299.68858646987,"sendTime":25299.68846874465,"sender":2659,"messageID":5884223,"pos":[2350.837504805977,5546.431116620154,1.895],"pos_noise":[0.0,0.0,0.0],"spd":[-10.759694916020358,2.072556445864291,0.0],"spd_noise":[0.0,0.0,0.0],"RSSI":2.1727226901192185e-8}
{"type":2,"rcvTime":25299.7,"pos":[2343.331129728181,5561.321199184944,1.895],"noise":[0.0,0.0,0.0],"spd":[12.512875458036039,-2.4101571818093556,0.0],"spd_noise":[0.0,0.0,0.0]}
{"type":3,"rcvTime":25299.722293328956,"sendTime":25299.722184854327,"sender":1453,"messageID":5887311,"pos":[2821.765690759256,5455.889174845757,1.895],"pos_noise":[0.0,0.0,0.0],"spd":[10.41542133835986,-3.6634419131302056,0.0],"spd_noise":[0.0,0.0,0.0],"RSSI":2.577799124443764e-9}
{"type":3,"rcvTime":25299.746107572475,"sendTime":25299.745999861043,"sender":721,"messageID":5888361,"pos":[2663.364616267621,5487.914558258653,1.895],"pos_noise":[0.0,0.0,0.0],"spd":[-14.763892317416218,4.061776261491642,0.0],"spd_noise":[0.0,0.0,0.0],"RSSI":1.0772523759839578e-8}
{"type":2,"rcvTime":25299.8,"pos":[2344.58256384492,5561.080155235122,1.895],"noise":[0.0,0.0,0.0],"spd":[12.514349759593682,-2.410441153189735,0.0],"spd_noise":[0.0,0.0,0.0]}
{"type":2,"rcvTime":25299.899999999998,"pos":[2345.831823790915,5560.839530061406,1.895],"noise":[0.0,0.0,0.0],"spd":[12.492608037230323,-2.406253389276098,0.0],"spd_noise":[0.0,0.0,0.0]}
{"type":3,"rcvTime":25299.976183613417,"sendTime":25299.976066087464,"sender":1477,"messageID":5904668,"pos":[2817.781038288674,5453.791499245934,1.895],"pos_noise":[0.0,0.0,0.0],"spd":[9.623345062193689,-3.384481526108826,0.0],"spd_noise":[0.0,0.0,0.0],"RSSI":2.579136981763506e-9}
{"type":2,"rcvTime":25300.0,"pos":[2347.076740192904,5560.599741515834,1.895],"noise":[0.0,0.0,0.0],"spd":[12.449172567342002,-2.3978871020827356,0.0],"spd_noise":[0.0,0.0,0.0]}
