{"type":2,"rcvTime":25298.5,"pos":[6324.8734641091709,5904.042140580928,1.895],"noise":[0.0,0.0,0.0],"spd":[-3.1994821189453757,11.801368471519713,0.0],"spd_noise":[0.0,0.0,0.0]}
{"type":3,"rcvTime":25298.566818821862,"sendTime":25298.566700686144,"sender":2899,"messageID":6439582,"pos":[6130.171161573693,5822.110347537489,1.895],"pos_noise":[0.0,0.0,0.0],"spd":[-10.530617132472868,-1.0608964204690588,0.0],"spd_noise":[0.0,0.0,0.0],"RSSI":1.591584052953805e-8}
{"type":2,"rcvTime":25298.6,"pos":[6324.553450991257,5905.222516835528,1.895],"noise":[0.0,0.0,0.0],"spd":[-3.2076598395106794,11.831532194918572,0.0],"spd_noise":[0.0,0.0,0.0]}
{"type":3,"rcvTime":25298.64517256521,"sendTime":25298.6450568866,"sender":2923,"messageID":6445245,"pos":[6304.7693608692029,6011.713086729472,1.895],"pos_noise":[0.0,0.0,0.0],"spd":[-1.6004013527668673,14.752838433348286,0.0],"spd_noise":[0.0,0.0,0.0],"RSSI":6.188987835486165e-8}
{"type":3,"rcvTime":25298.67719241945,"sendTime":25298.677081576316,"sender":193,"messageID":6447508,"pos":[6091.596566088957,5800.290927890602,1.895],"pos_noise":[0.0,0.0,0.0],"spd":[-0.3882073497028706,7.746915858441695,0.0],"spd_noise":[0.0,0.0,0.0],"RSSI":5.290397580491373e-9}
{"type":2,"rcvTime":25298.7,"pos":[6324.23498198786,5906.397197585763,1.895],"noise":[0.0,0.0,0.0],"spd":[-3.192182367357331,11.774443158285124,0.0],"spd_noise":[0.0,0.0,0.0]}
{"type":3,"rcvTime":25298.71520009224,"sendTime":25298.715081511808,"sender":1507,"messageID":6450156,"pos":[6047.638440354907,5724.6819203413419,1.895],"pos_noise":[0.0,0.0,0.0],"spd":[4.484200641359584,0.38792344359986155,0.0],"spd_noise":[0.0,0.0,0.0],"RSSI":7.1300599903181169e-9}
{"type":3,"rcvTime":25298.745687400617,"sendTime":25298.7455742809,"sender":2779,"messageID":6452805,"pos":[6096.812208080825,5762.233116548955,1.895],"pos_noise":[0.0,0.0,0.0],"spd":[0.31175260642539656,-6.221214545463777,0.0],"spd_noise":[0.0,0.0,0.0],"RSSI":1.2545560092173079e-8}
{"type":2,"rcvTime":25298.8,"pos":[6323.915645810632,5907.575076927998,1.895],"noise":[0.0,0.0,0.0],"spd":[-3.2008745068827886,11.80650432866815,0.0],"spd_noise":[0.0,0.0,0.0]}
{"type":3,"rcvTime":25298.820224722393,"sendTime":25298.820114613743,"sender":2869,"messageID":6458387,"pos":[6098.530341154223,5793.760685530752,1.895],"pos_noise":[0.0,0.0,0.0],"spd":[0.13874083709648053,-2.768658532442787,0.0],"spd_noise":[0.0,0.0,0.0],"RSSI":7.227162277386867e-9}
{"type":3,"rcvTime":25298.849429724134,"sendTime":25298.84932183791,"sender":3079,"messageID":6460483,"pos":[6392.474822951195,5673.349867515269,1.895],"pos_noise":[0.0,0.0,0.0],"spd":[-1.6482305749881539,-0.1660493297890961,0.0],"spd_noise":[0.0,0.0,0.0],"RSSI":8.081627289374986e-9}
{"type":3,"rcvTime":25298.891114728733,"sendTime":25298.89099740279,"sender":3037,"messageID":6463352,"pos":[6414.579641060118,5675.576795159856,1.895],"pos_noise":[0.0,0.0,0.0],"spd":[-4.695808754170421,-0.4730745250574985,0.0],"spd_noise":[0.0,0.0,0.0],"RSSI":5.969000552462783e-9}
{"type":2,"rcvTime":25298.899999999998,"pos":[6323.59530218465,5908.756672269736,1.895],"noise":[0.0,0.0,0.0],"spd":[-3.210972695762977,11.843751746668853,0.0],"spd_noise":[0.0,0.0,0.0]}
{"type":3,"rcvTime":25298.90445887923,"sendTime":25298.90434478898,"sender":2773,"messageID":6464647,"pos":[6546.088203320253,5855.589306622761,1.895],"pos_noise":[0.0,0.0,0.0],"spd":[3.0901197558345716,-0.8116587654358738,0.0],"spd_noise":[0.0,0.0,0.0],"RSSI":4.635161711910102e-9}
{"type":3,"rcvTime":25298.99561757223,"sendTime":25298.99550988469,"sender":2839,"messageID":6470566,"pos":[6094.991321815862,5798.570019220284,1.895],"pos_noise":[0.0,0.0,0.0],"spd":[0.5515591967656678,-11.006702195522227,0.0],"spd_noise":[0.0,0.0,0.0],"RSSI":7.2353480218923279e-9}
{"type":2,"rcvTime":25299.0,"pos":[6323.277235416517,5909.929869365306,1.895],"noise":[0.0,0.0,0.0],"spd":[-3.1881505516836619,11.759571707029786,0.0],"spd_noise":[0.0,0.0,0.0]}
{"type":3,"rcvTime":25299.018413856513,"sendTime":25299.01830714494,"sender":2593,"messageID":6471248,"pos":[6101.23989767381,5739.689822660743,1.895],"pos_noise":[0.0,0.0,0.0],"spd":[2.298827916436379e-15,-4.5874521580495926e-14,0.0],"spd_noise":[0.0,0.0,0.0],"RSSI":5.401922709742093e-9}
{"type":3,"rcvTime":25299.030068996788,"sendTime":25299.02995032142,"sender":631,"messageID":6471631,"pos":[6083.94403678393,5727.712800289011,1.895],"pos_noise":[0.0,0.0,0.0],"spd":[5.407432786758688,0.41942267128063517,0.0],"spd_noise":[0.0,0.0,0.0],"RSSI":4.209593873636074e-9}
{"type":3,"rcvTime":25299.042823399086,"sendTime":25299.04270783686,"sender":2563,"messageID":6472672,"pos":[6099.788181521171,5768.659709226346,1.895],"pos_noise":[0.0,0.0,0.0],"spd":[0.0,-0.0,0.0],"spd_noise":[0.0,0.0,0.0],"RSSI":1.0751625507633839e-8}
{"type":3,"rcvTime":25299.054838050688,"sendTime":25299.05473179137,"sender":1477,"messageID":6474142,"pos":[6059.803448611509,5725.734302308998,1.895],"pos_noise":[0.0,0.0,0.0],"spd":[4.4207310309049439,0.3824327548860342,0.0],"spd_noise":[0.0,0.0,0.0],"RSSI":8.129652769637392e-9}
{"type":3,"rcvTime":25299.084505258765,"sendTime":25299.084393825706,"sender":3061,"messageID":6476517,"pos":[6318.207744650654,5934.148156243321,1.895],"pos_noise":[0.0,0.0,0.0],"spd":[-2.3066819434291,14.31130100699134,0.0],"spd_noise":[0.0,0.0,0.0],"RSSI":7.714650513676312e-8}
{"type":2,"rcvTime":25299.1,"pos":[6322.957909353786,5911.107711399971,1.895],"noise":[0.0,0.0,0.0],"spd":[-3.2007731239584715,11.806130375258784,0.0],"spd_noise":[0.0,0.0,0.0]}
{"type":3,"rcvTime":25299.14767175898,"sendTime":25299.14755852711,"sender":2761,"messageID":6479502,"pos":[6099.036942652819,5783.651141787222,1.895],"pos_noise":[0.0,0.0,0.0],"spd":[0.027560972172756699,-0.5499961104878683,0.0],"spd_noise":[0.0,0.0,0.0],"RSSI":1.8782741040784076e-9}
{"type":3,"rcvTime":25299.1800749421,"sendTime":25299.179963785133,"sender":2497,"messageID":6481965,"pos":[6100.864455567172,5747.18200026137,1.895],"pos_noise":[0.0,0.0,0.0],"spd":[2.323880727421341e-15,-4.6374465795530228e-14,0.0],"spd_noise":[0.0,0.0,0.0],"RSSI":7.768461967270107e-9}
{"type":2,"rcvTime":25299.2,"pos":[6322.637852023141,5912.288250734318,1.895],"noise":[0.0,0.0,0.0],"spd":[-3.208103006981592,11.833166829032596,0.0],"spd_noise":[0.0,0.0,0.0]}
{"type":3,"rcvTime":25299.293001594087,"sendTime":25299.29288856522,"sender":775,"messageID":6487095,"pos":[6137.851881376102,5730.979274479555,1.895],"pos_noise":[0.0,0.0,0.0],"spd":[11.221515396826112,0.5750395437076001,0.0],"spd_noise":[0.0,0.0,0.0],"RSSI":1.700431015242645e-8}
{"type":3,"rcvTime":25299.29733780003,"sendTime":25299.297226578045,"sender":2641,"messageID":6487490,"pos":[6099.43776555149,5775.652474908521,1.895],"pos_noise":[0.0,0.0,0.0],"spd":[1.048416695460409e-13,-2.0921798442315817e-12,0.0],"spd_noise":[0.0,0.0,0.0],"RSSI":1.177447787386897e-8}
{"type":2,"rcvTime":25299.3,"pos":[6322.323630286378,5913.462916466025,1.895],"noise":[0.0,0.0,0.0],"spd":[-3.1855227675003765,11.78820978203246,0.0],"spd_noise":[0.0,0.0,0.0]}
{"type":3,"rcvTime":25299.316725781435,"sendTime":25299.316619411296,"sender":2911,"messageID":6488478,"pos":[6304.753646637388,5982.664666333722,1.895],"pos_noise":[0.0,0.0,0.0],"spd":[-1.5616122446019532,12.84006304724962,0.0],"spd_noise":[0.0,0.0,0.0],"RSSI":3.072196289118484e-9}
{"type":3,"rcvTime":25299.363279616966,"sendTime":25299.363161252113,"sender":409,"messageID":6491901,"pos":[6093.0373234143639,5771.539731446531,1.895],"pos_noise":[0.0,0.0,0.0],"spd":[-0.6597502117948759,13.165720283965284,0.0],"spd_noise":[0.0,0.0,0.0],"RSSI":3.1307523857883888e-9}
{"type":3,"rcvTime":25299.380732197864,"sendTime":25299.38062093537,"sender":2905,"messageID":6492917,"pos":[6300.743500779895,6045.241449862202,1.895],"pos_noise":[0.0,0.0,0.0],"spd":[-2.4142611670043094,15.614546201348976,0.0],"spd_noise":[0.0,0.0,0.0],"RSSI":5.539185957023934e-9}
{"type":2,"rcvTime":25299.399999999998,"pos":[6322.051841412895,5914.626730360171,1.895],"noise":[0.0,0.0,0.0],