{"type":2,"rcvTime":25200.0,"pos":[3644.3324386201927,5223.570606526016,1.895],"noise":[0.0,0.0,0.0],"spd":[4.648158527813788,-29.523726315912357,0.0],"spd_noise":[0.0,0.0,0.0]}
{"type":3,"rcvTime":25200.023226751815,"sendTime":25200.023117568577,"sender":37,"messageID":2172,"pos":[3584.6294336008597,5745.347547393717,1.895],"pos_noise":[0.0,0.0,0.0],"spd":[-1.48474499827311,35.52451258138804,0.0],"spd_noise":[0.0,0.0,0.0],"RSSI":3.3840849276776757e-9}
{"type":3,"rcvTime":25200.03903338752,"sendTime":25200.038918097736,"sender":109,"messageID":2470,"pos":[3626.925464396065,5338.435208305222,1.895],"pos_noise":[0.0,0.0,0.0],"spd":[3.7563198883676156,-30.3350437223066,0.0],"spd_noise":[0.0,0.0,0.0],"RSSI":5.728561877635574e-9}
{"type":3,"rcvTime":25200.044104022734,"sendTime":25200.043996256543,"sender":361,"messageID":2773,"pos":[4199.1388587249989,5106.769895565942,1.895],"pos_noise":[0.0,0.0,0.0],"spd":[4.608849826789519e-14,6.514916822987738e-15,0.0],"spd_noise":[0.0,0.0,0.0],"RSSI":5.684885244949029e-9}
{"type":3,"rcvTime":25200.063884592848,"sendTime":25200.063769801753,"sender":49,"messageID":3807,"pos":[3595.9556834717416,5516.44384737271,1.895],"pos_noise":[0.0,0.0,0.0],"spd":[-2.590864690647637,31.626819389486756,0.0],"spd_noise":[0.0,0.0,0.0],"RSSI":3.456170249737927e-9}
{"type":2,"rcvTime":25200.1,"pos":[3644.798482000344,5220.610437004128,1.895],"noise":[0.0,0.0,0.0],"spd":[4.655316161446942,-29.56918948485711,0.0],"spd_noise":[0.0,0.0,0.0]}
{"type":3,"rcvTime":25200.10585600962,"sendTime":25200.105743037304,"sender":463,"messageID":5347,"pos":[4005.560157741825,5105.602660453036,1.895],"pos_noise":[0.0,0.0,0.0],"spd":[11.085479547664152,4.768966984892549,0.0],"spd_noise":[0.0,0.0,0.0],"RSSI":2.2360668400944848e-8}
{"type":3,"rcvTime":25200.164056592697,"sendTime":25200.16394409514,"sender":1021,"messageID":8060,"pos":[3882.693901902055,5147.495144755059,1.895],"pos_noise":[0.0,0.0,0.0],"spd":[4.731341906268762,-30.052082499298217,0.0],"spd_noise":[0.0,0.0,0.0],"RSSI":4.7615762358502038e-9}
{"type":3,"rcvTime":25200.1730734802,"sendTime":25200.172967205755,"sender":655,"messageID":8643,"pos":[3484.936809631163,5192.074608648802,1.895],"pos_noise":[0.0,0.0,0.0],"spd":[-0.0,-0.0,0.0],"spd_noise":[0.0,0.0,0.0],"RSSI":1.4239685695101396e-9}
{"type":3,"rcvTime":25200.17334248085,"sendTime":25200.17322500609,"sender":271,"messageID":9116,"pos":[3942.7018862686679,5255.859986549139,1.895],"pos_noise":[0.0,0.0,0.0],"spd":[4.573100009899792e-14,6.464382070885421e-15,0.0],"spd_noise":[0.0,0.0,0.0],"RSSI":7.2752698715072759e-9}
{"type":2,"rcvTime":25200.2,"pos":[3645.265114308851,5217.646526783747,1.895],"noise":[0.0,0.0,0.0],"spd":[4.661198977956579,-29.60655539302353,0.0],"spd_noise":[0.0,0.0,0.0]}
{"type":3,"rcvTime":25200.254529700287,"sendTime":25200.254411799368,"sender":1153,"messageID":12739,"pos":[3463.321237641372,5199.594852636493,1.895],"pos_noise":[0.0,0.0,0.0],"spd":[0.5155615591052821,-0.019557483434333564,0.0],"spd_noise":[0.0,0.0,0.0],"RSSI":3.302255770820357e-9}
{"type":3,"rcvTime":25200.28397074446,"sendTime":25200.283864180325,"sender":367,"messageID":14114,"pos":[4198.77606713678,5110.053650447514,1.895],"pos_noise":[0.0,0.0,0.0],"spd":[0.5167197867043638,0.0730337998492812,0.0],"spd_noise":[0.0,0.0,0.0],"RSSI":7.713779550422978e-9}
{"type":3,"rcvTime":25200.29078990019,"sendTime":25200.29067426594,"sender":529,"messageID":14584,"pos":[3628.7865178528666,5246.066198202393,1.895],"pos_noise":[0.0,0.0,0.0],"spd":[-5.1211129540772479,32.8319278000095,0.0],"spd_noise":[0.0,0.0,0.0],"RSSI":3.4256264364239629e-7}
{"type":2,"rcvTime":25200.3,"pos":[3645.7315479145106,5214.683878665007,1.895],"noise":[0.0,0.0,0.0],"spd":[4.659214131440741,-29.59394823581018,0.0],"spd_noise":[0.0,0.0,0.0]}
{"type":2,"rcvTime":25200.399999999998,"pos":[3646.1974614679604,5211.724533763878,1.895],"noise":[0.0,0.0,0.0],"spd":[4.654019320059149,-29.560952332454403,0.0],"spd_noise":[0.0,0.0,0.0]}
{"type":3,"rcvTime":25200.418332772497,"sendTime":25200.418222807348,"sender":265,"messageID":19836,"pos":[4199.839943597894,5103.543892458652,1.895],"pos_noise":[0.0,0.0,0.0],"spd":[1.0150737955824727,0.14359851397029603,0.0],"spd_noise":[0.0,0.0,0.0],"RSSI":7.59996757844053e-9}
{"type":3,"rcvTime":25200.4819097824,"sendTime":25200.48179765162,"sender":799,"messageID":21705,"pos":[4192.99215351444,5109.236145097982,1.895],"pos_noise":[0.0,0.0,0.0],"spd":[0.44185036362458116,0.06245166500408317,0.0],"spd_noise":[0.0,0.0,0.0],"RSSI":3.1635751649898269e-9}
{"type":2,"rcvTime":25200.5,"pos":[3646.6643534982324,5208.7589738677729,1.895],"noise":[0.0,0.0,0.0],"spd":[4.6637933435885279,-29.623034035124389,0.0],"spd_noise":[0.0,0.0,0.0]}
{"type":3,"rcvTime":25200.523592942696,"sendTime":25200.523484534584,"sender":349,"messageID":23817,"pos":[3820.7585175872607,5264.277758011678,1.895],"pos_noise":[0.0,0.0,0.0],"spd":[1.0960338927027636,-0.8212453971139965,0.0],"spd_noise":[0.0,0.0,0.0],"RSSI":1.1579264951282823e-8}
{"type":3,"rcvTime":25200.587041063558,"sendTime":25200.58693523542,"sender":1075,"messageID":26682,"pos":[3479.248927023635,5187.5990819232279,1.895],"pos_noise":[0.0,0.0,0.0],"spd":[-1.2074107965129264,-0.23612156168583185,0.0],"spd_noise":[0.0,0.0,0.0],"RSSI":1.1624710032726386e-8}
{"type":2,"rcvTime":25200.6,"pos":[3647.130593882735,5205.79755303259,1.895],"noise":[0.0,0.0,0.0],"spd":[4.657284041645723,-29.581688877070094,0.0],"spd_noise":[0.0,0.0,0.0]}
{"type":3,"rcvTime":25200.626011025088,"sendTime":25200.625897793565,"sender":865,"messageID":27896,"pos":[3581.0867282230967,5804.831549883534,1.895],"pos_noise":[0.0,0.0,0.0],"spd":[-0.029767265875669487,30.74500607072672,0.0],"spd_noise":[0.0,0.0,0.0],"RSSI":2.2637643890017515e-9}
{"type":3,"rcvTime":25200.629246064193,"sendTime":25200.629131911555,"sender":1003,"messageID":28169,"pos":[3486.2968484098876,5188.977375217579,1.895],"pos_noise":[0.0,0.0,0.0],"spd":[-0.43388131407023208,-0.08484993985515656,0.0],"spd_noise":[0.0,0.0,0.0],"RSSI":6.182794758050341e-9}
{"type":3,"rcvTime":25200.649984796604,"sendTime":25200.649871658068,"sender":493,"messageID":29742,"pos":[3854.978353777609,5460.895076932238,1.895],"pos_noise":[0.0,0.0,0.0],"spd":[2.5875010232664454,-30.734096456602317,0.0],"spd_noise":[0.0,0.0,0.0],"RSSI":2.8949127167466856e-9}
{"type":3,"rcvTime":25200.67389312735,"sendTime":25200.673775574192,"sender":877,"messageID":31464,"pos":[3594.445325334705,5575.241208752025,1.895],"pos_noise":[0.0,0.0,0.0],"spd":[-2.5644980015884757,31.305358487840068,0.0],"spd_noise":[0.0,0.0,0.0],"RSSI":8.838259855684022e-9}
{"type":3,"rcvTime":25200.6888247831,"sendTime":25200.688711813415,"sender":1147,"messageID":32829,"pos":[4072.838515453214,5116.846524908437,1.895],"pos_noise":[0.0,0.0,0.0],"spd":[1.1578826889804835,-0.8720941369218422,0.0],"spd_noise":[0.0,0.0,0.0],"RSSI":1.4647909221153173e-8}
{"type":2,"rcvTime":25200.7,"pos":[3647.5973004319159,5202.833171257443,1.895],"noise":[0.0,0.0,0.0],"spd":[4.661940569451296,-29.61126576254386,0.0],"spd_noise":[0.0,0.0,0.0]}
{"type":3,"rcvTime":25200.74611160034,"sendTime":25200.745999861043,"sender":721,"messageID":35513,"pos":[3478.287450039145,5190.774258200046,1.895],"pos_noise":[0.0,0.0,0.0],"spd":[-1.6825150285649773,-0.329033065839876,0.0],"spd_noise":[0.0,0.0,0.0],"RSSI":8.642902819527262e-9}
{"type":3,"rcvTime":25200.749461714888,"sendTime":25200.749345982913,"sender":1105,"messageID":36104,"pos":[4211.8334728603899,5095.140035935974,1.895],"pos_noise":[0.0,0.0,0.0],"spd":[-1.6531599320018449,-0.21113727392430524,0.0],"spd_noise":[0.0,0.0,0.0],"RSSI":9.052514595860224e-9}
{"type":3,"rcvTime":25200.766269160904,"sendTime":25200.766152756056,"sender":97,"messageID":37167,"pos":[3601.350055447829,5663.134721316201,1.895],"pos_noise":[0.0,0.0,0.0],"spd":[1.4195624340442692,-33.086475683687,0.0],"spd_noise":[0.0,0.0,0.0],"RSSI":2.615827710325059e-9}
{"type":3,"rcvTime":25200.775649166662,"sendTime":25200.775535339024,"sender":853,"messageID":38022,