{"type":2,"rcvTime":25299.7,"pos":[3612.995380754628,6078.678278989917,1.895],"noise":[0.0,0.0,0.0],"spd":[-3.1037506126834737,-26.965118112690129,0.0],"spd_noise":[0.0,0.0,0.0]}
{"type":3,"rcvTime":25299.71817898035,"sendTime":25299.71806765925,"sender":2809,"messageID":5888054,"pos":[3842.021239913107,5754.117152029961,1.895],"pos_noise":[0.0,0.0,0.0],"spd":[-1.1509304556676466,-29.460004426006809,0.0],"spd_noise":[0.0,0.0,0.0],"RSSI":2.0666293368271006e-9}
{"type":3,"rcvTime":25299.762294985325,"sendTime":25299.762178321227,"sender":2317,"messageID":5893483,"pos":[3598.893305838586,6041.334783293495,1.895],"pos_noise":[0.0,0.0,0.0],"spd":[3.0091523887152307,28.495884815638747,0.0],"spd_noise":[0.0,0.0,0.0],"RSSI":4.936799046411866e-7}
{"type":3,"rcvTime":25299.786912012096,"sendTime":25299.78679600074,"sender":2479,"messageID":5895426,"pos":[3581.1763144383455,5887.96707765198,1.895],"pos_noise":[0.0,0.0,0.0],"spd":[1.323907264484888,35.96458152627552,0.0],"spd_noise":[0.0,0.0,0.0],"RSSI":1.0094103487161576e-8}
{"type":2,"rcvTime":25299.8,"pos":[3612.6855391445499,6075.986401756662,1.895],"noise":[0.0,0.0,0.0],"spd":[-3.101818862565992,-26.948335233957775,0.0],"spd_noise":[0.0,0.0,0.0]}
{"type":2,"rcvTime":25299.899999999998,"pos":[3612.373317465834,6073.273846691993,1.895],"noise":[0.0,0.0,0.0],"spd":[-3.1256456874747475,-27.155340637470375,0.0],"spd_noise":[0.0,0.0,0.0]}
{"type":2,"rcvTime":25300.0,"pos":[3612.06253258589,6070.573774411353,1.895],"noise":[0.0,0.0,0.0],"spd":[-3.111261920458251,-27.030375707968547,0.0],"spd_noise":[0.0,0.0,0.0]}
