{"type":2,"rcvTime":25297.2,"pos":[3609.5659074237739,6077.723887102616,1.895],"noise":[0.0,0.0,0.0],"spd":[-3.498579757091592,-30.376924733898404,0.0],"spd_noise":[0.0,0.0,0.0]}
{"type":3,"rcvTime":25297.21077179531,"sendTime":25297.21066460353,"sender":2419,"messageID":6228237,"pos":[3584.323523870897,5870.056486127555,1.895],"pos_noise":[0.0,0.0,0.0],"spd":[-0.026277798650543233,27.112624100163847,0.0],"spd_noise":[0.0,0.0,0.0],"RSSI":2.080648142822117e-9}
{"type":3,"rcvTime":25297.268011797558,"sendTime":25297.267898511607,"sender":2527,"messageID":6232871,"pos":[3581.0758835135345,5816.032466444341,1.895],"pos_noise":[0.0,0.0,0.0],"spd":[-0.02909535141752221,30.05102180690382,0.0],"spd_noise":[0.0,0.0,0.0],"RSSI":1.183274182228907e-8}
{"type":3,"rcvTime":25297.27401263309,"sendTime":25297.2739050427,"sender":2533,"messageID":6233186,"pos":[3840.22534810589,5540.423966841927,1.895],"pos_noise":[0.0,0.0,0.0],"spd":[-1.25121379195174,29.96755001482304,0.0],"spd_noise":[0.0,0.0,0.0],"RSSI":3.320928977072468e-9}
{"type":2,"rcvTime":25297.3,"pos":[3609.2160273567785,6074.68600281844,1.895],"noise":[0.0,0.0,0.0],"spd":[-3.4987874743745577,-30.378728269225538,0.0],"spd_noise":[0.0,0.0,0.0]}
{"type":2,"rcvTime":25297.399999999998,"pos":[3608.865786881763,6071.644989239508,1.895],"noise":[0.0,0.0,0.0],"spd":[-3.5023915409799315,-30.41002109877598,0.0],"spd_noise":[0.0,0.0,0.0]}
{"type":2,"rcvTime":25297.5,"pos":[3608.515617648888,6068.604594230757,1.895],"noise":[0.0,0.0,0.0],"spd":[-3.5016791222660359,-30.403835420280815,0.0],"spd_noise":[0.0,0.0,0.0]}
{"type":3,"rcvTime":25297.512384994545,"sendTime":25297.512277775815,"sender":2539,"messageID":6248198,"pos":[3831.1345685085827,5605.4198950202539,1.895],"pos_noise":[0.0,0.0,0.0],"spd":[-0.03250378200004883,33.57140622721888,0.0],"spd_noise":[0.0,0.0,0.0],"RSSI":1.913227222271246e-9}
{"type":2,"rcvTime":25297.6,"pos":[3608.1654085787156,6065.563853328912,1.895],"noise":[0.0,0.0,0.0],"spd":[-3.502077493738798,-30.40729433818479,0.0],"spd_noise":[0.0,0.0,0.0]}
{"type":3,"rcvTime":25297.62581454922,"sendTime":25297.625705005183,"sender":2629,"messageID":6256217,"pos":[3837.37249009159,5471.219333255554,1.895],"pos_noise":[0.0,0.0,0.0],"spd":[-2.859422183305337,34.90511460371483,0.0],"spd_noise":[0.0,0.0,0.0],"RSSI":6.096675760274112e-9}
{"type":2,"rcvTime":25297.7,"pos":[3607.8147141284296,6062.518898044032,1.895],"noise":[0.0,0.0,0.0],"spd":[-3.506931276566169,-30.44943800960083,0.0],"spd_noise":[0.0,0.0,0.0]}
{"type":3,"rcvTime":25297.747470999464,"sendTime":25297.747362296283,"sender":2875,"messageID":6262496,"pos":[3600.232794634892,6025.542905260028,1.895],"pos_noise":[0.0,0.0,0.0],"spd":[-4.187426520101174,-36.33594448177978,0.0],"spd_noise":[0.0,0.0,0.0],"RSSI":1.681414218072776e-7}
{"type":3,"rcvTime":25297.776261757408,"sendTime":25297.77614436792,"sender":2569,"messageID":6263622,"pos":[3584.427922374016,5762.341322871345,1.895],"pos_noise":[0.0,0.0,0.0],"spd":[-0.032507894501564698,33.54064530403449,0.0],"spd_noise":[0.0,0.0,0.0],"RSSI":9.358489856764607e-9}
{"type":2,"rcvTime":25297.8,"pos":[3607.4642627589435,6059.476053343351,1.895],"noise":[0.0,0.0,0.0],"spd":[-3.5045004777355528,-30.42833224719218,0.0],"spd_noise":[0.0,0.0,0.0]}
{"type":3,"rcvTime":25297.831505757353,"sendTime":25297.83139023343,"sender":2749,"messageID":6266733,"pos":[3594.522563832393,5854.122997824186,1.895],"pos_noise":[0.0,0.0,0.0],"spd":[-0.01742997588836686,-29.916374864431675,0.0],"spd_noise":[0.0,0.0,0.0],"RSSI":1.5258547844384929e-9}
{"type":3,"rcvTime":25297.85880794715,"sendTime":25297.85870006969,"sender":2575,"messageID":6268951,"pos":[3591.0474820461215,5670.733215244356,1.895],"pos_noise":[0.0,0.0,0.0],"spd":[-1.248704131758382,29.907441688189289,0.0],"spd_noise":[0.0,0.0,0.0],"RSSI":2.2532268274832695e-9}
{"type":3,"rcvTime":25297.892401204546,"sendTime":25297.89229405075,"sender":2833,"messageID":6271540,"pos":[3842.824446388054,5774.676575225712,1.895],"pos_noise":[0.0,0.0,0.0],"spd":[-1.3718969519436255,-35.11601424504782,0.0],"spd_noise":[0.0,0.0,0.0],"RSSI":2.1501506623266298e-9}
{"type":2,"rcvTime":25297.899999999998,"pos":[3607.1135335036535,6056.430795858994,1.895],"noise":[0.0,0.0,0.0],"spd":[-3.5072793252901874,-30.452459992960717,0.0],"spd_noise":[0.0,0.0,0.0]}
{"type":3,"rcvTime":25297.969758259816,"sendTime":25297.96964172353,"sender":2893,"messageID":6276216,"pos":[3861.3180048414558,5914.105381466123,1.895],"pos_noise":[0.0,0.0,0.0],"spd":[-3.160911200596682,-27.461724379353375,0.0],"spd_noise":[0.0,0.0,0.0],"RSSI":0.00000183739113944091}
{"type":2,"rcvTime":25298.0,"pos":[3606.763882000625,6053.394896114518,1.895],"noise":[0.0,0.0,0.0],"spd":[-3.4965018433248638,-30.358882947075324,0.0],"spd_noise":[0.0,0.0,0.0]}
{"type":3,"rcvTime":25298.00280035594,"sendTime":25298.002685259704,"sender":2707,"messageID":6277797,"pos":[3591.4915287818437,5738.956881402006,1.895],"pos_noise":[0.0,0.0,0.0],"spd":[1.4702126352868546,-34.20494702500633,0.0],"spd_noise":[0.0,0.0,0.0],"RSSI":1.633889706911816e-8}
{"type":3,"rcvTime":25298.091956769054,"sendTime":25298.091841972153,"sender":2845,"messageID":6283341,"pos":[3845.3281399982836,5814.768646991681,1.895],"pos_noise":[0.0,0.0,0.0],"spd":[-2.369567204228089,-35.695936363105499,0.0],"spd_noise":[0.0,0.0,0.0],"RSSI":3.480407694843383e-8}
{"type":2,"rcvTime":25298.1,"pos":[3606.413450044863,6050.352219976308,1.895],"noise":[0.0,0.0,0.0],"spd":[-3.504306341226399,-30.42664662884985,0.0],"spd_noise":[0.0,0.0,0.0]}
{"type":2,"rcvTime":25298.2,"pos":[3606.0638872857609,6047.317090763802,1.895],"noise":[0.0,0.0,0.0],"spd":[-3.495614407412043,-30.35117765643282,0.0],"spd_noise":[0.0,0.0,0.0]}
{"type":3,"rcvTime":25298.210057190023,"sendTime":25298.209947485757,"sender":2785,"messageID":6290591,"pos":[3617.6952165644399,5374.913043704937,1.895],"pos_noise":[0.0,0.0,0.0],"spd":[-3.4570338203007759,29.95483028335258,0.0],"spd_noise":[0.0,0.0,0.0],"RSSI":1.6492290318061697e-9}
{"type":3,"rcvTime":25298.210779198092,"sendTime":25298.21066460353,"sender":2419,"messageID":6290937,"pos":[3584.869287719394,5897.113715809441,1.895],"pos_noise":[0.0,0.0,0.0],"spd":[1.1539123087409438,27.035349496199716,0.0],"spd_noise":[0.0,0.0,0.0],"RSSI":1.8391001371588127e-9}
{"type":3,"rcvTime":25298.237865193358,"sendTime":25298.237753059202,"sender":2659,"messageID":6292662,"pos":[3601.0597467118475,5534.857930447715,1.895],"pos_noise":[0.0,0.0,0.0],"spd":[-2.449224519993743,29.89857250254806,0.0],"spd_noise":[0.0,0.0,0.0],"RSSI":4.283336069415073e-9}
{"type":3,"rcvTime":25298.268016687696,"sendTime":25298.267898511607,"sender":2527,"messageID":6295847,"pos":[3581.046978803544,5845.886584986126,1.895],"pos_noise":[0.0,0.0,0.0],"spd":[-0.02867278648912888,29.614577245855036,0.0],"spd_noise":[0.0,0.0,0.0],"RSSI":2.3962592664143636e-8}
{"type":2,"rcvTime":25298.3,"pos":[3605.7134844975169,6044.274667876786,1.895],"noise":[0.0,0.0,0.0],"spd":[-3.504014667145995,-30.424114126462479,0.0],"spd_noise":[0.0,0.0,0.0]}
{"type":3,"rcvTime":25298.367546544698,"sendTime":25298.367433654003,"sender":2899,"messageID":6300722,"pos":[3602.6585617448129,6046.592239166826,1.895],"pos_noise":[0.0,0.0,0.0],"spd":[-4.174102156869269,-36.2203237490087,0.0],"spd_noise":[0.0,0.0,0.0],"RSSI":0.000004967659716014076}
{"type":2,"rcvTime":25298.399999999998,"pos":[3605.362562114029,6041.2277335289149,1.895],"noise":[0.0,0.0,0.0],"spd":[-3.5092105999869269,-30.469228564861497,0.0],"spd_noise":[0.0,0.0,0.0]}
{"type":2,"rcvTime":25298.5,"pos":[3605.012851231311,6038.191318211696,1.895],"noise":[0.0,0.0,0.0],"spd":[-3.497095637980949,-30.36403865505617,0.0],"spd_noise":[0.0,0.0,0.0]}
{"type":3,"rcvTime":25298.500697120617,"sendTime":25298.50059050494,"sender":2671,"messageID":6309505,"pos":[3843.97694225826,5531.1329760323219,1.895],"pos_noise":[0.0,0.0,0.0],"spd":[1.468053687814873,-34.15471845118559,0.0],"spd_noise":[0.0,0.0,0.0],"RSSI":1.17811452116205e-8}
{"type":3,"rcvTime":25298.51038912459,