{"type":2,"rcvTime":10800.0,"pos":[3584.315451631627,5878.385174229644,1.895],"noise":[0.0,0.0,0.0],"spd":[-0.0413798360447203,42.694441604158097,0.0],"spd_noise":[0.0,0.0,0.0]}
{"type":3,"rcvTime":10800.065826190677,"sendTime":10800.065709538758,"sender":25,"messageID":38,"pos":[3594.50392786684,5822.136692447921,1.895],"pos_noise":[0.0,0.0,0.0],"spd":[-0.02062072094539944,-35.39288991017064,0.0],"spd_noise":[0.0,0.0,0.0],"RSSI":1.2649764506671833e-8}
{"type":2,"rcvTime":10800.1,"pos":[3584.3113205679426,5882.647478629863,1.895],"noise":[0.0,0.0,0.0],"spd":[-0.041310694547813397,42.62310353508199,0.0],"spd_noise":[0.0,0.0,0.0]}
{"type":2,"rcvTime":10800.199999999999,"pos":[3584.4338682595587,5886.912145737843,1.895],"noise":[0.0,0.0,0.0],"spd":[1.1602261481106769,42.657384124528977,0.0],"spd_noise":[0.0,0.0,0.0]}
{"type":3,"rcvTime":10800.241151967584,"sendTime":10800.241038605103,"sender":37,"messageID":63,"pos":[3588.387671754935,6003.151423739182,1.895],"pos_noise":[0.0,0.0,0.0],"spd":[2.7335968699644868,36.81621483935741,0.0],"spd_noise":[0.0,0.0,0.0],"RSSI":6.5494558247276079e-9}
{"type":2,"rcvTime":10800.3,"pos":[3584.6156262120755,5891.170606049587,1.895],"noise":[0.0,0.0,0.0],"spd":[1.817582063835907,42.58466259662945,0.0],"spd_noise":[0.0,0.0,0.0]}
{"type":2,"rcvTime":10800.4,"pos":[3584.7976320752379,5895.434874732467,1.895],"noise":[0.0,0.0,0.0],"spd":[1.8200611737546822,42.64274638912033,0.0],"spd_noise":[0.0,0.0,0.0]}
{"type":2,"rcvTime":10800.5,"pos":[3584.9795431557547,5899.696922724982,1.895],"noise":[0.0,0.0,0.0],"spd":[1.8191133459764564,42.62053945445776,0.0],"spd_noise":[0.0,0.0,0.0]}
{"type":2,"rcvTime":10800.6,"pos":[3585.1613890889477,5903.95744436176,1.895],"noise":[0.0,0.0,0.0],"spd":[1.818461871827418,42.605275875775429,0.0],"spd_noise":[0.0,0.0,0.0]}
{"type":2,"rcvTime":10800.699999999999,"pos":[3585.343097449801,5908.214742775892,1.895],"noise":[0.0,0.0,0.0],"spd":[1.8170861465080799,42.573043604278428,0.0],"spd_noise":[0.0,0.0,0.0]}
{"type":2,"rcvTime":10800.8,"pos":[3585.52534625166,5912.484703340656,1.895],"noise":[0.0,0.0,0.0],"spd":[1.8224905641132368,42.69966528746181,0.0],"spd_noise":[0.0,0.0,0.0]}
{"type":2,"rcvTime":10800.9,"pos":[3585.7076718608275,5916.756463446352,1.895],"noise":[0.0,0.0,0.0],"spd":[1.823258638272216,42.717660721923959,0.0],"spd_noise":[0.0,0.0,0.0]}
{"type":3,"rcvTime":10800.976389927688,"sendTime":10800.976274454732,"sender":7,"messageID":172,"pos":[3589.639487691844,5704.455782485735,1.895],"pos_noise":[0.0,0.0,0.0],"spd":[-1.3487439394120565,32.30347341244657,0.0],"spd_noise":[0.0,0.0,0.0],"RSSI":4.6869855094070378e-9}
{"type":2,"rcvTime":10801.0,"pos":[3585.8899310175936,5921.026666619275,1.895],"noise":[0.0,0.0,0.0],"spd":[1.822594113331188,42.70209137243047,0.0],"spd_noise":[0.0,0.0,0.0]}
{"type":2,"rcvTime":10801.1,"pos":[3586.071948207426,5925.2912006780229,1.895],"noise":[0.0,0.0,0.0],"spd":[1.8201744406122243,42.645400151504869,0.0],"spd_noise":[0.0,0.0,0.0]}
{"type":2,"rcvTime":10801.199999999999,"pos":[3586.2541549771078,5929.560176458596,1.895],"noise":[0.0,0.0,0.0],"spd":[1.822070241755314,42.68981743181332,0.0],"spd_noise":[0.0,0.0,0.0]}
{"type":3,"rcvTime":10801.24114969485,"sendTime":10801.241038605103,"sender":37,"messageID":226,"pos":[3592.105508793781,6039.925581364771,1.895],"pos_noise":[0.0,0.0,0.0],"spd":[3.8870437085623754,36.76072749404114,0.0],"spd_noise":[0.0,0.0,0.0],"RSSI":1.4643862874602013e-8}
{"type":2,"rcvTime":10801.3,"pos":[3586.5438809549325,5933.814457678855,1.895],"noise":[0.0,0.0,0.0],"spd":[2.841060155495308,42.55003087424517,0.0],"spd_noise":[0.0,0.0,0.0]}
{"type":2,"rcvTime":10801.4,"pos":[3586.8600451092995,5938.066565226451,1.895],"noise":[0.0,0.0,0.0],"spd":[3.161645959631321,42.52113486641115,0.0],"spd_noise":[0.0,0.0,0.0]}
{"type":2,"rcvTime":10801.5,"pos":[3587.176851660707,5942.327312404022,1.895],"noise":[0.0,0.0,0.0],"spd":[3.1680699390112618,42.60753128685427,0.0],"spd_noise":[0.0,0.0,0.0]}
{"type":2,"rcvTime":10801.6,"pos":[3587.493594412271,5946.5872015342879,1.895],"noise":[0.0,0.0,0.0],"spd":[3.167431939674265,42.59895080180737,0.0],"spd_noise":[0.0,0.0,0.0]}
{"type":2,"rcvTime":10801.699999999999,"pos":[3587.809765964012,5950.839408569539,1.895],"noise":[0.0,0.0,0.0],"spd":[3.1617199334761589,42.52212974436401,0.0],"spd_noise":[0.0,0.0,0.0]}
{"type":3,"rcvTime":10801.772076382695,"sendTime":10801.77196806292,"sender":49,"messageID":326,"pos":[3611.2087978025799,6063.1566001143,1.895],"pos_noise":[0.0,0.0,0.0],"spd":[-3.9120494667311735,-33.98754896800298,0.0],"spd_noise":[0.0,0.0,0.0],"RSSI":2.6411894873976528e-8}
{"type":2,"rcvTime":10801.8,"pos":[3588.125861304436,5955.090590634967,1.895],"noise":[0.0,0.0,0.0],"spd":[3.1609578192398755,42.511880031820158,0.0],"spd_noise":[0.0,0.0,0.0]}
{"type":2,"rcvTime":10801.9,"pos":[3588.44289126904,5959.354342507799,1.895],"noise":[0.0,0.0,0.0],"spd":[3.170304074089294,42.63757828141843,0.0],"spd_noise":[0.0,0.0,0.0]}
{"type":3,"rcvTime":10801.976392855358,"sendTime":10801.976274454732,"sender":7,"messageID":382,"pos":[3588.290782055429,5736.758338511359,1.895],"pos_noise":[0.0,0.0,0.0],"spd":[-1.3480894881630586,32.287798792520408,0.0],"spd_noise":[0.0,0.0,0.0],"RSSI":5.414783573221695e-9}
{"type":2,"rcvTime":10802.0,"pos":[3588.7592834304466,5963.609516533483,1.895],"noise":[0.0,0.0,0.0],"spd":[3.1639260332076919,42.55179969014034,0.0],"spd_noise":[0.0,0.0,0.0]}
{"type":3,"rcvTime":10802.065826884991,"sendTime":10802.065709538758,"sender":25,"messageID":412,"pos":[3594.462744503814,5751.45059773361,1.895],"pos_noise":[0.0,0.0,0.0],"spd":[-0.020596748057400667,-35.35174345067831,0.0],"spd_noise":[0.0,0.0,0.0],"RSSI":5.776932207717975e-9}
{"type":2,"rcvTime":10802.1,"pos":[3589.075544366069,5967.8629256970339,1.895],"noise":[0.0,0.0,0.0],"spd":[3.1626137735402968,42.53415104414724,0.0],"spd_noise":[0.0,0.0,0.0]}
{"type":2,"rcvTime":10802.199999999999,"pos":[3589.3922936404358,5972.122902552804,1.895],"noise":[0.0,0.0,0.0],"spd":[3.167497167796121,42.59982805808525,0.0],"spd_noise":[0.0,0.0,0.0]}
{"type":3,"rcvTime":10802.241152586754,"sendTime":10802.241038605103,"sender":37,"messageID":446,"pos":[3595.9904138017097,6076.666082641371,1.895],"pos_noise":[0.0,0.0,0.0],"spd":[3.885578995152917,36.74687533941837,0.0],"spd_noise":[0.0,0.0,0.0],"RSSI":1.5047961310766669e-8}
{"type":2,"rcvTime":10802.3,"pos":[3589.709067800038,5976.383214091364,1.895],"noise":[0.0,0.0,0.0],"spd":[3.167746020506071,42.60317489064549,0.0],"spd_noise":[0.0,0.0,0.0]}
{"type":2,"rcvTime":10802.4,"pos":[3590.025084618833,5980.6333401154629,1.895],"noise":[0.0,0.0,0.0],"spd":[3.160172601847707,42.5013196037842,0.0],"spd_noise":[0.0,0.0,0.0]}
{"type":2,"rcvTime":10802.5,"pos":[3590.341620673623,5984.89044937047,1.895],"noise":[0.0,0.0,0.0],"spd":[3.1653649690532266,42.57115201039799,0.0],"spd_noise":[0.0,0.0,0.0]}
{"type":2,"rcvTime":10802.6,"pos":[3590.658448650192,5989.151484696105,1.895],"noise":[0.0,0.0,0.0],"spd":[3.1682841909212038,42.6104127715136,0.0],"spd_noise":[0.0,0.0,0.0]}
{"type":2,"rcvTime":10802.699999999999,"pos":[3590.9746898926548,5993.404629005358,1.895],"noise":[0.0,0.0,0.0],"spd":[3.1624168416635145,42.53150249747279,0.0],"spd_noise":[0.0,0.0,0.0]}
{"type":3,"rcvTime":10802.772073948088,"sendTime":10802.77196806292,"sender":49,"messageID":544,"pos":[3607.2914517607448,6029.123034957794,1.895],"pos_noise":[0.0,0.0,0.0],"spd":[-3.9284072593028709,-34.129664061571919,0.0],"spd_noise":[0.0,0.0,0.0],"RSSI":1.4876798483182913e-7}
{"type":2,"rcvTime":10802.8,"pos":[3591.290668020984,5997.654234679454,1.895],"noise":[0.0,0.0,0.0],"spd":[3.159785696654654,42.496116096472707,0.0],"spd_noise":[0.0,0.0,0.0]}
{"type":2,"rcvTime":10802.9,"pos":[3591.606895669512,6001.907196163196,1.895],"noise":[0.0,0.0,0.0],"spd":[3.162280902129474,42.52967423981292,0.0],"spd_noise":[0.0,0.0,0.0]}
{"type":3,"rcvTime":10802.976390485235,"sendTime":10802.976274454732,"sender":7,"messageID":596,