{"type":2,"rcvTime":25200.0,"pos":[3595.893921067444,6012.931395257466,1.895],"noise":[0.0,0.0,0.0],"spd":[3.064865546741031,29.833314275820258,0.0],"spd_noise":[0.0,0.0,0.0]}
{"type":3,"rcvTime":25200.02322589335,"sendTime":25200.023117568577,"sender":37,"messageID":2172,"pos":[3584.6294336008597,5745.347547393717,1.895],"pos_noise":[0.0,0.0,0.0],"spd":[-1.48474499827311,35.52451258138804,0.0],"spd_noise":[0.0,0.0,0.0],"RSSI":1.61430730233155e-9}
{"type":2,"rcvTime":25200.1,"pos":[3596.207547431261,6015.901354762342,1.895],"noise":[0.0,0.0,0.0],"spd":[3.140031824665153,29.73527878767813,0.0],"spd_noise":[0.0,0.0,0.0]}
{"type":3,"rcvTime":25200.12569425959,"sendTime":25200.125585315982,"sender":7,"messageID":6384,"pos":[3840.518669824032,5792.816384372492,1.895],"pos_noise":[0.0,0.0,0.0],"spd":[2.2288550538138058,29.93363885745763,0.0],"spd_noise":[0.0,0.0,0.0],"RSSI":1.26985159492843e-8}
{"type":3,"rcvTime":25200.189687144317,"sendTime":25200.189578738995,"sender":913,"messageID":10191,"pos":[3588.627190787615,5728.701085968223,1.895],"pos_noise":[0.0,0.0,0.0],"spd":[-1.4256334712520343,34.1450379042872,0.0],"spd_noise":[0.0,0.0,0.0],"RSSI":1.866955888566879e-9}
{"type":2,"rcvTime":25200.2,"pos":[3596.521508539122,6018.874484205617,1.895],"noise":[0.0,0.0,0.0],"spd":[3.1433832870142175,29.767016258138886,0.0],"spd_noise":[0.0,0.0,0.0]}
{"type":2,"rcvTime":25200.3,"pos":[3596.835441668692,6021.847348701809,1.895],"noise":[0.0,0.0,0.0],"spd":[3.143103167948934,29.76436360399659,0.0],"spd_noise":[0.0,0.0,0.0]}
{"type":3,"rcvTime":25200.32605818282,"sendTime":25200.325941564515,"sender":643,"messageID":15336,"pos":[3594.119550424088,6027.571245897933,1.895],"pos_noise":[0.0,0.0,0.0],"spd":[3.676873341544984,34.79601958477532,0.0],"spd_noise":[0.0,0.0,0.0],"RSSI":2.043560759937636e-7}
{"type":2,"rcvTime":25200.399999999998,"pos":[3597.14957258542,6024.822086190571,1.895],"noise":[0.0,0.0,0.0],"spd":[3.145083415919039,29.783116033490669,0.0],"spd_noise":[0.0,0.0,0.0]}
{"type":3,"rcvTime":25200.41521482025,"sendTime":25200.41510119615,"sender":19,"messageID":19246,"pos":[3587.7111799547799,5779.654598915897,1.895],"pos_noise":[0.0,0.0,0.0],"spd":[-0.03314961809077058,34.16705636882884,0.0],"spd_noise":[0.0,0.0,0.0],"RSSI":1.5918398837135276e-9}
{"type":3,"rcvTime":25200.485200829113,"sendTime":25200.485094223404,"sender":103,"messageID":21968,"pos":[3605.2069654738149,6011.013197556031,1.895],"pos_noise":[0.0,0.0,0.0],"spd":[-3.4776207376739487,-30.21326957109097,0.0],"spd_noise":[0.0,0.0,0.0],"RSSI":2.1397368942372545e-7}
{"type":2,"rcvTime":25200.5,"pos":[3597.463435161303,6027.794282561828,1.895],"noise":[0.0,0.0,0.0],"spd":[3.142396783381676,29.75767432720059,0.0],"spd_noise":[0.0,0.0,0.0]}
{"type":3,"rcvTime":25200.508266503024,"sendTime":25200.50815743138,"sender":247,"messageID":23063,"pos":[3598.9189514061997,5968.989883005529,1.895],"pos_noise":[0.0,0.0,0.0],"spd":[-1.9867198573522945,-29.936608788005797,0.0],"spd_noise":[0.0,0.0,0.0],"RSSI":2.0729136528773795e-7}
{"type":3,"rcvTime":25200.52171550521,"sendTime":25200.5216043368,"sender":61,"messageID":23552,"pos":[3594.107571403534,5991.0155185386579,1.895],"pos_noise":[0.0,0.0,0.0],"spd":[2.2214546625257096,29.834251219004068,0.0],"spd_noise":[0.0,0.0,0.0],"RSSI":1.1612747286188716e-7}
{"type":2,"rcvTime":25200.6,"pos":[3597.776847867084,6030.762218781072,1.895],"noise":[0.0,0.0,0.0],"spd":[3.137892677221738,29.715021621803428,0.0],"spd_noise":[0.0,0.0,0.0]}
{"type":3,"rcvTime":25200.626009770494,"sendTime":25200.625897793565,"sender":865,"messageID":27896,"pos":[3581.0867282230967,5804.831549883534,1.895],"pos_noise":[0.0,0.0,0.0],"spd":[-0.029767265875669487,30.74500607072672,0.0],"spd_noise":[0.0,0.0,0.0],"RSSI":1.5845718252312066e-8}
{"type":3,"rcvTime":25200.632763770504,"sendTime":25200.632655769587,"sender":235,"messageID":28687,"pos":[3839.1818299407439,5770.858056527008,1.895],"pos_noise":[0.0,0.0,0.0],"spd":[1.274218518358541,29.927964895656694,0.0],"spd_noise":[0.0,0.0,0.0],"RSSI":5.168606764925045e-8}
{"type":3,"rcvTime":25200.64998483878,"sendTime":25200.649871658068,"sender":493,"messageID":29742,"pos":[3604.978353777609,5610.895076932238,1.895],"pos_noise":[0.0,0.0,0.0],"spd":[2.5875010232664454,-30.734096456602317,0.0],"spd_noise":[0.0,0.0,0.0],"RSSI":3.030283694449761e-9}
{"type":3,"rcvTime":25200.650589844914,"sendTime":25200.650476861745,"sender":67,"messageID":30060,"pos":[3591.5478958917726,5658.747911818087,1.895],"pos_noise":[0.0,0.0,0.0],"spd":[-1.4476420043288019,34.67215950409401,0.0],"spd_noise":[0.0,0.0,0.0],"RSSI":1.011446366814569e-8}
{"type":3,"rcvTime":25200.673893402047,"sendTime":25200.673775574192,"sender":877,"messageID":31464,"pos":[3594.445325334705,5575.241208752025,1.895],"pos_noise":[0.0,0.0,0.0],"spd":[-2.5644980015884757,31.305358487840068,0.0],"spd_noise":[0.0,0.0,0.0],"RSSI":3.9546039982097549e-9}
{"type":3,"rcvTime":25200.68172640247,"sendTime":25200.68161178147,"sender":79,"messageID":32257,"pos":[3591.2205164971176,5850.644906609608,1.895],"pos_noise":[0.0,0.0,0.0],"spd":[-0.017268262467265224,-29.669033450942718,0.0],"spd_noise":[0.0,0.0,0.0],"RSSI":1.3085651035207466e-8}
{"type":2,"rcvTime":25200.7,"pos":[3598.0905419894086,6033.732819941255,1.895],"noise":[0.0,0.0,0.0],"spd":[3.1407102238425739,29.741703050168558,0.0],"spd_noise":[0.0,0.0,0.0]}
{"type":3,"rcvTime":25200.766268854,"sendTime":25200.766152756056,"sender":97,"messageID":37167,"pos":[3601.350055447829,5663.134721316201,1.895],"pos_noise":[0.0,0.0,0.0],"spd":[1.4195624340442692,-33.086475683687,0.0],"spd_noise":[0.0,0.0,0.0],"RSSI":9.827460915688657e-9}
{"type":3,"rcvTime":25200.775650393956,"sendTime":25200.775535339024,"sender":853,"messageID":38022,"pos":[3604.4337376371938,5432.321245582799,1.895],"pos_noise":[0.0,0.0,0.0],"spd":[-3.574418470272509,30.98462429545205,0.0],"spd_noise":[0.0,0.0,0.0],"RSSI":1.9928450235371514e-9}
{"type":2,"rcvTime":25200.8,"pos":[3598.404860164909,6036.709330721542,1.895],"noise":[0.0,0.0,0.0],"spd":[3.1469582535433995,29.80087025464348,0.0],"spd_noise":[0.0,0.0,0.0]}
{"type":3,"rcvTime":25200.817680394226,"sendTime":25200.81757072732,"sender":25,"messageID":40906,"pos":[3589.4241853478417,5709.612442205839,1.895],"pos_noise":[0.0,0.0,0.0],"spd":[-1.4279373961112215,34.200218708686097,0.0],"spd_noise":[0.0,0.0,0.0],"RSSI":1.7423256409663655e-9}
{"type":3,"rcvTime":25200.86065239634,"sendTime":25200.860533911735,"sender":43,"messageID":43615,"pos":[3585.458986178769,5725.499390959318,1.895],"pos_noise":[0.0,0.0,0.0],"spd":[-1.491152437253632,35.67781914038825,0.0],"spd_noise":[0.0,0.0,0.0],"RSSI":6.0229829090836519e-9}
{"type":2,"rcvTime":25200.899999999998,"pos":[3598.7190912087278,6039.685016387619,1.895],"noise":[0.0,0.0,0.0],"spd":[3.1460858898389896,29.79260919889522,0.0],"spd_noise":[0.0,0.0,0.0]}
{"type":3,"rcvTime":25200.902948397143,"sendTime":25200.90283410251,"sender":31,"messageID":45897,"pos":[3584.339137893502,5853.946418035029,1.895],"pos_noise":[0.0,0.0,0.0],"spd":[-0.029338141558555045,30.2701917473177,0.0],"spd_noise":[0.0,0.0,0.0],"RSSI":1.3833319319364096e-8}
{"type":2,"rcvTime":25201.0,"pos":[3599.0325823888836,6042.653695738632,1.895],"noise":[0.0,0.0,0.0],"spd":[3.138678363832423,29.72246186815267,0.0],"spd_noise":[0.0,0.0,0.0]}
{"type":3,"rcvTime":25201.023230565734,"sendTime":25201.023117568577,"sender":37,"messageID":52679,"pos":[3584.410226274486,5780.5996138709319,1.895],"pos_noise":[0.0,0.0,0.0],"spd":[-0.03384042889187487,34.91551328580383,0.0],"spd_noise":[0.0,0.0,0.0],"RSSI":1.5093349884759283e-8}
{"type":3,"rcvTime":25201.063888591252,"sendTime":25201.063769801753,"sender":49,"messageID":54320,"pos":[3593.3656153192034,5548.060943380291,1.895],"pos_noise":[0.0,0.0,0.0],"spd":[-2.5870017404448508,31.5796641564331,0.0],"spd_noise":[0.0,0.0,0.0],"RSSI":2.4723007908758445e-9}
{"type":2,"rcvTime":25201.1,"pos":[3599.346967931811,6045.630844470801,1.895],"noise":[0.0,0.0,0.0],