{"type":2,"rcvTime":18098.2,"pos":[2325.2660682536577,5564.8007860951379,1.895],"noise":[0.0,0.0,0.0],"spd":[12.487432202824909,-2.4052564502020736,0.0],"spd_noise":[0.0,0.0,0.0]}
{"type":2,"rcvTime":18098.3,"pos":[2326.520227108568,5564.559217322122,1.895],"noise":[0.0,0.0,0.0],"spd":[12.54159716002094,-2.4156893887401664,0.0],"spd_noise":[0.0,0.0,0.0]}
{"type":2,"rcvTime":18098.399999999998,"pos":[2327.7685448947024,5564.31877362175,1.895],"noise":[0.0,0.0,0.0],"spd":[12.483186432147163,-2.4044386545862208,0.0],"spd_noise":[0.0,0.0,0.0]}
{"type":3,"rcvTime":18098.42012361146,"sendTime":18098.42001518244,"sender":493,"messageID":254999,"pos":[2743.823833725024,5479.474455511077,1.895],"pos_noise":[0.0,0.0,0.0],"spd":[15.949599700693668,-4.386236488286851,0.0],"spd_noise":[0.0,0.0,0.0],"RSSI":2.1766912177713278e-9}
{"type":2,"rcvTime":18098.5,"pos":[2329.0139174992416,5564.0788972051,1.895],"noise":[0.0,0.0,0.0],"spd":[12.453734595980223,-2.398765813464024,0.0],"spd_noise":[0.0,0.0,0.0]}
{"type":2,"rcvTime":18098.6,"pos":[2330.2703543979357,5563.836889648561,1.895],"noise":[0.0,0.0,0.0],"spd":[12.564377613495767,-2.4200772269871826,0.0],"spd_noise":[0.0,0.0,0.0]}
{"type":2,"rcvTime":18098.7,"pos":[2331.5256842568689,5563.5950953235719,1.895],"noise":[0.0,0.0,0.0],"spd":[12.553307208286114,-2.4179449100246477,0.0],"spd_noise":[0.0,0.0,0.0]}
{"type":2,"rcvTime":18098.8,"pos":[2332.773740841215,5563.354701934365,1.895],"noise":[0.0,0.0,0.0],"spd":[12.480574412478104,-2.403935542572877,0.0],"spd_noise":[0.0,0.0,0.0]}
{"type":2,"rcvTime":18098.899999999998,"pos":[2334.0226810720535,5563.114138342319,1.895],"noise":[0.0,0.0,0.0],"spd":[12.489410883467024,-2.405637572141319,0.0],"spd_noise":[0.0,0.0,0.0]}
{"type":3,"rcvTime":18098.908163614295,"sendTime":18098.908045271644,"sender":523,"messageID":256423,"pos":[2541.4797759508167,5526.205144342679,1.895],"pos_noise":[0.0,0.0,0.0],"spd":[13.962044725751803,-2.7850861944203335,0.0],"spd_noise":[0.0,0.0,0.0],"RSSI":9.901376572059465e-9}
{"type":2,"rcvTime":18099.0,"pos":[2335.268576957425,5562.874161134364,1.895],"noise":[0.0,0.0,0.0],"spd":[12.458967407896248,-2.3997737272135675,0.0],"spd_noise":[0.0,0.0,0.0]}
{"type":2,"rcvTime":18099.1,"pos":[2336.521644520429,5562.632802559639,1.895],"noise":[0.0,0.0,0.0],"spd":[12.530684233459964,-2.413587404395024,0.0],"spd_noise":[0.0,0.0,0.0]}
{"type":2,"rcvTime":18099.2,"pos":[2337.7747722291398,5562.391432399997,1.895],"noise":[0.0,0.0,0.0],"spd":[12.531285690939882,-2.4137032536312477,0.0],"spd_noise":[0.0,0.0,0.0]}
{"type":2,"rcvTime":18099.3,"pos":[2339.0201697457507,5562.151551184929,1.895],"noise":[0.0,0.0,0.0],"spd":[12.453983716867839,-2.3988137976782397,0.0],"spd_noise":[0.0,0.0,0.0]}
{"type":2,"rcvTime":18099.399999999998,"pos":[2340.2712583349887,5561.910573788603,1.895],"noise":[0.0,0.0,0.0],"spd":[12.510894482211718,-2.409775617787128,0.0],"spd_noise":[0.0,0.0,0.0]}
{"type":2,"rcvTime":18099.5,"pos":[2341.520947604683,5561.669865921056,1.895],"noise":[0.0,0.0,0.0],"spd":[12.496901277170175,-2.407080328143781,0.0],"spd_noise":[0.0,0.0,0.0]}
{"type":2,"rcvTime":18099.6,"pos":[2342.766237997137,5561.430005339619,1.895],"noise":[0.0,0.0,0.0],"spd":[12.45291247456551,-2.3986074612260728,0.0],"spd_noise":[0.0,0.0,0.0]}
{"type":2,"rcvTime":18099.7,"pos":[2344.009982785671,5561.190442463406,1.895],"noise":[0.0,0.0,0.0],"spd":[12.437456424753007,-2.3956304069444278,0.0],"spd_noise":[0.0,0.0,0.0]}
{"type":2,"rcvTime":18099.8,"pos":[2345.2611883097476,5560.9494425437719,1.895],"noise":[0.0,0.0,0.0],"spd":[12.5120638313984,-2.4100008510158754,0.0],"spd_noise":[0.0,0.0,0.0]}
{"type":2,"rcvTime":18099.899999999998,"pos":[2346.50876242163,5560.709142085601,1.895],"noise":[0.0,0.0,0.0],"spd":[12.47574968453042,-2.403006231580181,0.0],"spd_noise":[0.0,0.0,0.0]}
{"type":3,"rcvTime":18099.908152063024,"sendTime":18099.908045271644,"sender":523,"messageID":259399,"pos":[2555.375902932101,5523.433207124908,1.895],"pos_noise":[0.0,0.0,0.0],"spd":[13.923138645435186,-2.7773253836435978,0.0],"spd_noise":[0.0,0.0,0.0],"RSSI":1.6878086853932606e-8}
{"type":2,"rcvTime":18100.0,"pos":[2347.7642761890326,5560.467312337234,1.895],"noise":[0.0,0.0,0.0],"spd":[12.555146294239968,-2.418299144048195,0.0],"spd_noise":[0.0,0.0,0.0]}
