{"type":2,"rcvTime":18098.1,"pos":[6179.160302044975,5827.0457091705279,1.895],"noise":[0.0,0.0,0.0],"spd":[-0.0,-0.0,0.0],"spd_noise":[0.0,0.0,0.0]}
{"type":2,"rcvTime":18098.2,"pos":[6179.136555609875,5827.043316859832,1.895],"noise":[0.0,0.0,0.0],"spd":[-0.23747869510646672,-0.02392455203779919,0.0],"spd_noise":[0.0,0.0,0.0]}
{"type":3,"rcvTime":18098.241153091123,"sendTime":18098.241038605105,"sender":37,"messageID":254184,"pos":[5813.613467601694,5269.90270375589,1.895],"pos_noise":[0.0,0.0,0.0],"spd":[-5.854853112093069,-11.83713143510019,0.0],"spd_noise":[0.0,0.0,0.0],"RSSI":2.5210013198526255e-9}
{"type":2,"rcvTime":18098.3,"pos":[6179.089180226163,5827.0385440744989,1.895],"noise":[0.0,0.0,0.0],"spd":[-0.4737824543750387,-0.04773073634761721,0.0],"spd_noise":[0.0,0.0,0.0]}
{"type":3,"rcvTime":18098.341683863324,"sendTime":18098.341577981737,"sender":529,"messageID":254727,"pos":[6101.154024100932,5741.403482497594,1.895],"pos_noise":[0.0,0.0,0.0],"spd":[0.08204684030797474,-1.6372950404039815,0.0],"spd_noise":[0.0,0.0,0.0],"RSSI":3.398187974462011e-9}
{"type":2,"rcvTime":18098.399999999998,"pos":[6179.019605692325,5827.031534858137,1.895],"noise":[0.0,0.0,0.0],"spd":[-0.6957873650978326,-0.07009639755710394,0.0],"spd_noise":[0.0,0.0,0.0]}
{"type":3,"rcvTime":18098.408445960755,"sendTime":18098.40832986045,"sender":241,"messageID":254929,"pos":[6156.043902934347,5738.517825409762,1.895],"pos_noise":[0.0,0.0,0.0],"spd":[14.192471413628362,0.7263811979587668,0.0],"spd_noise":[0.0,0.0,0.0],"RSSI":2.1101500191512303e-8}
{"type":2,"rcvTime":18098.5,"pos":[6178.928815540009,5827.0223882956529,1.895],"noise":[0.0,0.0,0.0],"spd":[-0.9079563652377286,-0.09147114985799979,0.0],"spd_noise":[0.0,0.0,0.0]}
{"type":2,"rcvTime":18098.6,"pos":[6178.815653598914,5827.010987909832,1.895],"noise":[0.0,0.0,0.0],"spd":[-1.1316877667830756,-0.11401074464713095,0.0],"spd_noise":[0.0,0.0,0.0]}
{"type":2,"rcvTime":18098.7,"pos":[6178.682404875288,5826.997563901328,1.895],"noise":[0.0,0.0,0.0],"spd":[-1.332567725573034,-0.13424819384366563,0.0],"spd_noise":[0.0,0.0,0.0]}
{"type":3,"rcvTime":18098.74629674443,"sendTime":18098.746182032766,"sender":589,"messageID":255917,"pos":[6114.053192860553,6063.3852512183489,1.895],"pos_noise":[0.0,0.0,0.0],"spd":[14.573183985897659,-6.093743375730943,0.0],"spd_noise":[0.0,0.0,0.0],"RSSI":8.528948229679389e-9}
{"type":3,"rcvTime":18098.784615350225,"sendTime":18098.784500502425,"sender":319,"messageID":256101,"pos":[5989.422490276821,5869.83413295514,1.895],"pos_noise":[0.0,0.0,0.0],"spd":[13.466785379115365,0.6918577485458106,0.0],"spd_noise":[0.0,0.0,0.0],"RSSI":5.2736449901714728e-8}
{"type":2,"rcvTime":18098.8,"pos":[6178.525474589556,5826.981754117694,1.895],"noise":[0.0,0.0,0.0],"spd":[-1.5693976515546946,-0.15810738628917374,0.0],"spd_noise":[0.0,0.0,0.0]}
{"type":2,"rcvTime":18098.899999999998,"pos":[6178.353694064721,5826.964448261674,1.895],"noise":[0.0,0.0,0.0],"spd":[-1.717909012925948,-0.17306901386464855,0.0],"spd_noise":[0.0,0.0,0.0]}
{"type":3,"rcvTime":18098.991285003616,"sendTime":18098.991177478292,"sender":331,"messageID":256643,"pos":[5869.68412063695,5712.375201008939,1.895],"pos_noise":[0.0,0.0,0.0],"spd":[4.384534010220803,0.4936433892083737,0.0],"spd_noise":[0.0,0.0,0.0],"RSSI":4.986643081133162e-9}
{"type":2,"rcvTime":18099.0,"pos":[6178.161654131094,5826.945101391912,1.895],"noise":[0.0,0.0,0.0],"spd":[-1.9205153386070922,-0.19348038415524486,0.0],"spd_noise":[0.0,0.0,0.0]}
{"type":2,"rcvTime":18099.1,"pos":[6177.956185632026,5826.924401674845,1.895],"noise":[0.0,0.0,0.0],"spd":[-2.0548091045821605,-0.20700967439758828,0.0],"spd_noise":[0.0,0.0,0.0]}
{"type":2,"rcvTime":18099.2,"pos":[6177.735395226528,5826.902158367742,1.895],"noise":[0.0,0.0,0.0],"spd":[-2.2080374241153057,-0.22244650717388907,0.0],"spd_noise":[0.0,0.0,0.0]}
{"type":3,"rcvTime":18099.24115138281,"sendTime":18099.241038605105,"sender":37,"messageID":257169,"pos":[6018.573028045142,5502.994456006246,1.895],"pos_noise":[0.0,0.0,0.0],"spd":[-5.822041352984667,-11.743323931701682,0.0],"spd_noise":[0.0,0.0,0.0],"RSSI":1.9264573496214554e-9}
{"type":2,"rcvTime":18099.3,"pos":[6177.493407003665,5826.87777950787,1.895],"noise":[0.0,0.0,0.0],"spd":[-2.42002840239049,-0.24380332484157556,0.0],"spd_noise":[0.0,0.0,0.0]}
{"type":3,"rcvTime":18099.34169515279,"sendTime":18099.341577981737,"sender":529,"messageID":257684,"pos":[6101.206668682154,5740.352927577806,1.895],"pos_noise":[0.0,0.0,0.0],"spd":[0.033797496816248249,-0.6744497863365342,0.0],"spd_noise":[0.0,0.0,0.0],"RSSI":6.750008531413146e-9}
{"type":2,"rcvTime":18099.399999999998,"pos":[6177.229675346429,5826.851210127596,1.895],"noise":[0.0,0.0,0.0],"spd":[-2.6374758803115858,-0.2657098520718385,0.0],"spd_noise":[0.0,0.0,0.0]}
{"type":3,"rcvTime":18099.408444286822,"sendTime":18099.40832986045,"sender":241,"messageID":257901,"pos":[6170.269561632278,5739.245905157511,1.895],"pos_noise":[0.0,0.0,0.0],"spd":[14.212280629541413,0.7273950482999927,0.0],"spd_noise":[0.0,0.0,0.0],"RSSI":5.455260807563341e-8}
{"type":2,"rcvTime":18099.5,"pos":[6176.951566401659,5826.823192321963,1.895],"noise":[0.0,0.0,0.0],"spd":[-2.7812574402900824,-0.2801949805684717,0.0],"spd_noise":[0.0,0.0,0.0]}
{"type":2,"rcvTime":18099.6,"pos":[6176.65912519064,5826.793730626598,1.895],"noise":[0.0,0.0,0.0],"spd":[-2.924588760235671,-0.29463475008610426,0.0],"spd_noise":[0.0,0.0,0.0]}
{"type":2,"rcvTime":18099.7,"pos":[6176.346439020989,5826.762229373258,1.895],"noise":[0.0,0.0,0.0],"spd":[-3.127050575582819,-0.3150315618280399,0.0],"spd_noise":[0.0,0.0,0.0]}
{"type":3,"rcvTime":18099.746294973396,"sendTime":18099.746182032766,"sender":589,"messageID":258872,"pos":[6129.086834353842,6058.266861194433,1.895],"pos_noise":[0.0,0.0,0.0],"spd":[14.974151978382772,-5.075920969802344,0.0],"spd_noise":[0.0,0.0,0.0],"RSSI":5.779501829342748e-9}
{"type":3,"rcvTime":18099.784613774234,"sendTime":18099.784500502425,"sender":319,"messageID":259062,"pos":[6173.059050117242,5724.132299641646,1.895],"pos_noise":[0.0,0.0,0.0],"spd":[13.543948530791973,0.6931893165172133,0.0],"spd_noise":[0.0,0.0,0.0],"RSSI":2.661990111940053e-9}
{"type":2,"rcvTime":18099.8,"pos":[6176.016351166569,5826.728975004707,1.895],"noise":[0.0,0.0,0.0],"spd":[-3.301077934823298,-0.33256377291926517,0.0],"spd_noise":[0.0,0.0,0.0]}
{"type":2,"rcvTime":18099.899999999998,"pos":[6175.6674372023949,5826.693824018683,1.895],"noise":[0.0,0.0,0.0],"spd":[-3.489350404337643,-0.35153109330216489,0.0],"spd_noise":[0.0,0.0,0.0]}
{"type":3,"rcvTime":18099.991291778766,"sendTime":18099.991177478292,"sender":331,"messageID":259631,"pos":[5875.286666375022,5713.021301041636,1.895],"pos_noise":[0.0,0.0,0.0],"spd":[6.5552003897229709,0.7559626255891242,0.0],"spd_noise":[0.0,0.0,0.0],"RSSI":1.4662777555592236e-9}
{"type":2,"rcvTime":18100.0,"pos":[6175.304519935892,5826.657262284065,1.895],"noise":[0.0,0.0,0.0],"spd":[-3.629391886349672,-0.3656394314094329,0.0],"spd_noise":[0.0,0.0,0.0]}
