{"type":2,"rcvTime":18097.8,"pos":[3645.3284633948785,5182.833286991054,1.895],"noise":[0.0,0.0,0.0],"spd":[-5.205658526004842,33.37135925419984,0.0],"spd_noise":[0.0,0.0,0.0]}
{"type":2,"rcvTime":18097.899999999998,"pos":[3644.8096754220475,5186.159025652479,1.895],"noise":[0.0,0.0,0.0],"spd":[-5.194112909116727,33.29734500085839,0.0],"spd_noise":[0.0,0.0,0.0]}
{"type":3,"rcvTime":18097.984149271062,"sendTime":18097.984042235417,"sender":133,"messageID":242806,"pos":[3598.694906425122,5210.980805984537,1.895],"pos_noise":[0.0,0.0,0.0],"spd":[12.221482161304638,1.6213337935427954,0.0],"spd_noise":[0.0,0.0,0.0],"RSSI":5.965826117089604e-8}
{"type":3,"rcvTime":18097.99148211549,"sendTime":18097.99137307131,"sender":505,"messageID":242887,"pos":[3629.130088141751,5374.3398222014479,1.895],"pos_noise":[0.0,0.0,0.0],"spd":[4.686430421441464,-37.82802490802823,0.0],"spd_noise":[0.0,0.0,0.0],"RSSI":6.721821127952792e-9}
{"type":2,"rcvTime":18098.0,"pos":[3644.2895540435099,5189.493312235486,1.895],"noise":[0.0,0.0,0.0],"spd":[-5.20746298690751,33.38292691902885,0.0],"spd_noise":[0.0,0.0,0.0]}
{"type":3,"rcvTime":18098.012146825367,"sendTime":18098.01203331626,"sender":493,"messageID":243030,"pos":[3812.5968250071666,5245.185221421639,1.895],"pos_noise":[0.0,0.0,0.0],"spd":[1.825721440305368e-14,4.2013700752946777e-14,0.0],"spd_noise":[0.0,0.0,0.0],"RSSI":1.3085014935682235e-8}
{"type":3,"rcvTime":18098.066846255846,"sendTime":18098.066733525833,"sender":415,"messageID":243299,"pos":[3502.297713127496,5198.819822395448,1.895],"pos_noise":[0.0,0.0,0.0],"spd":[14.325444413596149,2.4131501234747518,0.0],"spd_noise":[0.0,0.0,0.0],"RSSI":8.737170778712675e-9}
{"type":3,"rcvTime":18098.091078315374,"sendTime":18098.09096071692,"sender":511,"messageID":243443,"pos":[3596.3381506372099,5979.983778020184,1.895],"pos_noise":[0.0,0.0,0.0],"spd":[3.152431101378458,-37.44941736542662,0.0],"spd_noise":[0.0,0.0,0.0],"RSSI":2.2298798206891919e-9}
{"type":2,"rcvTime":18098.1,"pos":[3643.7704817051264,5192.820873848793,1.895],"noise":[0.0,0.0,0.0],"spd":[-5.196959981260585,33.31559642224162,0.0],"spd_noise":[0.0,0.0,0.0]}
{"type":2,"rcvTime":18098.2,"pos":[3643.2515053085187,5196.147820418401,1.895],"noise":[0.0,0.0,0.0],"spd":[-5.195999410772608,33.309438595583738,0.0],"spd_noise":[0.0,0.0,0.0]}
{"type":3,"rcvTime":18098.204090826177,"sendTime":18098.203983399642,"sender":403,"messageID":243987,"pos":[3470.08888459095,5184.929259857353,1.895],"pos_noise":[0.0,0.0,0.0],"spd":[13.337069843828097,1.8412238014466578,0.0],"spd_noise":[0.0,0.0,0.0],"RSSI":1.5225040763531382e-9}
{"type":3,"rcvTime":18098.249909881462,"sendTime":18098.24979627505,"sender":109,"messageID":244228,"pos":[3652.75082205292,5224.8344149723229,1.895],"pos_noise":[0.0,0.0,0.0],"spd":[13.775861496683462,1.8335926760633339,0.0],"spd_noise":[0.0,0.0,0.0],"RSSI":4.5011684004443826e-7}
{"type":2,"rcvTime":18098.3,"pos":[3642.732019754086,5199.47803099171,1.895],"noise":[0.0,0.0,0.0],"spd":[-5.20109710649584,33.34211784922644,0.0],"spd_noise":[0.0,0.0,0.0]}
{"type":2,"rcvTime":18098.399999999998,"pos":[3642.212020532282,5202.811534477588,1.895],"noise":[0.0,0.0,0.0],"spd":[-5.206239951868887,33.37508653890814,0.0],"spd_noise":[0.0,0.0,0.0]}
{"type":3,"rcvTime":18098.45694419543,"sendTime":18098.45683560637,"sender":529,"messageID":244477,"pos":[3597.6932722145299,5575.95370627973,1.895],"pos_noise":[0.0,0.0,0.0],"spd":[-2.978989779216712,36.365609265758269,0.0],"spd_noise":[0.0,0.0,0.0],"RSSI":8.187355688138699e-9}
{"type":2,"rcvTime":18098.5,"pos":[3641.6933625993149,5206.136439506345,1.895],"noise":[0.0,0.0,0.0],"spd":[-5.192810948067505,33.288998658176989,0.0],"spd_noise":[0.0,0.0,0.0]}
{"type":2,"rcvTime":18098.6,"pos":[3641.1748645126929,5209.4603198252029,1.895],"noise":[0.0,0.0,0.0],"spd":[-5.191210564073896,33.278739247403738,0.0],"spd_noise":[0.0,0.0,0.0]}
{"type":3,"rcvTime":18098.644103421717,"sendTime":18098.64399019652,"sender":115,"messageID":244907,"pos":[3735.9005527241436,5243.880967564112,1.895],"pos_noise":[0.0,0.0,0.0],"spd":[-14.18732934058179,-5.708761433617651,0.0],"spd_noise":[0.0,0.0,0.0],"RSSI":2.879719341681101e-8}
{"type":2,"rcvTime":18098.7,"pos":[3640.6552875073186,5212.791116653298,1.895],"noise":[0.0,0.0,0.0],"spd":[-5.202012714685988,33.34798744088268,0.0],"spd_noise":[0.0,0.0,0.0]}
{"type":2,"rcvTime":18098.8,"pos":[3640.137013054551,5216.113563346483,1.895],"noise":[0.0,0.0,0.0],"spd":[-5.188971538590077,33.264385765816999,0.0],"spd_noise":[0.0,0.0,0.0]}
{"type":2,"rcvTime":18098.899999999998,"pos":[3639.6172511581037,5219.4455454360399,1.895],"noise":[0.0,0.0,0.0],"spd":[-5.203863846866882,33.35985429629148,0.0],"spd_noise":[0.0,0.0,0.0]}
{"type":3,"rcvTime":18098.984153255693,"sendTime":18098.984042235417,"sender":133,"messageID":245898,"pos":[3610.8024689878386,5212.593692821091,1.895],"pos_noise":[0.0,0.0,0.0],"spd":[12.239129486959028,1.6304132841074777,0.0],"spd_noise":[0.0,0.0,0.0],"RSSI":2.3638850100074908e-7}
{"type":2,"rcvTime":18099.0,"pos":[3639.097738425659,5222.77593023653,1.895],"noise":[0.0,0.0,0.0],"spd":[-5.201369213160257,33.343862214364559,0.0],"spd_noise":[0.0,0.0,0.0]}
{"type":3,"rcvTime":18099.012144830398,"sendTime":18099.01203331626,"sender":493,"messageID":246116,"pos":[3812.5968250071666,5245.185221421639,1.895],"pos_noise":[0.0,0.0,0.0],"spd":[1.8381486246471999e-14,4.2299676473345887e-14,0.0],"spd_noise":[0.0,0.0,0.0],"RSSI":3.2495522192194549e-9}
{"type":3,"rcvTime":18099.066844365876,"sendTime":18099.066733525833,"sender":415,"messageID":246368,"pos":[3502.297713127496,5198.819822395448,1.895],"pos_noise":[0.0,0.0,0.0],"spd":[14.307603994668006,2.94734383789035,0.0],"spd_noise":[0.0,0.0,0.0],"RSSI":4.066604356468637e-9}
{"type":3,"rcvTime":18099.091075988003,"sendTime":18099.09096071692,"sender":511,"messageID":246508,"pos":[3596.3381506372099,5979.983778020184,1.895],"pos_noise":[0.0,0.0,0.0],"spd":[4.619223920700944,-37.303627955508158,0.0],"spd_noise":[0.0,0.0,0.0],"RSSI":2.103588199109128e-8}
{"type":2,"rcvTime":18099.1,"pos":[3638.5775690352477,5226.11052460413,1.895],"noise":[0.0,0.0,0.0],"spd":[-5.207943682500863,33.386008462946779,0.0],"spd_noise":[0.0,0.0,0.0]}
{"type":2,"rcvTime":18099.2,"pos":[3638.0573718046859,5229.445297443608,1.895],"noise":[0.0,0.0,0.0],"spd":[-5.208222418500514,33.387795326056409,0.0],"spd_noise":[0.0,0.0,0.0]}
{"type":3,"rcvTime":18099.249907591988,"sendTime":18099.24979627505,"sender":109,"messageID":247235,"pos":[3666.2321121066727,5228.570800551727,1.895],"pos_noise":[0.0,0.0,0.0],"spd":[13.284266639432131,3.8893428677582344,0.0],"spd_noise":[0.0,0.0,0.0],"RSSI":3.293380605063437e-8}
{"type":2,"rcvTime":18099.3,"pos":[3637.537816801976,5232.775953221572,1.895],"noise":[0.0,0.0,0.0],"spd":[-5.201792423681884,33.3465752448788,0.0],"spd_noise":[0.0,0.0,0.0]}
{"type":2,"rcvTime":18099.399999999998,"pos":[3637.0178748879454,5236.109089330627,1.895],"noise":[0.0,0.0,0.0],"spd":[-5.205666185588456,33.37140835668075,0.0],"spd_noise":[0.0,0.0,0.0]}
{"type":3,"rcvTime":18099.456942038072,"sendTime":18099.45683560637,"sender":529,"messageID":247505,"pos":[3594.7222967670588,5612.221481689579,1.895],"pos_noise":[0.0,0.0,0.0],"spd":[-2.971377500378254,36.272683415561157,0.0],"spd_noise":[0.0,0.0,0.0],"RSSI":4.4863915955282359e-9}
{"type":2,"rcvTime":18099.5,"pos":[3636.4982594233977,5239.440132704841,1.895],"noise":[0.0,0.0,0.0],"spd":[-5.202397768505362,33.35045586428664,0.0],"spd_noise":[0.0,0.0,0.0]}
{"type":3,"rcvTime":18099.531790309728,"sendTime":18099.53167866543,"sender":589,"messageID":247702,"pos":[3642.77649154245,5199.192940446727,1.895],"pos_noise":[0.0,0.0,0.0],"spd":[-5.21166211543466,33.40984582390246,0.0],"spd_noise":[0.0,0.0,0.0],"RSSI":5.1535673853353988e-9}
{"type":2,"rcvTime":18099.6,"pos":[3635.978457440618,5242.772371771565,1.895],"noise":[0.0,0.0,0.0],"spd":[-5.204265191818417,33.362427155516808,0.0],"spd_noise":[0.0,0.0,0.0]}
{"type":3,"rcvTime":18099.644104758187,"sendTime":18099.64399019652,