{"type":2,"rcvTime":18059.1,"pos":[3575.859708871421,5195.191182084113,1.895],"noise":[0.0,0.0,0.0],"spd":[-0.0,-0.0,0.0],"spd_noise":[0.0,0.0,0.0]}
{"type":2,"rcvTime":18059.2,"pos":[3575.843452694099,5195.171141681906,1.895],"noise":[0.0,0.0,0.0],"spd":[-0.16255246672408817,-0.20039254914187105,0.0],"spd_noise":[0.0,0.0,0.0]}
{"type":2,"rcvTime":18059.3,"pos":[3575.8123376912506,5195.13278351446,1.895],"noise":[0.0,0.0,0.0],"spd":[-0.3111322154729878,-0.38355971481239095,0.0],"spd_noise":[0.0,0.0,0.0]}
{"type":2,"rcvTime":18059.4,"pos":[3575.767060508337,5195.076966397163,1.895],"noise":[0.0,0.0,0.0],"spd":[-0.4527459084154883,-0.5581392182437905,0.0],"spd_noise":[0.0,0.0,0.0]}
{"type":2,"rcvTime":18059.5,"pos":[3575.7071567041859,5195.00311777303,1.895],"noise":[0.0,0.0,0.0],"spd":[-0.5990037472056992,-0.7384439637680086,0.0],"spd_noise":[0.0,0.0,0.0]}
{"type":2,"rcvTime":18059.6,"pos":[3575.6332045958158,5194.911950583694,1.895],"noise":[0.0,0.0,0.0],"spd":[-0.7394787468866386,-0.9116197010801679,0.0],"spd_noise":[0.0,0.0,0.0]}
{"type":3,"rcvTime":18059.620071765097,"sendTime":18059.619955711998,"sender":151,"messageID":185551,"pos":[3822.42581302402,5267.159121027574,1.895],"pos_noise":[0.0,0.0,0.0],"spd":[0.0,-0.0,0.0],"spd_noise":[0.0,0.0,0.0],"RSSI":1.0842087930463891e-8}
{"type":3,"rcvTime":18059.657909051944,"sendTime":18059.657803736718,"sender":463,"messageID":185687,"pos":[3531.321363031855,5206.178391433725,1.895],"pos_noise":[0.0,0.0,0.0],"spd":[13.591251780332332,1.6745668382634298,0.0],"spd_noise":[0.0,0.0,0.0],"RSSI":7.637804272536256e-8}
{"type":2,"rcvTime":18059.7,"pos":[3575.545985454824,5194.804427970537,1.895],"noise":[0.0,0.0,0.0],"spd":[-0.8721414778614736,-1.0751645759869133,0.0],"spd_noise":[0.0,0.0,0.0]}
{"type":3,"rcvTime":18059.74544169577,"sendTime":18059.7453344306,"sender":163,"messageID":185963,"pos":[3182.9695001218935,5248.738499548382,1.895],"pos_noise":[0.0,0.0,0.0],"spd":[-0.0,0.0,0.0],"spd_noise":[0.0,0.0,0.0],"RSSI":5.567214715661422e-9}
{"type":2,"rcvTime":18059.8,"pos":[3575.4447681951517,5194.6796486602529,1.895],"noise":[0.0,0.0,0.0],"spd":[-1.0121146508928869,-1.2477216679863608,0.0],"spd_noise":[0.0,0.0,0.0]}
{"type":2,"rcvTime":18059.9,"pos":[3575.3271890332068,5194.534698611429,1.895],"noise":[0.0,0.0,0.0],"spd":[-1.1757243065943977,-1.4494175058342467,0.0],"spd_noise":[0.0,0.0,0.0]}
{"type":3,"rcvTime":18059.91698000899,"sendTime":18059.91686133435,"sender":49,"messageID":186405,"pos":[4011.76159974862,5251.788085298978,1.895],"pos_noise":[0.0,0.0,0.0],"spd":[-4.528892260695775,-0.7837164267060263,0.0],"spd_noise":[0.0,0.0,0.0],"RSSI":1.4048848334002199e-9}
{"type":2,"rcvTime":18060.0,"pos":[3575.19507835276,5194.371834297173,1.895],"noise":[0.0,0.0,0.0],"spd":[-1.3210311724736637,-1.6285499044266905,0.0],"spd_noise":[0.0,0.0,0.0]}
{"type":3,"rcvTime":18060.03255702444,"sendTime":18060.032450979015,"sender":505,"messageID":186632,"pos":[3636.894366714544,5194.0860308389769,1.895],"pos_noise":[0.0,0.0,0.0],"spd":[-4.901783505029224,31.425786459217556,0.0],"spd_noise":[0.0,0.0,0.0],"RSSI":5.7928843314398087e-8}
{"type":3,"rcvTime":18060.04897002584,"sendTime":18060.04885488488,"sender":445,"messageID":186909,"pos":[3624.984142824912,5217.811219043322,1.895],"pos_noise":[0.0,0.0,0.0],"spd":[13.935607151547009,1.8580809535392218,0.0],"spd_noise":[0.0,0.0,0.0],"RSSI":1.3249211286955016e-8}
{"type":2,"rcvTime":18060.1,"pos":[3575.047551620681,5194.189965276643,1.895],"noise":[0.0,0.0,0.0],"spd":[-1.4751828632641964,-1.818586087171767,0.0],"spd_noise":[0.0,0.0,0.0]}
{"type":3,"rcvTime":18060.15345370132,"sendTime":18060.153338484,"sender":133,"messageID":187359,"pos":[3184.7526174582555,5251.583313552316,1.895],"pos_noise":[0.0,0.0,0.0],"spd":[-0.9059885443475254,0.3621765799264067,0.0],"spd_noise":[0.0,0.0,0.0],"RSSI":5.515821497593972e-9}
{"type":2,"rcvTime":18060.2,"pos":[3574.8907094157659,5193.9966122633709,1.895],"noise":[0.0,0.0,0.0],"spd":[-1.5683322586156743,-1.9334194401297425,0.0],"spd_noise":[0.0,0.0,0.0]}
{"type":2,"rcvTime":18060.3,"pos":[3574.724494557801,5193.791704766339,1.895],"noise":[0.0,0.0,0.0],"spd":[-1.6620534233632234,-2.048957662900217,0.0],"spd_noise":[0.0,0.0,0.0]}
{"type":2,"rcvTime":18060.4,"pos":[3574.5466407033929,5193.572448867134,1.895],"noise":[0.0,0.0,0.0],"spd":[-1.7784367245956896,-2.1924334703211159,0.0],"spd_noise":[0.0,0.0,0.0]}
{"type":2,"rcvTime":18060.5,"pos":[3574.354893263256,5193.336065137654,1.895],"noise":[0.0,0.0,0.0],"spd":[-1.9173646279410504,-2.363701967559796,0.0],"spd_noise":[0.0,0.0,0.0]}
{"type":2,"rcvTime":18060.6,"pos":[3574.1527416483106,5193.0868552779179,1.895],"noise":[0.0,0.0,0.0],"spd":[-2.02140041975605,-2.4919559273059268,0.0],"spd_noise":[0.0,0.0,0.0]}
{"type":3,"rcvTime":18060.620068385353,"sendTime":18060.619955711998,"sender":151,"messageID":188537,"pos":[3822.42581302402,5267.159121027574,1.895],"pos_noise":[0.0,0.0,0.0],"spd":[0.0,-0.0,0.0],"spd_noise":[0.0,0.0,0.0],"RSSI":1.4801313694713262e-9}
{"type":3,"rcvTime":18060.657918577086,"sendTime":18060.657803736718,"sender":463,"messageID":188669,"pos":[3544.89579079578,5207.850938973886,1.895],"pos_noise":[0.0,0.0,0.0],"spd":[13.54899173104816,1.6694216550183834,0.0],"spd_noise":[0.0,0.0,0.0],"RSSI":1.1427461186169083e-7}
{"type":2,"rcvTime":18060.7,"pos":[3573.9397862261196,5192.824326626298,1.895],"noise":[0.0,0.0,0.0],"spd":[-2.129432307136583,-2.625136221257354,0.0],"spd_noise":[0.0,0.0,0.0]}
{"type":3,"rcvTime":18060.74544171624,"sendTime":18060.7453344306,"sender":163,"messageID":188946,"pos":[3182.3439104082747,5248.988533793309,1.895],"pos_noise":[0.0,0.0,0.0],"spd":[-1.5330305307147197,0.6127180847981265,0.0],"spd_noise":[0.0,0.0,0.0],"RSSI":2.5042385317756177e-9}
{"type":2,"rcvTime":18060.8,"pos":[3573.714145087516,5192.546159189857,1.895],"noise":[0.0,0.0,0.0],"spd":[-2.2562822088212024,-2.7815151164482208,0.0],"spd_noise":[0.0,0.0,0.0]}
{"type":2,"rcvTime":18060.9,"pos":[3573.473540561602,5192.249545085779,1.895],"noise":[0.0,0.0,0.0],"spd":[-2.4059075155419178,-2.9659712322746576,0.0],"spd_noise":[0.0,0.0,0.0]}
{"type":3,"rcvTime":18060.91697659992,"sendTime":18060.91686133435,"sender":49,"messageID":189388,"pos":[4008.370120609547,5251.324881041512,1.895],"pos_noise":[0.0,0.0,0.0],"spd":[-2.545770376706564,-0.4002468003007589,0.0],"spd_noise":[0.0,0.0,0.0],"RSSI":3.684884015265363e-9}
{"type":2,"rcvTime":18061.0,"pos":[3573.2226891531356,5191.940298759276,1.895],"noise":[0.0,0.0,0.0],"spd":[-2.5083704748355934,-3.0922862247152809,0.0],"spd_noise":[0.0,0.0,0.0]}
{"type":3,"rcvTime":18061.032563572448,"sendTime":18061.032450979015,"sender":505,"messageID":189611,"pos":[3636.894366714544,5194.0860308389769,1.895],"pos_noise":[0.0,0.0,0.0],"spd":[-5.217122769108265,33.44745558534547,0.0],"spd_noise":[0.0,0.0,0.0],"RSSI":3.299149376290741e-8}
{"type":3,"rcvTime":18061.04896365956,"sendTime":18061.04885488488,"sender":445,"messageID":189888,"pos":[3638.9714973471575,5219.676199646288,1.895],"pos_noise":[0.0,0.0,0.0],"spd":[13.996943559244432,1.8662591412322099,0.0],"spd_noise":[0.0,0.0,0.0],"RSSI":6.8539481222428768e-9}
{"type":2,"rcvTime":18061.1,"pos":[3572.962138373832,5191.61909517561,1.895],"noise":[0.0,0.0,0.0],"spd":[-2.605358630408424,-3.2118519509303518,0.0],"spd_noise":[0.0,0.0,0.0]}
{"type":2,"rcvTime":18061.2,"pos":[3572.6864774230218,5191.279263970677,1.895],"noise":[0.0,0.0,0.0],"spd":[-2.7564516950671025,-3.3981174994919285,0.0],"spd_noise":[0.0,0.0,0.0]}
{"type":2,"rcvTime":18061.3,"pos":[3572.3979871159774,5190.923616903631,1.895],"noise":[0.0,0.0,0.0],"spd":[-2.884737912735903,-3.5562670661923079,0.0],"spd_noise":[0.0,0.0,0.0]}
{"type":2,"rcvTime":18061.4,"pos":[3572.096866095602,5190.55239885884,1.895],"noise":[0.0,0.0,0.0],"spd":[-3.0110378150918835,-3.7119679294254674,0.0],"spd_noise":[0.0,0.0,0.0]}
{"type":2,"rcvTime":18061.5,"pos":[3571.786831326794,5190.170192061884,1.895],"noise":[0.0,0.0,0.0],"spd":[-3.1001701963841907,-3.821849160132481,0.0],