{"type":2,"rcvTime":25272.7,"pos":[3566.2204193397349,5180.302884298478,1.895],"noise":[0.0,0.0,0.0],"spd":[0.3012927280509321,3.926524584922815,0.0],"spd_noise":[0.0,0.0,0.0]}
{"type":3,"rcvTime":25272.706473180715,"sendTime":25272.70636676787,"sender":2377,"messageID":4697995,"pos":[4009.8004098021367,5542.7486132143999,1.895],"pos_noise":[0.0,0.0,0.0],"spd":[14.10535924054929,1.9954299231978099,0.0],"spd_noise":[0.0,0.0,0.0],"RSSI":3.5992464265730206e-9}
{"type":2,"rcvTime":25272.8,"pos":[3566.2471067771396,5180.650681869815,1.895],"noise":[0.0,0.0,0.0],"spd":[0.2668642321496577,3.4778435415635307,0.0],"spd_noise":[0.0,0.0,0.0]}
{"type":3,"rcvTime":25272.81960650348,"sendTime":25272.819498530123,"sender":1693,"messageID":4704845,"pos":[3948.69952651302,5260.042832103142,1.895],"pos_noise":[0.0,0.0,0.0],"spd":[4.505891394064168e-14,6.368681414651581e-15,0.0],"spd_noise":[0.0,0.0,0.0],"RSSI":5.83455553127255e-9}
{"type":3,"rcvTime":25272.823370528673,"sendTime":25272.823257281445,"sender":2185,"messageID":4705131,"pos":[3756.217854297842,5259.480866332585,1.895],"pos_noise":[0.0,0.0,0.0],"spd":[12.905452264425158,5.5506883674398,0.0],"spd_noise":[0.0,0.0,0.0],"RSSI":6.5258433254668728e-9}
{"type":2,"rcvTime":25272.899999999998,"pos":[3566.270351234112,5180.953609631652,1.895],"noise":[0.0,0.0,0.0],"spd":[0.2324357362482876,3.0291624982042539,0.0],"spd_noise":[0.0,0.0,0.0]}
{"type":3,"rcvTime":25272.973605933785,"sendTime":25272.973487392068,"sender":967,"messageID":4711807,"pos":[3818.4486345386228,5261.890118808212,1.895],"pos_noise":[0.0,0.0,0.0],"spd":[0.0,-0.0,0.0],"spd_noise":[0.0,0.0,0.0],"RSSI":7.62126163269099e-9}
{"type":2,"rcvTime":25273.0,"pos":[3566.2901527106525,5181.211667583987,1.895],"noise":[0.0,0.0,0.0],"spd":[0.19800724034700085,2.58048145484497,0.0],"spd_noise":[0.0,0.0,0.0]}
{"type":3,"rcvTime":25273.047354166632,"sendTime":25273.047237007413,"sender":2323,"messageID":4716189,"pos":[3592.056695180925,5646.561770454178,1.895],"pos_noise":[0.0,0.0,0.0],"spd":[-1.6582068693017283,31.680464067822386,0.0],"spd_noise":[0.0,0.0,0.0],"RSSI":1.4995434213921654e-9}
{"type":3,"rcvTime":25273.07350416714,"sendTime":25273.073388325192,"sender":2353,"messageID":4718124,"pos":[3589.5476070890279,5635.02867021953,1.895],"pos_noise":[0.0,0.0,0.0],"spd":[-2.6890816099707437,32.82617641000543,0.0],"spd_noise":[0.0,0.0,0.0],"RSSI":4.284931646316028e-9}
{"type":2,"rcvTime":25273.1,"pos":[3566.306511206761,5181.424855726821,1.895],"noise":[0.0,0.0,0.0],"spd":[0.16357874444564306,2.1318004114856925,0.0],"spd_noise":[0.0,0.0,0.0]}
{"type":3,"rcvTime":25273.106492603987,"sendTime":25273.10637714281,"sender":2473,"messageID":4719538,"pos":[3407.4760694674498,5411.544534077517,1.895],"pos_noise":[0.0,0.0,0.0],"spd":[12.912192978733378,2.531936361053148,0.0],"spd_noise":[0.0,0.0,0.0],"RSSI":3.7211184079813219e-9}
{"type":3,"rcvTime":25273.120983206773,"sendTime":25273.12086576661,"sender":2113,"messageID":4720747,"pos":[3921.0394559120579,5414.721952495836,1.895],"pos_noise":[0.0,0.0,0.0],"spd":[9.606358898472037,1.250597414202923,0.0],"spd_noise":[0.0,0.0,0.0],"RSSI":1.4806967059317694e-9}
{"type":3,"rcvTime":25273.125430265027,"sendTime":25273.125319232462,"sender":1105,"messageID":4721033,"pos":[3961.6845568385035,5251.775841885688,1.895],"pos_noise":[0.0,0.0,0.0],"spd":[-0.0,-0.0,0.0],"spd_noise":[0.0,0.0,0.0],"RSSI":1.412057616313317e-9}
{"type":3,"rcvTime":25273.133132774066,"sendTime":25273.133022095404,"sender":2233,"messageID":4721314,"pos":[3627.8613340463546,5384.580977453269,1.895],"pos_noise":[0.0,0.0,0.0],"spd":[4.3434258321709049,-35.05935345029985,0.0],"spd_noise":[0.0,0.0,0.0],"RSSI":6.971554732410318e-9}
{"type":3,"rcvTime":25273.18670548114,"sendTime":25273.18659554995,"sender":1585,"messageID":4725682,"pos":[3523.052874199584,5191.8549087125879,1.895],"pos_noise":[0.0,0.0,0.0],"spd":[-14.44263953418031,-1.7934602752237088,0.0],"spd_noise":[0.0,0.0,0.0],"RSSI":3.812648843167831e-9}
{"type":2,"rcvTime":25273.2,"pos":[3566.3194267224378,5181.593174060154,1.895],"noise":[0.0,0.0,0.0],"spd":[0.1291502485443208,1.6831193681264117,0.0],"spd_noise":[0.0,0.0,0.0]}
{"type":3,"rcvTime":25273.24545225689,"sendTime":25273.245341136448,"sender":2467,"messageID":4728330,"pos":[3463.99816418484,5017.605397275747,1.895],"pos_noise":[0.0,0.0,0.0],"spd":[-5.483385565027214,35.154490944622789,0.0],"spd_noise":[0.0,0.0,0.0],"RSSI":1.0061426960032612e-8}
{"type":3,"rcvTime":25273.26124137631,"sendTime":25273.26113304235,"sender":2023,"messageID":4729702,"pos":[3542.141894751053,5194.212051913723,1.895],"pos_noise":[0.0,0.0,0.0],"spd":[-13.387313780621258,-1.6473419501107448,0.0],"spd_noise":[0.0,0.0,0.0],"RSSI":2.3742752818001728e-7}
{"type":3,"rcvTime":25273.263032073442,"sendTime":25273.262925399235,"sender":901,"messageID":4729990,"pos":[3967.560522323375,5249.196188538876,1.895],"pos_noise":[0.0,0.0,0.0],"spd":[-0.0,-0.0,0.0],"spd_noise":[0.0,0.0,0.0],"RSSI":1.4200337090915062e-9}
{"type":3,"rcvTime":25273.269007220668,"sendTime":25273.26889202604,"sender":859,"messageID":4730275,"pos":[3942.8472695469556,5484.080539718254,1.895],"pos_noise":[0.0,0.0,0.0],"spd":[-12.828883241444517,-2.680410558988506,0.0],"spd_noise":[0.0,0.0,0.0],"RSSI":1.4467986000645098e-9}
{"type":3,"rcvTime":25273.295709882597,"sendTime":25273.295594097817,"sender":1057,"messageID":4731873,"pos":[3180.321930271714,5261.197429687446,1.895],"pos_noise":[0.0,0.0,0.0],"spd":[4.488035472565571,-2.7695105181585939,0.0],"spd_noise":[0.0,0.0,0.0],"RSSI":2.2164037640148889e-9}
{"type":2,"rcvTime":25273.3,"pos":[3566.3288992576819,5181.716622583984,1.895],"noise":[0.0,0.0,0.0],"spd":[0.09472175264301554,1.2344383247671296,0.0],"spd_noise":[0.0,0.0,0.0]}
{"type":3,"rcvTime":25273.305939090085,"sendTime":25273.305831456928,"sender":2155,"messageID":4732447,"pos":[3651.1975806415455,5222.414471941479,1.895],"pos_noise":[0.0,0.0,0.0],"spd":[5.410466613577527,-34.36956202063271,0.0],"spd_noise":[0.0,0.0,0.0],"RSSI":9.902534647184179e-9}
{"type":3,"rcvTime":25273.36332432593,"sendTime":25273.36321720816,"sender":2335,"messageID":4735289,"pos":[3585.3429565921026,5649.350912814158,1.895],"pos_noise":[0.0,0.0,0.0],"spd":[-1.3514045849624832,32.30127840933782,0.0],"spd_noise":[0.0,0.0,0.0],"RSSI":1.723316612485203e-9}
{"type":3,"rcvTime":25273.39133221231,"sendTime":25273.39121710416,"sender":1093,"messageID":4737748,"pos":[3970.9315433758795,5246.303166144659,1.895],"pos_noise":[0.0,0.0,0.0],"spd":[-0.0,-0.0,0.0],"spd_noise":[0.0,0.0,0.0],"RSSI":2.4463458922942369e-9}
