{"type":2,"rcvTime":25299.5,"pos":[6324.823425532998,5732.774185496505,1.895],"noise":[0.0,0.0,0.0],"spd":[-14.887036364524042,-0.9442911405554726,0.0],"spd_noise":[0.0,0.0,0.0]}
{"type":3,"rcvTime":25299.552467323876,"sendTime":25299.5523577678,"sender":2125,"messageID":6249820,"pos":[5621.534199268303,5684.608447035732,1.895],"pos_noise":[0.0,0.0,0.0],"spd":[15.907745244152201,2.040765322990141,0.0],"spd_noise":[0.0,0.0,0.0],"RSSI":1.3047059692696359e-9}
{"type":3,"rcvTime":25299.55680332507,"sendTime":25299.556694281007,"sender":1375,"messageID":6250433,"pos":[6052.871330142925,5725.134612089302,1.895],"pos_noise":[0.0,0.0,0.0],"spd":[6.04339306041704,0.5228075268084886,0.0],"spd_noise":[0.0,0.0,0.0],"RSSI":2.8678194697226738e-9}
{"type":2,"rcvTime":25299.6,"pos":[6323.336715001785,5732.678832603002,1.895],"noise":[0.0,0.0,0.0],"spd":[-14.868713305112449,-0.9464212022874526,0.0],"spd_noise":[0.0,0.0,0.0]}
{"type":3,"rcvTime":25299.61339932064,"sendTime":25299.613285117364,"sender":1675,"messageID":6252955,"pos":[6111.312053933853,5722.93517984071,1.895],"pos_noise":[0.0,0.0,0.0],"spd":[-0.0,-0.0,0.0],"spd_noise":[0.0,0.0,0.0],"RSSI":1.4092633480015793e-8}
{"type":3,"rcvTime":25299.619751180595,"sendTime":25299.619645042065,"sender":2959,"messageID":6253778,"pos":[6321.5517292574609,5916.768236256519,1.895],"pos_noise":[0.0,0.0,0.0],"spd":[-3.7377745044685497,15.303666096520632,0.0],"spd_noise":[0.0,0.0,0.0],"RSSI":2.3503440765111558e-9}
{"type":3,"rcvTime":25299.645902405664,"sendTime":25299.645793783573,"sender":1303,"messageID":6256514,"pos":[5878.524830065279,5774.460141751868,1.895],"pos_noise":[0.0,0.0,0.0],"spd":[6.52260775774254,0.5059202171070365,0.0],"spd_noise":[0.0,0.0,0.0],"RSSI":3.0409422252479016e-9}
{"type":3,"rcvTime":25299.655984482233,"sendTime":25299.655867092915,"sender":1423,"messageID":6256907,"pos":[6067.98258303254,5726.441870556726,1.895],"pos_noise":[0.0,0.0,0.0],"spd":[5.100417205713652,0.44123168530486497,0.0],"spd_noise":[0.0,0.0,0.0],"RSSI":4.696247466241503e-9}
{"type":3,"rcvTime":25299.67352848463,"sendTime":25299.673414370744,"sender":1237,"messageID":6259457,"pos":[6118.49045109458,5720.038173734048,1.895],"pos_noise":[0.0,0.0,0.0],"spd":[-4.5288076825986098e-14,-2.6103368288035789e-15,0.0],"spd_noise":[0.0,0.0,0.0],"RSSI":3.1381059713811449e-9}
{"type":3,"rcvTime":25299.684208743358,"sendTime":25299.68410001919,"sender":2491,"messageID":6260276,"pos":[6099.604856257322,5772.318077350618,1.895],"pos_noise":[0.0,0.0,0.0],"spd":[0.1524977452313927,-3.0431860751969768,0.0],"spd_noise":[0.0,0.0,0.0],"RSSI":1.7237265938231576e-8}
{"type":2,"rcvTime":25299.7,"pos":[6321.845394038868,5732.583184011045,1.895],"noise":[0.0,0.0,0.0],"spd":[-14.914612228825688,-0.9526555530127585,0.0],"spd_noise":[0.0,0.0,0.0]}
{"type":3,"rcvTime":25299.70244180964,"sendTime":25299.70232501943,"sender":2251,"messageID":6261309,"pos":[5970.763835611329,5677.103844465339,1.895],"pos_noise":[0.0,0.0,0.0],"spd":[-0.744108211018681,-0.038124357887126158,0.0],"spd_noise":[0.0,0.0,0.0],"RSSI":2.7779610192934615e-9}
{"type":3,"rcvTime":25299.723742820886,"sendTime":25299.72362872437,"sender":1735,"messageID":6263308,"pos":[6303.2828704004209,5601.026344128745,1.895],"pos_noise":[0.0,0.0,0.0],"spd":[11.739112362397071,0.6008164647478106,0.0],"spd_noise":[0.0,0.0,0.0],"RSSI":3.9758562522114429e-9}
{"type":3,"rcvTime":25299.745446824854,"sendTime":25299.745334430598,"sender":163,"messageID":6264698,"pos":[6156.957971898211,5731.958354148151,1.895],"pos_noise":[0.0,0.0,0.0],"spd":[11.88691332969637,0.6091374449426846,0.0],"spd_noise":[0.0,0.0,0.0],"RSSI":3.476174772637962e-9}
{"type":3,"rcvTime":25299.759852567913,"sendTime":25299.759745709365,"sender":1339,"messageID":6266094,"pos":[6067.980486891253,5729.754951897557,1.895],"pos_noise":[0.0,0.0,0.0],"spd":[10.273881079515349,0.8890680342219134,0.0],"spd_noise":[0.0,0.0,0.0],"RSSI":3.411761726057862e-9}
{"type":3,"rcvTime":25299.7756158033,"sendTime":25299.775506751845,"sender":2545,"messageID":6266979,"pos":[6225.580061902626,5560.84095028483,1.895],"pos_noise":[0.0,0.0,0.0],"spd":[0.1294991932123313,-6.060758706599898,0.0],"spd_noise":[0.0,0.0,0.0],"RSSI":5.398792466648686e-9}
{"type":3,"rcvTime":25299.79048191695,"sendTime":25299.790373521857,"sender":301,"messageID":6267721,"pos":[6141.568897380407,5731.169750641774,1.895],"pos_noise":[0.0,0.0,0.0],"spd":[11.090766572929115,0.5683394019381095,0.0],"spd_noise":[0.0,0.0,0.0],"RSSI":1.123071720655323e-8}
{"type":2,"rcvTime":25299.8,"pos":[6320.357870545485,5732.487778976729,1.895],"noise":[0.0,0.0,0.0],"spd":[-14.876423926888354,-0.953512309962957,0.0],"spd_noise":[0.0,0.0,0.0]}
{"type":3,"rcvTime":25299.817237238552,"sendTime":25299.817121398217,"sender":2287,"messageID":6270143,"pos":[6245.656615320651,5988.756573904042,1.895],"pos_noise":[0.0,0.0,0.0],"spd":[0.022286136474208058,-0.44473352760472475,0.0],"spd_noise":[0.0,0.0,0.0],"RSSI":1.8424786924516428e-8}
{"type":3,"rcvTime":25299.820611492367,"sendTime":25299.82049329663,"sender":2851,"messageID":6271160,"pos":[5942.883277157765,5809.959059261042,1.895],"pos_noise":[0.0,0.0,0.0],"spd":[-6.681745557535354,-0.6731457288115538,0.0],"spd_noise":[0.0,0.0,0.0],"RSSI":5.651441270429968e-9}
{"type":3,"rcvTime":25299.85008451759,"sendTime":25299.849969892064,"sender":799,"messageID":6272611,"pos":[5764.909676107436,5822.2044697003479,1.895],"pos_noise":[0.0,0.0,0.0],"spd":[12.926720929295359,-0.9492993868021676,0.0],"spd_noise":[0.0,0.0,0.0],"RSSI":1.4578694367393329e-9}
{"type":3,"rcvTime":25299.855473531694,"sendTime":25299.85535641713,"sender":739,"messageID":6273521,"pos":[5925.054165821612,5907.67658371703,1.895],"pos_noise":[0.0,0.0,0.0],"spd":[11.138187210962999,0.6487767338130125,0.0],"spd_noise":[0.0,0.0,0.0],"RSSI":5.817317145298896e-9}
{"type":3,"rcvTime":25299.85759953335,"sendTime":25299.85748449806,"sender":727,"messageID":6273948,"pos":[6117.544670964995,5729.90529670916,1.895],"pos_noise":[0.0,0.0,0.0],"spd":[6.04640170797282,0.3479214390621215,0.0],"spd_noise":[0.0,0.0,0.0],"RSSI":1.7105598994269319e-8}
{"type":3,"rcvTime":25299.86033685862,"sendTime":25299.86022746628,"sender":2503,"messageID":6274375,"pos":[6098.391541899209,5796.530509828572,1.895],"pos_noise":[0.0,0.0,0.0],"spd":[0.26127750109775507,-5.213952848279119,0.0],"spd_noise":[0.0,0.0,0.0],"RSSI":9.225874941904784e-9}
{"type":2,"rcvTime":25299.899999999998,"pos":[6318.874305931267,5732.392627852354,1.895],"noise":[0.0,0.0,0.0],"spd":[-14.836792850528556,-0.9515847899854352,0.0],"spd_noise":[0.0,0.0,0.0]}
{"type":3,"rcvTime":25299.9063898856,"sendTime":25299.906282459993,"sender":2449,"messageID":6275483,"pos":[6099.098068063322,5782.431346715485,1.895],"pos_noise":[0.0,0.0,0.0],"spd":[0.2046403730299774,-4.0837242064457259,0.0],"spd_noise":[0.0,0.0,0.0],"RSSI":1.5883374227130617e-9}
{"type":3,"rcvTime":25299.936660980344,"sendTime":25299.936547644807,"sender":1987,"messageID":6277402,"pos":[6100.864455567172,5747.18200026137,1.895],"pos_noise":[0.0,0.0,0.0],"spd":[2.3879138854042676e-15,-4.7652286752435138e-14,0.0],"spd_noise":[0.0,0.0,0.0],"RSSI":2.1209958657045608e-8}
{"type":2,"rcvTime":25300.0,"pos":[6317.393341121782,5732.2976434712,1.895],"noise":[0.0,0.0,0.0],"spd":[-14.810792793702904,-0.9499172288847546,0.0],"spd_noise":[0.0,0.0,0.0]}
