{"type":2,"rcvTime":25289.1,"pos":[2330.888023699509,5550.273830189783,1.895],"noise":[0.0,0.0,0.0],"spd":[-0.0,0.0,0.0],"spd_noise":[0.0,0.0,0.0]}
{"type":3,"rcvTime":25289.133566550878,"sendTime":25289.133453995688,"sender":2143,"messageID":5601635,"pos":[2743.5948766953567,5476.105587331986,1.895],"pos_noise":[0.0,0.0,0.0],"spd":[0.0,-0.0,0.0],"spd_noise":[0.0,0.0,0.0],"RSSI":2.7207373696495865e-9}
{"type":2,"rcvTime":25289.2,"pos":[2330.8589412519966,5550.279432115723,1.895],"noise":[0.0,0.0,0.0],"spd":[-0.29053328475853015,0.05596316965901426,0.0],"spd_noise":[0.0,0.0,0.0]}
{"type":3,"rcvTime":25289.29348664844,"sendTime":25289.293376277667,"sender":1039,"messageID":5611271,"pos":[2755.6345700368858,5466.2517717687619,1.895],"pos_noise":[0.0,0.0,0.0],"spd":[-0.0,0.0,0.0],"spd_noise":[0.0,0.0,0.0],"RSSI":1.932075385734904e-9}
{"type":2,"rcvTime":25289.3,"pos":[2330.8011965428088,5550.290555030469,1.895],"noise":[0.0,0.0,0.0],"spd":[-0.5768689182865058,0.11111777837058483,0.0],"spd_noise":[0.0,0.0,0.0]}
{"type":2,"rcvTime":25289.399999999998,"pos":[2330.71632937601,5550.306902333526,1.895],"noise":[0.0,0.0,0.0],"spd":[-0.8478219285899583,0.1633093518690872,0.0],"spd_noise":[0.0,0.0,0.0]}
{"type":3,"rcvTime":25289.411468659502,"sendTime":25289.411354407668,"sender":337,"messageID":5619280,"pos":[2754.8523725690367,5463.0423461191,1.895],"pos_noise":[0.0,0.0,0.0],"spd":[-0.0,0.0,0.0],"spd_noise":[0.0,0.0,0.0],"RSSI":2.2756708188533767e-9}
{"type":2,"rcvTime":25289.5,"pos":[2330.6073845466828,5550.32788752967,1.895],"noise":[0.0,0.0,0.0],"spd":[-1.088357474320881,0.20964184546255319,0.0],"spd_noise":[0.0,0.0,0.0]}
{"type":2,"rcvTime":25289.6,"pos":[2330.471636677063,5550.354035587248,1.895],"noise":[0.0,0.0,0.0],"spd":[-1.356119509625581,0.2612187662358345,0.0],"spd_noise":[0.0,0.0,0.0]}
{"type":2,"rcvTime":25289.7,"pos":[2330.310623119271,5550.385050378065,1.895],"noise":[0.0,0.0,0.0],"spd":[-1.6085234165972414,0.30983737005670666,0.0],"spd_noise":[0.0,0.0,0.0]}
{"type":3,"rcvTime":25289.79074660063,"sendTime":25289.790636989288,"sender":1207,"messageID":5640630,"pos":[2533.2572674632908,5391.9773998191799,1.895],"pos_noise":[0.0,0.0,0.0],"spd":[-0.0,0.0,0.0],"spd_noise":[0.0,0.0,0.0],"RSSI":2.678703259773875e-9}
{"type":2,"rcvTime":25289.8,"pos":[2330.1254054903185,5550.420727411082,1.895],"noise":[0.0,0.0,0.0],"spd":[-1.850321782976556,0.3564131109815862,0.0],"spd_noise":[0.0,0.0,0.0]}
{"type":2,"rcvTime":25289.899999999998,"pos":[2329.911686283699,5550.461894481593,1.895],"noise":[0.0,0.0,0.0],"spd":[-2.1350521852791455,0.4112585164722863,0.0],"spd_noise":[0.0,0.0,0.0]}
{"type":2,"rcvTime":25290.0,"pos":[2329.6778576775238,5550.506935069522,1.895],"noise":[0.0,0.0,0.0],"spd":[-2.335944833847632,0.4499549067475145,0.0],"spd_noise":[0.0,0.0,0.0]}
{"type":3,"rcvTime":25290.07684964682,"sendTime":25290.076742603072,"sender":2359,"messageID":5654221,"pos":[2667.60709362279,5497.016275606288,1.895],"pos_noise":[0.0,0.0,0.0],"spd":[11.150875626901203,-3.0685522697385889,0.0],"spd_noise":[0.0,0.0,0.0],"RSSI":1.2902427160665395e-9}
{"type":2,"rcvTime":25290.1,"pos":[2329.419944766861,5550.556614829929,1.895],"noise":[0.0,0.0,0.0],"spd":[-2.5765467326606714,0.49630018142015777,0.0],"spd_noise":[0.0,0.0,0.0]}
{"type":3,"rcvTime":25290.13356317224,"sendTime":25290.133453995688,"sender":2143,"messageID":5657865,"pos":[2743.6216134946687,5476.098229769319,1.895],"pos_noise":[0.0,0.0,0.0],"spd":[0.2673681766885261,-0.07357567718301073,0.0],"spd_noise":[0.0,0.0,0.0],"RSSI":2.096685408011991e-9}
{"type":2,"rcvTime":25290.2,"pos":[2329.1348667223276,5550.611527199041,1.895],"noise":[0.0,0.0,0.0],"spd":[-2.847926078265937,0.548573876575938,0.0],"spd_noise":[0.0,0.0,0.0]}
{"type":2,"rcvTime":25290.3,"pos":[2328.822490296201,5550.671697843335,1.895],"noise":[0.0,0.0,0.0],"spd":[-3.120636566930992,0.6011039794783976,0.0],"spd_noise":[0.0,0.0,0.0]}
{"type":2,"rcvTime":25290.399999999998,"pos":[2328.483418805863,5550.73701055047,1.895],"noise":[0.0,0.0,0.0],"spd":[-3.3873199225469938,0.6524731225629072,0.0],"spd_noise":[0.0,0.0,0.0]}
{"type":2,"rcvTime":25290.5,"pos":[2328.115564917438,5550.807867387354,1.895],"noise":[0.0,0.0,0.0],"spd":[-3.67485571731845,0.7078589090114669,0.0],"spd_noise":[0.0,0.0,0.0]}
{"type":2,"rcvTime":25290.6,"pos":[2327.7261133663416,5550.88288441422,1.895],"noise":[0.0,0.0,0.0],"spd":[-3.890616095679281,0.7494191545782901,0.0],"spd_noise":[0.0,0.0,0.0]}
{"type":2,"rcvTime":25290.7,"pos":[2327.3181024718899,5550.961476383219,1.895],"noise":[0.0,0.0,0.0],"spd":[-4.076023702305738,0.7851327815189416,0.0],"spd_noise":[0.0,0.0,0.0]}
{"type":2,"rcvTime":25290.8,"pos":[2326.8905588951199,5551.043830781075,1.895],"noise":[0.0,0.0,0.0],"spd":[-4.271154952914252,0.8227193984625248,0.0],"spd_noise":[0.0,0.0,0.0]}
{"type":2,"rcvTime":25290.899999999998,"pos":[2326.440239444127,5551.13057231865,1.895],"noise":[0.0,0.0,0.0],"spd":[-4.498685649852743,0.8665468690602073,0.0],"spd_noise":[0.0,0.0,0.0]}
{"type":3,"rcvTime":25290.90483164608,"sendTime":25290.904723700136,"sender":1963,"messageID":5703680,"pos":[2563.2941173930128,5780.884180412581,1.895],"pos_noise":[0.0,0.0,0.0],"spd":[-6.269006908209578,12.521426216558588,0.0],"spd_noise":[0.0,0.0,0.0],"RSSI":3.277468253361313e-9}
{"type":2,"rcvTime":25291.0,"pos":[2325.9668676928906,5551.221754241741,1.895],"noise":[0.0,0.0,0.0],"spd":[-4.728977839266368,0.9109062645009464,0.0],"spd_noise":[0.0,0.0,0.0]}
{"type":3,"rcvTime":25291.07686011059,"sendTime":25291.076742603072,"sender":2359,"messageID":5711454,"pos":[2678.7709922324077,5493.944139608733,1.895],"pos_noise":[0.0,0.0,0.0],"spd":[11.18908236446593,-3.079066185882601,0.0],"spd_noise":[0.0,0.0,0.0],"RSSI":7.742194617182735e-9}
{"type":2,"rcvTime":25291.1,"pos":[2325.4670449990255,5551.318031204428,1.895],"noise":[0.0,0.0,0.0],"spd":[-4.993222423335889,0.9618056459668288,0.0],"spd_noise":[0.0,0.0,0.0]}
{"type":3,"rcvTime":25291.13356057,"sendTime":25291.133453995688,"sender":2143,"messageID":5715226,"pos":[2745.2143766594347,5475.675144183486,1.895],"pos_noise":[0.0,0.0,0.0],"spd":[2.569217025065671,-0.6980048761817184,0.0],"spd_noise":[0.0,0.0,0.0],"RSSI":2.682966131414407e-9}
