{"type":2,"rcvTime":25297.1,"pos":[5319.197869378917,5180.191822598206,1.895],"noise":[0.0,0.0,0.0],"spd":[0.9532607400107769,10.072566280814224,0.0],"spd_noise":[0.0,0.0,0.0]}
{"type":3,"rcvTime":25297.143080005713,"sendTime":25297.14297079472,"sender":1543,"messageID":6095208,"pos":[5105.271239585767,5376.5180124081139,1.895],"pos_noise":[0.0,0.0,0.0],"spd":[11.49252739871082,-7.717003957256376,0.0],"spd_noise":[0.0,0.0,0.0],"RSSI":4.188065677318339e-9}
{"type":2,"rcvTime":25297.2,"pos":[5319.301375008712,5181.194589369106,1.895],"noise":[0.0,0.0,0.0],"spd":[0.969196221542159,10.037197021455249,0.0],"spd_noise":[0.0,0.0,0.0]}
{"type":3,"rcvTime":25297.228926058706,"sendTime":25297.228813672904,"sender":475,"messageID":6102192,"pos":[5304.69597597331,5252.206793128956,1.895],"pos_noise":[0.0,0.0,0.0],"spd":[10.61875289181936,-6.552160958002191,0.0],"spd_noise":[0.0,0.0,0.0],"RSSI":2.1954742385179027e-8}
{"type":2,"rcvTime":25297.3,"pos":[5319.406539053759,5182.201159514553,1.895],"noise":[0.0,0.0,0.0],"spd":[0.9951134421342918,10.074782386094823,0.0],"spd_noise":[0.0,0.0,0.0]}
{"type":3,"rcvTime":25297.3966593856,"sendTime":25297.396546696684,"sender":1633,"messageID":6112656,"pos":[5253.245952936268,5535.610692782079,1.895],"pos_noise":[0.0,0.0,0.0],"spd":[-17.854446057648166,-8.696499570823328,0.0],"spd_noise":[0.0,0.0,0.0],"RSSI":6.704886947935307e-9}
{"type":2,"rcvTime":25297.399999999998,"pos":[5319.521942665416,5183.202670704711,1.895],"noise":[0.0,0.0,0.0],"spd":[1.0372917388807595,10.03344071525542,0.0],"spd_noise":[0.0,0.0,0.0]}
{"type":3,"rcvTime":25297.4016194059,"sendTime":25297.401510682466,"sender":2563,"messageID":6112954,"pos":[5251.232007666837,5538.311335365663,1.895],"pos_noise":[0.0,0.0,0.0],"spd":[14.85713547345486,7.236794782388697,0.0],"spd_noise":[0.0,0.0,0.0],"RSSI":7.579155758625567e-9}
{"type":2,"rcvTime":25297.5,"pos":[5319.679141434587,5184.2000697918679,1.895],"noise":[0.0,0.0,0.0],"spd":[1.1782977396834014,10.031457572750315,0.0],"spd_noise":[0.0,0.0,0.0]}
{"type":3,"rcvTime":25297.556765792728,"sendTime":25297.556653189702,"sender":187,"messageID":6121314,"pos":[5297.809091193189,5563.564470449854,1.895],"pos_noise":[0.0,0.0,0.0],"spd":[13.159413264202542,5.861109855920147,0.0],"spd_noise":[0.0,0.0,0.0],"RSSI":2.361330351523408e-9}
{"type":2,"rcvTime":25297.6,"pos":[5319.878352782971,5185.18327049743,1.895],"noise":[0.0,0.0,0.0],"spd":[1.3985448053650598,9.954654466976218,0.0],"spd_noise":[0.0,0.0,0.0]}
{"type":3,"rcvTime":25297.632471841636,"sendTime":25297.63236310524,"sender":2713,"messageID":6126362,"pos":[5398.429022310529,5555.338488812956,1.895],"pos_noise":[0.0,0.0,0.0],"spd":[-12.275930744690335,7.57355940954873,0.0],"spd_noise":[0.0,0.0,0.0],"RSSI":1.6055151796965008e-9}
{"type":2,"rcvTime":25297.7,"pos":[5320.154734127064,5186.147895580734,1.895],"noise":[0.0,0.0,0.0],"spd":[1.7832328077013789,9.87800382234634,0.0],"spd_noise":[0.0,0.0,0.0]}
{"type":2,"rcvTime":25297.8,"pos":[5320.461591373856,5187.0989473512049,1.895],"noise":[0.0,0.0,0.0],"spd":[2.230133482072707,9.75005825256924,0.0],"spd_noise":[0.0,0.0,0.0]}
{"type":3,"rcvTime":25297.851021856648,"sendTime":25297.850914188897,"sender":1033,"messageID":6143669,"pos":[5295.207523990149,5258.061516868111,1.895],"pos_noise":[0.0,0.0,0.0],"spd":[10.55144739129849,-6.51063098953512,0.0],"spd_noise":[0.0,0.0,0.0],"RSSI":2.864971264343442e-9}
{"type":2,"rcvTime":25297.899999999998,"pos":[5320.800085252117,5188.0437544399769,1.895],"noise":[0.0,0.0,0.0],"spd":[2.6775988913371187,9.675763541653112,0.0],"spd_noise":[0.0,0.0,0.0]}
{"type":2,"rcvTime":25298.0,"pos":[5321.139038811075,5188.989844593551,1.895],"noise":[0.0,0.0,0.0],"spd":[3.0848291236014697,9.568056236164298,0.0],"spd_noise":[0.0,0.0,0.0]}
{"type":2,"rcvTime":25298.1,"pos":[5321.480676678263,5189.929166556543,1.895],"noise":[0.0,0.0,0.0],"spd":[3.2478987448416678,9.454064735371349,0.0],"spd_noise":[0.0,0.0,0.0]}
{"type":2,"rcvTime":25298.2,"pos":[5321.824595559086,5190.871642087213,1.895],"noise":[0.0,0.0,0.0],"spd":[3.40646691949734,9.437387848114247,0.0],"spd_noise":[0.0,0.0,0.0]}
{"type":3,"rcvTime":25298.228924596635,"sendTime":25298.228813672904,"sender":475,"messageID":6166530,"pos":[5315.300941806326,5245.6631392931499,1.895],"pos_noise":[0.0,0.0,0.0],"spd":[10.571491574052836,-6.522998987265296,0.0],"spd_noise":[0.0,0.0,0.0],"RSSI":7.520346150586909e-9}
{"type":2,"rcvTime":25298.3,"pos":[5322.17099883048,5191.820925843463,1.895],"noise":[0.0,0.0,0.0],"spd":[3.44361140662264,9.50102673927085,0.0],"spd_noise":[0.0,0.0,0.0]}
{"type":3,"rcvTime":25298.364633669138,"sendTime":25298.36452488345,"sender":2011,"messageID":6174497,"pos":[5239.930729114541,5536.473166151289,1.895],"pos_noise":[0.0,0.0,0.0],"spd":[14.918269528452847,7.246954060110245,0.0],"spd_noise":[0.0,0.0,0.0],"RSSI":1.3867925097432855e-9}
{"type":3,"rcvTime":25298.396659677204,"sendTime":25298.396546696684,"sender":1633,"messageID":6177235,"pos":[5235.3696355595889,5526.932116000277,1.895],"pos_noise":[0.0,0.0,0.0],"spd":[-17.954754267960593,-8.650433685394179,0.0],"spd_noise":[0.0,0.0,0.0],"RSSI":1.92831692642473e-9}
{"type":2,"rcvTime":25298.399999999998,"pos":[5322.5159590515809,5192.766255063724,1.895],"noise":[0.0,0.0,0.0],"spd":[3.441691309363853,9.45693451406143,0.0],"spd_noise":[0.0,0.0,0.0]}
{"type":3,"rcvTime":25298.401619827415,"sendTime":25298.401510682466,"sender":2563,"messageID":6177507,"pos":[5265.75383151423,5545.384802470903,1.895],"pos_noise":[0.0,0.0,0.0],"spd":[13.579679298502115,6.6145558455380188,0.0],"spd_noise":[0.0,0.0,0.0],"RSSI":3.6607426642775924e-9}
{"type":2,"rcvTime":25298.5,"pos":[5322.859082813178,5193.706551649137,1.895],"noise":[0.0,0.0,0.0],"spd":[3.4314809038760716,9.403632560453075,0.0],"spd_noise":[0.0,0.0,0.0]}
{"type":2,"rcvTime":25298.6,"pos":[5323.202364618999,5194.647281339045,1.895],"noise":[0.0,0.0,0.0],"spd":[3.4330614581712548,9.407963912499055,0.0],"spd_noise":[0.0,0.0,0.0]}
{"type":3,"rcvTime":25298.632478194984,"sendTime":25298.63236310524,"sender":2713,"messageID":6190847,"pos":[5423.486045296489,5497.525611171354,1.895],"pos_noise":[0.0,0.0,0.0],"spd":[-12.26303716159177,7.565604793344731,0.0],"spd_noise":[0.0,0.0,0.0],"RSSI":2.638199362758223e-8}
{"type":2,"rcvTime":25298.7,"pos":[5323.547067523378,5195.591905408391,1.895],"noise":[0.0,0.0,0.0],"spd":[3.447273451367211,9.446910468143726,0.0],"spd_noise":[0.0,0.0,0.0]}
{"type":2,"rcvTime":25298.8,"pos":[5323.889623464096,5196.530645937086,1.895],"noise":[0.0,0.0,0.0],"spd":[3.425802292475135,9.388070889981404,0.0],"spd_noise":[0.0,0.0,0.0]}
{"type":3,"rcvTime":25298.851028214896,"sendTime":25298.850914188897,"sender":1033,"messageID":6207744,"pos":[5305.349881613507,5251.803309306555,1.895],"pos_noise":[0.0,0.0,0.0],"spd":[9.396725105050928,-5.7981248828042,0.0],"spd_noise":[0.0,0.0,0.0],"RSSI":1.6717392414129995e-7}
{"type":2,"rcvTime":25298.899999999998,"pos":[5324.232541187059,5197.470377894087,1.895],"noise":[0.0,0.0,0.0],"spd":[3.42942037143987,9.397985875992445,0.0],"spd_noise":[0.0,0.0,0.0]}
{"type":2,"rcvTime":25299.0,"pos":[5324.578748835172,5198.419125564165,1.895],"noise":[0.0,0.0,0.0],"spd":[3.4623219556252708,9.48814939926514,0.0],"spd_noise":[0.0,0.0,0.0]}
{"type":2,"rcvTime":25299.1,"pos":[5324.922002076611,5199.359776976222,1.895],"noise":[0.0,0.0,0.0],"spd":[3.4327757940967484,9.40718107848204,0.0],"spd_noise":[0.0,0.0,0.0]}
{"type":3,"rcvTime":25299.143077638622,"sendTime":25299.14297079472,"sender":1543,"messageID":6223442,"pos":[5128.327107888954,5361.117295889841,1.895],"pos_noise":[0.0,0.0,0.0],"spd":[11.540488134611947,-7.68695863059474,0.0],"spd_noise":[0.0,0.0,0.0],"RSSI":4.291830964522309e-9}
{"type":2,"rcvTime":25299.2,"pos":[5325.268538990866,5200.3094269674579,1.895],"noise":[0.0,0.0,0.0],"spd":[3.4656148505084256,9.497173250603919,0.0],"spd_noise":[0.0,0.0,0.0]}
{"type":3,"rcvTime":25299.22892368743,"sendTime":25299.228813672904,"sender":475,"messageID":6230728,