{"type":2,"rcvTime":10894.1,"pos":[3645.2802919343096,5183.142094629591,1.895],"noise":[0.0,0.0,0.0],"spd":[-5.284439200448894,33.87639011169073,0.0],"spd_noise":[0.0,0.0,0.0]}
{"type":3,"rcvTime":10894.103544178555,"sendTime":10894.103427850408,"sender":205,"messageID":34813,"pos":[10206.896728714928,5101.569734048098,1.895],"pos_noise":[0.0,0.0,0.0],"spd":[4.006410353402005,-32.346870430544488,0.0],"spd_noise":[0.0,0.0,0.0],"RSSI":2.2443682199997186e-8}
{"type":2,"rcvTime":10894.199999999999,"pos":[3644.7524623089786,5186.5257956472319,1.895],"noise":[0.0,0.0,0.0],"spd":[-5.284638068581825,33.877664974395447,0.0],"spd_noise":[0.0,0.0,0.0]}
{"type":2,"rcvTime":10894.3,"pos":[3644.2257179955215,5189.902539171934,1.895],"noise":[0.0,0.0,0.0],"spd":[-5.273771909943065,33.808006451494687,0.0],"spd_noise":[0.0,0.0,0.0]}
{"type":2,"rcvTime":10894.4,"pos":[3643.699326185569,5193.277022940055,1.895],"noise":[0.0,0.0,0.0],"spd":[-5.270242639597978,33.78538173494772,0.0],"spd_noise":[0.0,0.0,0.0]}
{"type":2,"rcvTime":10894.5,"pos":[3643.1730539682237,5196.650740048624,1.895],"noise":[0.0,0.0,0.0],"spd":[-5.269045276643337,33.77770592810841,0.0],"spd_noise":[0.0,0.0,0.0]}
{"type":2,"rcvTime":10894.6,"pos":[3642.6463042225379,5200.027518397132,1.895],"noise":[0.0,0.0,0.0],"spd":[-5.273826297491945,33.8083551079468,0.0],"spd_noise":[0.0,0.0,0.0]}
{"type":2,"rcvTime":10894.699999999999,"pos":[3642.118492782725,5203.411102834813,1.895],"noise":[0.0,0.0,0.0],"spd":[-5.284455994902909,33.87649777410378,0.0],"spd_noise":[0.0,0.0,0.0]}
{"type":3,"rcvTime":10894.721846516446,"sendTime":10894.721738770091,"sender":217,"messageID":34944,"pos":[1176.195346787572,25.151676847599448,1.895],"pos_noise":[0.0,0.0,0.0],"spd":[-3.032669487932224,37.02089694958733,0.0],"spd_noise":[0.0,0.0,0.0],"RSSI":2.2194180767064117e-9}
{"type":2,"rcvTime":10894.8,"pos":[3641.592477164783,5206.783174988985,1.895],"noise":[0.0,0.0,0.0],"spd":[-5.2664761995910729,33.76123662017464,0.0],"spd_noise":[0.0,0.0,0.0]}
{"type":2,"rcvTime":10894.9,"pos":[3641.0656881228835,5210.160205249535,1.895],"noise":[0.0,0.0,0.0],"spd":[-5.274219731771817,33.810877255074,0.0],"spd_noise":[0.0,0.0,0.0]}
{"type":2,"rcvTime":10895.0,"pos":[3640.5379756160098,5213.543155468387,1.895],"noise":[0.0,0.0,0.0],"spd":[-5.283465476843885,33.87014796574998,0.0],"spd_noise":[0.0,0.0,0.0]}
{"type":3,"rcvTime":10895.099426359686,"sendTime":10895.099314259363,"sender":175,"messageID":35067,"pos":[4114.495458047206,5287.5386861212059,1.895],"pos_noise":[0.0,0.0,0.0],"spd":[14.409008122775419,3.6280746258951934,0.0],"spd_noise":[0.0,0.0,0.0],"RSSI":2.7244193318475698e-9}
{"type":2,"rcvTime":10895.1,"pos":[3640.0104421916764,5216.924957661921,1.895],"noise":[0.0,0.0,0.0],"spd":[-5.28167249978285,33.858653919158289,0.0],"spd_noise":[0.0,0.0,0.0]}
{"type":3,"rcvTime":10895.103533427608,"sendTime":10895.103427850408,"sender":205,"messageID":35088,"pos":[5057.671227818355,1394.3342834245414,1.895],"pos_noise":[0.0,0.0,0.0],"spd":[4.0143431353934269,-32.41091795655703,0.0],"spd_noise":[0.0,0.0,0.0],"RSSI":1.6497657134403558e-9}
{"type":2,"rcvTime":10895.199999999999,"pos":[3639.483717294763,5220.301576715055,1.895],"noise":[0.0,0.0,0.0],"spd":[-5.273577511209304,33.80676024028999,0.0],"spd_noise":[0.0,0.0,0.0]}
{"type":2,"rcvTime":10895.3,"pos":[3638.9567341548797,5223.6798512588279,1.895],"noise":[0.0,0.0,0.0],"spd":[-5.276163043681266,33.82333503722572,0.0],"spd_noise":[0.0,0.0,0.0]}
{"type":2,"rcvTime":10895.4,"pos":[3638.4304950755729,5227.053355932908,1.895],"noise":[0.0,0.0,0.0],"spd":[-5.268713498101053,33.77557903083459,0.0],"spd_noise":[0.0,0.0,0.0]}
{"type":2,"rcvTime":10895.5,"pos":[3637.9042259487257,5230.427053229548,1.895],"noise":[0.0,0.0,0.0],"spd":[-5.269014334525287,33.777507570776219,0.0],"spd_noise":[0.0,0.0,0.0]}
{"type":2,"rcvTime":10895.6,"pos":[3637.376470985534,5233.810275618584,1.895],"noise":[0.0,0.0,0.0],"spd":[-5.283890550129613,33.87287293767361,0.0],"spd_noise":[0.0,0.0,0.0]}
{"type":2,"rcvTime":10895.699999999999,"pos":[3636.850457892032,5237.182331589597,1.895],"noise":[0.0,0.0,0.0],"spd":[-5.266450924861244,33.761074594162959,0.0],"spd_noise":[0.0,0.0,0.0]}
{"type":3,"rcvTime":10895.721856131191,"sendTime":10895.721738770091,"sender":217,"messageID":35215,"pos":[3648.943112445995,5483.500130241737,1.895],"pos_noise":[0.0,0.0,0.0],"spd":[-3.035724921231488,37.05819573263501,0.0],"spd_noise":[0.0,0.0,0.0],"RSSI":2.2592345173278446e-9}
{"type":2,"rcvTime":10895.8,"pos":[3636.3243952318555,5240.554705312401,1.895],"noise":[0.0,0.0,0.0],"spd":[-5.266947187147575,33.76425592981122,0.0],"spd_noise":[0.0,0.0,0.0]}
{"type":2,"rcvTime":10895.9,"pos":[3635.7976842698515,5243.931235034501,1.895],"noise":[0.0,0.0,0.0],"spd":[-5.2734379946924438,33.80586585665288,0.0],"spd_noise":[0.0,0.0,0.0]}
{"type":2,"rcvTime":10896.0,"pos":[3635.2711081665436,5247.30690023236,1.895],"noise":[0.0,0.0,0.0],"spd":[-5.272087787422442,33.797210227081759,0.0],"spd_noise":[0.0,0.0,0.0]}
{"type":2,"rcvTime":10896.1,"pos":[3634.7442005918298,5250.684690358566,1.895],"noise":[0.0,0.0,0.0],"spd":[-5.275406484072901,33.81848504132955,0.0],"spd_noise":[0.0,0.0,0.0]}
{"type":3,"rcvTime":10896.103543042684,"sendTime":10896.103427850408,"sender":205,"messageID":35345,"pos":[9688.634081454948,6732.217589858919,1.895],"pos_noise":[0.0,0.0,0.0],"spd":[4.009572590837489,-32.37240163571154,0.0],"spd_noise":[0.0,0.0,0.0],"RSSI":4.988795747165526e-8}
{"type":2,"rcvTime":10896.199999999999,"pos":[3634.217451842265,5254.061462321348,1.895],"noise":[0.0,0.0,0.0],"spd":[-5.273816324315646,33.80829117397043,0.0],"spd_noise":[0.0,0.0,0.0]}
{"type":2,"rcvTime":10896.3,"pos":[3633.6904362149059,5257.439945129108,1.895],"noise":[0.0,0.0,0.0],"spd":[-5.276488308765706,33.82542017937084,0.0],"spd_noise":[0.0,0.0,0.0]}
{"type":2,"rcvTime":10896.4,"pos":[3633.1625825677745,5260.823800140742,1.895],"noise":[0.0,0.0,0.0],"spd":[-5.284878575205239,33.879206764544999,0.0],"spd_noise":[0.0,0.0,0.0]}
{"type":2,"rcvTime":10896.5,"pos":[3632.635515653505,5264.202611728021,1.895],"noise":[0.0,0.0,0.0],"spd":[-5.277001794073717,33.82871192480512,0.0],"spd_noise":[0.0,0.0,0.0]}
{"type":2,"rcvTime":10896.6,"pos":[3632.109594614034,5267.574077578087,1.895],"noise":[0.0,0.0,0.0],"spd":[-5.265529278530277,33.75516629444211,0.0],"spd_noise":[0.0,0.0,0.0]}
{"type":2,"rcvTime":10896.699999999999,"pos":[3631.581879849146,5270.957042272151,1.895],"noise":[0.0,0.0,0.0],"spd":[-5.283488084117168,33.87029289178282,0.0],"spd_noise":[0.0,0.0,0.0]}
{"type":2,"rcvTime":10896.8,"pos":[3631.054033789348,5274.340848644474,1.895],"noise":[0.0,0.0,0.0],"spd":[-5.284802610710086,33.87871978704734,0.0],"spd_noise":[0.0,0.0,0.0]}
{"type":3,"rcvTime":10896.85673855498,"sendTime":10896.85662343558,"sender":235,"messageID":35536,"pos":[5377.400642158464,7603.083395631984,1.895],"pos_noise":[0.0,0.0,0.0],"spd":[-5.854806706082944,37.53278417641277,0.0],"spd_noise":[0.0,0.0,0.0],"RSSI":1.526943504186407e-8}
{"type":2,"rcvTime":10896.9,"pos":[3630.5274341607475,5277.716664653415,1.895],"noise":[0.0,0.0,0.0],"spd":[-5.272323323002672,33.79872014987552,0.0],"spd_noise":[0.0,0.0,0.0]}
{"type":2,"rcvTime":10897.0,"pos":[3630.000354143391,5281.095560239254,1.895],"noise":[0.0,0.0,0.0],"spd":[-5.2771329823749719,33.82955291963973,0.0],"spd_noise":[0.0,0.0,0.0]}
{"type":2,"rcvTime":10897.1,"pos":[3629.4744108790584,5284.467168563869,1.895],"noise":[0.0,0.0,0.0],"spd":[-5.265751794178531,33.75659275174822,0.0],"spd_noise":[0.0,0.0,0.0]}
{"type":3,"rcvTime":10897.103537797626,"sendTime":10897.103427850408,"sender":205,"messageID":35653,"pos":[7297.766128461808,9573.303906596266,1.895],"pos_noise":[0.0,0.0,0.0],"spd":[5.078917462812413,-32.26266888310396,0.0],"spd_noise":[0.0,0.0,0.0],"RSSI":4.24005971463529e-8}
{"type":2,"rcvTime":10897.199999999999,"pos":[3628.9474080469487,5287.845569346491,1.895],"noise":[0.0,0.0,0.0],"spd":[-5.276360202539896,33.82459894246818,0.0],"spd_noise":[0.0,0.0,0.0]}
{"type":2,