{"type":2,"rcvTime":18000.0,"pos":[4591.523900913906,5186.864736301081,1.895],"noise":[0.0,0.0,0.0],"spd":[0.0,-0.0,0.0],"spd_noise":[0.0,0.0,0.0]}
{"type":2,"rcvTime":18000.1,"pos":[4591.54515572209,5186.8485906298869,1.895],"noise":[0.0,0.0,0.0],"spd":[0.21281599603105467,-0.1616602260930596,0.0],"spd_noise":[0.0,0.0,0.0]}
{"type":2,"rcvTime":18000.2,"pos":[4591.587179010558,5186.816668714046,1.895],"noise":[0.0,0.0,0.0],"spd":[0.42076258293809279,-0.3196215301380299,0.0],"spd_noise":[0.0,0.0,0.0]}
{"type":2,"rcvTime":18000.3,"pos":[4591.650882262222,5186.768278168885,1.895],"noise":[0.0,0.0,0.0],"spd":[0.6378354880987347,-0.48451540833035885,0.0],"spd_noise":[0.0,0.0,0.0]}
{"type":2,"rcvTime":18000.4,"pos":[4591.73424633508,5186.704952783964,1.895],"noise":[0.0,0.0,0.0],"spd":[0.8346915222199144,-0.6340520577238055,0.0],"spd_noise":[0.0,0.0,0.0]}
{"type":2,"rcvTime":18000.5,"pos":[4591.8389281659979,5186.625433909586,1.895],"noise":[0.0,0.0,0.0],"spd":[1.0481378104710549,-0.796191069174658,0.0],"spd_noise":[0.0,0.0,0.0]}
{"type":2,"rcvTime":18000.6,"pos":[4591.961877510661,5186.5320385857999,1.895],"noise":[0.0,0.0,0.0],"spd":[1.231043207646436,-0.9351304741651467,0.0],"spd_noise":[0.0,0.0,0.0]}
{"type":2,"rcvTime":18000.7,"pos":[4592.1041660506,5186.423952737151,1.895],"noise":[0.0,0.0,0.0],"spd":[1.4246789285173059,-1.0822208949956825,0.0],"spd_noise":[0.0,0.0,0.0]}
{"type":3,"rcvTime":18000.762691729215,"sendTime":18000.762573137647,"sender":157,"messageID":1799,"pos":[4412.0956605414389,5310.475257369223,1.895],"pos_noise":[0.0,0.0,0.0],"spd":[1.6520197440490486,-0.12864815407465478,0.0],"spd_noise":[0.0,0.0,0.0],"RSSI":7.585399367823017e-9}
{"type":2,"rcvTime":18000.8,"pos":[4592.267798025622,5186.2996538941529,1.895],"noise":[0.0,0.0,0.0],"spd":[1.6383823106577405,-1.2445552012413133,0.0],"spd_noise":[0.0,0.0,0.0]}
{"type":2,"rcvTime":18000.9,"pos":[4592.449619636948,5186.161494240049,1.895],"noise":[0.0,0.0,0.0],"spd":[1.8190470232943215,-1.3818146464128308,0.0],"spd_noise":[0.0,0.0,0.0]}
{"type":3,"rcvTime":18000.916978072717,"sendTime":18000.91686133435,"sender":49,"messageID":2132,"pos":[4421.93031992511,5293.7005386336409,1.895],"pos_noise":[0.0,0.0,0.0],"spd":[-1.837507423453763,0.8896442646756474,0.0],"spd_noise":[0.0,0.0,0.0],"RSSI":2.2893262972146118e-9}
{"type":2,"rcvTime":18001.0,"pos":[4592.646693893013,5186.011725657004,1.895],"noise":[0.0,0.0,0.0],"spd":[1.9709925590965605,-1.4972744674546488,0.0],"spd_noise":[0.0,0.0,0.0]}
{"type":2,"rcvTime":18001.1,"pos":[4592.859328387559,5185.850131912643,1.895],"noise":[0.0,0.0,0.0],"spd":[2.1265942544430129,-1.615520492236159,0.0],"spd_noise":[0.0,0.0,0.0]}
{"type":2,"rcvTime":18001.2,"pos":[4593.08677818503,5185.677279128309,1.895],"noise":[0.0,0.0,0.0],"spd":[2.274741283325601,-1.7281126048929963,0.0],"spd_noise":[0.0,0.0,0.0]}
{"type":2,"rcvTime":18001.3,"pos":[4593.334706635799,5185.4888633833529,1.895],"noise":[0.0,0.0,0.0],"spd":[2.479521958136949,-1.8837413712787814,0.0],"spd_noise":[0.0,0.0,0.0]}
{"type":2,"rcvTime":18001.4,"pos":[4593.594919400521,5185.291112049207,1.895],"noise":[0.0,0.0,0.0],"spd":[2.602346283545953,-1.9771168974685263,0.0],"spd_noise":[0.0,0.0,0.0]}
{"type":2,"rcvTime":18001.5,"pos":[4593.876051734758,5185.077462675677,1.895],"noise":[0.0,0.0,0.0],"spd":[2.811523868242596,-2.1361123918478079,0.0],"spd_noise":[0.0,0.0,0.0]}
{"type":3,"rcvTime":18001.52477987126,"sendTime":18001.524670306593,"sender":175,"messageID":3555,"pos":[4621.760679357588,5354.4532282914719,1.895],"pos_noise":[0.0,0.0,0.0],"spd":[-4.5132127415113689e-14,-8.43240202082143e-15,0.0],"spd_noise":[0.0,0.0,0.0],"RSSI":3.476371424452078e-9}
{"type":2,"rcvTime":18001.6,"pos":[4594.172617630035,5184.8520844106419,1.895],"noise":[0.0,0.0,0.0],"spd":[2.965830780948246,-2.253432631737795,0.0],"spd_noise":[0.0,0.0,0.0]}
{"type":2,"rcvTime":18001.7,"pos":[4594.487605362898,5184.612706282978,1.895],"noise":[0.0,0.0,0.0],"spd":[3.1500150467807046,-2.39346845599599,0.0],"spd_noise":[0.0,0.0,0.0]}
{"type":3,"rcvTime":18001.76268719518,"sendTime":18001.762573137647,"sender":157,"messageID":4062,"pos":[4414.944888209465,5310.168867489283,1.895],"pos_noise":[0.0,0.0,0.0],"spd":[3.6371953654906106,-0.3438240989403874,0.0],"spd_noise":[0.0,0.0,0.0],"RSSI":4.442129916350864e-9}
{"type":2,"rcvTime":18001.8,"pos":[4594.8214241823529,5184.359017279747,1.895],"noise":[0.0,0.0,0.0],"spd":[3.3382838581757605,-2.5366246919623509,0.0],"spd_noise":[0.0,0.0,0.0]}
{"type":2,"rcvTime":18001.9,"pos":[4595.171752578563,5184.092781655933,1.895],"noise":[0.0,0.0,0.0],"spd":[3.5033289840428964,-2.6621506459631729,0.0],"spd_noise":[0.0,0.0,0.0]}
{"type":3,"rcvTime":18001.91697357843,"sendTime":18001.91686133435,"sender":49,"messageID":4425,"pos":[4419.485897042122,5294.951363720921,1.895],"pos_noise":[0.0,0.0,0.0],"spd":[-3.492614953989329,1.7135830392330043,0.0],"spd_noise":[0.0,0.0,0.0],"RSSI":1.116713440633477e-8}
{"type":2,"rcvTime":18002.0,"pos":[4595.540630115476,5183.812449424196,1.895],"noise":[0.0,0.0,0.0],"spd":[3.688761397032036,-2.803186609541734,0.0],"spd_noise":[0.0,0.0,0.0]}
{"type":2,"rcvTime":18002.1,"pos":[4595.925741682223,5183.519779976558,1.895],"noise":[0.0,0.0,0.0],"spd":[3.8510381689765849,-2.926635580607449,0.0],"spd_noise":[0.0,0.0,0.0]}
{"type":2,"rcvTime":18002.2,"pos":[4596.332485082836,5183.210671197009,1.895],"noise":[0.0,0.0,0.0],"spd":[4.067352154522737,-3.0910255915354938,0.0],"spd_noise":[0.0,0.0,0.0]}
{"type":2,"rcvTime":18002.3,"pos":[4596.754844605575,5182.8896947868,1.895],"noise":[0.0,0.0,0.0],"spd":[4.2235102332548319,-3.209699509933444,0.0],"spd_noise":[0.0,0.0,0.0]}
{"type":2,"rcvTime":18002.4,"pos":[4597.19446337145,5182.555602039427,1.895],"noise":[0.0,0.0,0.0],"spd":[4.396099191417908,-3.340860242083261,0.0],"spd_noise":[0.0,0.0,0.0]}
{"type":2,"rcvTime":18002.5,"pos":[4597.6484978722769,5182.210553907823,1.895],"noise":[0.0,0.0,0.0],"spd":[4.540253639961438,-3.4504118797703384,0.0],"spd_noise":[0.0,0.0,0.0]}
{"type":3,"rcvTime":18002.524788349765,"sendTime":18002.524670306593,"sender":175,"messageID":6018,"pos":[4621.760679357588,5354.4532282914719,1.895],"pos_noise":[0.0,0.0,0.0],"spd":[-4.505875349202289e-14,-8.418692974676638e-15,0.0],"spd_noise":[0.0,0.0,0.0],"RSSI":3.1369807994862328e-9}
{"type":2,"rcvTime":18002.6,"pos":[4598.122495199951,5181.850334823145,1.895],"noise":[0.0,0.0,0.0],"spd":[4.739877891198597,-3.602118357555225,0.0],"spd_noise":[0.0,0.0,0.0]}
{"type":2,"rcvTime":18002.7,"pos":[4598.608365202511,5181.481092978571,1.895],"noise":[0.0,0.0,0.0],"spd":[4.858602250830094,-3.692344140821017,0.0],"spd_noise":[0.0,0.0,0.0]}
{"type":3,"rcvTime":18002.762682671073,"sendTime":18002.762573137647,"sender":157,"messageID":6571,"pos":[4419.61756466563,5309.27813344228,1.895],"pos_noise":[0.0,0.0,0.0],"spd":[5.290645972030311,-0.9734594808239933,0.0],"spd_noise":[0.0,0.0,0.0],"RSSI":2.3685507126620504e-8}
{"type":2,"rcvTime":18002.8,"pos":[4599.111028821702,5181.099088654424,1.895],"noise":[0.0,0.0,0.0],"spd":[5.026535037656479,-3.8199663682588564,0.0],"spd_noise":[0.0,0.0,0.0]}
{"type":2,"rcvTime":18002.9,"pos":[4599.6343675935299,5180.7013720379859,1.895],"noise":[0.0,0.0,0.0],"spd":[5.2332824034272609,-3.9770861292978068,0.0],"spd_noise":[0.0,0.0,0.0]}
{"type":3,"rcvTime":18002.916969119182,"sendTime":18002.91686133435,"sender":49,"messageID":6946,"pos":[4415.458040623571,5296.662587812929,1.895],"pos_noise":[0.0,0.0,0.0],"spd":[-5.177180953331613,2.4194237666909488,0.0],"spd_noise":[0.0,0.0,0.0],"RSSI":4.765162793686059e-9}
{"type":2,"rcvTime":18003.0,"pos":[4600.176754613706,5180.289179511696,1.895],"noise":[0.0,0.0,0.0],"spd":[5.42376105371878,-4.12184231472956,0.0],"spd_noise":[0.0,0.0,0.0]}
