{"type":2,"rcvTime":18094.2,"pos":[3612.871027410298,6077.597907840299,1.895],"noise":[0.0,0.0,0.0],"spd":[-3.1230795891874338,-27.13304659645558,0.0],"spd_noise":[0.0,0.0,0.0]}
{"type":3,"rcvTime":18094.27022409073,"sendTime":18094.270112339967,"sender":631,"messageID":292674,"pos":[3602.103712955322,6012.932304387281,1.895],"pos_noise":[0.0,0.0,0.0],"spd":[-4.195407877751008,-36.42723567245243,0.0],"spd_noise":[0.0,0.0,0.0],"RSSI":9.974302136151175e-9}
{"type":2,"rcvTime":18094.3,"pos":[3612.5591962956339,6074.88874596248,1.895],"noise":[0.0,0.0,0.0],"spd":[-3.121735757688249,-27.121371504090495,0.0],"spd_noise":[0.0,0.0,0.0]}
{"type":2,"rcvTime":18094.399999999998,"pos":[3612.246822452961,6072.1748689104529,1.895],"noise":[0.0,0.0,0.0],"spd":[-3.1271689981504928,-27.168575029464046,0.0],"spd_noise":[0.0,0.0,0.0]}
{"type":2,"rcvTime":18094.5,"pos":[3611.9349832991736,6069.465637189423,1.895],"noise":[0.0,0.0,0.0],"spd":[-3.1218162372103999,-27.12207070324451,0.0],"spd_noise":[0.0,0.0,0.0]}
{"type":3,"rcvTime":18094.588770096976,"sendTime":18094.588654319756,"sender":535,"messageID":293529,"pos":[3602.695738976777,6077.342828991471,1.895],"pos_noise":[0.0,0.0,0.0],"spd":[3.213682675757688,30.432733053275336,0.0],"spd_noise":[0.0,0.0,0.0],"RSSI":2.1388692906394196e-7}
{"type":2,"rcvTime":18094.6,"pos":[3611.623211762053,6066.75699291618,1.895],"noise":[0.0,0.0,0.0],"spd":[-3.1211393279508159,-27.1161897738742,0.0],"spd_noise":[0.0,0.0,0.0]}
{"type":3,"rcvTime":18094.604911788843,"sendTime":18094.60479396768,"sender":601,"messageID":293671,"pos":[3591.1973786621917,5810.891213978209,1.895],"pos_noise":[0.0,0.0,0.0],"spd":[-0.023445865158591585,-40.282927069835647,0.0],"spd_noise":[0.0,0.0,0.0],"RSSI":2.678181823171767e-9}
{"type":2,"rcvTime":18094.7,"pos":[3611.3104221759724,6064.039503921215,1.895],"noise":[0.0,0.0,0.0],"spd":[-3.131330998034969,-27.204734126136765,0.0],"spd_noise":[0.0,0.0,0.0]}
{"type":3,"rcvTime":18094.79507471159,"sendTime":18094.794959366696,"sender":625,"messageID":294224,"pos":[3602.242786152203,5969.189528266663,1.895],"pos_noise":[0.0,0.0,0.0],"spd":[-2.3348784892918434,-35.19223899123278,0.0],"spd_noise":[0.0,0.0,0.0],"RSSI":8.105159629649676e-8}
{"type":2,"rcvTime":18094.8,"pos":[3610.9981044969256,6061.3261148139349,1.895],"noise":[0.0,0.0,0.0],"spd":[-3.126606745087235,-27.163690223256354,0.0],"spd_noise":[0.0,0.0,0.0]}
{"type":2,"rcvTime":18094.899999999998,"pos":[3610.6851876019475,6058.6075197702289,1.895],"noise":[0.0,0.0,0.0],"spd":[-3.132605485149314,-27.21580676046788,0.0],"spd_noise":[0.0,0.0,0.0]}
{"type":3,"rcvTime":18094.930113029724,"sendTime":18094.930003607227,"sender":619,"messageID":294810,"pos":[3595.779532514848,5915.70944097317,1.895],"pos_noise":[0.0,0.0,0.0],"spd":[-1.3521360634981997,-34.53549735661608,0.0],"spd_noise":[0.0,0.0,0.0],"RSSI":2.0109481508949738e-9}
{"type":2,"rcvTime":18095.0,"pos":[3610.3720190870515,6055.886738674341,1.895],"noise":[0.0,0.0,0.0],"spd":[-3.1351244476826509,-27.23769129008744,0.0],"spd_noise":[0.0,0.0,0.0]}
{"type":2,"rcvTime":18095.1,"pos":[3610.060106807381,6053.17687164194,1.895],"noise":[0.0,0.0,0.0],"spd":[-3.1225482991216739,-27.128430794110188,0.0],"spd_noise":[0.0,0.0,0.0]}
{"type":2,"rcvTime":18095.2,"pos":[3609.748080314883,6050.466012338321,1.895],"noise":[0.0,0.0,0.0],"spd":[-3.123691681718082,-27.13836440367087,0.0],"spd_noise":[0.0,0.0,0.0]}
{"type":3,"rcvTime":18095.270220522376,"sendTime":18095.270112339967,"sender":631,"messageID":296144,"pos":[3599.411450247959,5976.411032544922,1.895],"pos_noise":[0.0,0.0,0.0],"spd":[-2.4285296545215808,-36.59395758719109,0.0],"spd_noise":[0.0,0.0,0.0],"RSSI":6.647929693801632e-9}
{"type":2,"rcvTime":18095.3,"pos":[3609.436166119965,6047.756128666418,1.895],"noise":[0.0,0.0,0.0],"spd":[-3.122567472628425,-27.128597371880418,0.0],"spd_noise":[0.0,0.0,0.0]}
{"type":2,"rcvTime":18095.399999999998,"pos":[3609.123002732956,6045.035392121171,1.895],"noise":[0.0,0.0,0.0],"spd":[-3.135073112496483,-27.2372452944096,0.0],"spd_noise":[0.0,0.0,0.0]}
{"type":2,"rcvTime":18095.5,"pos":[3608.811051729033,6042.325188655793,1.895],"noise":[0.0,0.0,0.0],"spd":[-3.1229359669320129,-27.13179881867104,0.0],"spd_noise":[0.0,0.0,0.0]}
{"type":2,"rcvTime":18095.6,"pos":[3608.498742308788,6039.6118713002729,1.895],"noise":[0.0,0.0,0.0],"spd":[-3.1265240663676745,-27.162971917658849,0.0],"spd_noise":[0.0,0.0,0.0]}
{"type":3,"rcvTime":18095.604900805487,"sendTime":18095.60479396768,"sender":601,"messageID":297064,"pos":[3591.1739251347228,5770.595122095672,1.895],"pos_noise":[0.0,0.0,0.0],"spd":[-0.023443370578539199,-40.278641069483757,0.0],"spd_noise":[0.0,0.0,0.0],"RSSI":3.5934506048180187e-9}
{"type":2,"rcvTime":18095.7,"pos":[3608.186196599921,6036.896501089546,1.895],"noise":[0.0,0.0,0.0],"spd":[-3.1288895475720737,-27.18352301471197,0.0],"spd_noise":[0.0,0.0,0.0]}
{"type":3,"rcvTime":18095.79506798907,"sendTime":18095.794959366696,"sender":625,"messageID":297637,"pos":[3599.9119028713155,5934.057506682717,1.895],"pos_noise":[0.0,0.0,0.0],"spd":[-2.329121589199616,-35.10546864977392,0.0],"spd_noise":[0.0,0.0,0.0],"RSSI":2.6757594763268195e-9}
{"type":2,"rcvTime":18095.8,"pos":[3607.873691863139,6034.181486840763,1.895],"noise":[0.0,0.0,0.0],"spd":[-3.1284793767604786,-27.17995948601355,0.0],"spd_noise":[0.0,0.0,0.0]}
{"type":2,"rcvTime":18095.899999999998,"pos":[3607.5616049444577,6031.470102559669,1.895],"noise":[0.0,0.0,0.0],"spd":[-3.1242966071643458,-27.143619943868339,0.0],"spd_noise":[0.0,0.0,0.0]}
{"type":3,"rcvTime":18095.95766190182,"sendTime":18095.957544727065,"sender":577,"messageID":298320,"pos":[3595.807638168451,5641.246968927768,1.895],"pos_noise":[0.0,0.0,0.0],"spd":[2.5915014833852205,-39.103919763351118,0.0],"spd_noise":[0.0,0.0,0.0],"RSSI":7.789956227249333e-9}
{"type":2,"rcvTime":18096.0,"pos":[3607.2494977610247,6028.758542220157,1.895],"noise":[0.0,0.0,0.0],"spd":[-3.1244994772328629,-27.14538246155798,0.0],"spd_noise":[0.0,0.0,0.0]}
{"type":2,"rcvTime":18096.1,"pos":[3606.9376724712844,6026.049430948781,1.895],"noise":[0.0,0.0,0.0],"spd":[-3.1216774444732957,-27.12086488389932,0.0],"spd_noise":[0.0,0.0,0.0]}
{"type":2,"rcvTime":18096.2,"pos":[3606.624928637243,6023.3323394435969,1.895],"noise":[0.0,0.0,0.0],"spd":[-3.1308729751785817,-27.200754862998644,0.0],"spd_noise":[0.0,0.0,0.0]}
{"type":3,"rcvTime":18096.27022245625,"sendTime":18096.270112339967,"sender":631,"messageID":299562,"pos":[3596.985599644058,5939.85744385529,1.895],"pos_noise":[0.0,0.0,0.0],"spd":[-2.4232482906306616,-36.51437609804885,0.0],"spd_noise":[0.0,0.0,0.0],"RSSI":2.1605642475025855e-8}
{"type":2,"rcvTime":18096.3,"pos":[3606.3122738543836,6020.61602160741,1.895],"noise":[0.0,0.0,0.0],"spd":[-3.12998148538163,-27.193009676387765,0.0],"spd_noise":[0.0,0.0,0.0]}
{"type":2,"rcvTime":18096.399999999998,"pos":[3605.999236858063,6017.896383133584,1.895],"noise":[0.0,0.0,0.0],"spd":[-3.133807817554162,-27.22625252088914,0.0],"spd_noise":[0.0,0.0,0.0]}
{"type":2,"rcvTime":18096.5,"pos":[3605.687280478145,6015.186132962029,1.895],"noise":[0.0,0.0,0.0],"spd":[-3.1229897859181667,-27.132266393389324,0.0],"spd_noise":[0.0,0.0,0.0]}
{"type":2,"rcvTime":18096.6,"pos":[3605.3742897552235,6012.466896507506,1.895],"noise":[0.0,0.0,0.0],"spd":[-3.1333445753831734,-27.222227912783617,0.0],"spd_noise":[0.0,0.0,0.0]}
{"type":3,"rcvTime":18096.60490276365,"sendTime":18096.60479396768,"sender":601,"messageID":300481,"pos":[3591.8625479955064,5730.325005818834,1.895],"pos_noise":[0.0,0.0,0.0],"spd":[1.7297305298466606,-40.24271028618752,0.0],"spd_noise":[0.0,0.0,0.0],"RSSI":2.3555173398858868e-9}
{"type":2,"rcvTime":18096.7,"pos":[3605.062203524608,6009.755518204269,1.895],"noise":[0.0,0.0,0.0],"spd":[-3.1242897189486467,-27.143560099643368,0.0],"spd_noise":[0.0,0.0,0.0]}
{"type":3,"rcvTime":18096.795069432035,"sendTime":18096.794959366696,"sender":625,"messageID":301062,"pos":[3598.426902618522,5898.93791038255,1.895],"pos_noise":[0.0,0.0,0.0],