{"type":2,"rcvTime":25200.0,"pos":[3595.0209080634269,6003.281677204157,1.895],"noise":[0.0,0.0,0.0],"spd":[2.1115846975628465,28.358691896806265,0.0],"spd_noise":[0.0,0.0,0.0]}
{"type":3,"rcvTime":25200.064695181936,"sendTime":25200.064582757885,"sender":805,"messageID":5623,"pos":[3593.997091026574,6057.814739348525,1.895],"pos_noise":[0.0,0.0,0.0],"spd":[3.6087230185456886,34.12858033831626,0.0],"spd_noise":[0.0,0.0,0.0],"RSSI":3.644438154533121e-8}
{"type":2,"rcvTime":25200.1,"pos":[3595.232235207822,6006.119811702985,1.895],"noise":[0.0,0.0,0.0],"spd":[2.1158105165063105,28.415444864166738,0.0],"spd_noise":[0.0,0.0,0.0]}
{"type":3,"rcvTime":25200.12139979092,"sendTime":25200.121285312343,"sender":1015,"messageID":9177,"pos":[3598.2920552200118,5657.505368672189,1.895],"pos_noise":[0.0,0.0,0.0],"spd":[1.5038879475885426,-35.02008161584823,0.0],"spd_noise":[0.0,0.0,0.0],"RSSI":1.2154325725479533e-8}
{"type":3,"rcvTime":25200.12589779099,"sendTime":25200.125781386854,"sender":235,"messageID":10147,"pos":[3594.537925204139,5880.488872253979,1.895],"pos_noise":[0.0,0.0,0.0],"spd":[-0.269649628823725,-31.264013853652704,0.0],"spd_noise":[0.0,0.0,0.0],"RSSI":1.8099721892126469e-9}
{"type":3,"rcvTime":25200.14868079319,"sendTime":25200.148564780364,"sender":37,"messageID":10812,"pos":[3589.0715812371415,5967.809625377584,1.895],"pos_noise":[0.0,0.0,0.0],"spd":[2.5723631282851078,34.595840552605427,0.0],"spd_noise":[0.0,0.0,0.0],"RSSI":1.8641523820773207e-7}
{"type":2,"rcvTime":25200.2,"pos":[3595.473122692523,6008.946544883214,1.895],"noise":[0.0,0.0,0.0],"spd":[2.265699114854474,28.31643920494083,0.0],"spd_noise":[0.0,0.0,0.0]}
{"type":3,"rcvTime":25200.204757055006,"sendTime":25200.20464863605,"sender":7,"messageID":13671,"pos":[3708.197753448381,6091.294588940916,1.895],"pos_noise":[0.0,0.0,0.0],"spd":[2.9383354185981185,27.82526666049326,0.0],"spd_noise":[0.0,0.0,0.0],"RSSI":2.8591896579797797e-7}
{"type":3,"rcvTime":25200.256127532393,"sendTime":25200.256021416742,"sender":619,"messageID":16791,"pos":[3590.128943505926,5937.582339727261,1.895],"pos_noise":[0.0,0.0,0.0],"spd":[2.115128312743719,28.40628283228856,0.0],"spd_noise":[0.0,0.0,0.0],"RSSI":1.9422452208267566e-9}
{"type":3,"rcvTime":25200.263897109995,"sendTime":25200.263778526336,"sender":103,"messageID":17289,"pos":[3343.9102388398157,6000.205252481455,1.895],"pos_noise":[0.0,0.0,0.0],"spd":[1.2879823836347094,-29.965304435558307,0.0],"spd_noise":[0.0,0.0,0.0],"RSSI":3.831106496693723e-9}
{"type":2,"rcvTime":25200.3,"pos":[3595.7723116058525,6011.779785514142,1.895],"noise":[0.0,0.0,0.0],"spd":[2.7302245116537096,28.3932057883347,0.0],"spd_noise":[0.0,0.0,0.0]}
{"type":3,"rcvTime":25200.318634133742,"sendTime":25200.318525640527,"sender":325,"messageID":20188,"pos":[3598.164072975522,5737.392062219734,1.895],"pos_noise":[0.0,0.0,0.0],"spd":[1.7146577318211656,-39.964414378131177,0.0],"spd_noise":[0.0,0.0,0.0],"RSSI":2.9874997440140305e-9}
{"type":2,"rcvTime":25200.399999999998,"pos":[3596.0716184094655,6014.614142535164,1.895],"noise":[0.0,0.0,0.0],"spd":[2.9966641746686397,28.377624700127855,0.0],"spd_noise":[0.0,0.0,0.0]}
{"type":3,"rcvTime":25200.427656839598,"sendTime":25200.427545964252,"sender":43,"messageID":26564,"pos":[3587.721474202505,5769.044396972557,1.895],"pos_noise":[0.0,0.0,0.0],"spd":[-0.031594879166805787,32.56459892199728,0.0],"spd_noise":[0.0,0.0,0.0],"RSSI":2.1425963603768164e-8}
{"type":3,"rcvTime":25200.498671110865,"sendTime":25200.498561167624,"sender":13,"messageID":29659,"pos":[3588.620784219118,5907.680601938369,1.895],"pos_noise":[0.0,0.0,0.0],"spd":[1.2210817284705545,28.679924658018775,0.0],"spd_noise":[0.0,0.0,0.0],"RSSI":5.5914585618263577e-8}
{"type":2,"rcvTime":25200.5,"pos":[3596.36931795253,6017.43327921985,1.895],"noise":[0.0,0.0,0.0],"spd":[2.9805722581267526,28.22523846606856,0.0],"spd_noise":[0.0,0.0,0.0]}
{"type":3,"rcvTime":25200.565880505263,"sendTime":25200.565765130337,"sender":25,"messageID":32838,"pos":[3600.197483330669,5545.383892444244,1.895],"pos_noise":[0.0,0.0,0.0],"spd":[-2.65557231516538,32.41753491869202,0.0],"spd_noise":[0.0,0.0,0.0],"RSSI":1.9314608024301767e-9}
{"type":3,"rcvTime":25200.599089505948,"sendTime":25200.598979972536,"sender":97,"messageID":35011,"pos":[3483.010524220546,5904.851698173767,1.895],"pos_noise":[0.0,0.0,0.0],"spd":[1.281753574590463,-29.820389286375016,0.0],"spd_noise":[0.0,0.0,0.0],"RSSI":1.8447794319940258e-8}
{"type":2,"rcvTime":25200.6,"pos":[3596.668734197773,6020.268672624441,1.895],"noise":[0.0,0.0,0.0],"spd":[2.9977599059006088,28.388000987846664,0.0],"spd_noise":[0.0,0.0,0.0]}
{"type":3,"rcvTime":25200.63094900134,"sendTime":25200.630839117337,"sender":457,"messageID":36568,"pos":[3619.3761441064318,5453.07190712295,1.895],"pos_noise":[0.0,0.0,0.0],"spd":[3.8225534593371126,-30.854965180004709,0.0],"spd_noise":[0.0,0.0,0.0],"RSSI":2.576228230621457e-9}
{"type":3,"rcvTime":25200.640514599734,"sendTime":25200.64040672639,"sender":31,"messageID":37132,"pos":[3594.85953308404,6034.574057454462,1.895],"pos_noise":[0.0,0.0,0.0],"spd":[3.613996892888895,34.20098953187709,0.0],"spd_noise":[0.0,0.0,0.0],"RSSI":5.258136587641852e-7}
{"type":2,"rcvTime":25200.7,"pos":[3596.9672369926227,6023.0954158931,1.895],"noise":[0.0,0.0,0.0],"spd":[2.98861442695622,28.301395698077927,0.0],"spd_noise":[0.0,0.0,0.0]}
{"type":3,"rcvTime":25200.761886006858,"sendTime":25200.761778182816,"sender":967,"messageID":42952,"pos":[3584.3073024719494,5948.19681291237,1.895],"pos_noise":[0.0,0.0,0.0],"spd":[2.56482461043238,34.543181886298537,0.0],"spd_noise":[0.0,0.0,0.0],"RSSI":2.7835844066339826e-9}
{"type":2,"rcvTime":25200.8,"pos":[3597.2660126465177,6025.924743065443,1.895],"noise":[0.0,0.0,0.0],"spd":[2.991346295786837,28.327265780242589,0.0],"spd_noise":[0.0,0.0,0.0]}
{"type":3,"rcvTime":25200.896488047543,"sendTime":25200.896373876367,"sender":109,"messageID":51554,"pos":[3591.190154931879,5798.4799423345179,1.895],"pos_noise":[0.0,0.0,0.0],"spd":[-0.020511494103480529,-35.24131080762577,0.0],"spd_noise":[0.0,0.0,0.0],"RSSI":3.469198677369845e-9}
{"type":2,"rcvTime":25200.899999999998,"pos":[3597.5656947093568,6028.762653693034,1.895],"noise":[0.0,0.0,0.0],"spd":[3.0004212756302857,28.413203461994038,0.0],"spd_noise":[0.0,0.0,0.0]}
{"type":3,"rcvTime":25200.92049348634,"sendTime":25200.920381986303,"sender":853,"messageID":52715,"pos":[3355.4807171158806,5929.203129230238,1.895],"pos_noise":[0.0,0.0,0.0],"spd":[-1.5390468055785416,36.78630360239938,0.0],"spd_noise":[0.0,0.0,0.0],"RSSI":4.988801335844617e-9}
{"type":3,"rcvTime":25200.99396249619,"sendTime":25200.993852010462,"sender":55,"messageID":56701,"pos":[3594.2566061044356,5993.017062293768,1.895],"pos_noise":[0.0,0.0,0.0],"spd":[2.1233874953422977,28.51720408252439,0.0],"spd_noise":[0.0,0.0,0.0],"RSSI":2.6727356059695448e-8}
{"type":2,"rcvTime":25201.0,"pos":[3597.8646182546015,6031.593381357714,1.895],"noise":[0.0,0.0,0.0],"spd":[2.992826986178312,28.341287530376865,0.0],"spd_noise":[0.0,0.0,0.0]}
{"type":2,"rcvTime":25201.1,"pos":[3598.163276939611,6034.421600865351,1.895],"noise":[0.0,0.0,0.0],"spd":[2.990175201560678,28.316175824711587,0.0],"spd_noise":[0.0,0.0,0.0]}
{"type":3,"rcvTime":25201.1132937997,"sendTime":25201.113180083456,"sender":1081,"messageID":64833,"pos":[3874.0540857631278,5348.915370202959,1.895],"pos_noise":[0.0,0.0,0.0],"spd":[-3.142805142520176,38.36438505558132,0.0],"spd_noise":[0.0,0.0,0.0],"RSSI":2.223518190394188e-9}
{"type":3,"rcvTime":25201.125891800286,"sendTime":25201.125781386854,"sender":235,"messageID":66132,"pos":[3594.519684118521,5849.180328926821,1.895],"pos_noise":[0.0,0.0,0.0],"spd":[-0.0182561652601586,-31.33442564620084,0.0],"spd_noise":[0.0,0.0,0.0],"RSSI":2.726512822998523e-9}
{"type":3,"rcvTime":25201.14867480245,"sendTime":25201.148564780364,"sender":37,"messageID":66790,"pos":[3591.638998527949,6002.338949114229,1.895],"pos_noise":[0.0,0.0,0.0],"spd":[2.571665894146475,34.58646341575304,0.0],