{"type":2,"rcvTime":25299.8,"pos":[6323.693212178408,5732.701697200113,1.895],"noise":[0.0,0.0,0.0],"spd":[-14.052004702644077,-0.8936900806944143,0.0],"spd_noise":[0.0,0.0,0.0]}
{"type":3,"rcvTime":25299.82825532591,"sendTime":25299.82814884796,"sender":2545,"messageID":6064825,"pos":[5950.950288947818,5810.520397956725,1.895],"pos_noise":[0.0,0.0,0.0],"spd":[-15.223697793442426,-0.05177050398471337,0.0],"spd_noise":[0.0,0.0,0.0],"RSSI":3.673630786541342e-9}
{"type":3,"rcvTime":25299.828418408568,"sendTime":25299.828263526175,"sender":1945,"messageID":6065180,"pos":[6047.33411370256,5724.655593365276,1.895],"pos_noise":[0.0,0.0,0.0],"spd":[4.376619143605838,0.37861668228060227,0.0],"spd_noise":[0.0,0.0,0.0],"RSSI":2.459578234763822e-8}
{"type":3,"rcvTime":25299.83648543462,"sendTime":25299.836373453076,"sender":2515,"messageID":6065544,"pos":[6097.314809758954,5752.203391677062,1.895],"pos_noise":[0.0,0.0,0.0],"spd":[0.2360662448050473,-4.710846759919158,0.0],"spd_noise":[0.0,0.0,0.0],"RSSI":1.8411260166459879e-9}
{"type":2,"rcvTime":25299.899999999998,"pos":[6322.292077815698,5732.611832890371,1.895],"noise":[0.0,0.0,0.0],"spd":[-14.012720680210748,-0.8941158916805618,0.0],"spd_noise":[0.0,0.0,0.0]}
{"type":3,"rcvTime":25299.923328289256,"sendTime":25299.92321141451,"sender":2425,"messageID":6072446,"pos":[5586.670323057978,5810.133630324813,1.895],"pos_noise":[0.0,0.0,0.0],"spd":[-14.842238647652979,-0.05037540304493172,0.0],"spd_noise":[0.0,0.0,0.0],"RSSI":2.0701500246768016e-9}
{"type":3,"rcvTime":25299.96759622577,"sendTime":25299.967487947175,"sender":1789,"messageID":6075296,"pos":[5855.979374638359,5658.488032895695,1.895],"pos_noise":[0.0,0.0,0.0],"spd":[7.1079905126491289,0.8197118091201334,0.0],"spd_noise":[0.0,0.0,0.0],"RSSI":5.1152978634753529e-9}
{"type":3,"rcvTime":25299.969215312056,"sendTime":25299.969108826015,"sender":2647,"messageID":6075679,"pos":[6094.929067786667,5799.81233657051,1.895],"pos_noise":[0.0,0.0,0.0],"spd":[0.4792274617230316,-9.563278041655967,0.0],"spd_noise":[0.0,0.0,0.0],"RSSI":7.3188542931596559e-9}
{"type":3,"rcvTime":25299.990282393912,"sendTime":25299.990168479922,"sender":2575,"messageID":6077473,"pos":[6268.358710380063,5931.50479381027,1.895],"pos_noise":[0.0,0.0,0.0],"spd":[0.3129919033106795,-6.245945475213726,0.0],"spd_noise":[0.0,0.0,0.0],"RSSI":3.001962874443302e-9}
{"type":2,"rcvTime":25300.0,"pos":[6320.886455033775,5732.521680707672,1.895],"noise":[0.0,0.0,0.0],"spd":[-14.057421952265257,-0.8999111956698246,0.0],"spd_noise":[0.0,0.0,0.0]}
