{"type":2,"rcvTime":25298.8,"pos":[3609.7497022904,6079.319712613999,1.895],"noise":[0.0,0.0,0.0],"spd":[-5.001062939572186,-43.42245226709169,0.0],"spd_noise":[0.0,0.0,0.0]}
{"type":3,"rcvTime":25298.82921152927,"sendTime":25298.8290970332,"sender":3007,"messageID":6459588,"pos":[3592.9766021659695,5928.571258756552,1.895],"pos_noise":[0.0,0.0,0.0],"spd":[-1.8179740703485852,-33.0705725689138,0.0],"spd_noise":[0.0,0.0,0.0],"RSSI":3.1684344343991589e-9}
{"type":3,"rcvTime":25298.85551052656,"sendTime":25298.855399788914,"sender":2791,"messageID":6461427,"pos":[3603.1367316675657,5632.76969304165,1.895],"pos_noise":[0.0,0.0,0.0],"spd":[2.5126840742552245,-29.845427695953963,0.0],"spd_noise":[0.0,0.0,0.0],"RSSI":2.7086951929002636e-9}
{"type":3,"rcvTime":25298.85998953379,"sendTime":25298.859875148206,"sender":2767,"messageID":6461770,"pos":[3584.400056166741,5791.092818116004,1.895],"pos_noise":[0.0,0.0,0.0],"spd":[-0.033713511789214629,34.7845641255236,0.0],"spd_noise":[0.0,0.0,0.0],"RSSI":2.5673816423840418e-8}
{"type":2,"rcvTime":25298.899999999998,"pos":[3609.24878671759,6074.970440706613,1.895],"noise":[0.0,0.0,0.0],"spd":[-5.009136836276107,-43.49255504289779,0.0],"spd_noise":[0.0,0.0,0.0]}
{"type":2,"rcvTime":25299.0,"pos":[3608.748938391244,6070.630435320999,1.895],"noise":[0.0,0.0,0.0],"spd":[-4.998464411893146,-43.3998901746603,0.0],"spd_noise":[0.0,0.0,0.0]}
{"type":2,"rcvTime":25299.1,"pos":[3608.248201609523,6066.2827157931,1.895],"noise":[0.0,0.0,0.0],"spd":[-5.007348932129486,-43.477031306572417,0.0],"spd_noise":[0.0,0.0,0.0]}
{"type":3,"rcvTime":25299.149408663023,"sendTime":25299.149290759397,"sender":3049,"messageID":6479893,"pos":[3597.58799265975,5998.811807552723,1.895],"pos_noise":[0.0,0.0,0.0],"spd":[-2.2005246615583555,-33.149424141367507,0.0],"spd_noise":[0.0,0.0,0.0],"RSSI":2.9424246698147255e-9}
{"type":3,"rcvTime":25299.1717779372,"sendTime":25299.171671783504,"sender":2719,"messageID":6481349,"pos":[3835.3778362885529,5812.614814124588,1.895],"pos_noise":[0.0,0.0,0.0],"spd":[2.3517041498729087,31.6728652171256,0.0],"spd_noise":[0.0,0.0,0.0],"RSSI":4.606577934300595e-8}
{"type":2,"rcvTime":25299.2,"pos":[3607.7484402598777,6061.943465595267,1.895],"noise":[0.0,0.0,0.0],"spd":[-4.9975946481685888,-43.39233832532956,0.0],"spd_noise":[0.0,0.0,0.0]}
{"type":2,"rcvTime":25299.3,"pos":[3607.247907339738,6057.597516125029,1.895],"noise":[0.0,0.0,0.0],"spd":[-5.005310324004958,-43.45933079672039,0.0],"spd_noise":[0.0,0.0,0.0]}
{"type":3,"rcvTime":25299.38107642384,"sendTime":25299.38096730644,"sender":3025,"messageID":6493101,"pos":[3594.461291694797,5951.710160267817,1.895],"pos_noise":[0.0,0.0,0.0],"spd":[-2.199882952637731,-33.139757228077908,0.0],"spd_noise":[0.0,0.0,0.0],"RSSI":5.73509763047982e-8}
{"type":3,"rcvTime":25299.38715443007,"sendTime":25299.3870413193,"sender":2587,"messageID":6494094,"pos":[3593.8124305992785,6024.664823389923,1.895],"pos_noise":[0.0,0.0,0.0],"spd":[3.048445676592354,28.84890656070532,0.0],"spd_noise":[0.0,0.0,0.0],"RSSI":1.4701055879462894e-7}
{"type":2,"rcvTime":25299.399999999998,"pos":[3606.7470629188489,6053.248862004483,1.895],"noise":[0.0,0.0,0.0],"spd":[-5.008425319754402,-43.48637719779281,0.0],"spd_noise":[0.0,0.0,0.0]}
{"type":3,"rcvTime":25299.457323086535,"sendTime":25299.4572048218,"sender":2725,"messageID":6499070,"pos":[3582.7961237335136,5925.825032585791,1.895],"pos_noise":[0.0,0.0,0.0],"spd":[1.3968376248821304,32.6466924288446,0.0],"spd_noise":[0.0,0.0,0.0],"RSSI":7.2702186078472388e-9}
{"type":3,"rcvTime":25299.491055728915,"sendTime":25299.490941260476,"sender":2821,"messageID":6501955,"pos":[3601.6831301912059,5655.371576044607,1.895],"pos_noise":[0.0,0.0,0.0],"spd":[1.2941258749193867,-30.162860938954954,0.0],"spd_noise":[0.0,0.0,0.0],"RSSI":2.6094233747412776e-9}
{"type":2,"rcvTime":25299.5,"pos":[3606.247133398798,6048.908151642783,1.895],"noise":[0.0,0.0,0.0],"spd":[-4.99927634588031,-43.40693990893232,0.0],"spd_noise":[0.0,0.0,0.0]}
{"type":3,"rcvTime":25299.58721072444,"sendTime":25299.5871026847,"sender":3073,"messageID":6506477,"pos":[3606.6957338322265,6023.947488881801,1.895],"pos_noise":[0.0,0.0,0.0],"spd":[-3.4435248280204688,-29.917047243442288,0.0],"spd_noise":[0.0,0.0,0.0],"RSSI":2.428134542313974e-7}
{"type":2,"rcvTime":25299.6,"pos":[3605.7470208077399,6044.56585174059,1.895],"noise":[0.0,0.0,0.0],"spd":[-5.001107049041812,-43.422835253912,0.0],"spd_noise":[0.0,0.0,0.0]}
{"type":3,"rcvTime":25299.6416218771,"sendTime":25299.641512781196,"sender":2755,"messageID":6509282,"pos":[3614.570289762747,5438.212323629995,1.895],"pos_noise":[0.0,0.0,0.0],"spd":[4.160640268209014,-33.60022793577379,0.0],"spd_noise":[0.0,0.0,0.0],"RSSI":1.386054874554941e-9}
{"type":2,"rcvTime":25299.7,"pos":[3605.246430173087,6040.219401155746,1.895],"noise":[0.0,0.0,0.0],"spd":[-5.00588746696289,-43.464341923885687,0.0],"spd_noise":[0.0,0.0,0.0]}
{"type":3,"rcvTime":25299.723522724675,"sendTime":25299.723416276232,"sender":3085,"messageID":6515814,"pos":[3600.904426038805,6031.370914727814,1.895],"pos_noise":[0.0,0.0,0.0],"spd":[-3.968844700721196,-34.43922418934739,0.0],"spd_noise":[0.0,0.0,0.0],"RSSI":4.453800163405126e-7}
{"type":3,"rcvTime":25299.745552189874,"sendTime":25299.745444998098,"sender":2737,"messageID":6517447,"pos":[3588.6802917631928,5962.547153644181,1.895],"pos_noise":[0.0,0.0,0.0],"spd":[2.503346751785025,33.66763584826458,0.0],"spd_noise":[0.0,0.0,0.0],"RSSI":5.633821124420432e-8}
{"type":3,"rcvTime":25299.78787403245,"sendTime":25299.787762834363,"sender":2749,"messageID":6521571,"pos":[3587.7245786606,5765.8446558940499,1.895],"pos_noise":[0.0,0.0,0.0],"spd":[-0.02909625534325043,29.989286564705809,0.0],"spd_noise":[0.0,0.0,0.0],"RSSI":1.513875527202908e-8}
{"type":2,"rcvTime":25299.8,"pos":[3604.746618519964,6035.879714190696,1.895],"noise":[0.0,0.0,0.0],"spd":[-4.998097681044929,-43.396705981031079,0.0],"spd_noise":[0.0,0.0,0.0]}
{"type":3,"rcvTime":25299.85551920598,"sendTime":25299.855399788914,"sender":2791,"messageID":6526558,"pos":[3605.6460621014109,5602.964099574526,1.895],"pos_noise":[0.0,0.0,0.0],"spd":[2.5106829635217284,-29.821658688788117,0.0],"spd_noise":[0.0,0.0,0.0],"RSSI":3.0239448403301559e-9}
{"type":3,"rcvTime":25299.859985212646,"sendTime":25299.859875148206,"sender":2767,"messageID":6526940,"pos":[3584.3663095162676,5825.911573715637,1.895],"pos_noise":[0.0,0.0,0.0],"spd":[-0.03378514542582997,34.85847350767192,0.0],"spd_noise":[0.0,0.0,0.0],"RSSI":8.346981806471078e-9}
{"type":2,"rcvTime":25299.899999999998,"pos":[3604.246862877413,6031.54051354554,1.895],"noise":[0.0,0.0,0.0],"spd":[-4.997537577434216,-43.391842800424338,0.0],"spd_noise":[0.0,0.0,0.0]}
{"type":3,"rcvTime":25299.96726844151,"sendTime":25299.967157330273,"sender":3109,"messageID":6533161,"pos":[3604.9326830018,6066.325682450434,1.895],"pos_noise":[0.0,0.0,0.0],"spd":[-3.982741374376126,-34.559811084425337,0.0],"spd_noise":[0.0,0.0,0.0],"RSSI":1.358195576145918e-8}
{"type":3,"rcvTime":25299.968785655576,"sendTime":25299.968672068742,"sender":2815,"messageID":6533598,"pos":[3586.519501403643,5700.125143871318,1.895],"pos_noise":[0.0,0.0,0.0],"spd":[-1.4341280964466899,34.31343541476654,0.0],"spd_noise":[0.0,0.0,0.0],"RSSI":1.864112019800816e-8}
{"type":2,"rcvTime":25300.0,"pos":[3603.7460451754366,6027.192091415812,1.895],"noise":[0.0,0.0,0.0],"spd":[-5.008158131641478,-43.48405729836827,0.0],"spd_noise":[0.0,0.0,0.0]}
