{"type":2,"rcvTime":18096.8,"pos":[6095.484763138949,6079.735477229996,1.895],"noise":[0.0,0.0,0.0],"spd":[7.168758719573233,-14.544313736006327,0.0],"spd_noise":[0.0,0.0,0.0]}
{"type":2,"rcvTime":18096.899999999998,"pos":[6096.226712402045,6078.285987944992,1.895],"noise":[0.0,0.0,0.0],"spd":[7.270756485901233,-14.482665109151315,0.0],"spd_noise":[0.0,0.0,0.0]}
{"type":2,"rcvTime":18097.0,"pos":[6096.964894888607,6076.84385752197,1.895],"noise":[0.0,0.0,0.0],"spd":[7.338692482778698,-14.356021855880908,0.0],"spd_noise":[0.0,0.0,0.0]}
{"type":2,"rcvTime":18097.1,"pos":[6097.702315368901,6075.403215772063,1.895],"noise":[0.0,0.0,0.0],"spd":[7.338809142635484,-14.33726771633384,0.0],"spd_noise":[0.0,0.0,0.0]}
{"type":2,"rcvTime":18097.2,"pos":[6098.612086744738,6074.084177088539,1.895],"noise":[0.0,0.0,0.0],"spd":[7.977705670708126,-14.097543914640353,0.0],"spd_noise":[0.0,0.0,0.0]}
{"type":2,"rcvTime":18097.3,"pos":[6099.817968926554,6073.007409564572,1.895],"noise":[0.0,0.0,0.0],"spd":[9.531068549453167,-12.962012484525812,0.0],"spd_noise":[0.0,0.0,0.0]}
{"type":2,"rcvTime":18097.399999999998,"pos":[6101.032020892115,6071.923347001386,1.895],"noise":[0.0,0.0,0.0],"spd":[11.095232566546754,-11.801279064824972,0.0],"spd_noise":[0.0,0.0,0.0]}
{"type":2,"rcvTime":18097.5,"pos":[6102.2398926667069,6070.84480291175,1.895],"noise":[0.0,0.0,0.0],"spd":[12.020740756996489,-10.733671544632666,0.0],"spd_noise":[0.0,0.0,0.0]}
{"type":2,"rcvTime":18097.6,"pos":[6103.475034400987,6069.791344169497,1.895],"noise":[0.0,0.0,0.0],"spd":[12.138165535638901,-10.679396489753053,0.0],"spd_noise":[0.0,0.0,0.0]}
{"type":2,"rcvTime":18097.7,"pos":[6104.772012958834,6068.819061217231,1.895],"noise":[0.0,0.0,0.0],"spd":[12.401093375037311,-10.317234986591071,0.0],"spd_noise":[0.0,0.0,0.0]}
{"type":2,"rcvTime":18097.8,"pos":[6106.071285672426,6067.845058445846,1.895],"noise":[0.0,0.0,0.0],"spd":[12.704377633833529,-9.987626357619093,0.0],"spd_noise":[0.0,0.0,0.0]}
{"type":2,"rcvTime":18097.899999999998,"pos":[6107.37111177142,6066.870640827823,1.895],"noise":[0.0,0.0,0.0],"spd":[12.935870258631029,-9.697404825318987,0.0],"spd_noise":[0.0,0.0,0.0]}
{"type":2,"rcvTime":18098.0,"pos":[6108.670233377456,6065.896751334564,1.895],"noise":[0.0,0.0,0.0],"spd":[12.928859144204687,-9.692148927299792,0.0],"spd_noise":[0.0,0.0,0.0]}
{"type":2,"rcvTime":18098.1,"pos":[6109.964147945127,6064.926765309565,1.895],"noise":[0.0,0.0,0.0],"spd":[12.877038694702773,-9.653301608410306,0.0],"spd_noise":[0.0,0.0,0.0]}
{"type":2,"rcvTime":18098.2,"pos":[6111.435665544271,6064.279041033665,1.895],"noise":[0.0,0.0,0.0],"spd":[13.603607722486436,-8.720253455711124,0.0],"spd_noise":[0.0,0.0,0.0]}
{"type":2,"rcvTime":18098.3,"pos":[6112.971669265962,6063.754551957964,1.895],"noise":[0.0,0.0,0.0],"spd":[14.416893673139584,-7.284908072204423,0.0],"spd_noise":[0.0,0.0,0.0]}
{"type":2,"rcvTime":18098.399999999998,"pos":[6114.5054602142449,6063.230818463429,1.895],"noise":[0.0,0.0,0.0],"spd":[15.059893855455709,-5.776252413503416,0.0],"spd_noise":[0.0,0.0,0.0]}
{"type":2,"rcvTime":18098.5,"pos":[6116.045376530526,6062.704993379822,1.895],"noise":[0.0,0.0,0.0],"spd":[15.325248271262476,-5.23301160481955,0.0],"spd_noise":[0.0,0.0,0.0]}
{"type":3,"rcvTime":18098.56318923754,"sendTime":18098.563083188747,"sender":607,"messageID":320077,"pos":[6129.149079305641,5822.007378888457,1.895],"pos_noise":[0.0,0.0,0.0],"spd":[-0.8872217974144079,-0.08938226669893555,0.0],"spd_noise":[0.0,0.0,0.0],"RSSI":1.7595166684749138e-8}
{"type":2,"rcvTime":18098.6,"pos":[6117.578643701618,6062.181438736034,1.895],"noise":[0.0,0.0,0.0],"spd":[15.259075973635554,-5.2104161861205979,0.0],"spd_noise":[0.0,0.0,0.0]}
{"type":2,"rcvTime":18098.7,"pos":[6119.113533809225,6061.657329918801,1.895],"noise":[0.0,0.0,0.0],"spd":[15.275227438984273,-5.215931320629918,0.0],"spd_noise":[0.0,0.0,0.0]}
{"type":2,"rcvTime":18098.8,"pos":[6120.643845848564,6061.134784344394,1.895],"noise":[0.0,0.0,0.0],"spd":[15.22966650031935,-5.200373926939453,0.0],"spd_noise":[0.0,0.0,0.0]}
{"type":2,"rcvTime":18098.899999999998,"pos":[6122.17914757337,6060.610534974948,1.895],"noise":[0.0,0.0,0.0],"spd":[15.279323853637667,-5.217330096362304,0.0],"spd_noise":[0.0,0.0,0.0]}
{"type":3,"rcvTime":18098.980293683846,"sendTime":18098.98017556779,"sender":565,"messageID":321358,"pos":[6214.332786659044,6025.521149095717,1.895],"pos_noise":[0.0,0.0,0.0],"spd":[-18.107961756399904,6.231749000850795,0.0],"spd_noise":[0.0,0.0,0.0],"RSSI":1.2170843382166588e-7}
{"type":2,"rcvTime":18099.0,"pos":[6123.718801566584,6060.0865108300699,1.895],"noise":[0.0,0.0,0.0],"spd":[15.319131493349362,-5.225409570326708,0.0],"spd_noise":[0.0,0.0,0.0]}
{"type":2,"rcvTime":18099.1,"pos":[6125.260386734511,6059.563946046975,1.895],"noise":[0.0,0.0,0.0],"spd":[15.335693726536255,-5.218710732828782,0.0],"spd_noise":[0.0,0.0,0.0]}
{"type":3,"rcvTime":18099.149697836066,"sendTime":18099.149589088232,"sender":619,"messageID":321761,"pos":[6354.486016336701,5919.033459241334,1.895],"pos_noise":[0.0,0.0,0.0],"spd":[12.365277502651848,-10.415601616526374,0.0],"spd_noise":[0.0,0.0,0.0],"RSSI":9.056233660752486e-9}
{"type":2,"rcvTime":18099.2,"pos":[6126.7925107722389,6059.044588387011,1.895],"noise":[0.0,0.0,0.0],"spd":[15.245289444588112,-5.175752135396904,0.0],"spd_noise":[0.0,0.0,0.0]}
{"type":2,"rcvTime":18099.3,"pos":[6128.332991391961,6058.522398022406,1.895],"noise":[0.0,0.0,0.0],"spd":[15.330864219511272,-5.196838878712529,0.0],"spd_noise":[0.0,0.0,0.0]}
{"type":2,"rcvTime":18099.399999999998,"pos":[6129.868442278915,6058.001912630883,1.895],"noise":[0.0,0.0,0.0],"spd":[15.280808315440455,-5.179870985406285,0.0],"spd_noise":[0.0,0.0,0.0]}
{"type":2,"rcvTime":18099.5,"pos":[6131.408706917888,6057.479795479188,1.895],"noise":[0.0,0.0,0.0],"spd":[15.328714778937858,-5.196110263796927,0.0],"spd_noise":[0.0,0.0,0.0]}
{"type":3,"rcvTime":18099.563199180015,"sendTime":18099.563083188747,"sender":607,"messageID":323503,"pos":[6127.139866216387,5821.804962738717,1.895],"pos_noise":[0.0,0.0,0.0],"spd":[-2.8784800440645394,-0.28998957389855636,0.0],"spd_noise":[0.0,0.0,0.0],"RSSI":1.8499913074066427e-8}
{"type":2,"rcvTime":18099.6,"pos":[6132.950190894658,6056.957264997756,1.895],"noise":[0.0,0.0,0.0],"spd":[15.34084962956596,-5.200223721632295,0.0],"spd_noise":[0.0,0.0,0.0]}
{"type":3,"rcvTime":18099.61055268733,"sendTime":18099.610439945853,"sender":559,"messageID":323811,"pos":[6350.799163769563,5598.484938144206,1.895],"pos_noise":[0.0,0.0,0.0],"spd":[0.13554657602866958,-2.70491509290959,0.0],"spd_noise":[0.0,0.0,0.0],"RSSI":6.902592728600967e-9}
{"type":2,"rcvTime":18099.7,"pos":[6134.4932323197249,6056.434206574276,1.895],"noise":[0.0,0.0,0.0],"spd":[15.35634935611768,-5.205477801271907,0.0],"spd_noise":[0.0,0.0,0.0]}
{"type":3,"rcvTime":18099.79166316807,"sendTime":18099.791552016744,"sender":469,"messageID":324348,"pos":[6016.601648709424,5712.0664931359719,1.895],"pos_noise":[0.0,0.0,0.0],"spd":[-15.315821937165547,-1.3253010293220738,0.0],"spd_noise":[0.0,0.0,0.0],"RSSI":8.397124749597517e-9}
{"type":2,"rcvTime":18099.8,"pos":[6136.032439489266,6055.912447882363,1.895],"noise":[0.0,0.0,0.0],"spd":[15.318190842406488,-5.192542871786911,0.0],"spd_noise":[0.0,0.0,0.0]}
{"type":2,"rcvTime":18099.899999999998,"pos":[6137.565079479181,6055.392915325515,1.895],"noise":[0.0,0.0,0.0],"spd":[15.25283426611561,-5.170388374051512,0.0],"spd_noise":[0.0,0.0,0.0]}
{"type":3,"rcvTime":18099.980291314194,"sendTime":18099.98017556779,"sender":565,"messageID":324762,"pos":[6196.298634162049,6031.899188008973,1.895],"pos_noise":[0.0,0.0,0.0],"spd":[-18.241155660604546,6.165262740877391,0.0],"spd_noise":[0.0,0.0,0.0],"RSSI":1.4309598137536997e-7}
{"type":2,"rcvTime":18100.0,"pos":[6139.102506161801,6054.8717601810299,1.895],"noise":[0.0,0.0,0.0],"spd":[15.300471435301088,-5.186536367363248,0.0],"spd_noise":[0.0,0.0,0.0]}
