{"type":2,"rcvTime":25297.2,"pos":[3609.5659074237739,6077.723887102616,1.895],"noise":[0.0,0.0,0.0],"spd":[-3.498579757091592,-30.376924733898404,0.0],"spd_noise":[0.0,0.0,0.0]}
{"type":2,"rcvTime":25297.3,"pos":[3609.2160273567785,6074.68600281844,1.895],"noise":[0.0,0.0,0.0],"spd":[-3.4987874743745577,-30.378728269225538,0.0],"spd_noise":[0.0,0.0,0.0]}
{"type":3,"rcvTime":25297.342826825472,"sendTime":25297.342719542747,"sender":2875,"messageID":6242354,"pos":[3601.9102837583238,6040.099137199907,1.895],"pos_noise":[0.0,0.0,0.0],"spd":[-4.196078931525106,-36.41102485383993,0.0],"spd_noise":[0.0,0.0,0.0],"RSSI":7.049372804700477e-8}
{"type":2,"rcvTime":25297.399999999998,"pos":[3608.865786881763,6071.644989239508,1.895],"noise":[0.0,0.0,0.0],"spd":[-3.5023915409799315,-30.41002109877598,0.0],"spd_noise":[0.0,0.0,0.0]}
{"type":3,"rcvTime":25297.417903696256,"sendTime":25297.417793281562,"sender":2659,"messageID":6246195,"pos":[3603.012886117485,5511.015248958006,1.895],"pos_noise":[0.0,0.0,0.0],"spd":[-2.4487967933765937,29.893351088486577,0.0],"spd_noise":[0.0,0.0,0.0],"RSSI":2.207029060901246e-9}
{"type":2,"rcvTime":25297.5,"pos":[3608.515617648888,6068.604594230757,1.895],"noise":[0.0,0.0,0.0],"spd":[-3.5016791222660359,-30.403835420280815,0.0],"spd_noise":[0.0,0.0,0.0]}
{"type":2,"rcvTime":25297.6,"pos":[3608.1654085787156,6065.563853328912,1.895],"noise":[0.0,0.0,0.0],"spd":[-3.502077493738798,-30.40729433818479,0.0],"spd_noise":[0.0,0.0,0.0]}
{"type":3,"rcvTime":25297.636554956298,"sendTime":25297.636440583086,"sender":2569,"messageID":6261083,"pos":[3584.4311731589257,5758.987263025658,1.895],"pos_noise":[0.0,0.0,0.0],"spd":[-0.03249852559419274,33.53097875368211,0.0],"spd_noise":[0.0,0.0,0.0],"RSSI":1.3276270934603044e-8}
{"type":3,"rcvTime":25297.644521079426,"sendTime":25297.64440293,"sender":2599,"messageID":6262641,"pos":[3593.5581801191917,5626.43227605062,1.895],"pos_noise":[0.0,0.0,0.0],"spd":[-2.4534522289037987,29.95018167934407,0.0],"spd_noise":[0.0,0.0,0.0],"RSSI":6.143606779767862e-9}
{"type":2,"rcvTime":25297.7,"pos":[3607.8147141284296,6062.518898044032,1.895],"noise":[0.0,0.0,0.0],"spd":[-3.506931276566169,-30.44943800960083,0.0],"spd_noise":[0.0,0.0,0.0]}
{"type":3,"rcvTime":25297.73234527804,"sendTime":25297.73223305554,"sender":2533,"messageID":6267667,"pos":[3633.4209535094739,5259.167489133548,1.895],"pos_noise":[0.0,0.0,0.0],"spd":[-1.2468296419058125,29.862546188498034,0.0],"spd_noise":[0.0,0.0,0.0],"RSSI":6.762542032005925e-9}
{"type":3,"rcvTime":25297.777969329672,"sendTime":25297.777858940743,"sender":2893,"messageID":6269286,"pos":[3611.9490383480585,6069.5877462440989,1.895],"pos_noise":[0.0,0.0,0.0],"spd":[-3.1608957468546978,-27.46159011857347,0.0],"spd_noise":[0.0,0.0,0.0],"RSSI":1.3880860402483929e-9}
{"type":3,"rcvTime":25297.784361419715,"sendTime":25297.784252876325,"sender":2707,"messageID":6269543,"pos":[3591.1614883164186,5749.227113646487,1.895],"pos_noise":[0.0,0.0,0.0],"spd":[-0.019890820767204003,-34.17491643170288,0.0],"spd_noise":[0.0,0.0,0.0],"RSSI":1.7009814867332657e-8}
{"type":2,"rcvTime":25297.8,"pos":[3607.4642627589435,6059.476053343351,1.895],"noise":[0.0,0.0,0.0],"spd":[-3.5045004777355528,-30.42833224719218,0.0],"spd_noise":[0.0,0.0,0.0]}
{"type":3,"rcvTime":25297.825076920308,"sendTime":25297.824960067777,"sender":2419,"messageID":6272481,"pos":[3584.4074770268168,5886.293817815171,1.895],"pos_noise":[0.0,0.0,0.0],"spd":[0.5134182861744974,27.054446838807026,0.0],"spd_noise":[0.0,0.0,0.0],"RSSI":5.427463797102543e-9}
{"type":3,"rcvTime":25297.880354950987,"sendTime":25297.880237160014,"sender":2527,"messageID":6277566,"pos":[3581.0584984573117,5833.988554898602,1.895],"pos_noise":[0.0,0.0,0.0],"spd":[-0.02882113734952985,29.767800861442564,0.0],"spd_noise":[0.0,0.0,0.0],"RSSI":7.955103356751634e-9}
{"type":2,"rcvTime":25297.899999999998,"pos":[3607.1135335036535,6056.430795858994,1.895],"noise":[0.0,0.0,0.0],"spd":[-3.5072793252901874,-30.452459992960717,0.0],"spd_noise":[0.0,0.0,0.0]}
{"type":3,"rcvTime":25297.92849809381,"sendTime":25297.928382412716,"sender":2521,"messageID":6280737,"pos":[3613.375516006699,5474.690868771438,1.895],"pos_noise":[0.0,0.0,0.0],"spd":[3.741214065673642,-30.205734300934784,0.0],"spd_noise":[0.0,0.0,0.0],"RSSI":1.98011481068446e-9}
{"type":3,"rcvTime":25297.935663952743,"sendTime":25297.935556735094,"sender":2845,"messageID":6281120,"pos":[3601.8661756497269,6039.716393818625,1.895],"pos_noise":[0.0,0.0,0.0],"spd":[-2.368738985691175,-35.68345980783596,0.0],"spd_noise":[0.0,0.0,0.0],"RSSI":4.291473615778951e-8}
{"type":3,"rcvTime":25297.947463916964,"sendTime":25297.947345644094,"sender":2575,"messageID":6281680,"pos":[3633.8772955191554,5256.242066140128,1.895],"pos_noise":[0.0,0.0,0.0],"spd":[-1.2507384093365786,29.956164228971994,0.0],"spd_noise":[0.0,0.0,0.0],"RSSI":5.113787557366711e-9}
{"type":2,"rcvTime":25298.0,"pos":[3606.763882000625,6053.394896114518,1.895],"noise":[0.0,0.0,0.0],"spd":[-3.4965018433248638,-30.358882947075324,0.0],"spd_noise":[0.0,0.0,0.0]}
{"type":3,"rcvTime":25298.008090893367,"sendTime":25298.007977527428,"sender":2665,"messageID":6285365,"pos":[3598.366106808619,5527.379416885781,1.895],"pos_noise":[0.0,0.0,0.0],"spd":[-2.572520107082679,31.40328599188104,0.0],"spd_noise":[0.0,0.0,0.0],"RSSI":2.9994142904496365e-9}
{"type":3,"rcvTime":25298.01333689426,"sendTime":25298.013227734577,"sender":2671,"messageID":6285796,"pos":[3598.067671253153,6006.037842971469,1.895],"pos_noise":[0.0,0.0,0.0],"spd":[1.4671455959640969,-34.13359141636224,0.0],"spd_noise":[0.0,0.0,0.0],"RSSI":3.369938657590225e-9}
{"type":3,"rcvTime":25298.02716889444,"sendTime":25298.02705753916,"sender":2749,"messageID":6286133,"pos":[3594.5190792636969,5848.142171227212,1.895],"pos_noise":[0.0,0.0,0.0],"spd":[-0.017425681483151418,-29.90900405800867,0.0],"spd_noise":[0.0,0.0,0.0],"RSSI":3.3182098820108127e-9}
{"type":2,"rcvTime":25298.1,"pos":[3606.413450044863,6050.352219976308,1.895],"noise":[0.0,0.0,0.0],"spd":[-3.504306341226399,-30.42664662884985,0.0],"spd_noise":[0.0,0.0,0.0]}
{"type":3,"rcvTime":25298.110696417705,"sendTime":25298.11058090972,"sender":2545,"messageID":6292232,"pos":[3584.3660152907775,5826.215146523458,1.895],"pos_noise":[0.0,0.0,0.0],"spd":[-0.03080130961017862,31.779843522389997,0.0],"spd_noise":[0.0,0.0,0.0],"RSSI":4.236395238363566e-9}
{"type":3,"rcvTime":25298.11271875617,"sendTime":25298.112608534422,"sender":2539,"messageID":6292528,"pos":[3581.1150564870724,5775.5728113905529,1.895],"pos_noise":[0.0,0.0,0.0],"spd":[-0.032513773455645687,33.5817258605621,0.0],"spd_noise":[0.0,0.0,0.0],"RSSI":2.3081885154397224e-8}
{"type":3,"rcvTime":25298.128715782208,"sendTime":25298.128599317602,"sender":2899,"messageID":6294164,"pos":[3603.4961108434147,6053.859981633819,1.895],"pos_noise":[0.0,0.0,0.0],"spd":[-4.18634135989961,-36.32652812051869,0.0],"spd_noise":[0.0,0.0,0.0],"RSSI":0.000015744030356488998}
{"type":2,"rcvTime":25298.2,"pos":[3606.0638872857609,6047.317090763802,1.895],"noise":[0.0,0.0,0.0],"spd":[-3.495614407412043,-30.35117765643282,0.0],"spd_noise":[0.0,0.0,0.0]}
{"type":2,"rcvTime":25298.3,"pos":[3605.7134844975169,6044.274667876786,1.895],"noise":[0.0,0.0,0.0],"spd":[-3.504014667145995,-30.424114126462479,0.0],"spd_noise":[0.0,0.0,0.0]}
{"type":3,"rcvTime":25298.34282542201,"sendTime":25298.342719542747,"sender":2875,"messageID":6305225,"pos":[3597.914412262161,6003.729099341088,1.895],"pos_noise":[0.0,0.0,0.0],"spd":[-2.6058052715499775,-36.32680159692381,0.0],"spd_noise":[0.0,0.0,0.0],"RSSI":2.995254515173021e-7}
{"type":2,"rcvTime":25298.399999999998,"pos":[3605.362562114029,6041.2277335289149,1.895],"noise":[0.0,0.0,0.0],"spd":[-3.5092105999869269,-30.469228564861497,0.0],"spd_noise":[0.0,0.0,0.0]}
{"type":2,"rcvTime":25298.5,"pos":[3605.012851231311,6038.191318211696,1.895],"noise":[0.0,0.0,0.0],"spd":[-3.497095637980949,-30.36403865505617,0.0],"spd_noise":[0.0,0.0,0.0]}
{"type":3,"rcvTime":25298.50200651828,