{"type":2,"rcvTime":25298.7,"pos":[6180.703182848026,5827.201145143612,1.895],"noise":[0.0,0.0,0.0],"spd":[-0.0,-0.0,0.0],"spd_noise":[0.0,0.0,0.0]}
{"type":3,"rcvTime":25298.72802302368,"sendTime":25298.7279052441,"sender":1069,"messageID":6329319,"pos":[6249.183668250487,5838.841962887166,1.895],"pos_noise":[0.0,0.0,0.0],"spd":[12.63296441775993,0.8314752043466528,0.0],"spd_noise":[0.0,0.0,0.0],"RSSI":9.361514661067787e-9}
{"type":3,"rcvTime":25298.739815012203,"sendTime":25298.739707574106,"sender":2401,"messageID":6330380,"pos":[6044.606973436337,5529.339701389536,1.895],"pos_noise":[0.0,0.0,0.0],"spd":[5.131740350462849,12.18725382543676,0.0],"spd_noise":[0.0,0.0,0.0],"RSSI":1.3413876173471395e-8}
{"type":3,"rcvTime":25298.787558092416,"sendTime":25298.78744631903,"sender":2911,"messageID":6332395,"pos":[6137.092996145686,5822.8076807923339,1.895],"pos_noise":[0.0,0.0,0.0],"spd":[-2.760135488507274,-0.27806707080231599,0.0],"spd_noise":[0.0,0.0,0.0],"RSSI":7.73371128614212e-8}
{"type":3,"rcvTime":25298.794534558616,"sendTime":25298.794426916258,"sender":1855,"messageID":6333046,"pos":[5917.869235002981,5807.107754555321,1.895],"pos_noise":[0.0,0.0,0.0],"spd":[-12.582119499012027,-0.042704429967646218,0.0],"spd_noise":[0.0,0.0,0.0],"RSSI":2.5112450308510326e-8}
{"type":2,"rcvTime":25298.8,"pos":[6180.678497696726,5827.198658262898,1.895],"noise":[0.0,0.0,0.0],"spd":[-0.2468664241445363,-0.024870309347905605,0.0],"spd_noise":[0.0,0.0,0.0]}
{"type":3,"rcvTime":25298.834230776218,"sendTime":25298.83411734132,"sender":379,"messageID":6335551,"pos":[4880.922159430769,5708.587822210858,1.895],"pos_noise":[0.0,0.0,0.0],"spd":[10.221679277809774,0.588174841125364,0.0],"spd_noise":[0.0,0.0,0.0],"RSSI":4.4688920560730178e-9}
{"type":3,"rcvTime":25298.840022842793,"sendTime":25298.83990968079,"sender":2377,"messageID":6336090,"pos":[6100.837018904336,5747.729515702756,1.895],"pos_noise":[0.0,0.0,0.0],"spd":[0.02817858255867945,-0.5623209046894754,0.0],"spd_noise":[0.0,0.0,0.0],"RSSI":3.408397215634247e-9}
{"type":3,"rcvTime":25298.845425356776,"sendTime":25298.84530790592,"sender":1777,"messageID":6337412,"pos":[6028.679338519322,5716.423746107363,1.895],"pos_noise":[0.0,0.0,0.0],"spd":[-15.06721950167968,-1.3042084897893918,0.0],"spd_noise":[0.0,0.0,0.0],"RSSI":4.977118460277194e-9}
{"type":3,"rcvTime":25298.87028844848,"sendTime":25298.870176898225,"sender":1303,"messageID":6339366,"pos":[6146.997827119654,5738.05484055,1.895],"pos_noise":[0.0,0.0,0.0],"spd":[13.825681726822987,0.7076086301418889,0.0],"spd_noise":[0.0,0.0,0.0],"RSSI":5.658114796515354e-9}
{"type":2,"rcvTime":25298.899999999998,"pos":[6180.62960129152,5827.193732243786,1.895],"noise":[0.0,0.0,0.0],"spd":[-0.48899358808917917,-0.04926316669850427,0.0],"spd_noise":[0.0,0.0,0.0]}
{"type":3,"rcvTime":25298.954551347248,"sendTime":25298.954445665047,"sender":2449,"messageID":6344928,"pos":[6099.189952365982,5780.597739077812,1.895],"pos_noise":[0.0,0.0,0.0],"spd":[0.2307295136567361,-4.604349015335521,0.0],"spd_noise":[0.0,0.0,0.0],"RSSI":1.4748607456180654e-8}
{"type":2,"rcvTime":25299.0,"pos":[6180.557379519082,5827.186456334037,1.895],"noise":[0.0,0.0,0.0],"spd":[-0.7222613501701508,-0.07276349252835784,0.0],"spd_noise":[0.0,0.0,0.0]}
{"type":3,"rcvTime":25299.005141396472,"sendTime":25299.00502475649,"sender":2641,"messageID":6347091,"pos":[6095.080406436438,5796.792280956394,1.895],"pos_noise":[0.0,0.0,0.0],"spd":[0.5897345171319004,-11.768514136933149,0.0],"spd_noise":[0.0,0.0,0.0],"RSSI":3.942832108427432e-8}
{"type":3,"rcvTime":25299.052545614817,"sendTime":25299.05243487912,"sender":187,"messageID":6350316,"pos":[6234.406048324863,5837.86933095842,1.895],"pos_noise":[0.0,0.0,0.0],"spd":[12.43936752113535,0.8187330629275854,0.0],"spd_noise":[0.0,0.0,0.0],"RSSI":4.3058186086681127e-8}
{"type":3,"rcvTime":25299.06331768732,"sendTime":25299.06320180604,"sender":769,"messageID":6351369,"pos":[6095.512556651794,5682.37842988564,1.895],"pos_noise":[0.0,0.0,0.0],"spd":[-1.0006233401971983,-14.587749310443864,0.0],"spd_noise":[0.0,0.0,0.0],"RSSI":7.1049121468636258e-9}
{"type":3,"rcvTime":25299.06510584124,"sendTime":25299.064998670947,"sender":481,"messageID":6351716,"pos":[5255.793762854325,5637.469514603443,1.895],"pos_noise":[0.0,0.0,0.0],"spd":[-0.307683712514365,6.140017270889202,0.0],"spd_noise":[0.0,0.0,0.0],"RSSI":5.440130173233144e-8}
{"type":3,"rcvTime":25299.070195849024,"sendTime":25299.070088668726,"sender":2677,"messageID":6352066,"pos":[6097.601023626569,5812.305787002954,1.895],"pos_noise":[0.0,0.0,0.0],"spd":[0.03068927004326003,-11.975265280086042,0.0],"spd_noise":[0.0,0.0,0.0],"RSSI":8.112435681138022e-8}
{"type":3,"rcvTime":25299.08298144988,"sendTime":25299.082867806872,"sender":2587,"messageID":6353301,"pos":[5966.518233335313,5810.573339123704,1.895],"pos_noise":[0.0,0.0,0.0],"spd":[-15.509092857534063,-0.05274103338242751,0.0],"spd_noise":[0.0,0.0,0.0],"RSSI":4.154952937326342e-9}
{"type":3,"rcvTime":25299.095527107136,"sendTime":25299.095417675704,"sender":2359,"messageID":6354273,"pos":[6100.363894094548,5757.171011580598,1.895],"pos_noise":[0.0,0.0,0.0],"spd":[0.09444975126304402,-1.8848027386503453,0.0],"spd_noise":[0.0,0.0,0.0],"RSSI":1.6256845125519608e-8}
{"type":2,"rcvTime":25299.1,"pos":[6180.463249028095,5827.176973252495,1.895],"noise":[0.0,0.0,0.0],"spd":[-0.94136176969899,-0.0948365436970599,0.0],"spd_noise":[0.0,0.0,0.0]}
{"type":3,"rcvTime":25299.14258128275,"sendTime":25299.142475898145,"sender":757,"messageID":6357371,"pos":[6163.917308425886,5735.614787626461,1.895],"pos_noise":[0.0,0.0,0.0],"spd":[11.297026683647803,0.5790686100946485,0.0],"spd_noise":[0.0,0.0,0.0],"RSSI":8.1866591851882e-8}
{"type":3,"rcvTime":25299.1669301536,"sendTime":25299.166823769825,"sender":2857,"messageID":6358679,"pos":[6148.762472830951,5823.98331047181,1.895],"pos_noise":[0.0,0.0,0.0],"spd":[-5.300519995803545,-0.5339955502544325,0.0],"spd_noise":[0.0,0.0,0.0],"RSSI":9.593667537728598e-8}
{"type":3,"rcvTime":25299.182994908097,"sendTime":25299.182882125395,"sender":1309,"messageID":6359586,"pos":[6004.35559260121,5428.082292028793,1.895],"pos_noise":[0.0,0.0,0.0],"spd":[-5.6694429293068,-11.462275796365529,0.0],"spd_noise":[0.0,0.0,0.0],"RSSI":1.7245379095115955e-9}
{"type":2,"rcvTime":25299.2,"pos":[6180.344208213577,5827.164980605491,1.895],"noise":[0.0,0.0,0.0],"spd":[-1.1904800521532156,-0.11993371424287808,0.0],"spd_noise":[0.0,0.0,0.0]}
{"type":3,"rcvTime":25299.20500162985,"sendTime":25299.204890332556,"sender":2467,"messageID":6360987,"pos":[6099.844120073825,5767.543421085525,1.895],"pos_noise":[0.0,0.0,0.0],"spd":[0.15824810051251898,-3.1579379431208616,0.0],"spd_noise":[0.0,0.0,0.0],"RSSI":1.2952833024483387e-8}
{"type":3,"rcvTime":25299.241512714925,"sendTime":25299.241397649424,"sender":2731,"messageID":6362219,"pos":[6107.993956935882,5819.87612738493,1.895],"pos_noise":[0.0,0.0,0.0],"spd":[-11.701805021506683,-1.1788865651603889,0.0],"spd_noise":[0.0,0.0,0.0],"RSSI":6.031856435758851e-9}
{"type":3,"rcvTime":25299.288528147248,"sendTime":25299.28841771744,"sender":313,"messageID":6363684,"pos":[6170.480953257551,5732.651330876823,1.895],"pos_noise":[0.0,0.0,0.0],"spd":[13.497350964178484,0.6916633150881679,0.0],"spd_noise":[0.0,0.0,0.0],"RSSI":2.560087525898646e-8}
{"type":3,"rcvTime":25299.2941774646,"sendTime":25299.294065193648,"sender":2395,"messageID":6364352,"pos":[6097.649533978034,5745.523764506236,1.895],"pos_noise":[0.0,0.0,0.0],"spd":[4.578305666712836e-9,-9.13628987221759e-8,0.0],"spd_noise":[0.0,0.0,0.0],"RSSI":1.6557910982039422e-9}
{"type":3,"rcvTime":25299.29769447373,"sendTime":25299.29758171905,"sender":2869,"messageID":6365184,"pos":[6169.09834972089,5826.032027914314,1.895],"pos_noise":[0.0,0.0,0.0],"spd":[-6.604554153877843,-0.6653691585674983,0.0],"spd_noise":[0.0,0.0,0.0],"RSSI":6.109787194119289e-7}
{"type":2,"rcvTime":25299.3,"pos":[6180.205384056877,5827.150994905596,1.895],"noise":[0.0,0.0,0.0],