{"type":2,"rcvTime":25254.5,"pos":[4583.950414379136,5180.186446104623,1.895],"noise":[0.0,0.0,0.0],"spd":[-14.006351990167234,0.6011858600504477,0.0],"spd_noise":[0.0,0.0,0.0]}
{"type":3,"rcvTime":25254.504235497785,"sendTime":25254.504124557134,"sender":2095,"messageID":3516811,"pos":[4558.119749442611,5203.4353600703,1.895],"pos_noise":[0.0,0.0,0.0],"spd":[-10.886632161637176,7.98455391262305,0.0],"spd_noise":[0.0,0.0,0.0],"RSSI":4.81240644957371e-8}
{"type":3,"rcvTime":25254.535591494867,"sendTime":25254.535483527834,"sender":1663,"messageID":3521682,"pos":[4422.88798937538,5293.235369086663,1.895],"pos_noise":[0.0,0.0,0.0],"spd":[-4.1608787454045958e-14,2.0138841048516695e-14,0.0],"spd_noise":[0.0,0.0,0.0],"RSSI":7.365219508712384e-9}
{"type":2,"rcvTime":25254.6,"pos":[4582.831538585857,5181.036960753906,1.895],"noise":[0.0,0.0,0.0],"spd":[-14.049341803324707,0.8252741086365893,0.0],"spd_noise":[0.0,0.0,0.0]}
{"type":2,"rcvTime":25254.7,"pos":[4581.721630683696,5181.880658451016,1.895],"noise":[0.0,0.0,0.0],"spd":[-11.11421938818324,8.448485937194068,0.0],"spd_noise":[0.0,0.0,0.0]}
{"type":3,"rcvTime":25254.71306177804,"sendTime":25254.712946311804,"sender":511,"messageID":3533200,"pos":[4378.755978617979,5306.451701959371,1.895],"pos_noise":[0.0,0.0,0.0],"spd":[-13.080292946461608,1.018561746699959,0.0],"spd_noise":[0.0,0.0,0.0],"RSSI":1.9407319276285217e-8}
{"type":3,"rcvTime":25254.726120899257,"sendTime":25254.726010005223,"sender":793,"messageID":3534141,"pos":[4617.86657717164,5449.50742614547,1.895],"pos_noise":[0.0,0.0,0.0],"spd":[2.3252666680804459,-13.086645740638805,0.0],"spd_noise":[0.0,0.0,0.0],"RSSI":3.10758587469765e-8}
{"type":3,"rcvTime":25254.77616006103,"sendTime":25254.776046065617,"sender":877,"messageID":3537264,"pos":[4622.377425776079,5351.214133632836,1.895],"pos_noise":[0.0,0.0,0.0],"spd":[-4.6185131195585186e-14,-8.612531894568347e-15,0.0],"spd_noise":[0.0,0.0,0.0],"RSSI":2.410731311884465e-9}
{"type":2,"rcvTime":25254.8,"pos":[4580.602404906773,5182.731439140744,1.895],"noise":[0.0,0.0,0.0],"spd":[-11.207525241884146,8.51941248320591,0.0],"spd_noise":[0.0,0.0,0.0]}
{"type":3,"rcvTime":25254.843526057077,"sendTime":25254.843418612145,"sender":403,"messageID":3541587,"pos":[3953.0558408561407,5253.973180380527,1.895],"pos_noise":[0.0,0.0,0.0],"spd":[0.0,-0.0,0.0],"spd_noise":[0.0,0.0,0.0],"RSSI":3.906460518003752e-9}
{"type":3,"rcvTime":25254.848642060977,"sendTime":25254.848533704833,"sender":2119,"messageID":3542290,"pos":[4579.128928606435,5192.121382078609,1.895],"pos_noise":[0.0,0.0,0.0],"spd":[-11.648323670775467,8.54064502117435,0.0],"spd_noise":[0.0,0.0,0.0],"RSSI":1.166086350240193e-7}
{"type":2,"rcvTime":25254.899999999998,"pos":[4579.488884761094,5183.577882688688,1.895],"noise":[0.0,0.0,0.0],"spd":[-11.150391098347079,8.475981901955063,0.0],"spd_noise":[0.0,0.0,0.0]}
{"type":3,"rcvTime":25254.97509684068,"sendTime":25254.97497995757,"sender":265,"messageID":3551788,"pos":[4411.680540615371,5313.817687940334,1.895],"pos_noise":[0.0,0.0,0.0],"spd":[0.0,-0.0,0.0],"spd_noise":[0.0,0.0,0.0],"RSSI":4.115212687129699e-9}
{"type":2,"rcvTime":25255.0,"pos":[4578.3738473280159,5184.425479604295,1.895],"noise":[0.0,0.0,0.0],"spd":[-11.16558466980749,8.487531311797895,0.0],"spd_noise":[0.0,0.0,0.0]}
{"type":3,"rcvTime":25255.07346187596,"sendTime":25255.073345330544,"sender":865,"messageID":3559075,"pos":[4405.189546150357,5314.322232695683,1.895],"pos_noise":[0.0,0.0,0.0],"spd":[0.0,-0.0,0.0],"spd_noise":[0.0,0.0,0.0],"RSSI":2.8464555988130894e-9}
{"type":3,"rcvTime":25255.09615624279,"sendTime":25255.096045145998,"sender":541,"messageID":3559376,"pos":[4599.127195306577,5218.172299573749,1.895],"pos_noise":[0.0,0.0,0.0],"spd":[1.8647001822183687,-12.516391047662726,0.0],"spd_noise":[0.0,0.0,0.0],"RSSI":4.057738374570675e-7}
{"type":2,"rcvTime":25255.1,"pos":[4577.262427928641,5185.270326267654,1.895],"noise":[0.0,0.0,0.0],"spd":[-11.129354978812194,8.459991272846862,0.0],"spd_noise":[0.0,0.0,0.0]}
{"type":2,"rcvTime":25255.2,"pos":[4576.145080565883,5186.119679078815,1.895],"noise":[0.0,0.0,0.0],"spd":[-11.188715476591229,8.505114219694953,0.0],"spd_noise":[0.0,0.0,0.0]}
{"type":2,"rcvTime":25255.3,"pos":[4575.0224896740069,5186.953051095329,1.895],"noise":[0.0,0.0,0.0],"spd":[-11.172930791039953,8.437128463181802,0.0],"spd_noise":[0.0,0.0,0.0]}
{"type":2,"rcvTime":25255.399999999998,"pos":[4573.896541437085,5187.7780399917469,1.895],"noise":[0.0,0.0,0.0],"spd":[-11.19572975202536,8.368044348621222,0.0],"spd_noise":[0.0,0.0,0.0]}
{"type":3,"rcvTime":25255.474167950393,"sendTime":25255.47405621968,"sender":1063,"messageID":3585554,"pos":[4458.335928486095,5332.51861216408,1.895],"pos_noise":[0.0,0.0,0.0],"spd":[-12.649908043846525,0.9834686723914859,0.0],"spd_noise":[0.0,0.0,0.0],"RSSI":2.032894896796467e-9}
{"type":2,"rcvTime":25255.5,"pos":[4572.770721548877,5188.602934846306,1.895],"noise":[0.0,0.0,0.0],"spd":[-11.23553990845507,8.311837079535158,0.0],"spd_noise":[0.0,0.0,0.0]}
{"type":3,"rcvTime":25255.504230952316,"sendTime":25255.504124557134,"sender":2095,"messageID":3588377,"pos":[4547.1861528296199,5211.244381192162,1.895],"pos_noise":[0.0,0.0,0.0],"spd":[-10.993874915094463,7.767337748922456,0.0],"spd_noise":[0.0,0.0,0.0],"RSSI":4.6758900771241557e-8}
{"type":2,"rcvTime":25255.6,"pos":[4571.644791357947,5189.4279105203199,1.895],"noise":[0.0,0.0,0.0],"spd":[-11.274660837552162,8.261010317207204,0.0],"spd_noise":[0.0,0.0,0.0]}
{"type":2,"rcvTime":25255.7,"pos":[4570.518198546288,5190.253371700438,1.895],"noise":[0.0,0.0,0.0],"spd":[-11.281296083708425,8.265872001096755,0.0],"spd_noise":[0.0,0.0,0.0]}
{"type":3,"rcvTime":25255.72612560898,"sendTime":25255.726010005223,"sender":793,"messageID":3606015,"pos":[4617.86657717164,5449.50742614547,1.895],"pos_noise":[0.0,0.0,0.0],"spd":[1.111329188684286,-13.197034115636699,0.0],"spd_noise":[0.0,0.0,0.0],"RSSI":8.911929543235541e-8}
{"type":2,"rcvTime":25255.8,"pos":[4569.385444451743,5191.083347288772,1.895],"noise":[0.0,0.0,0.0],"spd":[-11.342992959261812,8.311077664741948,0.0],"spd_noise":[0.0,0.0,0.0]}
{"type":3,"rcvTime":25255.84353101728,"sendTime":25255.843418612145,"sender":403,"messageID":3613441,"pos":[3953.0558408561407,5253.973180380527,1.895],"pos_noise":[0.0,0.0,0.0],"spd":[0.0,-0.0,0.0],"spd_noise":[0.0,0.0,0.0],"RSSI":3.711777245225044e-9}
{"type":3,"rcvTime":25255.848647020983,"sendTime":25255.848533704833,"sender":2119,"messageID":3614149,"pos":[4579.128928606435,5192.121382078609,1.895],"pos_noise":[0.0,0.0,0.0],"spd":[-11.744092434539939,8.45093508524746,0.0],"spd_noise":[0.0,0.0,0.0],"RSSI":4.9542840149088367e-8}
{"type":2,"rcvTime":25255.899999999998,"pos":[4568.253313190037,5191.912866523818,1.895],"noise":[0.0,0.0,0.0],"spd":[-11.336756134733223,8.306507906718212,0.0],"spd_noise":[0.0,0.0,0.0]}
{"type":2,"rcvTime":25256.0,"pos":[4567.128879762386,5192.736745510573,1.895],"noise":[0.0,0.0,0.0],"spd":[-11.259672787263359,8.25002848459815,0.0],"spd_noise":[0.0,0.0,0.0]}
{"type":3,"rcvTime":25256.073459709798,"sendTime":25256.073345330544,"sender":865,"messageID":3630894,"pos":[4405.189546150357,5314.322232695683,1.895],"pos_noise":[0.0,0.0,0.0],"spd":[0.0,-0.0,0.0],"spd_noise":[0.0,0.0,0.0],"RSSI":1.0371213496079858e-8}
{"type":3,"rcvTime":25256.096161215937,"sendTime":25256.096045145998,"sender":541,"messageID":3631192,"pos":[4600.991401826019,5205.693269916367,1.895],"pos_noise":[0.0,0.0,0.0],"spd":[1.8762610329437189,-12.522136797952543,0.0],"spd_noise":[0.0,0.0,0.0],"RSSI":3.5235932110065248e-8}
{"type":2,"rcvTime":25256.1,"pos":[4566.000185938985,5193.563746114354,1.895],"noise":[0.0,0.0,0.0],"spd":[-11.302334861247548,8.281287237159067,0.0],"spd_noise":[0.0,0.0,0.0]}
{"type":2,"rcvTime":25256.2,"pos":[4564.872905789866,5194.389710910673,1.895],"noise":[0.0,0.0,0.0],"spd":[-11.28817883434238,8.270915032975582,0.0],"spd_noise":[0.0,0.0,0.0]}
{"type":2,"rcvTime":25256.3,"pos":[4563.745192068678,5195.215993387797,1.895],"noise":[0.0,0.0,0.0],