{"type":2,"rcvTime":25299.5,"pos":[3645.5293369618118,5181.545568264728,1.895],"noise":[0.0,0.0,0.0],"spd":[-4.474546561465586,28.6844978510241,0.0],"spd_noise":[0.0,0.0,0.0]}
{"type":3,"rcvTime":25299.502013870337,"sendTime":25299.501895275618,"sender":2743,"messageID":6376502,"pos":[3608.676409496138,5453.060047504207,1.895],"pos_noise":[0.0,0.0,0.0],"spd":[-3.434926244622272,29.76327049195962,0.0],"spd_noise":[0.0,0.0,0.0],"RSSI":1.9125341719925488e-9}
{"type":3,"rcvTime":25299.520992601658,"sendTime":25299.520880293334,"sender":853,"messageID":6378879,"pos":[4420.775008105432,5294.291718260432,1.895],"pos_noise":[0.0,0.0,0.0],"spd":[-14.331851776443412,-5.755082758969876,0.0],"spd_noise":[0.0,0.0,0.0],"RSSI":7.17834415357521e-8}
{"type":3,"rcvTime":25299.546895607687,"sendTime":25299.546787248924,"sender":1033,"messageID":6381378,"pos":[3730.1239500337617,5238.004204219175,1.895],"pos_noise":[0.0,0.0,0.0],"spd":[-14.689674982752666,-5.9033273295190489,0.0],"spd_noise":[0.0,0.0,0.0],"RSSI":9.995165688865077e-9}
{"type":3,"rcvTime":25299.5908170894,"sendTime":25299.59069988923,"sender":2815,"messageID":6382951,"pos":[3776.873199220313,5189.492126883655,1.895],"pos_noise":[0.0,0.0,0.0],"spd":[0.7193407459643778,1.6553547640485387,0.0],"spd_noise":[0.0,0.0,0.0],"RSSI":1.0507052161430656e-8}
{"type":3,"rcvTime":25299.594521677027,"sendTime":25299.594408031367,"sender":2491,"messageID":6383309,"pos":[3651.066180853899,5223.249178718835,1.895],"pos_noise":[0.0,0.0,0.0],"spd":[5.699721491474431,-36.2070307965679,0.0],"spd_noise":[0.0,0.0,0.0],"RSSI":6.152071171025741e-8}
{"type":2,"rcvTime":25299.6,"pos":[3645.0825820686379,5184.409532154062,1.895],"noise":[0.0,0.0,0.0],"spd":[-4.472916642960872,28.674049106512464,0.0],"spd_noise":[0.0,0.0,0.0]}
{"type":3,"rcvTime":25299.60680218671,"sendTime":25299.60668848548,"sender":433,"messageID":6383961,"pos":[3970.1397088750229,5259.506326368047,1.895],"pos_noise":[0.0,0.0,0.0],"spd":[10.549084329734573,1.3457144680156037,0.0],"spd_noise":[0.0,0.0,0.0],"RSSI":4.361218245200767e-9}
{"type":3,"rcvTime":25299.613582447382,"sendTime":25299.61347472928,"sender":2737,"messageID":6384638,"pos":[3600.9596674456918,5495.719284784581,1.895],"pos_noise":[0.0,0.0,0.0],"spd":[-2.75840040626456,33.67236531973309,0.0],"spd_noise":[0.0,0.0,0.0],"RSSI":1.8576399443556446e-8}
{"type":3,"rcvTime":25299.644200643794,"sendTime":25299.64408562924,"sender":2497,"messageID":6387123,"pos":[3620.9024855137115,5387.075189234563,1.895],"pos_noise":[0.0,0.0,0.0],"spd":[3.6849514946840928,-29.758691492698895,0.0],"spd_noise":[0.0,0.0,0.0],"RSSI":7.901683396525132e-9}
{"type":3,"rcvTime":25299.644364501044,"sendTime":25299.64421846494,"sender":2719,"messageID":6387490,"pos":[3633.5516078131097,5215.516766674889,1.895],"pos_noise":[0.0,0.0,0.0],"spd":[-2.740312885439196,33.45114123921691,0.0],"spd_noise":[0.0,0.0,0.0],"RSSI":1.1659247240825079e-8}
{"type":3,"rcvTime":25299.69948618697,"sendTime":25299.699369983144,"sender":2053,"messageID":6389976,"pos":[3955.123955897673,5257.572096927853,1.895],"pos_noise":[0.0,0.0,0.0],"spd":[10.16778667881671,1.3480416049007256,0.0],"spd_noise":[0.0,0.0,0.0],"RSSI":3.959042423709845e-9}
{"type":2,"rcvTime":25299.7,"pos":[3644.633325703724,5187.289531961172,1.895],"noise":[0.0,0.0,0.0],"spd":[-4.497961415270642,28.834600954086445,0.0],"spd_noise":[0.0,0.0,0.0]}
{"type":3,"rcvTime":25299.70257479685,"sendTime":25299.702458828175,"sender":1219,"messageID":6390475,"pos":[3552.6784710822328,5208.809871952972,1.895],"pos_noise":[0.0,0.0,0.0],"spd":[15.538113907918442,1.914508795260305,0.0],"spd_noise":[0.0,0.0,0.0],"RSSI":1.3336456624294587e-8}
{"type":3,"rcvTime":25299.71306090914,"sendTime":25299.712946311804,"sender":511,"messageID":6391135,"pos":[3801.3843568304125,5261.875525339599,1.895],"pos_noise":[0.0,0.0,0.0],"spd":[-13.241836882026407,3.6997199403256189,0.0],"spd_noise":[0.0,0.0,0.0],"RSSI":1.0652385727440561e-8}
{"type":3,"rcvTime":25299.719763039724,"sendTime":25299.719654728422,"sender":577,"messageID":6391485,"pos":[4435.336883290437,5290.877033050277,1.895],"pos_noise":[0.0,0.0,0.0],"spd":[-5.467226555332821,-12.58127220446083,0.0],"spd_noise":[0.0,0.0,0.0],"RSSI":1.2100132610714145e-8}
{"type":3,"rcvTime":25299.745484165673,"sendTime":25299.74537519999,"sender":2917,"messageID":6393622,"pos":[3638.860085491038,5224.299426528005,1.895],"pos_noise":[0.0,0.0,0.0],"spd":[-4.463328521523203,28.61258356022184,0.0],"spd_noise":[0.0,0.0,0.0],"RSSI":5.193848651120768e-8}
{"type":3,"rcvTime":25299.78436682699,"sendTime":25299.784252876325,"sender":2707,"messageID":6394863,"pos":[3593.989584683496,5680.838846139068,1.895],"pos_noise":[0.0,0.0,0.0],"spd":[1.4670813160509638,-34.13209592449649,0.0],"spd_noise":[0.0,0.0,0.0],"RSSI":1.907388951088536e-9}
{"type":2,"rcvTime":25299.8,"pos":[3644.185322163608,5190.161500418127,1.895],"noise":[0.0,0.0,0.0],"spd":[-4.485418114740087,28.75419095674017,0.0],"spd_noise":[0.0,0.0,0.0]}
{"type":3,"rcvTime":25299.800181806888,"sendTime":25299.80006440314,"sender":2515,"messageID":6396199,"pos":[3626.5406498135519,5395.241303450115,1.895],"pos_noise":[0.0,0.0,0.0],"spd":[3.9002336482576589,-31.48198571740624,0.0],"spd_noise":[0.0,0.0,0.0],"RSSI":6.3037197883212389e-9}
{"type":3,"rcvTime":25299.824473186483,"sendTime":25299.82436026861,"sender":1999,"messageID":6397401,"pos":[3987.622673248425,5261.612303533034,1.895],"pos_noise":[0.0,0.0,0.0],"spd":[10.923094047572694,1.2486750147070696,0.0],"spd_noise":[0.0,0.0,0.0],"RSSI":1.1423419376732689e-8}
{"type":3,"rcvTime":25299.84280434357,"sendTime":25299.842688853296,"sender":2389,"messageID":6399540,"pos":[3594.3578722384306,5203.759813899268,1.895],"pos_noise":[0.0,0.0,0.0],"spd":[-10.305687700930271,-1.341744473454009,0.0],"spd_noise":[0.0,0.0,0.0],"RSSI":1.3710526191964954e-7}
{"type":3,"rcvTime":25299.89024445763,"sendTime":25299.89013790833,"sender":2785,"messageID":6402946,"pos":[3612.189069934527,5422.623218492846,1.895],"pos_noise":[0.0,0.0,0.0],"spd":[-3.4416449332680218,29.821487214305507,0.0],"spd_noise":[0.0,0.0,0.0],"RSSI":2.0442889425971558e-8}
{"type":2,"rcvTime":25299.899999999998,"pos":[3643.736616031086,5193.037972909196,1.895],"noise":[0.0,0.0,0.0],"spd":[-4.4924524803682079,28.799285413349606,0.0],"spd_noise":[0.0,0.0,0.0]}
{"type":3,"rcvTime":25299.928497460063,"sendTime":25299.928382412716,"sender":2521,"messageID":6405343,"pos":[3624.0679982420699,5415.200102967752,1.895],"pos_noise":[0.0,0.0,0.0],"spd":[3.6606056230080727,-29.54775132306648,0.0],"spd_noise":[0.0,0.0,0.0],"RSSI":1.0452402548462644e-8}
{"type":3,"rcvTime":25299.947455685022,"sendTime":25299.947345644094,"sender":2575,"messageID":6406305,"pos":[3633.8772955191554,5256.242066140128,1.895],"pos_noise":[0.0,0.0,0.0],"spd":[-1.2492115313470862,29.91959430563151,0.0],"spd_noise":[0.0,0.0,0.0],"RSSI":2.2496611978651395e-9}
{"type":2,"rcvTime":25300.0,"pos":[3643.287111066361,5195.91956638857,1.895],"noise":[0.0,0.0,0.0],"spd":[-4.500450400285613,28.850556824530437,0.0],"spd_noise":[0.0,0.0,0.0]}
