{"type":2,"rcvTime":25297.7,"pos":[3612.887090867612,6077.737465774495,1.895],"noise":[0.0,0.0,0.0],"spd":[-3.4496050777088507,-29.969871929269748,0.0],"spd_noise":[0.0,0.0,0.0]}
{"type":3,"rcvTime":25297.723227697763,"sendTime":25297.7231134614,"sender":3025,"messageID":6390284,"pos":[3597.979640065557,6004.7117123325929,1.895],"pos_noise":[0.0,0.0,0.0],"spd":[-2.729498708171923,-33.13034748489798,0.0],"spd_noise":[0.0,0.0,0.0],"RSSI":9.499425858955594e-9}
{"type":3,"rcvTime":25297.743412682215,"sendTime":25297.743306266144,"sender":2821,"messageID":6392418,"pos":[3599.484357021064,5706.619519272154,1.895],"pos_noise":[0.0,0.0,0.0],"spd":[1.2955992440555378,-30.19720151520296,0.0],"spd_noise":[0.0,0.0,0.0],"RSSI":3.212049798522408e-9}
{"type":3,"rcvTime":25297.744983962464,"sendTime":25297.744875896908,"sender":3007,"messageID":6392757,"pos":[3595.3437180934849,5965.003320519392,1.895],"pos_noise":[0.0,0.0,0.0],"spd":[-2.196749679020651,-33.092556568202628,0.0],"spd_noise":[0.0,0.0,0.0],"RSSI":4.7988819368081579e-9}
{"type":3,"rcvTime":25297.746474955926,"sendTime":25297.746359378656,"sender":2791,"messageID":6393027,"pos":[3601.243263774573,5665.623770065081,1.895],"pos_noise":[0.0,0.0,0.0],"spd":[1.285601295114734,-29.9641741494666,0.0],"spd_noise":[0.0,0.0,0.0],"RSSI":1.470196496361909e-9}
{"type":3,"rcvTime":25297.760201441128,"sendTime":25297.76009131451,"sender":2737,"messageID":6394123,"pos":[3584.7381549213766,5894.041367072045,1.895],"pos_noise":[0.0,0.0,0.0],"spd":[1.4920851547208408,34.95850016539287,0.0],"spd_noise":[0.0,0.0,0.0],"RSSI":8.21109193168239e-9}
{"type":3,"rcvTime":25297.78760069065,"sendTime":25297.787486523994,"sender":2749,"messageID":6394903,"pos":[3589.5722230924177,5706.06682231002,1.895],"pos_noise":[0.0,0.0,0.0],"spd":[-1.2495576086295469,29.927883127468705,0.0],"spd_noise":[0.0,0.0,0.0],"RSSI":2.477480843216671e-9}
{"type":2,"rcvTime":25297.8,"pos":[3612.54391913764,6074.756019329082,1.895],"noise":[0.0,0.0,0.0],"spd":[-3.435486101618253,-29.847207480535617,0.0],"spd_noise":[0.0,0.0,0.0]}
{"type":3,"rcvTime":25297.801374690902,"sendTime":25297.801267663806,"sender":2881,"messageID":6396135,"pos":[3591.180656754813,5782.1608868629759,1.895],"pos_noise":[0.0,0.0,0.0],"spd":[-0.01739618974061675,-29.88882849678101,0.0],"spd_noise":[0.0,0.0,0.0],"RSSI":1.3441293110524747e-9}
{"type":3,"rcvTime":25297.886447608973,"sendTime":25297.886330899502,"sender":2815,"messageID":6400789,"pos":[3590.206804491764,5626.98171093387,1.895],"pos_noise":[0.0,0.0,0.0],"spd":[-2.901492985832516,35.419126088301897,0.0],"spd_noise":[0.0,0.0,0.0],"RSSI":3.1411453795555748e-9}
{"type":2,"rcvTime":25297.899999999998,"pos":[3612.1998206246378,6071.7665210724949,1.895],"noise":[0.0,0.0,0.0],"spd":[-3.4447641100926806,-29.927814019386188,0.0],"spd_noise":[0.0,0.0,0.0]}
{"type":3,"rcvTime":25297.90700761414,"sendTime":25297.906891563718,"sender":3049,"messageID":6402806,"pos":[3601.7317700482396,6038.550103628161,1.895],"pos_noise":[0.0,0.0,0.0],"spd":[-3.81589637805106,-33.11203152472969,0.0],"spd_noise":[0.0,0.0,0.0],"RSSI":3.198060256938584e-8}
{"type":3,"rcvTime":25297.917024984607,"sendTime":25297.91691209483,"sender":2587,"messageID":6403067,"pos":[3590.2871777770226,5984.158244127243,1.895],"pos_noise":[0.0,0.0,0.0],"spd":[2.1556111334813075,28.990922100877297,0.0],"spd_noise":[0.0,0.0,0.0],"RSSI":8.043873921958242e-8}
{"type":2,"rcvTime":25298.0,"pos":[3611.855310881995,6068.773450088194,1.895],"noise":[0.0,0.0,0.0],"spd":[-3.448880922728841,-29.963580533141564,0.0],"spd_noise":[0.0,0.0,0.0]}
{"type":3,"rcvTime":25298.064315031792,"sendTime":25298.064196977764,"sender":2707,"messageID":6414632,"pos":[3616.1798798384086,5452.049055900868,1.895],"pos_noise":[0.0,0.0,0.0],"spd":[3.7166743784147648,-30.007606297522547,0.0],"spd_noise":[0.0,0.0,0.0],"RSSI":1.4812102100048972e-9}
{"type":3,"rcvTime":25298.066948033855,"sendTime":25298.066831551816,"sender":2833,"messageID":6415035,"pos":[3603.8915099665189,5584.512092576367,1.895],"pos_noise":[0.0,0.0,0.0],"spd":[3.326831762731072,-39.51850918153083,0.0],"spd_noise":[0.0,0.0,0.0],"RSSI":3.292181258515531e-9}
{"type":2,"rcvTime":25298.1,"pos":[3611.5108072808704,6065.78043246087,1.895],"noise":[0.0,0.0,0.0],"spd":[-3.4488194401043339,-29.963046377399384,0.0],"spd_noise":[0.0,0.0,0.0]}
{"type":3,"rcvTime":25298.165209023886,"sendTime":25298.16509718429,"sender":2725,"messageID":6419968,"pos":[3581.0111191777807,5882.924061534284,1.895],"pos_noise":[0.0,0.0,0.0],"spd":[-0.03231579003884431,33.377239449994259,0.0],"spd_noise":[0.0,0.0,0.0],"RSSI":9.290857031009902e-9}
{"type":3,"rcvTime":25298.16607479492,"sendTime":25298.165966393935,"sender":2767,"messageID":6420253,"pos":[3584.4236754160417,5766.723203433347,1.895],"pos_noise":[0.0,0.0,0.0],"spd":[-0.03369861437844595,34.76919343546628,0.0],"spd_noise":[0.0,0.0,0.0],"RSSI":1.992303312351614e-8}
{"type":3,"rcvTime":25298.196722800778,"sendTime":25298.1966161788,"sender":2719,"messageID":6421173,"pos":[3583.0090672615926,5930.712118317611,1.895],"pos_noise":[0.0,0.0,0.0],"spd":[1.4022468275058098,32.13205004953883,0.0],"spd_noise":[0.0,0.0,0.0],"RSSI":3.1084046461774567e-9}
{"type":2,"rcvTime":25298.2,"pos":[3611.1666768271127,6062.790656705748,1.895],"noise":[0.0,0.0,0.0],"spd":[-3.445083868429595,-29.930592052288437,0.0],"spd_noise":[0.0,0.0,0.0]}
{"type":2,"rcvTime":25298.3,"pos":[3610.822625794452,6059.801570954283,1.895],"noise":[0.0,0.0,0.0],"spd":[-3.4442887852316379,-29.923684437915456,0.0],"spd_noise":[0.0,0.0,0.0]}
{"type":2,"rcvTime":25298.399999999998,"pos":[3610.4788615292848,6056.814976614107,1.895],"noise":[0.0,0.0,0.0],"spd":[-3.4414179609485004,-29.898742963700618,0.0],"spd_noise":[0.0,0.0,0.0]}
{"type":2,"rcvTime":25298.5,"pos":[3610.1353554278759,6053.830625178438,1.895],"noise":[0.0,0.0,0.0],"spd":[-3.4388334881404094,-29.876289286454516,0.0],"spd_noise":[0.0,0.0,0.0]}
{"type":2,"rcvTime":25298.6,"pos":[3609.7908407035909,6050.837510914061,1.895],"noise":[0.0,0.0,0.0],"spd":[-3.4489307938595199,-29.964013809231365,0.0],"spd_noise":[0.0,0.0,0.0]}
{"type":2,"rcvTime":25298.7,"pos":[3609.4464429101878,6047.845412535116,1.895],"noise":[0.0,0.0,0.0],"spd":[-3.447760200875349,-29.95384379817074,0.0],"spd_noise":[0.0,0.0,0.0]}
{"type":3,"rcvTime":25298.723222788605,"sendTime":25298.7231134614,"sender":3025,"messageID":6455310,"pos":[3595.7800676816157,5971.576633613103,1.895],"pos_noise":[0.0,0.0,0.0],"spd":[-2.2010762740873717,-33.15773381319064,0.0],"spd_noise":[0.0,0.0,0.0],"RSSI":3.697154926069362e-9}
{"type":3,"rcvTime":25298.743420753843,"sendTime":25298.743306266144,"sender":2821,"messageID":6457420,"pos":[3600.7783821858049,5676.459005637466,1.895],"pos_noise":[0.0,0.0,0.0],"spd":[1.296656181798679,-30.22183610970292,0.0],"spd_noise":[0.0,0.0,0.0],"RSSI":1.4019871052441363e-9}
{"type":3,"rcvTime":25298.74498775769,"sendTime":25298.744875896908,"sender":3007,"messageID":6457770,"pos":[3593.1450832040648,5931.882364524386,1.895],"pos_noise":[0.0,0.0,0.0],"spd":[-2.1967068843138759,-33.09191189468154,0.0],"spd_noise":[0.0,0.0,0.0],"RSSI":4.944732133634133e-9}
{"type":3,"rcvTime":25298.746478730172,"sendTime":25298.746359378656,"sender":2791,"messageID":6458038,"pos":[3602.885738906969,5635.75096170385,1.895],"pos_noise":[0.0,0.0,0.0],"spd":[2.5143278423396939,-29.86495222035263,0.0],"spd_noise":[0.0,0.0,0.0],"RSSI":3.6578872102395267e-9}
{"type":3,"rcvTime":25298.760204797803,"sendTime":25298.76009131451,"sender":2737,"messageID":6459103,"pos":[3586.2140259153218,5928.619980915035,1.895],"pos_noise":[0.0,0.0,0.0],"spd":[1.462715432841803,34.270388348237258,0.0],"spd_noise":[0.0,0.0,0.0],"RSSI":6.917020458518999e-9}
{"type":3,"rcvTime":25298.787604078127,"sendTime":25298.787486523994,"sender":2749,"messageID":6459869,"pos":[3588.3247003206868,5735.9459695005239,1.895],"pos_noise":[0.0,0.0,0.0],"spd":[-1.2470709503901816,29.868325715647619,0.0],"spd_noise":[0.0,0.0,0.0],"RSSI":2.7273983638593896e-9}
{"type":2,"rcvTime":25298.8,