{"type":2,"rcvTime":25263.5,"pos":[2685.316573867507,5180.177794003849,1.895],"noise":[0.0,0.0,0.0],"spd":[-11.867836202601997,7.034117479266303,0.0],"spd_noise":[0.0,0.0,0.0]}
{"type":3,"rcvTime":25263.58892294325,"sendTime":25263.588811703725,"sender":781,"messageID":4166590,"pos":[2754.8523725690367,5463.0423461191,1.895],"pos_noise":[0.0,0.0,0.0],"spd":[-0.0,0.0,0.0],"spd_noise":[0.0,0.0,0.0],"RSSI":6.666818951787794e-9}
{"type":2,"rcvTime":25263.6,"pos":[2684.1334181956738,5180.879055451165,1.895],"noise":[0.0,0.0,0.0],"spd":[-11.831652968610099,7.012671521105883,0.0],"spd_noise":[0.0,0.0,0.0]}
{"type":3,"rcvTime":25263.66637146351,"sendTime":25263.66625353042,"sender":2107,"messageID":4170569,"pos":[2641.028439819656,5503.12523379738,1.895],"pos_noise":[0.0,0.0,0.0],"spd":[14.471866380084976,-2.97888499755879,0.0],"spd_noise":[0.0,0.0,0.0],"RSSI":2.7941867506598029e-9}
{"type":2,"rcvTime":25263.7,"pos":[2682.949007745615,5181.581060610923,1.895],"noise":[0.0,0.0,0.0],"spd":[-11.844200852943907,7.02010870603273,0.0],"spd_noise":[0.0,0.0,0.0]}
{"type":2,"rcvTime":25263.8,"pos":[2681.7717970476257,5182.278798446712,1.895],"noise":[0.0,0.0,0.0],"spd":[-11.772202746544256,6.977435119200703,0.0],"spd_noise":[0.0,0.0,0.0]}
{"type":2,"rcvTime":25263.899999999998,"pos":[2680.589813036248,5182.9793654458439,1.895],"noise":[0.0,0.0,0.0],"spd":[-11.81993626874153,7.005726982778853,0.0],"spd_noise":[0.0,0.0,0.0]}
{"type":2,"rcvTime":25264.0,"pos":[2679.40499134333,5183.68161435101,1.895],"noise":[0.0,0.0,0.0],"spd":[-11.848313314986875,7.022546179942263,0.0],"spd_noise":[0.0,0.0,0.0]}
{"type":2,"rcvTime":25264.1,"pos":[2678.2209825204897,5184.3833814645909,1.895],"noise":[0.0,0.0,0.0],"spd":[-11.840184548088813,7.017728224895833,0.0],"spd_noise":[0.0,0.0,0.0]}
{"type":3,"rcvTime":25264.1650213438,"sendTime":25264.164908249117,"sender":1789,"messageID":4208103,"pos":[3269.386979881674,8736.50910903234,1.895],"pos_noise":[0.0,0.0,0.0],"spd":[0.0,-0.0,0.0],"spd_noise":[0.0,0.0,0.0],"RSSI":6.009168739261305e-9}
{"type":3,"rcvTime":25264.196787365858,"sendTime":25264.19667805382,"sender":1657,"messageID":4208771,"pos":[2744.4758020361998,5479.295160278009,1.895],"pos_noise":[0.0,0.0,0.0],"spd":[0.0,-0.0,0.0],"spd_noise":[0.0,0.0,0.0],"RSSI":7.766982482502694e-9}
{"type":2,"rcvTime":25264.2,"pos":[2677.0424121698385,5185.0819251723519,1.895],"noise":[0.0,0.0,0.0],"spd":[-11.785799383773215,6.9854939044719839,0.0],"spd_noise":[0.0,0.0,0.0]}
{"type":2,"rcvTime":25264.3,"pos":[2675.8614790589856,5185.781869298229,1.895],"noise":[0.0,0.0,0.0],"spd":[-11.809427178001047,6.9994981995687939,0.0],"spd_noise":[0.0,0.0,0.0]}
{"type":3,"rcvTime":25264.394934565735,"sendTime":25264.39482685551,"sender":1807,"messageID":4221363,"pos":[2742.7138937767897,5472.925796457284,1.895],"pos_noise":[0.0,0.0,0.0],"spd":[0.0,-0.0,0.0],"spd_noise":[0.0,0.0,0.0],"RSSI":1.7194572247956527e-8}
{"type":2,"rcvTime":25264.399999999998,"pos":[2674.6731308020396,5186.486208413039,1.895],"noise":[0.0,0.0,0.0],"spd":[-11.883579242157296,7.043448446415278,0.0],"spd_noise":[0.0,0.0,0.0]}
{"type":2,"rcvTime":25264.5,"pos":[2673.4906153762169,5187.187090383794,1.895],"noise":[0.0,0.0,0.0],"spd":[-11.825250456421367,7.0088767246384269,0.0],"spd_noise":[0.0,0.0,0.0]}
{"type":3,"rcvTime":25264.58892348442,"sendTime":25264.588811703725,"sender":781,"messageID":4234031,"pos":[2754.8523725690367,5463.0423461191,1.895],"pos_noise":[0.0,0.0,0.0],"spd":[-0.0,0.0,0.0],"spd_noise":[0.0,0.0,0.0],"RSSI":1.2829055333099077e-9}
{"type":2,"rcvTime":25264.6,"pos":[2672.3019719463657,5187.8916044488519,1.895],"noise":[0.0,0.0,0.0],"spd":[-11.886530995223943,7.045197963130305,0.0],"spd_noise":[0.0,0.0,0.0]}
{"type":2,"rcvTime":25264.7,"pos":[2671.1169783250477,5188.593955256719,1.895],"noise":[0.0,0.0,0.0],"spd":[-11.850032612979693,7.023565215245489,0.0],"spd_noise":[0.0,0.0,0.0]}
{"type":2,"rcvTime":25264.8,"pos":[2669.9353139132356,5189.294332827816,1.895],"noise":[0.0,0.0,0.0],"spd":[-11.81674024708337,7.003832687019884,0.0],"spd_noise":[0.0,0.0,0.0]}
{"type":2,"rcvTime":25264.899999999998,"pos":[2668.746593968453,5189.998892243602,1.895],"noise":[0.0,0.0,0.0],"spd":[-11.887296150757653,7.045651474103583,0.0],"spd_noise":[0.0,0.0,0.0]}
{"type":3,"rcvTime":25264.90455568012,"sendTime":25264.90443975595,"sender":1093,"messageID":4255659,"pos":[2755.634570036896,5466.25177176876,1.895],"pos_noise":[0.0,0.0,0.0],"spd":[-1.2237569337488122e-8,2.9914058380543107e-9,0.0],"spd_noise":[0.0,0.0,0.0],"RSSI":5.013981956227022e-9}
{"type":2,"rcvTime":25265.0,"pos":[2667.5648148405946,5190.699337807392,1.895],"noise":[0.0,0.0,0.0],"spd":[-11.817887416884279,7.004512619484216,0.0],"spd_noise":[0.0,0.0,0.0]}
{"type":2,"rcvTime":25265.1,"pos":[2666.3755543362037,5191.40421761518,1.895],"noise":[0.0,0.0,0.0],"spd":[-11.892701790814967,7.048855420178054,0.0],"spd_noise":[0.0,0.0,0.0]}
{"type":3,"rcvTime":25265.165024804668,"sendTime":25265.164908249117,"sender":1789,"messageID":4274292,"pos":[10748.847015351057,10991.699564852752,1.895],"pos_noise":[0.0,0.0,0.0],"spd":[0.0,-0.0,0.0],"spd_noise":[0.0,0.0,0.0],"RSSI":1.594469912592951e-9}
{"type":3,"rcvTime":25265.196790826743,"sendTime":25265.19667805382,"sender":1657,"messageID":4275374,"pos":[2744.4758020361998,5479.295160278009,1.895],"pos_noise":[0.0,0.0,0.0],"spd":[0.0,-0.0,0.0],"spd_noise":[0.0,0.0,0.0],"RSSI":2.5045351506849969e-9}
{"type":2,"rcvTime":25265.2,"pos":[2665.1967721970124,5192.1028868509179,1.895],"noise":[0.0,0.0,0.0],"spd":[-11.787917286402049,6.986749194454635,0.0],"spd_noise":[0.0,0.0,0.0]}
{"type":2,"rcvTime":25265.3,"pos":[2664.0180316902039,5192.801531410963,1.895],"noise":[0.0,0.0,0.0],"spd":[-11.787500959191459,6.986502435529978,0.0],"spd_noise":[0.0,0.0,0.0]}
{"type":3,"rcvTime":25265.39493795744,"sendTime":25265.39482685551,"sender":1807,"messageID":4287979,"pos":[2742.7138937767897,5472.925796457284,1.895],"pos_noise":[0.0,0.0,0.0],"spd":[0.0,-0.0,0.0],"spd_noise":[0.0,0.0,0.0],"RSSI":1.8411713765572333e-9}
{"type":2,"rcvTime":25265.399999999998,"pos":[2662.8701806123347,5192.097394039232,1.895],"noise":[0.0,0.0,0.0],"spd":[-13.418082887189599,3.1077630325996798,0.0],"spd_noise":[0.0,0.0,0.0]}
{"type":3,"rcvTime":25265.437922988152,"sendTime":25265.437814252917,"sender":721,"messageID":4292088,"pos":[2754.0700849399806,5459.842522534191,1.895],"pos_noise":[0.0,0.0,0.0],"spd":[-0.0,0.0,0.0],"spd_noise":[0.0,0.0,0.0],"RSSI":1.2719658537454458e-8}
{"type":2,"rcvTime":25265.5,"pos":[2661.728621446439,5191.336984594842,1.895],"noise":[0.0,0.0,0.0],"spd":[-13.563440155112847,-2.043070588569847,0.0],"spd_noise":[0.0,0.0,0.0]}
{"type":3,"rcvTime":25265.588920904283,"sendTime":25265.588811703725,"sender":781,"messageID":4300461,"pos":[2754.8523725690367,5463.0423461191,1.895],"pos_noise":[0.0,0.0,0.0],"spd":[-0.0,0.0,0.0],"spd_noise":[0.0,0.0,0.0],"RSSI":1.0629053755451384e-8}
{"type":2,"rcvTime":25265.6,"pos":[2660.589501611966,5190.57820002519,1.895],"noise":[0.0,0.0,0.0],"spd":[-12.04419495409355,-6.501939550505834,0.0],"spd_noise":[0.0,0.0,0.0]}
{"type":2,"rcvTime":25265.7,"pos":[2659.446079750277,5189.816549811581,1.895],"noise":[0.0,0.0,0.0],"spd":[-11.434311634802598,-7.616564096693858,0.0],"spd_noise":[0.0,0.0,0.0]}
{"type":2,"rcvTime":25265.8,"pos":[2658.301914312039,5189.054404290636,1.895],"noise":[0.0,0.0,0.0],"spd":[-11.441747460783088,-7.621517210357464,0.0],"spd_noise":[0.0,0.0,0.0]}
{"type":2,"rcvTime":25265.899999999998,"pos":[2657.156817278589,5188.291638220341,1.895],"noise":[0.0,0.0,0.0],"spd":[-11.451063488692398,-7.627722754332732,0.0],"spd_noise":[0.0,0.0,0.0]}
{"type":3,"rcvTime":25265.90454606431,"sendTime":25265.90443975595,"sender":1093,"messageID":4323586,"pos":[2755.6345700368858,5466.2517717687619,1.895],"pos_noise":[0.0,0.0,0.0],"spd":[-0.0,0.0,0.0],"spd_noise":[0.0,0.0,0.0],"RSSI":8.768786368966657e-9}
{"type":2,"rcvTime":25266.0,"pos":[2656.011926474529,5187.529009522494,1.895],"noise":[0.0,0.0,0.0],