{"type":2,"rcvTime":25298.5,"pos":[6324.8734641091709,5904.042140580928,1.895],"noise":[0.0,0.0,0.0],"spd":[-3.1994821189453757,11.801368471519713,0.0],"spd_noise":[0.0,0.0,0.0]}
{"type":3,"rcvTime":25298.507153587325,"sendTime":25298.507046501152,"sender":2869,"messageID":6442350,"pos":[6098.485766994308,5794.650190241533,1.895],"pos_noise":[0.0,0.0,0.0],"spd":[0.15855985421595718,-3.1641591795672316,0.0],"spd_noise":[0.0,0.0,0.0],"RSSI":1.4482988294207762e-8}
{"type":3,"rcvTime":25298.52293241554,"sendTime":25298.522819489008,"sender":2773,"messageID":6443171,"pos":[6295.009465868205,6005.872650563366,1.895],"pos_noise":[0.0,0.0,0.0],"spd":[2.0068643319429979,-0.5271281227811888,0.0],"spd_noise":[0.0,0.0,0.0],"RSSI":6.369981014337059e-8}
{"type":2,"rcvTime":25298.6,"pos":[6324.553450991257,5905.222516835528,1.895],"noise":[0.0,0.0,0.0],"spd":[-3.2076598395106794,11.831532194918572,0.0],"spd_noise":[0.0,0.0,0.0]}
{"type":3,"rcvTime":25298.661810956357,"sendTime":25298.661620040097,"sender":2563,"messageID":6450192,"pos":[6099.788181521171,5768.659709226346,1.895],"pos_noise":[0.0,0.0,0.0],"spd":[0.0,-0.0,0.0],"spd_noise":[0.0,0.0,0.0],"RSSI":1.190786209254575e-8}
{"type":3,"rcvTime":25298.677197040328,"sendTime":25298.677081576316,"sender":193,"messageID":6452155,"pos":[6091.596566088957,5800.290927890602,1.895],"pos_noise":[0.0,0.0,0.0],"spd":[-0.3882073497028706,7.746915858441695,0.0],"spd_noise":[0.0,0.0,0.0],"RSSI":2.959803267120267e-9}
{"type":2,"rcvTime":25298.7,"pos":[6324.23498198786,5906.397197585763,1.895],"noise":[0.0,0.0,0.0],"spd":[-3.192182367357331,11.774443158285124,0.0],"spd_noise":[0.0,0.0,0.0]}
{"type":2,"rcvTime":25298.8,"pos":[6323.915645810632,5907.575076927998,1.895],"noise":[0.0,0.0,0.0],"spd":[-3.2008745068827886,11.80650432866815,0.0],"spd_noise":[0.0,0.0,0.0]}
{"type":2,"rcvTime":25298.899999999998,"pos":[6323.59530218465,5908.756672269736,1.895],"noise":[0.0,0.0,0.0],"spd":[-3.210972695762977,11.843751746668853,0.0],"spd_noise":[0.0,0.0,0.0]}
{"type":3,"rcvTime":25298.92968202307,"sendTime":25298.929566970237,"sender":2839,"messageID":6467986,"pos":[6094.991321815862,5798.570019220284,1.895],"pos_noise":[0.0,0.0,0.0],"spd":[0.5515591967656678,-11.006702195522227,0.0],"spd_noise":[0.0,0.0,0.0],"RSSI":1.6155862244416448e-8}
{"type":3,"rcvTime":25298.961800746445,"sendTime":25298.96169425035,"sender":2923,"messageID":6470726,"pos":[6304.310046513927,6016.163564459749,1.895],"pos_noise":[0.0,0.0,0.0],"spd":[-1.5290876004552932,14.81593212863228,0.0],"spd_noise":[0.0,0.0,0.0],"RSSI":1.0655821284562524e-8}
{"type":3,"rcvTime":25298.994905623033,"sendTime":25298.994798209424,"sender":3079,"messageID":6473034,"pos":[6142.28476231637,5823.330720047972,1.895],"pos_noise":[0.0,0.0,0.0],"spd":[-1.9007211549882866,-0.19148623905610413,0.0],"spd_noise":[0.0,0.0,0.0],"RSSI":1.424338661749892e-8}
{"type":2,"rcvTime":25299.0,"pos":[6323.277235416517,5909.929869365306,1.895],"noise":[0.0,0.0,0.0],"spd":[-3.1881505516836619,11.759571707029786,0.0],"spd_noise":[0.0,0.0,0.0]}
{"type":3,"rcvTime":25299.004663198535,"sendTime":25299.004551093745,"sender":2593,"messageID":6473957,"pos":[6101.23989767381,5739.689822660743,1.895],"pos_noise":[0.0,0.0,0.0],"spd":[2.298827916436379e-15,-4.5874521580495926e-14,0.0],"spd_noise":[0.0,0.0,0.0],"RSSI":6.371908042752078e-9}
{"type":3,"rcvTime":25299.004826218574,"sendTime":25299.004687605007,"sender":2611,"messageID":6474348,"pos":[6097.9498976738109,5739.529822660743,1.895],"pos_noise":[0.0,0.0,0.0],"spd":[2.316476832731585e-15,-4.622671653418324e-14,0.0],"spd_noise":[0.0,0.0,0.0],"RSSI":7.476528809080288e-9}
{"type":3,"rcvTime":25299.00769790083,"sendTime":25299.007591725698,"sender":2905,"messageID":6474928,"pos":[6301.46773999802,6040.554446292031,1.895],"pos_noise":[0.0,0.0,0.0],"spd":[-2.3017572999835846,15.64600069761971,0.0],"spd_noise":[0.0,0.0,0.0],"RSSI":4.3676189658997128e-9}
{"type":3,"rcvTime":25299.019380237078,"sendTime":25299.019261743128,"sender":3031,"messageID":6475514,"pos":[6171.30389880937,5829.576301745775,1.895],"pos_noise":[0.0,0.0,0.0],"spd":[-5.242588169332104,-0.5287341970777872,0.0],"spd_noise":[0.0,0.0,0.0],"RSSI":8.198389350062725e-9}
{"type":3,"rcvTime":25299.051298604758,"sendTime":25299.05118411109,"sender":2761,"messageID":6478421,"pos":[6099.034186342994,5783.706145640977,1.895],"pos_noise":[0.0,0.0,0.0],"spd":[0.029405348812329276,-0.5868017779977508,0.0],"spd_noise":[0.0,0.0,0.0],"RSSI":3.721097349497449e-9}
{"type":2,"rcvTime":25299.1,"pos":[6322.957909353786,5911.107711399971,1.895],"noise":[0.0,0.0,0.0],"spd":[-3.2007731239584715,11.806130375258784,0.0],"spd_noise":[0.0,0.0,0.0]}
{"type":3,"rcvTime":25299.135982278916,"sendTime":25299.13586357939,"sender":1507,"messageID":6483397,"pos":[6049.450862982994,5724.838711101474,1.895],"pos_noise":[0.0,0.0,0.0],"spd":[4.617921863363833,0.3994915247512793,0.0],"spd_noise":[0.0,0.0,0.0],"RSSI":3.1165225287424695e-9}
{"type":2,"rcvTime":25299.2,"pos":[6322.637852023141,5912.288250734318,1.895],"noise":[0.0,0.0,0.0],"spd":[-3.208103006981592,11.833166829032596,0.0],"spd_noise":[0.0,0.0,0.0]}
{"type":3,"rcvTime":25299.202903232926,"sendTime":25299.202787124832,"sender":2779,"messageID":6487765,"pos":[6096.952036569538,5759.442753261155,1.895],"pos_noise":[0.0,0.0,0.0],"spd":[0.2560971815964789,-5.110576394111269,0.0],"spd_noise":[0.0,0.0,0.0],"RSSI":1.746208713096653e-9}
{"type":3,"rcvTime":25299.228325352793,"sendTime":25299.228212572496,"sender":3061,"messageID":6489186,"pos":[6317.7498332424079,5936.989166906545,1.895],"pos_noise":[0.0,0.0,0.0],"spd":[-2.2881607379463939,14.196390259356445,0.0],"spd_noise":[0.0,0.0,0.0],"RSSI":9.149120192349611e-7}
{"type":3,"rcvTime":25299.261790249337,"sendTime":25299.261671529523,"sender":2497,"messageID":6490795,"pos":[6100.864455567172,5747.18200026137,1.895],"pos_noise":[0.0,0.0,0.0],"spd":[2.3415829830335655e-15,-4.6727725167969599e-14,0.0],"spd_noise":[0.0,0.0,0.0],"RSSI":1.598977326426581e-9}
{"type":3,"rcvTime":25299.267124660848,"sendTime":25299.26701410855,"sender":2911,"messageID":6491182,"pos":[6304.910489903305,5981.3761904717789,1.895],"pos_noise":[0.0,0.0,0.0],"spd":[-1.549011276679128,12.746848132289387,0.0],"spd_noise":[0.0,0.0,0.0],"RSSI":2.1889812207490197e-8}
{"type":3,"rcvTime":25299.292997325312,"sendTime":25299.29288856522,"sender":775,"messageID":6492029,"pos":[6137.851881376102,5730.979274479555,1.895],"pos_noise":[0.0,0.0,0.0],"spd":[11.221515396826112,0.5750395437076001,0.0],"spd_noise":[0.0,0.0,0.0],"RSSI":5.3655329267304079e-9}
{"type":2,"rcvTime":25299.3,"pos":[6322.323630286378,5913.462916466025,1.895],"noise":[0.0,0.0,0.0],"spd":[-3.1855227675003765,11.78820978203246,0.0],"spd_noise":[0.0,0.0,0.0]}
{"type":3,"rcvTime":25299.30265055727,"sendTime":25299.30253825965,"sender":2329,"messageID":6492420,"pos":[6099.82206188725,5727.160946118522,1.895],"pos_noise":[0.0,0.0,0.0],"spd":[-0.0,0.0,0.0],"spd_noise":[0.0,0.0,0.0],"RSSI":3.6541153806647187e-9}
{"type":3,"rcvTime":25299.311922185614,"sendTime":25299.31180471382,"sender":2653,"messageID":6493668,"pos":[6100.489013460533,5754.674177861997,1.895],"pos_noise":[0.0,0.0,0.0],"spd":[0.0,-0.0,0.0],"spd_noise":[0.0,0.0,0.0],"RSSI":5.436508318062957e-9}
{"type":3,"rcvTime":25299.32096419836,"sendTime":25299.32085768827,"sender":3037,"messageID":6494260,"pos":[6161.9940840760359,5825.316315824712,1.895],"pos_noise":[0.0,0.0,0.0],"spd":[-5.508560477233014,-0.5549543790945749,0.0],"spd_noise":[0.0,0.0,0.0],"RSSI":9.782054617671561e-9}
{"type":3,"rcvTime":25299.330870510894,"sendTime":25299.33075441746,"sender":1477,"messageID":6495289,"pos":[7788.265689266846,5938.525315956213,1.895],"pos_noise":[0.0,0.0,0.0],"spd":[4.606522569381044,0.39850538391440207,0.0],"spd_noise":[0.0,0.0,0.0],"RSSI":3.0969339071083329e-9}
{"type":3,"rcvTime":25299.363268048655,"sendTime":25299.363161252113,"sender":409,"messageID":6497115,"pos":[6093.0373234143639,5771.539731446531,1.895],"pos_noise":[0.0,0.0,0.0],