{"type":2,"rcvTime":25299.8,"pos":[6324.0131261277369,5739.329152931764,1.895],"noise":[0.0,0.0,0.0],"spd":[-12.367892590133018,-0.7891189540253988,0.0],"spd_noise":[0.0,0.0,0.0]}
{"type":2,"rcvTime":25299.899999999998,"pos":[6322.77698476109,5739.249870748975,1.895],"noise":[0.0,0.0,0.0],"spd":[-12.360690840394378,-0.7899795383439113,0.0],"spd_noise":[0.0,0.0,0.0]}
{"type":3,"rcvTime":25299.95099681141,"sendTime":25299.9508890904,"sender":1867,"messageID":6535016,"pos":[5877.060172795535,5713.225826378841,1.895],"pos_noise":[0.0,0.0,0.0],"spd":[6.967183380004115,0.8034735672102628,0.0],"spd_noise":[0.0,0.0,0.0],"RSSI":7.697174586203272e-9}
{"type":3,"rcvTime":25299.994904943233,"sendTime":25299.994798209424,"sender":3079,"messageID":6537945,"pos":[6139.239915557878,5823.023970026931,1.895],"pos_noise":[0.0,0.0,0.0],"spd":[-4.023855312103274,-0.40537925207936689,0.0],"spd_noise":[0.0,0.0,0.0],"RSSI":9.964320153065334e-9}
{"type":2,"rcvTime":25300.0,"pos":[6321.541023470978,5739.170600115724,1.895],"noise":[0.0,0.0,0.0],"spd":[-12.358806110185176,-0.7911787919950565,0.0],"spd_noise":[0.0,0.0,0.0]}
