{"type":2,"rcvTime":25272.7,"pos":[3566.2204193397349,5180.302884298478,1.895],"noise":[0.0,0.0,0.0],"spd":[0.3012927280509321,3.926524584922815,0.0],"spd_noise":[0.0,0.0,0.0]}
{"type":3,"rcvTime":25272.703947273963,"sendTime":25272.703832544805,"sender":2023,"messageID":4699486,"pos":[3548.7871547509455,5195.029767532153,1.895],"pos_noise":[0.0,0.0,0.0],"spd":[-13.375462332851308,-1.6458836002579725,0.0],"spd_noise":[0.0,0.0,0.0],"RSSI":4.3073582131202926e-7}
{"type":3,"rcvTime":25272.741850599632,"sendTime":25272.741734413896,"sender":2185,"messageID":4701364,"pos":[3754.9273120182385,5258.925798763288,1.895],"pos_noise":[0.0,0.0,0.0],"spd":[12.798177936158869,5.504549235399438,0.0],"spd_noise":[0.0,0.0,0.0],"RSSI":2.3557076542107395e-9}
{"type":2,"rcvTime":25272.8,"pos":[3566.2471067771396,5180.650681869815,1.895],"noise":[0.0,0.0,0.0],"spd":[0.2668642321496577,3.4778435415635307,0.0],"spd_noise":[0.0,0.0,0.0]}
{"type":3,"rcvTime":25272.822031746484,"sendTime":25272.821924301985,"sender":2317,"messageID":4705569,"pos":[3603.5660010996846,5549.081220608248,1.895],"pos_noise":[0.0,0.0,0.0],"spd":[2.9663155190669965,-35.23845068732109,0.0],"spd_noise":[0.0,0.0,0.0],"RSSI":1.1306832775300807e-8}
{"type":3,"rcvTime":25272.83085297933,"sendTime":25272.830747233613,"sender":2149,"messageID":4705886,"pos":[5659.152895053849,9357.031894265674,1.895],"pos_noise":[0.0,0.0,0.0],"spd":[5.381061244224943,-34.18276673329705,0.0],"spd_noise":[0.0,0.0,0.0],"RSSI":1.1684849718790319e-7}
{"type":3,"rcvTime":25272.88541063836,"sendTime":25272.885293822597,"sender":2335,"messageID":4709204,"pos":[3586.3914339153277,5633.195136781539,1.895],"pos_noise":[0.0,0.0,0.0],"spd":[-2.6435166859313297,32.26954502133993,0.0],"spd_noise":[0.0,0.0,0.0],"RSSI":4.458250806063339e-9}
{"type":3,"rcvTime":25272.892949667017,"sendTime":25272.892832330428,"sender":2377,"messageID":4709504,"pos":[7498.312288196757,10649.865708663128,1.895],"pos_noise":[0.0,0.0,0.0],"spd":[14.22652080579291,2.0125701752612654,0.0],"spd_noise":[0.0,0.0,0.0],"RSSI":3.733486308284317e-9}
{"type":2,"rcvTime":25272.899999999998,"pos":[3566.270351234112,5180.953609631652,1.895],"noise":[0.0,0.0,0.0],"spd":[0.2324357362482876,3.0291624982042539,0.0],"spd_noise":[0.0,0.0,0.0]}
{"type":3,"rcvTime":25272.917768215295,"sendTime":25272.917662472322,"sender":2473,"messageID":4710311,"pos":[3486.0967508105538,5199.024753990865,1.895],"pos_noise":[0.0,0.0,0.0],"spd":[12.905189387838269,2.5305630353543706,0.0],"spd_noise":[0.0,0.0,0.0],"RSSI":3.42178473432815e-9}
{"type":3,"rcvTime":25272.93736905211,"sendTime":25272.937252065167,"sender":895,"messageID":4712489,"pos":[4163.3210898502779,5291.787142669903,1.895],"pos_noise":[0.0,0.0,0.0],"spd":[-13.120753814629869,-2.743555834464863,0.0],"spd_noise":[0.0,0.0,0.0],"RSSI":1.4029146524200963e-9}
{"type":3,"rcvTime":25272.938260317944,"sendTime":25272.938145596207,"sender":1585,"messageID":4712790,"pos":[6019.516042238101,3449.7625364456328,1.895],"pos_noise":[0.0,0.0,0.0],"spd":[-14.756927963321225,-1.8216686193974499,0.0],"spd_noise":[0.0,0.0,0.0],"RSSI":2.0577154209110013e-7}
{"type":3,"rcvTime":25272.973603064704,"sendTime":25272.973487392068,"sender":967,"messageID":4715143,"pos":[3818.4486345386228,5261.890118808212,1.895],"pos_noise":[0.0,0.0,0.0],"spd":[0.0,-0.0,0.0],"spd_noise":[0.0,0.0,0.0],"RSSI":5.922542766492735e-9}
{"type":3,"rcvTime":25272.9756510845,"sendTime":25272.975542496795,"sender":2155,"messageID":4715593,"pos":[3649.0563244741058,5236.016632698599,1.895],"pos_noise":[0.0,0.0,0.0],"spd":[5.2761115555949689,-33.516082121799019,0.0],"spd_noise":[0.0,0.0,0.0],"RSSI":8.10839775687505e-8}
{"type":2,"rcvTime":25273.0,"pos":[3566.2901527106525,5181.211667583987,1.895],"noise":[0.0,0.0,0.0],"spd":[0.19800724034700085,2.58048145484497,0.0],"spd_noise":[0.0,0.0,0.0]}
{"type":3,"rcvTime":25273.0358319811,"sendTime":25273.03571510818,"sender":2437,"messageID":4719215,"pos":[3621.213696391898,5294.616255519686,1.895],"pos_noise":[0.0,0.0,0.0],"spd":[-5.759701191080212,36.92597592572488,0.0],"spd_noise":[0.0,0.0,0.0],"RSSI":6.666742414893656e-9}
{"type":2,"rcvTime":25273.1,"pos":[3566.306511206761,5181.424855726821,1.895],"noise":[0.0,0.0,0.0],"spd":[0.16357874444564306,2.1318004114856925,0.0],"spd_noise":[0.0,0.0,0.0]}
{"type":3,"rcvTime":25273.125438142084,"sendTime":25273.125319232462,"sender":1105,"messageID":4723196,"pos":[3961.6845568385035,5251.775841885688,1.895],"pos_noise":[0.0,0.0,0.0],"spd":[-0.0,-0.0,0.0],"spd_noise":[0.0,0.0,0.0],"RSSI":2.5093895691899439e-9}
{"type":3,"rcvTime":25273.15955546402,"sendTime":25273.15944877048,"sender":2383,"messageID":4723995,"pos":[3499.8307610023769,8726.36806673836,1.895],"pos_noise":[0.0,0.0,0.0],"spd":[-3.434813852407305,29.774470344416775,0.0],"spd_noise":[0.0,0.0,0.0],"RSSI":7.376188845169248e-9}
{"type":2,"rcvTime":25273.2,"pos":[3566.3194267224378,5181.593174060154,1.895],"noise":[0.0,0.0,0.0],"spd":[0.1291502485443208,1.6831193681264117,0.0],"spd_noise":[0.0,0.0,0.0]}
{"type":3,"rcvTime":25273.222067073686,"sendTime":25273.221958214275,"sender":2305,"messageID":4728945,"pos":[3254.39144984819,1520.1428369618953,1.895],"pos_noise":[0.0,0.0,0.0],"spd":[2.7174755781508486,-32.28013655178046,0.0],"spd_noise":[0.0,0.0,0.0],"RSSI":2.353538115676656e-9}
{"type":3,"rcvTime":25273.263037181194,"sendTime":25273.262925399235,"sender":901,"messageID":4730467,"pos":[3967.560522323375,5249.196188538876,1.895],"pos_noise":[0.0,0.0,0.0],"spd":[-0.0,-0.0,0.0],"spd_noise":[0.0,0.0,0.0],"RSSI":3.008850214162255e-9}
{"type":3,"rcvTime":25273.295712599553,"sendTime":25273.295594097817,"sender":1057,"messageID":4733287,"pos":[3180.321930271714,5261.197429687446,1.895],"pos_noise":[0.0,0.0,0.0],"spd":[4.488035472565571,-2.7695105181585939,0.0],"spd_noise":[0.0,0.0,0.0],"RSSI":5.21096746885836e-9}
{"type":3,"rcvTime":25273.29636463176,"sendTime":25273.296253020362,"sender":2275,"messageID":4733478,"pos":[3588.5855387743456,5729.698684299461,1.895],"pos_noise":[0.0,0.0,0.0],"spd":[-1.3250658979345119,31.736365779143616,0.0],"spd_noise":[0.0,0.0,0.0],"RSSI":2.8926245271565515e-9}
{"type":2,"rcvTime":25273.3,"pos":[3566.3288992576819,5181.716622583984,1.895],"noise":[0.0,0.0,0.0],"spd":[0.09472175264301554,1.2344383247671296,0.0],"spd_noise":[0.0,0.0,0.0]}
{"type":3,"rcvTime":25273.32240860311,"sendTime":25273.32230166076,"sender":1501,"messageID":4735444,"pos":[3502.6970883216029,5192.1695807531709,1.895],"pos_noise":[0.0,0.0,0.0],"spd":[-10.912145051271839,-1.8838599881145864,0.0],"spd_noise":[0.0,0.0,0.0],"RSSI":4.4945411058000218e-8}
{"type":3,"rcvTime":25273.372473658,"sendTime":25273.37236250364,"sender":2233,"messageID":4738424,"pos":[1125.4667175747455,11305.368547211401,1.895],"pos_noise":[0.0,0.0,0.0],"spd":[4.355806258335259,-35.15928602737195,0.0],"spd_noise":[0.0,0.0,0.0],"RSSI":1.2821834546379848e-8}
{"type":3,"rcvTime":25273.38541293878,"sendTime":25273.385294166066,"sender":2353,"messageID":4740229,"pos":[3588.8290839466828,5644.865288338196,1.895],"pos_noise":[0.0,0.0,0.0],"spd":[-2.0467662333436849,32.75805305200347,0.0],"spd_noise":[0.0,0.0,0.0],"RSSI":2.7412725718897737e-9}
{"type":3,"rcvTime":25273.391331326973,"sendTime":25273.39121710416,"sender":1093,"messageID":4741607,"pos":[3970.9315433758795,5246.303166144659,1.895],"pos_noise":[0.0,0.0,0.0],"spd":[-0.0,-0.0,0.0],"spd_noise":[0.0,0.0,0.0],"RSSI":5.67936864076077e-9}
