{"type":2,"rcvTime":25299.3,"pos":[3639.0362010409055,5180.354533292791,1.895],"noise":[0.0,0.0,0.0],"spd":[-4.060452921492147,26.031938437823734,0.0],"spd_noise":[0.0,0.0,0.0]}
{"type":3,"rcvTime":25299.301063009327,"sendTime":25299.30094835432,"sender":2479,"messageID":6238106,"pos":[3649.480071050228,5190.874369913193,1.895],"pos_noise":[0.0,0.0,0.0],"spd":[4.682742726086542,-29.743394900477378,0.0],"spd_noise":[0.0,0.0,0.0],"RSSI":9.559026565981086e-7}
{"type":3,"rcvTime":25299.306622245796,"sendTime":25299.306509781814,"sender":2893,"messageID":6238763,"pos":[3617.522016453638,5376.41380423949,1.895],"pos_noise":[0.0,0.0,0.0],"spd":[-3.4418268452309088,29.823063462135484,0.0],"spd_noise":[0.0,0.0,0.0],"RSSI":1.1234427638196186e-8}
{"type":3,"rcvTime":25299.3224100913,"sendTime":25299.32230166076,"sender":1501,"messageID":6239583,"pos":[3264.650055778841,5215.554787847913,1.895],"pos_noise":[0.0,0.0,0.0],"spd":[-12.539807032698285,4.287429325925719,0.0],"spd_noise":[0.0,0.0,0.0],"RSSI":3.759305020892575e-9}
{"type":3,"rcvTime":25299.37479419155,"sendTime":25299.374681275523,"sender":2455,"messageID":6242413,"pos":[3652.9526992100888,5190.035808426826,1.895],"pos_noise":[0.0,0.0,0.0],"spd":[4.662520636566728,-29.617602679995323,0.0],"spd_noise":[0.0,0.0,0.0],"RSSI":8.937148556596937e-7}
{"type":3,"rcvTime":25299.391332322262,"sendTime":25299.39121710416,"sender":1093,"messageID":6244397,"pos":[3789.3898733965609,5258.586362245819,1.895],"pos_noise":[0.0,0.0,0.0],"spd":[-12.099472193378436,-1.78747722541024,0.0],"spd_noise":[0.0,0.0,0.0],"RSSI":6.587465317732475e-9}
{"type":3,"rcvTime":25299.39645090636,"sendTime":25299.396343682427,"sender":2755,"messageID":6245017,"pos":[3601.0422978747139,5670.307786209403,1.895],"pos_noise":[0.0,0.0,0.0],"spd":[1.5476447874298057,-36.07175732349188,0.0],"spd_noise":[0.0,0.0,0.0],"RSSI":3.829619818762485e-9}
{"type":3,"rcvTime":25299.399343906683,"sendTime":25299.399225938785,"sender":2641,"messageID":6245362,"pos":[3613.4365706264786,5447.367938857018,1.895],"pos_noise":[0.0,0.0,0.0],"spd":[4.428695278565163,-35.76496914548702,0.0],"spd_noise":[0.0,0.0,0.0],"RSSI":3.029526394343728e-9}
{"type":2,"rcvTime":25299.399999999998,"pos":[3638.6257390428156,5182.986043045998,1.895],"noise":[0.0,0.0,0.0],"spd":[-4.099700728000778,26.28355974771368,0.0],"spd_noise":[0.0,0.0,0.0]}
{"type":3,"rcvTime":25299.44464587484,"sendTime":25299.4445327593,"sender":2803,"messageID":6248550,"pos":[3608.393993747502,5455.50714992191,1.895],"pos_noise":[0.0,0.0,0.0],"spd":[-3.436634679041981,29.77807389445805,0.0],"spd_noise":[0.0,0.0,0.0],"RSSI":1.0885081736491828e-8}
{"type":3,"rcvTime":25299.47869765716,"sendTime":25299.478580215713,"sender":925,"messageID":6251127,"pos":[3968.614598566389,5249.329938880525,1.895],"pos_noise":[0.0,0.0,0.0],"spd":[-11.124519510380284,-1.4347511144223056,0.0],"spd_noise":[0.0,0.0,0.0],"RSSI":4.026032829700709e-9}
{"type":2,"rcvTime":25299.5,"pos":[3638.211909757937,5185.639140785591,1.895],"noise":[0.0,0.0,0.0],"spd":[-4.133333240054987,26.499180886611958,0.0],"spd_noise":[0.0,0.0,0.0]}
{"type":2,"rcvTime":25299.6,"pos":[3637.7948119193099,5188.313193524934,1.895],"noise":[0.0,0.0,0.0],"spd":[-4.165979604993668,26.70847974529635,0.0],"spd_noise":[0.0,0.0,0.0]}
{"type":3,"rcvTime":25299.60010260556,"sendTime":25299.59998703003,"sender":1189,"messageID":6256386,"pos":[3310.1648764558365,5203.117176478661,1.895],"pos_noise":[0.0,0.0,0.0],"spd":[-9.684533209624434,2.23577878937057,0.0],"spd_noise":[0.0,0.0,0.0],"RSSI":8.264542964644269e-9}
{"type":3,"rcvTime":25299.60060467174,"sendTime":25299.600488955388,"sender":979,"messageID":6256630,"pos":[3786.22765121952,5264.490027301583,1.895],"pos_noise":[0.0,0.0,0.0],"spd":[-12.895188549055062,-2.746590796027815,0.0],"spd_noise":[0.0,0.0,0.0],"RSSI":6.017440349825223e-9}
{"type":3,"rcvTime":25299.609927437727,"sendTime":25299.60981786619,"sender":2527,"messageID":6258192,"pos":[3639.839726756293,5294.564342074866,1.895],"pos_noise":[0.0,0.0,0.0],"spd":[4.81866507817325,-30.610189488171259,0.0],"spd_noise":[0.0,0.0,0.0],"RSSI":1.9902271201763827e-8}
{"type":3,"rcvTime":25299.683187869934,"sendTime":25299.683074365836,"sender":1099,"messageID":6261327,"pos":[3818.528926720213,5253.780095963861,1.895],"pos_noise":[0.0,0.0,0.0],"spd":[-8.379758804978814,5.767536188750523,0.0],"spd_noise":[0.0,0.0,0.0],"RSSI":1.2770453139476093e-8}
{"type":3,"rcvTime":25299.68692588933,"sendTime":25299.686808223836,"sender":523,"messageID":6261711,"pos":[3803.1228491359768,5261.506886444191,1.895],"pos_noise":[0.0,0.0,0.0],"spd":[-11.10536031210943,3.7639535735774278,0.0],"spd_noise":[0.0,0.0,0.0],"RSSI":7.159219822224086e-9}
{"type":2,"rcvTime":25299.7,"pos":[3637.3754341115475,5191.001863356833,1.895],"noise":[0.0,0.0,0.0],"spd":[-4.188751971662568,26.854475489778574,0.0],"spd_noise":[0.0,0.0,0.0]}
{"type":3,"rcvTime":25299.708578692203,"sendTime":25299.70846087276,"sender":847,"messageID":6262753,"pos":[9279.2118410673,6651.285141240805,1.895],"pos_noise":[0.0,0.0,0.0],"spd":[13.353899113502945,2.0841345437261,0.0],"spd_noise":[0.0,0.0,0.0],"RSSI":1.6854810049619e-9}
{"type":3,"rcvTime":25299.72200293863,"sendTime":25299.721893862217,"sender":2875,"messageID":6263719,"pos":[6455.11091709137,392.41071650758388,1.895],"pos_noise":[0.0,0.0,0.0],"spd":[-3.9818255000704849,34.50915433395818,0.0],"spd_noise":[0.0,0.0,0.0],"RSSI":8.58219809618169e-9}
{"type":3,"rcvTime":25299.728549867064,"sendTime":25299.728430949013,"sender":2725,"messageID":6264078,"pos":[1297.9618528671563,8049.789567943662,1.895],"pos_noise":[0.0,0.0,0.0],"spd":[-2.518899334608708,30.748726111685895,0.0],"spd_noise":[0.0,0.0,0.0],"RSSI":7.116398516935286e-9}
{"type":3,"rcvTime":25299.76670550832,"sendTime":25299.76659861151,"sender":2665,"messageID":6268893,"pos":[12343.019186593592,1882.5259439181537,1.895],"pos_noise":[0.0,0.0,0.0],"spd":[1.8373585824776986e-14,4.228149593683221e-14,0.0],"spd_noise":[0.0,0.0,0.0],"RSSI":2.2572720527433395e-9}
{"type":3,"rcvTime":25299.771174623478,"sendTime":25299.771058145772,"sender":2809,"messageID":6269229,"pos":[3596.2192777838247,5513.226137960697,1.895],"pos_noise":[0.0,0.0,0.0],"spd":[-2.7554932420199185,33.63644863777158,0.0],"spd_noise":[0.0,0.0,0.0],"RSSI":7.087431652374855e-9}
{"type":3,"rcvTime":25299.799776888656,"sendTime":25299.799661193043,"sender":433,"messageID":6270583,"pos":[9981.231544408947,4310.783346183598,1.895],"pos_noise":[0.0,0.0,0.0],"spd":[14.066675020386479,1.7332073381752074,0.0],"spd_noise":[0.0,0.0,0.0],"RSSI":5.703673128238966e-8}
{"type":2,"rcvTime":25299.8,"pos":[3636.9527768581199,5193.71155801757,1.895],"noise":[0.0,0.0,0.0],"spd":[-4.2215071252287,27.064471802440097,0.0],"spd_noise":[0.0,0.0,0.0]}
{"type":3,"rcvTime":25299.80534788538,"sendTime":25299.805235839216,"sender":349,"messageID":6270899,"pos":[12982.042062310502,8142.05378247425,1.895],"pos_noise":[0.0,0.0,0.0],"spd":[15.208650722212428,1.7594219957646607,0.0],"spd_noise":[0.0,0.0,0.0],"RSSI":5.503611536296515e-9}
{"type":3,"rcvTime":25299.81198613347,"sendTime":25299.811872184928,"sender":2593,"messageID":6271543,"pos":[3623.4872995189355,5419.887398795785,1.895],"pos_noise":[0.0,0.0,0.0],"spd":[3.873734243912092,-31.26808728352862,0.0],"spd_noise":[0.0,0.0,0.0],"RSSI":1.1218411794851473e-8}
{"type":3,"rcvTime":25299.896961154573,"sendTime":25299.896853031685,"sender":2899,"messageID":6276494,"pos":[3608.3747907596759,5398.158471597582,1.895],"pos_noise":[0.0,0.0,0.0],"spd":[-3.920544748947441,33.9849984241637,0.0],"spd_noise":[0.0,0.0,0.0],"RSSI":1.5481082811602856e-9}
{"type":2,"rcvTime":25299.899999999998,"pos":[3636.526640456244,5196.443557820111,1.895],"noise":[0.0,0.0,0.0],"spd":[-4.256256913250366,27.287255900661614,0.0],"spd_noise":[0.0,0.0,0.0]}
{"type":3,"rcvTime":25299.917768935848,"sendTime":25299.917662472322,"sender":2473,"messageID":6277251,"pos":[3817.1622817773775,5262.865602985489,1.895],"pos_noise":[0.0,0.0,0.0],