{"type":2,"rcvTime":25299.8,"pos":[3606.1848289437355,6077.191044555499,1.895],"noise":[0.0,0.0,0.0],"spd":[-3.442869970654226,-29.875134885602639,0.0],"spd_noise":[0.0,0.0,0.0]}
{"type":2,"rcvTime":25299.899999999998,"pos":[3605.8395258993284,6074.194714425109,1.895],"noise":[0.0,0.0,0.0],"spd":[-3.4492386582185268,-29.930398488855386,0.0],"spd_noise":[0.0,0.0,0.0]}
{"type":3,"rcvTime":25299.933005716466,"sendTime":25299.932887541036,"sender":2653,"messageID":6278951,"pos":[10187.577257174999,5658.980319858529,1.895],"pos_noise":[0.0,0.0,0.0],"spd":[-1.3712789488182289,32.77631554284778,0.0],"spd_noise":[0.0,0.0,0.0],"RSSI":3.623198721431467e-9}
{"type":3,"rcvTime":25299.940814525227,"sendTime":25299.94069849723,"sender":2659,"messageID":6280102,"pos":[3610.874217042946,5468.060827188807,1.895],"pos_noise":[0.0,0.0,0.0],"spd":[4.43102937231797,-35.78381866790184,0.0],"spd_noise":[0.0,0.0,0.0],"RSSI":1.8306868454356129e-9}
{"type":3,"rcvTime":25299.97358852532,"sendTime":25299.973475175582,"sender":2689,"messageID":6281882,"pos":[6566.371751660481,5071.295663830824,1.895],"pos_noise":[0.0,0.0,0.0],"spd":[2.7636285045028057,-32.82612229474417,0.0],"spd_noise":[0.0,0.0,0.0],"RSSI":2.210243094612801e-9}
{"type":2,"rcvTime":25300.0,"pos":[3605.494888784919,6071.204162830852,1.895],"noise":[0.0,0.0,0.0],"spd":[-3.4425866708372316,-29.872676581851179,0.0],"spd_noise":[0.0,0.0,0.0]}
