{"type":2,"rcvTime":25200.0,"pos":[5533.870555758253,6076.711447491311,1.895],"noise":[0.0,0.0,0.0],"spd":[8.471113860953347,10.920073671034255,0.0],"spd_noise":[0.0,0.0,0.0]}
{"type":2,"rcvTime":25200.1,"pos":[5534.720742171187,6077.807418861281,1.895],"noise":[0.0,0.0,0.0],"spd":[8.501635495576167,10.95941896896512,0.0],"spd_noise":[0.0,0.0,0.0]}
{"type":2,"rcvTime":25200.2,"pos":[5535.567697459261,6078.899225003147,1.895],"noise":[0.0,0.0,0.0],"spd":[8.469325115892387,10.917767808057885,0.0],"spd_noise":[0.0,0.0,0.0]}
{"type":2,"rcvTime":25200.3,"pos":[5536.41711538276,6079.994205716942,1.895],"noise":[0.0,0.0,0.0],"spd":[8.493950807894534,10.949512673642003,0.0],"spd_noise":[0.0,0.0,0.0]}
