{"type":2,"rcvTime":25200.0,"pos":[3651.6863588201038,5219.309547149936,1.895],"noise":[0.0,0.0,0.0],"spd":[3.9715048503177319,-25.22867102179557,0.0],"spd_noise":[0.0,0.0,0.0]}
{"type":3,"rcvTime":25200.062524608664,"sendTime":25200.062414580254,"sender":1003,"messageID":3883,"pos":[3832.999561644908,5239.849637561635,1.895],"pos_noise":[0.0,0.0,0.0],"spd":[-4.0208059795627418e-14,2.5744524505184567e-14,0.0],"spd_noise":[0.0,0.0,0.0],"RSSI":1.5057820730969864e-8}
{"type":3,"rcvTime":25200.065820711683,"sendTime":25200.065709538758,"sender":25,"messageID":5145,"pos":[3637.335542590713,5212.665945509093,1.895],"pos_noise":[0.0,0.0,0.0],"spd":[-5.532730740829705,35.4694673838206,0.0],"spd_noise":[0.0,0.0,0.0],"RSSI":8.079775950855159e-7}
{"type":3,"rcvTime":25200.07346070949,"sendTime":25200.073345330544,"sender":865,"messageID":5449,"pos":[3948.69952651302,5260.042832103142,1.895],"pos_noise":[0.0,0.0,0.0],"spd":[4.5505836893344379e-14,6.431850045533551e-15,0.0],"spd_noise":[0.0,0.0,0.0],"RSSI":1.935582011141547e-9}
{"type":2,"rcvTime":25200.1,"pos":[3652.082807611798,5216.791137499286,1.895],"noise":[0.0,0.0,0.0],"spd":[3.968841821498985,-25.211754341447194,0.0],"spd_noise":[0.0,0.0,0.0]}
{"type":3,"rcvTime":25200.11089027997,"sendTime":25200.110778157832,"sender":859,"messageID":6146,"pos":[3331.8956497541246,5828.402588455092,1.895],"pos_noise":[0.0,0.0,0.0],"spd":[1.27198647263028,29.875540146495973,0.0],"spd_noise":[0.0,0.0,0.0],"RSSI":1.2980930423963776e-9}
{"type":3,"rcvTime":25200.19334676549,"sendTime":25200.193239077926,"sender":97,"messageID":9826,"pos":[3605.487422304363,5526.255629083876,1.895],"pos_noise":[0.0,0.0,0.0],"spd":[2.827330888960856,-33.58737783181955,0.0],"spd_noise":[0.0,0.0,0.0],"RSSI":1.1757071270830284e-8}
{"type":2,"rcvTime":25200.2,"pos":[3652.4794088967307,5214.27175914738,1.895],"noise":[0.0,0.0,0.0],"spd":[3.970368428599782,-25.22145199254462,0.0],"spd_noise":[0.0,0.0,0.0]}
{"type":3,"rcvTime":25200.200621542874,"sendTime":25200.200506201945,"sender":1123,"messageID":10365,"pos":[3463.316288884946,5199.595040364263,1.895],"pos_noise":[0.0,0.0,0.0],"spd":[0.4823932776607797,-0.018299266828694505,0.0],"spd_noise":[0.0,0.0,0.0],"RSSI":1.0719613395504896e-8}
{"type":3,"rcvTime":25200.205451775346,"sendTime":25200.205333715072,"sender":727,"messageID":10863,"pos":[3783.4262741256577,5464.806186736984,1.895],"pos_noise":[0.0,0.0,0.0],"spd":[3.946842840770472,-25.072007553125844,0.0],"spd_noise":[0.0,0.0,0.0],"RSSI":1.8990979986027364e-8}
{"type":3,"rcvTime":25200.24404849864,"sendTime":25200.243932312118,"sender":1141,"messageID":12723,"pos":[3632.6740811197466,5716.571738909302,1.895],"pos_noise":[0.0,0.0,0.0],"spd":[-1.2480798087233359,29.89248866261083,0.0],"spd_noise":[0.0,0.0,0.0],"RSSI":1.9137898091173509e-9}
{"type":3,"rcvTime":25200.26564267481,"sendTime":25200.265530523844,"sender":1021,"messageID":13567,"pos":[3815.852020797822,5263.859217561652,1.895],"pos_noise":[0.0,0.0,0.0],"spd":[3.368389117254975,-1.3380777968469893,0.0],"spd_noise":[0.0,0.0,0.0],"RSSI":1.949146985292407e-9}
{"type":3,"rcvTime":25200.27320288783,"sendTime":25200.273096180055,"sender":283,"messageID":14123,"pos":[3456.7963413141949,5199.842370221107,1.895],"pos_noise":[0.0,0.0,0.0],"spd":[0.23802421359058008,-0.009029289581533339,0.0],"spd_noise":[0.0,0.0,0.0],"RSSI":7.816708051171457e-9}
{"type":2,"rcvTime":25200.3,"pos":[3652.8752039533535,5211.757502297164,1.895],"noise":[0.0,0.0,0.0],"spd":[3.962297291290551,-25.170180729966395,0.0],"spd_noise":[0.0,0.0,0.0]}
{"type":3,"rcvTime":25200.32931374299,"sendTime":25200.329195170663,"sender":787,"messageID":16215,"pos":[3463.265835742175,5196.292271331935,1.895],"pos_noise":[0.0,0.0,0.0],"spd":[0.7764041904190442,-0.029680950254898417,0.0],"spd_noise":[0.0,0.0,0.0],"RSSI":1.1050181761769327e-8}
{"type":3,"rcvTime":25200.347562935673,"sendTime":25200.347451337613,"sender":103,"messageID":17024,"pos":[3908.7365194222136,5010.833299653884,1.895],"pos_noise":[0.0,0.0,0.0],"spd":[5.927685972205579,-37.650905682937487,0.0],"spd_noise":[0.0,0.0,0.0],"RSSI":0.00000130325686989004}
{"type":3,"rcvTime":25200.361612724442,"sendTime":25200.361496341415,"sender":13,"messageID":17656,"pos":[3563.8040942898576,5672.918069754206,1.895],"pos_noise":[0.0,0.0,0.0],"spd":[-2.450958123501458,29.919353669758267,0.0],"spd_noise":[0.0,0.0,0.0],"RSSI":3.9204629004185579e-9}
{"type":2,"rcvTime":25200.399999999998,"pos":[3653.27114492128,5209.242318556904,1.895],"noise":[0.0,0.0,0.0],"spd":[3.96375800676958,-25.179459809748829,0.0],"spd_noise":[0.0,0.0,0.0]}
{"type":3,"rcvTime":25200.42553599665,"sendTime":25200.42542253132,"sender":1135,"messageID":21198,"pos":[3463.2345221044595,5192.988480530872,1.895],"pos_noise":[0.0,0.0,0.0],"spd":[1.0053301239473352,-0.03840802765783463,0.0],"spd_noise":[0.0,0.0,0.0],"RSSI":3.5937834310646248e-9}
{"type":3,"rcvTime":25200.4992140017,"sendTime":25200.499103806447,"sender":1081,"messageID":23868,"pos":[3479.3661935104735,5187.622014587144,1.895],"pos_noise":[0.0,0.0,0.0],"spd":[-1.0104847918181946,-0.19761066224764615,0.0],"spd_noise":[0.0,0.0,0.0],"RSSI":4.286988069981919e-9}
{"type":2,"rcvTime":25200.5,"pos":[3653.6671671207784,5206.726618799505,1.895],"noise":[0.0,0.0,0.0],"spd":[3.9645712145849094,-25.184625648189923,0.0],"spd_noise":[0.0,0.0,0.0]}
{"type":3,"rcvTime":25200.502646115456,"sendTime":25200.502533061197,"sender":43,"messageID":24111,"pos":[3648.241348082484,5241.193705886134,1.895],"pos_noise":[0.0,0.0,0.0],"spd":[4.027095859686083,-25.58180852003245,0.0],"spd_noise":[0.0,0.0,0.0],"RSSI":2.392400915016968e-8}
{"type":2,"rcvTime":25200.6,"pos":[3654.0630653153928,5204.211706773338,1.895],"noise":[0.0,0.0,0.0],"spd":[3.96332980389658,-25.176739684782036,0.0],"spd_noise":[0.0,0.0,0.0]}
{"type":3,"rcvTime":25200.606797320746,"sendTime":25200.60668848548,"sender":433,"messageID":30271,"pos":[3456.1557310252389,5193.258921450803,1.895],"pos_noise":[0.0,0.0,0.0],"spd":[0.4423331328481307,-0.01689906906779285,0.0],"spd_noise":[0.0,0.0,0.0],"RSSI":2.0213924464835434e-9}
{"type":2,"rcvTime":25200.7,"pos":[3654.460748904026,5201.6854531726189,1.895],"noise":[0.0,0.0,0.0],"spd":[3.9812033517517806,-25.290279986462573,0.0],"spd_noise":[0.0,0.0,0.0]}
{"type":3,"rcvTime":25200.734629885177,"sendTime":25200.734519179212,"sender":307,"messageID":37408,"pos":[3642.5304933065865,5277.471459993068,1.895],"pos_noise":[0.0,0.0,0.0],"spd":[3.4661868283599617,-22.018678180821448,0.0],"spd_noise":[0.0,0.0,0.0],"RSSI":5.745180740459192e-8}
{"type":3,"rcvTime":25200.771285911214,"sendTime":25200.77117567323,"sender":625,"messageID":38604,"pos":[3611.551093862485,5857.038076464161,1.895],"pos_noise":[0.0,0.0,0.0],"spd":[1.1642194122655497,-27.110436586558089,0.0],"spd_noise":[0.0,0.0,0.0],"RSSI":1.5988494051158135e-9}
{"type":3,"rcvTime":25200.785072918,"sendTime":25200.784957334166,"sender":841,"messageID":39713,"pos":[3592.6308817647416,5557.029873911574,1.895],"pos_noise":[0.0,0.0,0.0],"spd":[-2.378148026261687,29.03017605649254,0.0],"spd_noise":[0.0,0.0,0.0],"RSSI":1.8014646058052236e-9}
{"type":2,"rcvTime":25200.8,"pos":[3654.85836072063,5199.159655498044,1.895],"noise":[0.0,0.0,0.0],"spd":[3.9804848432419535,-25.285715717899899,0.0],"spd_noise":[0.0,0.0,0.0]}
{"type":3,"rcvTime":25200.834090469743,"sendTime":25200.83397689159,"sender":259,"messageID":41325,"pos":[3591.252771153828,5480.695271061298,1.895],"pos_noise":[0.0,0.0,0.0],"spd":[5.374615237214966,-1.2236330997113148,0.0],"spd_noise":[0.0,0.0,0.0],"RSSI":2.59928552545908e-9}
{"type":3,"rcvTime":25200.834696630776,"sendTime":25200.83457821724,"sender":1093,"messageID":41843,"pos":[3478.0194223125774,5190.72184262984,1.895],"pos_noise":[0.0,0.0,0.0],"spd":[-2.081619016872517,-0.40708194304546937,0.0],"spd_noise":[0.0,0.0,0.0],"RSSI":1.32624486805867e-8}
{"type":3,"rcvTime":25200.84217166416,"sendTime":25200.842056653695,"sender":247,"messageID":42105,"pos":[3599.7604622306159,5700.184192383465,1.895],"pos_noise":[0.0,0.0,0.0],