{"type":2,"rcvTime":18098.3,"pos":[3612.778981136284,6076.798217736175,1.895],"noise":[0.0,0.0,0.0],"spd":[-3.779599311312734,-32.836833420734588,0.0],"spd_noise":[0.0,0.0,0.0]}
{"type":2,"rcvTime":18098.399999999998,"pos":[3612.400950768922,6073.513922450196,1.895],"noise":[0.0,0.0,0.0],"spd":[-3.784455302207962,-32.87902185154095,0.0],"spd_noise":[0.0,0.0,0.0]}
{"type":2,"rcvTime":18098.5,"pos":[3612.022913284331,6070.229565330341,1.895],"noise":[0.0,0.0,0.0],"spd":[-3.7845265526650064,-32.879640869397658,0.0],"spd_noise":[0.0,0.0,0.0]}
{"type":2,"rcvTime":18098.6,"pos":[3611.6448578554575,6066.945052312104,1.895],"noise":[0.0,0.0,0.0],"spd":[-3.784706192556932,-32.88120156531893,0.0],"spd_noise":[0.0,0.0,0.0]}
{"type":2,"rcvTime":18098.7,"pos":[3611.266116151618,6063.654576996051,1.895],"noise":[0.0,0.0,0.0],"spd":[-3.7915764790654484,-32.940890022997319,0.0],"spd_noise":[0.0,0.0,0.0]}
{"type":2,"rcvTime":18098.8,"pos":[3610.888502159422,6060.373899141664,1.895],"noise":[0.0,0.0,0.0],"spd":[-3.7802869778091758,-32.842807808052608,0.0],"spd_noise":[0.0,0.0,0.0]}
{"type":2,"rcvTime":18098.899999999998,"pos":[3610.5100545580278,6057.085978962332,1.895],"noise":[0.0,0.0,0.0],"spd":[-3.7886322247041597,-32.91531059461129,0.0],"spd_noise":[0.0,0.0,0.0]}
{"type":2,"rcvTime":18099.0,"pos":[3610.1323340965329,6053.804376111846,1.895],"noise":[0.0,0.0,0.0],"spd":[-3.7813528400698686,-32.852067927584588,0.0],"spd_noise":[0.0,0.0,0.0]}
{"type":3,"rcvTime":18099.089970379177,"sendTime":18099.08986327448,"sender":577,"messageID":320969,"pos":[3591.2200700019986,5849.877772183245,1.895],"pos_noise":[0.0,0.0,0.0],"spd":[-0.02220432917022738,-38.14981305479025,0.0],"spd_noise":[0.0,0.0,0.0],"RSSI":8.599458949441678e-9}
{"type":2,"rcvTime":18099.1,"pos":[3609.754775137868,6050.524176384041,1.895],"noise":[0.0,0.0,0.0],"spd":[-3.779736038102466,-32.8380212913126,0.0],"spd_noise":[0.0,0.0,0.0]}
{"type":3,"rcvTime":18099.16541638097,"sendTime":18099.1653101536,"sender":601,"messageID":321260,"pos":[5998.794596679509,2666.063343291171,1.895],"pos_noise":[0.0,0.0,0.0],"spd":[-3.8198174782623837,-33.16611770794763,0.0],"spd_noise":[0.0,0.0,0.0],"RSSI":6.742439887973831e-7}
{"type":2,"rcvTime":18099.2,"pos":[3609.37711165667,6047.243068573471,1.895],"noise":[0.0,0.0,0.0],"spd":[-3.780782411328537,-32.847112091783497,0.0],"spd_noise":[0.0,0.0,0.0]}
{"type":2,"rcvTime":18099.3,"pos":[3608.9994610785777,6043.962072863965,1.895],"noise":[0.0,0.0,0.0],"spd":[-3.7806532385702624,-32.84598985000663,0.0],"spd_noise":[0.0,0.0,0.0]}
{"type":2,"rcvTime":18099.399999999998,"pos":[3608.6212111497359,6040.675870046751,1.895],"noise":[0.0,0.0,0.0],"spd":[-3.78665332828759,-32.89811811290678,0.0],"spd_noise":[0.0,0.0,0.0]}
{"type":2,"rcvTime":18099.5,"pos":[3608.243405770363,6037.393529437052,1.895],"noise":[0.0,0.0,0.0],"spd":[-3.7822029514364887,-32.859453621975337,0.0],"spd_noise":[0.0,0.0,0.0]}
{"type":2,"rcvTime":18099.6,"pos":[3607.8647799245457,6034.104060685515,1.895],"noise":[0.0,0.0,0.0],"spd":[-3.7904166264650307,-32.93081332348576,0.0],"spd_noise":[0.0,0.0,0.0]}
{"type":2,"rcvTime":18099.7,"pos":[3607.486199795486,6030.814989117239,1.895],"noise":[0.0,0.0,0.0],"spd":[-3.789958956812157,-32.92683712891143,0.0],"spd_noise":[0.0,0.0,0.0]}
{"type":2,"rcvTime":18099.8,"pos":[3607.108452956591,6027.533157102172,1.895],"noise":[0.0,0.0,0.0],"spd":[-3.781616903754309,-32.854362090141048,0.0],"spd_noise":[0.0,0.0,0.0]}
{"type":2,"rcvTime":18099.899999999998,"pos":[3606.7309606749956,6024.253536659005,1.895],"noise":[0.0,0.0,0.0],"spd":[-3.779068535147374,-32.83222208307998,0.0],"spd_noise":[0.0,0.0,0.0]}
{"type":2,"rcvTime":18100.0,"pos":[3606.353467977053,6020.973912598649,1.895],"noise":[0.0,0.0,0.0],"spd":[-3.7790727031924584,-32.83225829469683,0.0],"spd_noise":[0.0,0.0,0.0]}
