{"type":2,"rcvTime":18094.2,"pos":[3612.871027410298,6077.597907840299,1.895],"noise":[0.0,0.0,0.0],"spd":[-3.1230795891874338,-27.13304659645558,0.0],"spd_noise":[0.0,0.0,0.0]}
{"type":2,"rcvTime":18094.3,"pos":[3612.5591962956339,6074.88874596248,1.895],"noise":[0.0,0.0,0.0],"spd":[-3.121735757688249,-27.121371504090495,0.0],"spd_noise":[0.0,0.0,0.0]}
{"type":3,"rcvTime":18094.36905371986,"sendTime":18094.368943783735,"sender":577,"messageID":293018,"pos":[3592.9984664429109,5703.897515409833,1.895],"pos_noise":[0.0,0.0,0.0],"spd":[1.6803504522690128,-39.09386766501405,0.0],"spd_noise":[0.0,0.0,0.0],"RSSI":5.646416657769949e-9}
{"type":3,"rcvTime":18094.376327743495,"sendTime":18094.376215307275,"sender":535,"messageID":293170,"pos":[3602.053852227868,6071.264329633913,1.895],"pos_noise":[0.0,0.0,0.0],"spd":[3.221865086717361,30.510218341523097,0.0],"spd_noise":[0.0,0.0,0.0],"RSSI":0.0000016253890842300344}
{"type":2,"rcvTime":18094.399999999998,"pos":[3612.246822452961,6072.1748689104529,1.895],"noise":[0.0,0.0,0.0],"spd":[-3.1271689981504928,-27.168575029464046,0.0],"spd_noise":[0.0,0.0,0.0]}
{"type":2,"rcvTime":18094.5,"pos":[3611.9349832991736,6069.465637189423,1.895],"noise":[0.0,0.0,0.0],"spd":[-3.1218162372103999,-27.12207070324451,0.0],"spd_noise":[0.0,0.0,0.0]}
{"type":3,"rcvTime":18094.504971387316,"sendTime":18094.504864404676,"sender":601,"messageID":293545,"pos":[3591.199725826137,5814.923935031508,1.895],"pos_noise":[0.0,0.0,0.0],"spd":[-0.02338305408966446,-40.17500980903969,0.0],"spd_noise":[0.0,0.0,0.0],"RSSI":2.177232493932883e-8}
{"type":3,"rcvTime":18094.58171738739,"sendTime":18094.581602652,"sender":625,"messageID":293778,"pos":[3602.709692700288,5976.226933811384,1.895],"pos_noise":[0.0,0.0,0.0],"spd":[-2.3370043121411596,-35.224280258523247,0.0],"spd_noise":[0.0,0.0,0.0],"RSSI":4.416580964014439e-8}
{"type":2,"rcvTime":18094.6,"pos":[3611.623211762053,6066.75699291618,1.895],"noise":[0.0,0.0,0.0],"spd":[-3.1211393279508159,-27.1161897738742,0.0],"spd_noise":[0.0,0.0,0.0]}
{"type":2,"rcvTime":18094.7,"pos":[3611.3104221759724,6064.039503921215,1.895],"noise":[0.0,0.0,0.0],"spd":[-3.131330998034969,-27.204734126136765,0.0],"spd_noise":[0.0,0.0,0.0]}
{"type":2,"rcvTime":18094.8,"pos":[3610.9981044969256,6061.3261148139349,1.895],"noise":[0.0,0.0,0.0],"spd":[-3.126606745087235,-27.163690223256354,0.0],"spd_noise":[0.0,0.0,0.0]}
{"type":2,"rcvTime":18094.899999999998,"pos":[3610.6851876019475,6058.6075197702289,1.895],"noise":[0.0,0.0,0.0],"spd":[-3.132605485149314,-27.21580676046788,0.0],"spd_noise":[0.0,0.0,0.0]}
{"type":2,"rcvTime":18095.0,"pos":[3610.3720190870515,6055.886738674341,1.895],"noise":[0.0,0.0,0.0],"spd":[-3.1351244476826509,-27.23769129008744,0.0],"spd_noise":[0.0,0.0,0.0]}
{"type":3,"rcvTime":18095.012089404212,"sendTime":18095.01197344726,"sender":631,"messageID":294998,"pos":[3599.896642196554,5983.722079192209,1.895],"pos_noise":[0.0,0.0,0.0],"spd":[-2.4253445166070985,-36.54596278443672,0.0],"spd_noise":[0.0,0.0,0.0],"RSSI":1.2278084494354381e-8}
{"type":2,"rcvTime":18095.1,"pos":[3610.060106807381,6053.17687164194,1.895],"noise":[0.0,0.0,0.0],"spd":[-3.1225482991216739,-27.128430794110188,0.0],"spd_noise":[0.0,0.0,0.0]}
{"type":2,"rcvTime":18095.2,"pos":[3609.748080314883,6050.466012338321,1.895],"noise":[0.0,0.0,0.0],"spd":[-3.123691681718082,-27.13836440367087,0.0],"spd_noise":[0.0,0.0,0.0]}
{"type":2,"rcvTime":18095.3,"pos":[3609.436166119965,6047.756128666418,1.895],"noise":[0.0,0.0,0.0],"spd":[-3.122567472628425,-27.128597371880418,0.0],"spd_noise":[0.0,0.0,0.0]}
{"type":3,"rcvTime":18095.35294188499,"sendTime":18095.352833882487,"sender":619,"messageID":296432,"pos":[3595.2390926875639,5901.90583146192,1.895],"pos_noise":[0.0,0.0,0.0],"spd":[-1.349478726741876,-34.46762515868375,0.0],"spd_noise":[0.0,0.0,0.0],"RSSI":2.223675601516643e-9}
{"type":3,"rcvTime":18095.36905746585,"sendTime":18095.368943783735,"sender":577,"messageID":296502,"pos":[3594.681616154769,5664.738522113536,1.895],"pos_noise":[0.0,0.0,0.0],"spd":[1.6781443255963722,-39.04254145271284,0.0],"spd_noise":[0.0,0.0,0.0],"RSSI":3.227596024548957e-9}
{"type":2,"rcvTime":18095.399999999998,"pos":[3609.123002732956,6045.035392121171,1.895],"noise":[0.0,0.0,0.0],"spd":[-3.135073112496483,-27.2372452944096,0.0],"spd_noise":[0.0,0.0,0.0]}
{"type":2,"rcvTime":18095.5,"pos":[3608.811051729033,6042.325188655793,1.895],"noise":[0.0,0.0,0.0],"spd":[-3.1229359669320129,-27.13179881867104,0.0],"spd_noise":[0.0,0.0,0.0]}
{"type":3,"rcvTime":18095.50497947581,"sendTime":18095.504864404676,"sender":601,"messageID":296955,"pos":[3591.1762720489357,5774.627414077772,1.895],"pos_noise":[0.0,0.0,0.0],"spd":[-0.02345352313474746,-40.29608443011658,0.0],"spd_noise":[0.0,0.0,0.0],"RSSI":2.22399938682271e-8}
{"type":3,"rcvTime":18095.581718471614,"sendTime":18095.581602652,"sender":625,"messageID":297181,"pos":[3600.377324837936,5941.072536011322,1.895],"pos_noise":[0.0,0.0,0.0],"spd":[-2.3362228709394396,-35.212502058643028,0.0],"spd_noise":[0.0,0.0,0.0],"RSSI":2.5655346739090069e-8}
{"type":2,"rcvTime":18095.6,"pos":[3608.498742308788,6039.6118713002729,1.895],"noise":[0.0,0.0,0.0],"spd":[-3.1265240663676745,-27.162971917658849,0.0],"spd_noise":[0.0,0.0,0.0]}
{"type":2,"rcvTime":18095.7,"pos":[3608.186196599921,6036.896501089546,1.895],"noise":[0.0,0.0,0.0],"spd":[-3.1288895475720737,-27.18352301471197,0.0],"spd_noise":[0.0,0.0,0.0]}
{"type":2,"rcvTime":18095.8,"pos":[3607.873691863139,6034.181486840763,1.895],"noise":[0.0,0.0,0.0],"spd":[-3.1284793767604786,-27.17995948601355,0.0],"spd_noise":[0.0,0.0,0.0]}
{"type":2,"rcvTime":18095.899999999998,"pos":[3607.5616049444577,6031.470102559669,1.895],"noise":[0.0,0.0,0.0],"spd":[-3.1242966071643458,-27.143619943868339,0.0],"spd_noise":[0.0,0.0,0.0]}
{"type":2,"rcvTime":18096.0,"pos":[3607.2494977610247,6028.758542220157,1.895],"noise":[0.0,0.0,0.0],"spd":[-3.1244994772328629,-27.14538246155798,0.0],"spd_noise":[0.0,0.0,0.0]}
{"type":3,"rcvTime":18096.012090488344,"sendTime":18096.01197344726,"sender":631,"messageID":298432,"pos":[3597.4701297082549,5947.158516990595,1.895],"pos_noise":[0.0,0.0,0.0],"spd":[-2.4297683888307528,-36.61262328093874,0.0],"spd_noise":[0.0,0.0,0.0],"RSSI":1.0554942681417353e-7}
{"type":2,"rcvTime":18096.1,"pos":[3606.9376724712844,6026.049430948781,1.895],"noise":[0.0,0.0,0.0],"spd":[-3.1216774444732957,-27.12086488389932,0.0],"spd_noise":[0.0,0.0,0.0]}
{"type":2,"rcvTime":18096.2,"pos":[3606.624928637243,6023.3323394435969,1.895],"noise":[0.0,0.0,0.0],"spd":[-3.1308729751785817,-27.200754862998644,0.0],"spd_noise":[0.0,0.0,0.0]}
{"type":2,"rcvTime":18096.3,"pos":[3606.3122738543836,6020.61602160741,1.895],"noise":[0.0,0.0,0.0],"spd":[-3.12998148538163,-27.193009676387765,0.0],"spd_noise":[0.0,0.0,0.0]}
{"type":3,"rcvTime":18096.35295046018,"sendTime":18096.352833882487,"sender":619,"messageID":299841,"pos":[3594.530274469151,5867.357341989447,1.895],"pos_noise":[0.0,0.0,0.0],"spd":[-0.020141836488155843,-34.57094459992697,0.0],"spd_noise":[0.0,0.0,0.0],"RSSI":3.483497429364215e-9}
{"type":2,"rcvTime":18096.399999999998,"pos":[3605.999236858063,6017.896383133584,1.895],"noise":[0.0,0.0,0.0],"spd":[-3.133807817554162,-27.22625252088914,0.0],"spd_noise":[0.0,0.0,0.0]}
{"type":2,"rcvTime":18096.5,"pos":[3605.687280478145,6015.186132962029,1.895],"noise":[0.0,0.0,0.0],"spd":[-3.1229897859181667,-27.132266393389324,0.0],"spd_noise":[0.0,0.0,0.0]}
{"type":3,"rcvTime":18096.504975081694,"sendTime":18096.504864404676,"sender":601,"messageID":300348,"pos":[3591.6893847913495,5734.353700772693,1.895],"pos_noise":[0.0,0.0,0.0],"spd":[1.726309895052146,-40.163128170560117,0.0],"spd_noise":[0.0,0.0,0.0],"RSSI":1.2111828460833985e-8}
{"type":3,"rcvTime":18096.58170808175,"sendTime":18096.581602652,"sender":625,"messageID":300583,"pos":[3598.702145250547,5905.952795805368,1.895],"pos_noise":[0.0,0.0,0.0],"spd":[-1.378770022000728,-35.13959177618866,0.0],"spd_noise":[0.0,0.0,0.0],