{"type":2,"rcvTime":18059.1,"pos":[3575.859708871421,5195.191182084113,1.895],"noise":[0.0,0.0,0.0],"spd":[-0.0,-0.0,0.0],"spd_noise":[0.0,0.0,0.0]}
{"type":3,"rcvTime":18059.15345339223,"sendTime":18059.153338484,"sender":133,"messageID":183129,"pos":[3185.7284345794826,5251.193222408444,1.895],"pos_noise":[0.0,0.0,0.0],"spd":[-1.4594707761489712,0.583435781286479,0.0],"spd_noise":[0.0,0.0,0.0],"RSSI":3.4688006914108835e-9}
{"type":2,"rcvTime":18059.2,"pos":[3575.843452694099,5195.171141681906,1.895],"noise":[0.0,0.0,0.0],"spd":[-0.16255246672408817,-0.20039254914187105,0.0],"spd_noise":[0.0,0.0,0.0]}
{"type":3,"rcvTime":18059.207696363086,"sendTime":18059.207584858545,"sender":505,"messageID":183178,"pos":[3635.9680604841739,5200.024665575004,1.895],"pos_noise":[0.0,0.0,0.0],"spd":[-4.636840319323212,29.72721124281327,0.0],"spd_noise":[0.0,0.0,0.0],"RSSI":2.5316590790424346e-8}
{"type":2,"rcvTime":18059.3,"pos":[3575.8123376912506,5195.13278351446,1.895],"noise":[0.0,0.0,0.0],"spd":[-0.3111322154729878,-0.38355971481239095,0.0],"spd_noise":[0.0,0.0,0.0]}
{"type":3,"rcvTime":18059.373557403116,"sendTime":18059.37345083123,"sender":445,"messageID":183814,"pos":[3615.1774829075204,5216.50366438767,1.895],"pos_noise":[0.0,0.0,0.0],"spd":[13.977389507556428,1.8636519343433238,0.0],"spd_noise":[0.0,0.0,0.0],"RSSI":2.6991285024347204e-8}
{"type":2,"rcvTime":18059.4,"pos":[3575.767060508337,5195.076966397163,1.895],"noise":[0.0,0.0,0.0],"spd":[-0.4527459084154883,-0.5581392182437905,0.0],"spd_noise":[0.0,0.0,0.0]}
{"type":2,"rcvTime":18059.5,"pos":[3575.7071567041859,5195.00311777303,1.895],"noise":[0.0,0.0,0.0],"spd":[-0.5990037472056992,-0.7384439637680086,0.0],"spd_noise":[0.0,0.0,0.0]}
{"type":2,"rcvTime":18059.6,"pos":[3575.6332045958158,5194.911950583694,1.895],"noise":[0.0,0.0,0.0],"spd":[-0.7394787468866386,-0.9116197010801679,0.0],"spd_noise":[0.0,0.0,0.0]}
{"type":2,"rcvTime":18059.7,"pos":[3575.545985454824,5194.804427970537,1.895],"noise":[0.0,0.0,0.0],"spd":[-0.8721414778614736,-1.0751645759869133,0.0],"spd_noise":[0.0,0.0,0.0]}
{"type":3,"rcvTime":18059.74545204731,"sendTime":18059.7453344306,"sender":163,"messageID":184822,"pos":[3182.9695001218935,5248.738499548382,1.895],"pos_noise":[0.0,0.0,0.0],"spd":[-0.0,0.0,0.0],"spd_noise":[0.0,0.0,0.0],"RSSI":2.374586494901335e-9}
{"type":2,"rcvTime":18059.8,"pos":[3575.4447681951517,5194.6796486602529,1.895],"noise":[0.0,0.0,0.0],"spd":[-1.0121146508928869,-1.2477216679863608,0.0],"spd_noise":[0.0,0.0,0.0]}
{"type":3,"rcvTime":18059.802541396046,"sendTime":18059.80242943354,"sender":463,"messageID":185287,"pos":[3534.034455738928,5206.512673492126,1.895],"pos_noise":[0.0,0.0,0.0],"spd":[13.621522177456648,1.6783059453375969,0.0],"spd_noise":[0.0,0.0,0.0],"RSSI":1.1764712252188898e-7}
{"type":2,"rcvTime":18059.9,"pos":[3575.3271890332068,5194.534698611429,1.895],"noise":[0.0,0.0,0.0],"spd":[-1.1757243065943977,-1.4494175058342467,0.0],"spd_noise":[0.0,0.0,0.0]}
{"type":3,"rcvTime":18059.916977322846,"sendTime":18059.91686133435,"sender":49,"messageID":185525,"pos":[4011.76159974862,5251.788085298978,1.895],"pos_noise":[0.0,0.0,0.0],"spd":[-4.528892260695775,-0.7837164267060263,0.0],"spd_noise":[0.0,0.0,0.0],"RSSI":1.8677604600993029e-9}
{"type":2,"rcvTime":18060.0,"pos":[3575.19507835276,5194.371834297173,1.895],"noise":[0.0,0.0,0.0],"spd":[-1.3210311724736637,-1.6285499044266905,0.0],"spd_noise":[0.0,0.0,0.0]}
{"type":2,"rcvTime":18060.1,"pos":[3575.047551620681,5194.189965276643,1.895],"noise":[0.0,0.0,0.0],"spd":[-1.4751828632641964,-1.818586087171767,0.0],"spd_noise":[0.0,0.0,0.0]}
{"type":3,"rcvTime":18060.153451052855,"sendTime":18060.153338484,"sender":133,"messageID":186110,"pos":[3184.7526174582555,5251.583313552316,1.895],"pos_noise":[0.0,0.0,0.0],"spd":[-0.9059885443475254,0.3621765799264067,0.0],"spd_noise":[0.0,0.0,0.0],"RSSI":5.466356507325428e-9}
{"type":2,"rcvTime":18060.2,"pos":[3574.8907094157659,5193.9966122633709,1.895],"noise":[0.0,0.0,0.0],"spd":[-1.5683322586156743,-1.9334194401297425,0.0],"spd_noise":[0.0,0.0,0.0]}
{"type":3,"rcvTime":18060.20769034777,"sendTime":18060.207584858545,"sender":505,"messageID":186159,"pos":[3631.146803660849,5230.934188045626,1.895],"pos_noise":[0.0,0.0,0.0],"spd":[-4.968261152152048,31.851980790439876,0.0],"spd_noise":[0.0,0.0,0.0],"RSSI":1.605611924572911e-8}
{"type":2,"rcvTime":18060.3,"pos":[3574.724494557801,5193.791704766339,1.895],"noise":[0.0,0.0,0.0],"spd":[-1.6620534233632234,-2.048957662900217,0.0],"spd_noise":[0.0,0.0,0.0]}
{"type":3,"rcvTime":18060.367351709152,"sendTime":18060.36723438264,"sender":451,"messageID":186726,"pos":[3594.492137809599,5801.900532950474,1.895],"pos_noise":[0.0,0.0,0.0],"spd":[-0.02192367682764979,-37.62925081734408,0.0],"spd_noise":[0.0,0.0,0.0],"RSSI":1.3773043998841945e-9}
{"type":3,"rcvTime":18060.373564366557,"sendTime":18060.37345083123,"sender":445,"messageID":186795,"pos":[3629.1806137514165,5218.37074850019,1.895],"pos_noise":[0.0,0.0,0.0],"spd":[13.942887506507033,1.8590516675338916,0.0],"spd_noise":[0.0,0.0,0.0],"RSSI":1.0661417809306245e-7}
{"type":2,"rcvTime":18060.4,"pos":[3574.5466407033929,5193.572448867134,1.895],"noise":[0.0,0.0,0.0],"spd":[-1.7784367245956896,-2.1924334703211159,0.0],"spd_noise":[0.0,0.0,0.0]}
{"type":2,"rcvTime":18060.5,"pos":[3574.354893263256,5193.336065137654,1.895],"noise":[0.0,0.0,0.0],"spd":[-1.9173646279410504,-2.363701967559796,0.0],"spd_noise":[0.0,0.0,0.0]}
{"type":2,"rcvTime":18060.6,"pos":[3574.1527416483106,5193.0868552779179,1.895],"noise":[0.0,0.0,0.0],"spd":[-2.02140041975605,-2.4919559273059268,0.0],"spd_noise":[0.0,0.0,0.0]}
{"type":3,"rcvTime":18060.62007309328,"sendTime":18060.619955711998,"sender":151,"messageID":187600,"pos":[3822.42581302402,5267.159121027574,1.895],"pos_noise":[0.0,0.0,0.0],"spd":[0.0,-0.0,0.0],"spd_noise":[0.0,0.0,0.0],"RSSI":9.77645121487342e-9}
{"type":2,"rcvTime":18060.7,"pos":[3573.9397862261196,5192.824326626298,1.895],"noise":[0.0,0.0,0.0],"spd":[-2.129432307136583,-2.625136221257354,0.0],"spd_noise":[0.0,0.0,0.0]}
{"type":3,"rcvTime":18060.745446006007,"sendTime":18060.7453344306,"sender":163,"messageID":187816,"pos":[3182.3439104082747,5248.988533793309,1.895],"pos_noise":[0.0,0.0,0.0],"spd":[-1.5330305307147197,0.6127180847981265,0.0],"spd_noise":[0.0,0.0,0.0],"RSSI":1.3052601364094296e-9}
{"type":2,"rcvTime":18060.8,"pos":[3573.714145087516,5192.546159189857,1.895],"noise":[0.0,0.0,0.0],"spd":[-2.2562822088212024,-2.7815151164482208,0.0],"spd_noise":[0.0,0.0,0.0]}
{"type":3,"rcvTime":18060.802535277187,"sendTime":18060.80242943354,"sender":463,"messageID":188281,"pos":[3547.6157148196045,5208.186070927281,1.895],"pos_noise":[0.0,0.0,0.0],"spd":[13.614829423839295,1.6775337619718443,0.0],"spd_noise":[0.0,0.0,0.0],"RSSI":1.9126222660129634e-7}
{"type":2,"rcvTime":18060.9,"pos":[3573.473540561602,5192.249545085779,1.895],"noise":[0.0,0.0,0.0],"spd":[-2.4059075155419178,-2.9659712322746576,0.0],"spd_noise":[0.0,0.0,0.0]}
{"type":3,"rcvTime":18060.916971184168,"sendTime":18060.91686133435,"sender":49,"messageID":188524,"pos":[4008.370120609547,5251.324881041512,1.895],"pos_noise":[0.0,0.0,0.0],"spd":[-2.545770376706564,-0.4002468003007589,0.0],"spd_noise":[0.0,0.0,0.0],"RSSI":2.577443620226604e-9}
{"type":2,"rcvTime":18061.0,"pos":[3573.2226891531356,5191.940298759276,1.895],"noise":[0.0,0.0,0.0],"spd":[-2.5083704748355934,-3.0922862247152809,0.0],"spd_noise":[0.0,0.0,0.0]}
{"type":2,"rcvTime":18061.1,"pos":[3572.962138373832,5191.61909517561,1.895],"noise":[0.0,0.0,0.0],"spd":[-2.605358630408424,-3.2118519509303518,0.0],"spd_noise":[0.0,0.0,0.0]}
{"type":3,"rcvTime":18061.15344501478,"sendTime":18061.153338484,"sender":133,"messageID":189089,"pos":[3182.7433782365808,5252.39466931722,1.895],"pos_noise":[0.0,0.0,0.0],"spd":[-2.9247756914988556,1.173512617423425,0.0],"spd_noise":[0.0,0.0,0.0],"RSSI":1.390798539892482e-9}
{"type":2,"rcvTime":18061.2,"pos":[3572.6864774230218,5191.279263970677,1.895],"noise":[0.0,0.0,0.0],