{"type":2,"rcvTime":18098.3,"pos":[3612.778981136284,6076.798217736175,1.895],"noise":[0.0,0.0,0.0],"spd":[-3.779599311312734,-32.836833420734588,0.0],"spd_noise":[0.0,0.0,0.0]}
{"type":2,"rcvTime":18098.399999999998,"pos":[3612.400950768922,6073.513922450196,1.895],"noise":[0.0,0.0,0.0],"spd":[-3.784455302207962,-32.87902185154095,0.0],"spd_noise":[0.0,0.0,0.0]}
{"type":2,"rcvTime":18098.5,"pos":[3612.022913284331,6070.229565330341,1.895],"noise":[0.0,0.0,0.0],"spd":[-3.7845265526650064,-32.879640869397658,0.0],"spd_noise":[0.0,0.0,0.0]}
{"type":3,"rcvTime":18098.57936387572,"sendTime":18098.57925562924,"sender":571,"messageID":319730,"pos":[3601.6595018803739,5456.369535772364,1.895],"pos_noise":[0.0,0.0,0.0],"spd":[-4.272298536997269,37.03415426812415,0.0],"spd_noise":[0.0,0.0,0.0],"RSSI":2.4274380476612068e-9}
{"type":2,"rcvTime":18098.6,"pos":[3611.6448578554575,6066.945052312104,1.895],"noise":[0.0,0.0,0.0],"spd":[-3.784706192556932,-32.88120156531893,0.0],"spd_noise":[0.0,0.0,0.0]}
{"type":2,"rcvTime":18098.7,"pos":[3611.266116151618,6063.654576996051,1.895],"noise":[0.0,0.0,0.0],"spd":[-3.7915764790654484,-32.940890022997319,0.0],"spd_noise":[0.0,0.0,0.0]}
{"type":2,"rcvTime":18098.8,"pos":[3610.888502159422,6060.373899141664,1.895],"noise":[0.0,0.0,0.0],"spd":[-3.7802869778091758,-32.842807808052608,0.0],"spd_noise":[0.0,0.0,0.0]}
{"type":3,"rcvTime":18098.85142188444,"sendTime":18098.85130335018,"sender":577,"messageID":320460,"pos":[3595.809786169216,5972.024322642687,1.895],"pos_noise":[0.0,0.0,0.0],"spd":[-0.0222354041790811,-38.20320380437592,0.0],"spd_noise":[0.0,0.0,0.0],"RSSI":5.505713764880872e-9}
{"type":2,"rcvTime":18098.899999999998,"pos":[3610.5100545580278,6057.085978962332,1.895],"noise":[0.0,0.0,0.0],"spd":[-3.7886322247041597,-32.91531059461129,0.0],"spd_noise":[0.0,0.0,0.0]}
{"type":2,"rcvTime":18099.0,"pos":[3610.1323340965329,6053.804376111846,1.895],"noise":[0.0,0.0,0.0],"spd":[-3.7813528400698686,-32.852067927584588,0.0],"spd_noise":[0.0,0.0,0.0]}
{"type":2,"rcvTime":18099.1,"pos":[3609.754775137868,6050.524176384041,1.895],"noise":[0.0,0.0,0.0],"spd":[-3.779736038102466,-32.8380212913126,0.0],"spd_noise":[0.0,0.0,0.0]}
{"type":2,"rcvTime":18099.2,"pos":[3609.37711165667,6047.243068573471,1.895],"noise":[0.0,0.0,0.0],"spd":[-3.780782411328537,-32.847112091783497,0.0],"spd_noise":[0.0,0.0,0.0]}
{"type":3,"rcvTime":18099.211119978776,"sendTime":18099.21101102056,"sender":601,"messageID":321953,"pos":[3604.520108965815,6033.913012227147,1.895],"pos_noise":[0.0,0.0,0.0],"spd":[-3.8174659627510998,-33.1457003344547,0.0],"spd_noise":[0.0,0.0,0.0],"RSSI":5.28635696901197e-7}
{"type":2,"rcvTime":18099.3,"pos":[3608.9994610785777,6043.962072863965,1.895],"noise":[0.0,0.0,0.0],"spd":[-3.7806532385702624,-32.84598985000663,0.0],"spd_noise":[0.0,0.0,0.0]}
{"type":2,"rcvTime":18099.399999999998,"pos":[3608.6212111497359,6040.675870046751,1.895],"noise":[0.0,0.0,0.0],"spd":[-3.78665332828759,-32.89811811290678,0.0],"spd_noise":[0.0,0.0,0.0]}
{"type":2,"rcvTime":18099.5,"pos":[3608.243405770363,6037.393529437052,1.895],"noise":[0.0,0.0,0.0],"spd":[-3.7822029514364887,-32.859453621975337,0.0],"spd_noise":[0.0,0.0,0.0]}
{"type":2,"rcvTime":18099.6,"pos":[3607.8647799245457,6034.104060685515,1.895],"noise":[0.0,0.0,0.0],"spd":[-3.7904166264650307,-32.93081332348576,0.0],"spd_noise":[0.0,0.0,0.0]}
{"type":2,"rcvTime":18099.7,"pos":[3607.486199795486,6030.814989117239,1.895],"noise":[0.0,0.0,0.0],"spd":[-3.789958956812157,-32.92683712891143,0.0],"spd_noise":[0.0,0.0,0.0]}
{"type":2,"rcvTime":18099.8,"pos":[3607.108452956591,6027.533157102172,1.895],"noise":[0.0,0.0,0.0],"spd":[-3.781616903754309,-32.854362090141048,0.0],"spd_noise":[0.0,0.0,0.0]}
{"type":3,"rcvTime":18099.85141542497,"sendTime":18099.85130335018,"sender":577,"messageID":323909,"pos":[3595.809786169216,5972.024322642687,1.895],"pos_noise":[0.0,0.0,0.0],"spd":[-0.022245479898254845,-38.22051514938094,0.0],"spd_noise":[0.0,0.0,0.0],"RSSI":4.501958802132628e-9}
{"type":2,"rcvTime":18099.899999999998,"pos":[3606.7309606749956,6024.253536659005,1.895],"noise":[0.0,0.0,0.0],"spd":[-3.779068535147374,-32.83222208307998,0.0],"spd_noise":[0.0,0.0,0.0]}
{"type":2,"rcvTime":18100.0,"pos":[3606.353467977053,6020.973912598649,1.895],"noise":[0.0,0.0,0.0],"spd":[-3.7790727031924584,-32.83225829469683,0.0],"spd_noise":[0.0,0.0,0.0]}
