{"type":2,"rcvTime":25200.0,"pos":[3602.5673231990824,6076.126765217686,1.895],"noise":[0.0,0.0,0.0],"spd":[2.9183582413768156,27.63608802560062,0.0],"spd_noise":[0.0,0.0,0.0]}
{"type":3,"rcvTime":25200.064695067438,"sendTime":25200.064582757885,"sender":805,"messageID":5631,"pos":[3593.997091026574,6057.814739348525,1.895],"pos_noise":[0.0,0.0,0.0],"spd":[3.6087230185456886,34.12858033831626,0.0],"spd_noise":[0.0,0.0,0.0],"RSSI":4.180975155919886e-7}
{"type":3,"rcvTime":25200.079757383715,"sendTime":25200.07964547095,"sender":19,"messageID":7429,"pos":[3587.6333574454877,5859.86566060902,1.895],"pos_noise":[0.0,0.0,0.0],"spd":[-0.02802899171225533,28.889266149967967,0.0],"spd_noise":[0.0,0.0,0.0],"RSSI":3.343285516718773e-9}
{"type":2,"rcvTime":25200.1,"pos":[3602.861413037406,6078.911718944107,1.895],"noise":[0.0,0.0,0.0],"spd":[2.9444318405106166,27.88299817891545,0.0],"spd_noise":[0.0,0.0,0.0]}
{"type":3,"rcvTime":25200.121393509387,"sendTime":25200.121285312343,"sender":1015,"messageID":9169,"pos":[3598.2920552200118,5657.505368672189,1.895],"pos_noise":[0.0,0.0,0.0],"spd":[1.5038879475885426,-35.02008161584823,0.0],"spd_noise":[0.0,0.0,0.0],"RSSI":2.4702586070505945e-9}
{"type":3,"rcvTime":25200.125891509986,"sendTime":25200.125781386854,"sender":235,"messageID":10139,"pos":[5560.0,5820.0,1.895],"pos_noise":[0.0,0.0,0.0],"spd":[-0.269649628823725,-31.264013853652704,0.0],"spd_noise":[0.0,0.0,0.0],"RSSI":1.6965267870171429e-8}
{"type":3,"rcvTime":25200.14867451282,"sendTime":25200.148564780364,"sender":37,"messageID":10799,"pos":[3589.0715812371415,5967.809625377584,1.895],"pos_noise":[0.0,0.0,0.0],"spd":[2.5723631282851078,34.595840552605427,0.0],"spd_noise":[0.0,0.0,0.0],"RSSI":7.327087287764603e-9}
