{"type":2,"rcvTime":25297.899999999998,"pos":[4597.5295973438319,5180.1544865925729,1.895],"noise":[0.0,0.0,0.0],"spd":[-4.06558958291262,5.939895288933024,0.0],"spd_noise":[0.0,0.0,0.0]}
{"type":2,"rcvTime":25298.0,"pos":[4597.470032105849,5180.866514952464,1.895],"noise":[0.0,0.0,0.0],"spd":[-3.7468517452076237,6.424048766777983,0.0],"spd_noise":[0.0,0.0,0.0]}
{"type":3,"rcvTime":25298.016666830936,"sendTime":25298.016548499,"sender":2539,"messageID":5939104,"pos":[4610.959132572941,5341.21254972224,1.895],"pos_noise":[0.0,0.0,0.0],"spd":[0.5945006983241451,3.1277682788111687,0.0],"spd_noise":[0.0,0.0,0.0],"RSSI":3.1313876115996076e-9}
{"type":3,"rcvTime":25298.020553354832,"sendTime":25298.020439030366,"sender":2899,"messageID":5940054,"pos":[4557.410090167209,5199.857759816309,1.895],"pos_noise":[0.0,0.0,0.0],"spd":[-10.810458275474224,7.920886369371945,0.0],"spd_noise":[0.0,0.0,0.0],"RSSI":1.2887567021961343e-7}
{"type":3,"rcvTime":25298.059080108094,"sendTime":25298.05897310353,"sender":1171,"messageID":5943614,"pos":[4431.71583404696,5307.29353584296,1.895],"pos_noise":[0.0,0.0,0.0],"spd":[10.517748786172346,1.2724112990756267,0.0],"spd_noise":[0.0,0.0,0.0],"RSSI":8.034520809757381e-9}
{"type":2,"rcvTime":25298.1,"pos":[4597.524004614322,5181.630307723886,1.895],"noise":[0.0,0.0,0.0],"spd":[-3.162913689593242,6.966703738742024,0.0],"spd_noise":[0.0,0.0,0.0]}
{"type":3,"rcvTime":25298.105068253706,"sendTime":25298.10496190274,"sender":1783,"messageID":5946268,"pos":[4405.160789674527,5297.775826510678,1.895],"pos_noise":[0.0,0.0,0.0],"spd":[-8.746897702090927,0.6810917677365318,0.0],"spd_noise":[0.0,0.0,0.0],"RSSI":1.2233393500501469e-8}
{"type":3,"rcvTime":25298.192122078617,"sendTime":25298.192004916582,"sender":2785,"messageID":5953196,"pos":[4529.1265478860009,5228.036452197397,1.895],"pos_noise":[0.0,0.0,0.0],"spd":[-9.72377535169119,7.134455648421272,0.0],"spd_noise":[0.0,0.0,0.0],"RSSI":6.628912070294757e-8}
{"type":2,"rcvTime":25298.2,"pos":[4597.579040155148,5182.409144013752,1.895],"noise":[0.0,0.0,0.0],"spd":[-2.445060864815804,7.4087323936173619,0.0],"spd_noise":[0.0,0.0,0.0]}
{"type":3,"rcvTime":25298.22542212975,"sendTime":25298.22531177872,"sender":823,"messageID":5955858,"pos":[4601.181768503972,5204.6218825742639,1.895],"pos_noise":[0.0,0.0,0.0],"spd":[0.9392723233742147,-5.981113355274635,0.0],"spd_noise":[0.0,0.0,0.0],"RSSI":2.9369791144419779e-7}
{"type":3,"rcvTime":25298.25317153783,"sendTime":25298.253061355885,"sender":2821,"messageID":5958043,"pos":[4533.246651956624,5220.922116056596,1.895],"pos_noise":[0.0,0.0,0.0],"spd":[-10.61797748301568,7.442112542309186,0.0],"spd_noise":[0.0,0.0,0.0],"RSSI":2.692087609801584e-8}
{"type":3,"rcvTime":25298.26314253834,"sendTime":25298.263034919648,"sender":1453,"messageID":5958901,"pos":[4602.6640870301,5265.926500530431,1.895],"pos_noise":[0.0,0.0,0.0],"spd":[-1.4472803627105409,-13.006365521932662,0.0],"spd_noise":[0.0,0.0,0.0],"RSSI":1.144530238025826e-7}
{"type":3,"rcvTime":25298.278372538025,"sendTime":25298.27825723537,"sender":2869,"messageID":5959552,"pos":[4548.801278595043,5210.121984027429,1.895],"pos_noise":[0.0,0.0,0.0],"spd":[-10.47142907785338,7.477691412649202,0.0],"spd_noise":[0.0,0.0,0.0],"RSSI":1.3564967675320075e-7}
{"type":2,"rcvTime":25298.3,"pos":[4597.635427927246,5183.20711642497,1.895],"noise":[0.0,0.0,0.0],"spd":[-1.646299654898387,7.822092724474905,0.0],"spd_noise":[0.0,0.0,0.0]}
{"type":3,"rcvTime":25298.353584926463,"sendTime":25298.35347852567,"sender":2767,"messageID":5964361,"pos":[4498.975982992384,5242.0005479964179,1.895],"pos_noise":[0.0,0.0,0.0],"spd":[-11.721866084521825,8.651395694928404,0.0],"spd_noise":[0.0,0.0,0.0],"RSSI":3.268899581850837e-8}
{"type":2,"rcvTime":25298.399999999998,"pos":[4597.692913260875,5184.020620994807,1.895],"noise":[0.0,0.0,0.0],"spd":[-0.7762700225823854,8.11199354939959,0.0],"spd_noise":[0.0,0.0,0.0]}
{"type":3,"rcvTime":25298.48992293047,"sendTime":25298.48981409911,"sender":2911,"messageID":5974177,"pos":[4562.330775783053,5200.346878128086,1.895],"pos_noise":[0.0,0.0,0.0],"spd":[-10.330912460825769,7.576973878179693,0.0],"spd_noise":[0.0,0.0,0.0],"RSSI":6.68535304994114e-8}
{"type":2,"rcvTime":25298.5,"pos":[4597.752075925687,5184.857862342295,1.895],"noise":[0.0,0.0,0.0],"spd":[0.13063535424460358,8.385810107428787,0.0],"spd_noise":[0.0,0.0,0.0]}
{"type":3,"rcvTime":25298.58941980705,"sendTime":25298.589313584147,"sender":1045,"messageID":5982196,"pos":[3952.804382189,5257.264568656096,1.895],"pos_noise":[0.0,0.0,0.0],"spd":[9.78034440369979,-7.607548840864351,0.0],"spd_noise":[0.0,0.0,0.0],"RSSI":4.158610952827535e-9}
{"type":3,"rcvTime":25298.590050812483,"sendTime":25298.589933182855,"sender":2809,"messageID":5982518,"pos":[4520.41821672223,5226.2409537201569,1.895],"pos_noise":[0.0,0.0,0.0],"spd":[-10.982860991934663,8.063151423753024,0.0],"spd_noise":[0.0,0.0,0.0],"RSSI":1.2341860210750379e-8}
{"type":3,"rcvTime":25298.59406260305,"sendTime":25298.59395606676,"sender":739,"messageID":5982844,"pos":[4428.340500543609,5301.593115471097,1.895],"pos_noise":[0.0,0.0,0.0],"spd":[10.08888430413422,-4.9743475741398319,0.0],"spd_noise":[0.0,0.0,0.0],"RSSI":3.310613293734306e-9}
{"type":2,"rcvTime":25298.6,"pos":[4597.9912558937089,5185.6823923168599,1.895],"noise":[0.0,0.0,0.0],"spd":[0.9171466770411777,8.55841159960319,0.0],"spd_noise":[0.0,0.0,0.0]}
{"type":3,"rcvTime":25298.618462817212,"sendTime":25298.618346757066,"sender":2857,"messageID":5985154,"pos":[4546.584491684316,5207.649857600967,1.895],"pos_noise":[0.0,0.0,0.0],"spd":[-11.079609778013515,7.6599771304788109,0.0],"spd_noise":[0.0,0.0,0.0],"RSSI":5.991733154294079e-9}
{"type":3,"rcvTime":25298.69120648939,"sendTime":25298.691090353765,"sender":2875,"messageID":5989370,"pos":[4574.188679525875,5195.743612616304,1.895],"pos_noise":[0.0,0.0,0.0],"spd":[-9.720105614496813,6.981775797097684,0.0],"spd_noise":[0.0,0.0,0.0],"RSSI":6.881478373567256e-9}
{"type":3,"rcvTime":25298.69657577754,"sendTime":25298.69646062865,"sender":1837,"messageID":5990045,"pos":[4417.096703025553,5290.854777754614,1.895],"pos_noise":[0.0,0.0,0.0],"spd":[-2.8630542694159004,-4.693668068821176,0.0],"spd_noise":[0.0,0.0,0.0],"RSSI":4.908547823271774e-9}
{"type":2,"rcvTime":25298.7,"pos":[4598.264213464275,5186.523248188604,1.895],"noise":[0.0,0.0,0.0],"spd":[1.318150667731277,8.734792746468689,0.0],"spd_noise":[0.0,0.0,0.0]}
{"type":3,"rcvTime":25298.70561779889,"sendTime":25298.705503025325,"sender":343,"messageID":5991259,"pos":[3825.9408666323399,5256.678335073853,1.895],"pos_noise":[0.0,0.0,0.0],"spd":[10.28788215406482,-4.975741782022664,0.0],"spd_noise":[0.0,0.0,0.0],"RSSI":4.3001591548217949e-9}
{"type":3,"rcvTime":25298.778905803,"sendTime":25298.778790911983,"sender":2779,"messageID":5995244,"pos":[4553.735729247396,5206.598272125749,1.895],"pos_noise":[0.0,0.0,0.0],"spd":[-10.837303046462502,7.9653247948710599,0.0],"spd_noise":[0.0,0.0,0.0],"RSSI":2.7584008782549799e-8}
{"type":2,"rcvTime":25298.8,"pos":[4598.543236277995,5187.382788265768,1.895],"noise":[0.0,0.0,0.0],"spd":[1.740119817529536,8.860730575661233,0.0],"spd_noise":[0.0,0.0,0.0]}
{"type":3,"rcvTime":25298.82153409525,"sendTime":25298.82141708373,"sender":1105,"messageID":5997504,"pos":[4443.006195037598,5290.8320549211189,1.895],"pos_noise":[0.0,0.0,0.0],"spd":[-1.1898028215092185,-10.692475897745672,0.0],"spd_noise":[0.0,0.0,0.0],"RSSI":3.71099703314493e-7}
{"type":3,"rcvTime":25298.856172356758,"sendTime":25298.856061494676,"sender":1063,"messageID":5999834,"pos":[4447.320677365321,5292.413386056235,1.895],"pos_noise":[0.0,0.0,0.0],"spd":[11.056735811708928,-5.347570990329222,0.0],"spd_noise":[0.0,0.0,0.0],"RSSI":1.658321513943743e-8}
{"type":3,"rcvTime":25298.867879358342,"sendTime":25298.867762134967,"sender":2815,"messageID":6001169,"pos":[4537.09541224046,5222.237690705392,1.895],"pos_noise":[0.0,0.0,0.0],"spd":[-9.949696307455437,6.882445100948675,0.0],"spd_noise":[0.0,0.0,0.0],