{"type":2,"rcvTime":25253.2,"pos":[5876.170283605621,5180.253999377743,1.895],"noise":[0.0,0.0,0.0],"spd":[4.416031447402777,8.226227175571957,0.0],"spd_noise":[0.0,0.0,0.0]}
{"type":3,"rcvTime":25253.242674554444,"sendTime":25253.242555115372,"sender":889,"messageID":3341497,"pos":[6090.45666568731,5656.899329957263,1.895],"pos_noise":[0.0,0.0,0.0],"spd":[0.7722520414617405,11.279943753148876,0.0],"spd_noise":[0.0,0.0,0.0],"RSSI":2.0899302995987614e-9}
{"type":2,"rcvTime":25253.3,"pos":[5876.591694550579,5181.039007865293,1.895],"noise":[0.0,0.0,0.0],"spd":[4.203190198198328,7.829744385734756,0.0],"spd_noise":[0.0,0.0,0.0]}
{"type":3,"rcvTime":25253.365149084875,"sendTime":25253.36503778952,"sender":1237,"messageID":3347960,"pos":[6012.330468759173,5436.260906908043,1.895],"pos_noise":[0.0,0.0,0.0],"spd":[-9.622659347483707,4.562954316768323,0.0],"spd_noise":[0.0,0.0,0.0],"RSSI":9.493524525666384e-9}
{"type":2,"rcvTime":25253.399999999998,"pos":[5876.991766077685,5181.7842650736379,1.895],"noise":[0.0,0.0,0.0],"spd":[3.99034894899456,7.433261595897191,0.0],"spd_noise":[0.0,0.0,0.0]}
{"type":3,"rcvTime":25253.41144522838,"sendTime":25253.4113272368,"sender":757,"messageID":3350188,"pos":[6095.808297090586,5686.689929736535,1.895],"pos_noise":[0.0,0.0,0.0],"spd":[-1.0204926266135155,-14.877416918196057,0.0],"spd_noise":[0.0,0.0,0.0],"RSSI":3.1574431267853487e-9}
{"type":3,"rcvTime":25253.465032600685,"sendTime":25253.464916678844,"sender":1909,"messageID":3352849,"pos":[6113.303837607303,5719.73922511111,1.895],"pos_noise":[0.0,0.0,0.0],"spd":[-0.44915099281221929,-0.025888389624937965,0.0],"spd_noise":[0.0,0.0,0.0],"RSSI":1.5777843608170573e-9}
{"type":3,"rcvTime":25253.49223560333,"sendTime":25253.492119096685,"sender":331,"messageID":3354892,"pos":[5978.074021659975,5375.19986538711,1.895],"pos_noise":[0.0,0.0,0.0],"spd":[-7.574155657566051,-15.22468935537927,0.0],"spd_noise":[0.0,0.0,0.0],"RSSI":2.8357456573182654e-8}
{"type":2,"rcvTime":25253.5,"pos":[5877.371273148018,5182.491214607962,1.895],"noise":[0.0,0.0,0.0],"spd":[3.7852372304516268,7.051177452429532,0.0],"spd_noise":[0.0,0.0,0.0]}
{"type":2,"rcvTime":25253.6,"pos":[5877.7294408005,5183.158412863081,1.895],"noise":[0.0,0.0,0.0],"spd":[3.5723959812485259,6.6546946625916079,0.0],"spd_noise":[0.0,0.0,0.0]}
{"type":2,"rcvTime":25253.7,"pos":[5878.066269035129,5183.785859838993,1.895],"noise":[0.0,0.0,0.0],"spd":[3.359554732045959,6.258211872753397,0.0],"spd_noise":[0.0,0.0,0.0]}
{"type":3,"rcvTime":25253.704741960297,"sendTime":25253.70462750015,"sender":139,"messageID":3368480,"pos":[5995.997725172367,5403.828267741431,1.895],"pos_noise":[0.0,0.0,0.0],"spd":[-5.586563821091106,-11.229462739539346,0.0],"spd_noise":[0.0,0.0,0.0],"RSSI":1.2329276641755124e-8}
{"type":3,"rcvTime":25253.799676428538,"sendTime":25253.799564733636,"sender":1153,"messageID":3371460,"pos":[6000.546951950872,5420.3821193508479,1.895],"pos_noise":[0.0,0.0,0.0],"spd":[-5.542520789852056,-11.20566917994232,0.0],"spd_noise":[0.0,0.0,0.0],"RSSI":1.9576581305237409e-8}
{"type":2,"rcvTime":25253.8,"pos":[5878.3817578519069,5184.3735555357,1.895],"noise":[0.0,0.0,0.0],"spd":[3.1467134828428247,5.861729082915491,0.0],"spd_noise":[0.0,0.0,0.0]}
{"type":2,"rcvTime":25253.899999999998,"pos":[5878.67590725083,5184.9214999532009,1.895],"noise":[0.0,0.0,0.0],"spd":[2.9338722336392237,5.4652462930778349,0.0],"spd_noise":[0.0,0.0,0.0]}
{"type":3,"rcvTime":25253.996054051524,"sendTime":25253.99594365889,"sender":1903,"messageID":3382622,"pos":[6164.87011113499,5535.099630842814,1.895],"pos_noise":[0.0,0.0,0.0],"spd":[-5.86223000885724,-13.922077155480349,0.0],"spd_noise":[0.0,0.0,0.0],"RSSI":3.5125793640235517e-9}
{"type":2,"rcvTime":25254.0,"pos":[5878.948717231902,5185.429693091494,1.895],"noise":[0.0,0.0,0.0],"spd":[2.7210309844365554,5.068763503239678,0.0],"spd_noise":[0.0,0.0,0.0]}
{"type":3,"rcvTime":25254.008555418022,"sendTime":25254.00844836491,"sender":175,"messageID":3382948,"pos":[6140.020060304424,5731.09038145375,1.895],"pos_noise":[0.0,0.0,0.0],"spd":[11.308968977231363,0.5795210477826172,0.0],"spd_noise":[0.0,0.0,0.0],"RSSI":1.4225095566684253e-9}
{"type":2,"rcvTime":25254.1,"pos":[5879.200187795122,5185.898134950582,1.895],"noise":[0.0,0.0,0.0],"spd":[2.5081897352334208,4.672280713401772,0.0],"spd_noise":[0.0,0.0,0.0]}
{"type":3,"rcvTime":25254.1345324211,"sendTime":25254.13441423648,"sender":1975,"messageID":3390208,"pos":[5888.387574983186,5203.012490919092,1.895],"pos_noise":[0.0,0.0,0.0],"spd":[6.191519059907867,12.445473606131655,0.0],"spd_noise":[0.0,0.0,0.0],"RSSI":6.646713788674367e-9}
{"type":3,"rcvTime":25254.19430912967,"sendTime":25254.19420133429,"sender":2083,"messageID":3395044,"pos":[5924.078939307381,5273.7151042879709,1.895],"pos_noise":[0.0,0.0,0.0],"spd":[6.4011386611089959,13.106997353060216,0.0],"spd_noise":[0.0,0.0,0.0],"RSSI":1.0338481111002873e-7}
{"type":2,"rcvTime":25254.2,"pos":[5879.430318940489,5186.326825530464,1.895],"noise":[0.0,0.0,0.0],"spd":[2.2953484860309696,4.275797923563498,0.0],"spd_noise":[0.0,0.0,0.0]}
{"type":3,"rcvTime":25254.24266374961,"sendTime":25254.242555115372,"sender":889,"messageID":3398779,"pos":[6091.2329702778229,5668.23846750065,1.895],"pos_noise":[0.0,0.0,0.0],"spd":[0.7708207524172858,11.259037547595935,0.0],"spd_noise":[0.0,0.0,0.0],"RSSI":2.2745349800748888e-9}
{"type":2,"rcvTime":25254.3,"pos":[5879.639110668003,5186.7157648311399,1.895],"noise":[0.0,0.0,0.0],"spd":[2.0825072368271515,3.8793151337259594,0.0],"spd_noise":[0.0,0.0,0.0]}
{"type":3,"rcvTime":25254.36514374927,"sendTime":25254.36503778952,"sender":1237,"messageID":3405335,"pos":[6006.968101606863,5425.919999240403,1.895],"pos_noise":[0.0,0.0,0.0],"spd":[-5.521209951880465,-11.1498118593474,0.0],"spd_noise":[0.0,0.0,0.0],"RSSI":1.1192969963018347e-8}
{"type":2,"rcvTime":25254.399999999998,"pos":[5879.826562977665,5187.064952852609,1.895],"noise":[0.0,0.0,0.0],"spd":[1.8696659876240168,3.4828323438880535,0.0],"spd_noise":[0.0,0.0,0.0]}
{"type":3,"rcvTime":25254.41144229377,"sendTime":25254.4113272368,"sender":757,"messageID":3407586,"pos":[6094.789717824044,5671.840407047808,1.895],"pos_noise":[0.0,0.0,0.0],"spd":[-1.0268469225226725,-14.970054049515497,0.0],"spd_noise":[0.0,0.0,0.0],"RSSI":3.3564767494536649e-9}
{"type":3,"rcvTime":25254.465029811854,"sendTime":25254.464916678844,"sender":1909,"messageID":3410265,"pos":[6112.998990579374,5719.721654185605,1.895],"pos_noise":[0.0,0.0,0.0],"spd":[-0.000012554382521629043,-7.236157804872647e-7,0.0],"spd_noise":[0.0,0.0,0.0],"RSSI":1.5967290032791748e-9}
{"type":3,"rcvTime":25254.492232814275,"sendTime":25254.492119096685,"sender":331,"messageID":3412331,"pos":[5970.52777205933,5360.031269551192,1.895],"pos_noise":[0.0,0.0,0.0],"spd":[-7.556926574269235,-15.190057450127459,0.0],"spd_noise":[0.0,0.0,0.0],"RSSI":7.668026531297805e-9}
{"type":2,"rcvTime":25254.5,"pos":[5879.992675869475,5187.374389594873,1.895],"noise":[0.0,0.0,0.0],"spd":[1.656824738420619,3.086349554050288,0.0],"spd_noise":[0.0,0.0,0.0]}
{"type":3,"rcvTime":25254.539529467707,"sendTime":25254.53941813833,"sender":505,"messageID":3414892,"pos":[6099.391697694207,5690.7436388614009,1.895],"pos_noise":[0.0,0.0,0.0],"spd":[-0.8059342462929745,-11.751275062392617,0.0],"spd_noise":[0.0,0.0,0.0],"RSSI":2.371296028768964e-9}
{"type":2,"rcvTime":25254.6,"pos":[5880.137449343431,5187.6440750579299,1.895],"noise":[0.0,0.0,0.0],"spd":[1.4439834892177477,2.6898667642122406,0.0],"spd_noise":[0.0,0.0,0.0]}
{"type":2,"rcvTime":25254.7,"pos":[5880.260883399536,5187.87400924178,1.895],"noise":[0.0,0.0,0.0],"spd":[1.2311422400149797,2.2933839743741379,0.0],"spd_noise":[0.0,0.0,0.0]}
{"type":3,"rcvTime":25254.704734315903,"sendTime":25254.70462750015,"sender":139,"messageID":3426424,"pos":[5990.39936346552,5392.575090260106,1.895],"pos_noise":[0.0,0.0,0.0],"spd":[-5.6224857777128449,-11.301668890995103,0.0],"spd_noise":[0.0,0.0,0.0],"RSSI":1.0714112591647364e-8}
{"type":3,"rcvTime":25254.70814811936,