{"type":2,"rcvTime":25200.0,"pos":[3592.6930054881279,6014.071165552661,1.895],"noise":[0.0,0.0,0.0],"spd":[3.5814695788006527,34.175022145530068,0.0],"spd_noise":[0.0,0.0,0.0]}
{"type":3,"rcvTime":25200.064695145975,"sendTime":25200.064582757885,"sender":805,"messageID":5623,"pos":[3593.997091026574,6057.814739348525,1.895],"pos_noise":[0.0,0.0,0.0],"spd":[3.6087230185456886,34.12858033831626,0.0],"spd_noise":[0.0,0.0,0.0],"RSSI":3.092583259296272e-8}
{"type":3,"rcvTime":25200.07975717528,"sendTime":25200.07964547095,"sender":19,"messageID":7425,"pos":[3587.6333574454877,5859.86566060902,1.895],"pos_noise":[0.0,0.0,0.0],"spd":[-0.02802899171225533,28.889266149967967,0.0],"spd_noise":[0.0,0.0,0.0],"RSSI":5.299644964707226e-9}
{"type":2,"rcvTime":25200.1,"pos":[3593.0546945937078,6017.494003391309,1.895],"noise":[0.0,0.0,0.0],"spd":[3.6168961076210146,34.2284261942879,0.0],"spd_noise":[0.0,0.0,0.0]}
{"type":3,"rcvTime":25200.12139330457,"sendTime":25200.121285312343,"sender":1015,"messageID":9169,"pos":[3598.2920552200118,5657.505368672189,1.895],"pos_noise":[0.0,0.0,0.0],"spd":[1.5038879475885426,-35.02008161584823,0.0],"spd_noise":[0.0,0.0,0.0],"RSSI":7.898056554937158e-9}
{"type":3,"rcvTime":25200.125891304568,"sendTime":25200.125781386854,"sender":235,"messageID":10143,"pos":[3594.537925204139,5880.488872253979,1.895],"pos_noise":[0.0,0.0,0.0],"spd":[-0.269649628823725,-31.264013853652704,0.0],"spd_noise":[0.0,0.0,0.0],"RSSI":1.8422954996375129e-9}
{"type":3,"rcvTime":25200.14867430564,"sendTime":25200.148564780364,"sender":37,"messageID":10811,"pos":[3589.0715812371415,5967.809625377584,1.895],"pos_noise":[0.0,0.0,0.0],"spd":[2.5723631282851078,34.595840552605427,0.0],"spd_noise":[0.0,0.0,0.0],"RSSI":1.3530109749623644e-7}
{"type":2,"rcvTime":25200.2,"pos":[3593.4156417764995,6020.909820058037,1.895],"noise":[0.0,0.0,0.0],"spd":[3.609476869376866,34.15821437702487,0.0],"spd_noise":[0.0,0.0,0.0]}
{"type":3,"rcvTime":25200.20476349232,"sendTime":25200.20464863605,"sender":7,"messageID":13658,"pos":[3599.593886956914,6047.969102953327,1.895],"pos_noise":[0.0,0.0,0.0],"spd":[2.9383354185981185,27.82526666049326,0.0],"spd_noise":[0.0,0.0,0.0],"RSSI":3.10933112422205e-8}
{"type":3,"rcvTime":25200.256134047468,"sendTime":25200.256021416742,"sender":619,"messageID":16774,"pos":[3590.128943505926,5937.582339727261,1.895],"pos_noise":[0.0,0.0,0.0],"spd":[2.115128312743719,28.40628283228856,0.0],"spd_noise":[0.0,0.0,0.0],"RSSI":1.1110709303851558e-7}
{"type":3,"rcvTime":25200.26389062549,"sendTime":25200.263778526336,"sender":103,"messageID":17272,"pos":[3593.1221553069906,5701.0198561230849,1.895],"pos_noise":[0.0,0.0,0.0],"spd":[1.2879823836347094,-29.965304435558307,0.0],"spd_noise":[0.0,0.0,0.0],"RSSI":6.006007344121791e-9}
{"type":2,"rcvTime":25200.3,"pos":[3593.7762556301947,6024.322482271319,1.895],"noise":[0.0,0.0,0.0],"spd":[3.606143573751616,34.12666979849736,0.0],"spd_noise":[0.0,0.0,0.0]}
{"type":3,"rcvTime":25200.31864065128,"sendTime":25200.318525640527,"sender":325,"messageID":20175,"pos":[3598.164072975522,5737.392062219734,1.895],"pos_noise":[0.0,0.0,0.0],"spd":[1.7146577318211656,-39.964414378131177,0.0],"spd_noise":[0.0,0.0,0.0],"RSSI":3.904675461768727e-9}
{"type":2,"rcvTime":25200.399999999998,"pos":[3594.13668035093,6027.733354628502,1.895],"noise":[0.0,0.0,0.0],"spd":[3.604252241513811,34.10877121250698,0.0],"spd_noise":[0.0,0.0,0.0]}
{"type":3,"rcvTime":25200.427663358772,"sendTime":25200.427545964252,"sender":43,"messageID":26547,"pos":[3587.721474202505,5769.044396972557,1.895],"pos_noise":[0.0,0.0,0.0],"spd":[-0.031594879166805787,32.56459892199728,0.0],"spd_noise":[0.0,0.0,0.0],"RSSI":3.2964577139821398e-9}
{"type":3,"rcvTime":25200.4986776298,"sendTime":25200.498561167624,"sender":13,"messageID":29401,"pos":[3588.620784219118,5907.680601938369,1.895],"pos_noise":[0.0,0.0,0.0],"spd":[1.2210817284705545,28.679924658018775,0.0],"spd_noise":[0.0,0.0,0.0],"RSSI":1.7392389561980983e-8}
{"type":2,"rcvTime":25200.5,"pos":[3594.498133899528,6031.153963278222,1.895],"noise":[0.0,0.0,0.0],"spd":[3.6145405345131857,34.20613427387401,0.0],"spd_noise":[0.0,0.0,0.0]}
{"type":3,"rcvTime":25200.599096027254,"sendTime":25200.598979972536,"sender":97,"messageID":34753,"pos":[3591.9419852437129,5728.476873921787,1.895],"pos_noise":[0.0,0.0,0.0],"spd":[1.281753574590463,-29.820389286375016,0.0],"spd_noise":[0.0,0.0,0.0],"RSSI":2.0731876715388044e-9}
{"type":2,"rcvTime":25200.6,"pos":[3594.85953308404,6034.574057454462,1.895],"noise":[0.0,0.0,0.0],"spd":[3.613996892888895,34.20098953187709,0.0],"spd_noise":[0.0,0.0,0.0]}
{"type":3,"rcvTime":25200.661590528045,"sendTime":25200.661481324583,"sender":91,"messageID":39110,"pos":[3595.2910378936178,5650.560138801558,1.895],"pos_noise":[0.0,0.0,0.0],"spd":[1.2880434185928534,-29.966724432543236,0.0],"spd_noise":[0.0,0.0,0.0],"RSSI":8.235021162717689e-9}
{"type":2,"rcvTime":25200.7,"pos":[3595.22039568805,6037.9890737115269,1.895],"noise":[0.0,0.0,0.0],"spd":[3.6086310803777517,34.15021026920403,0.0],"spd_noise":[0.0,0.0,0.0]}
{"type":3,"rcvTime":25200.76189253082,"sendTime":25200.761778182816,"sender":967,"messageID":42678,"pos":[3584.3073024719494,5948.19681291237,1.895],"pos_noise":[0.0,0.0,0.0],"spd":[2.56482461043238,34.543181886298537,0.0],"spd_noise":[0.0,0.0,0.0],"RSSI":2.4537274685432993e-8}
{"type":2,"rcvTime":25200.8,"pos":[3595.581648575198,6041.407783405504,1.895],"noise":[0.0,0.0,0.0],"spd":[3.6125339172095116,34.18714468992264,0.0],"spd_noise":[0.0,0.0,0.0]}
{"type":3,"rcvTime":25200.896481574666,"sendTime":25200.896373876367,"sender":109,"messageID":51489,"pos":[3591.190154931879,5798.4799423345179,1.895],"pos_noise":[0.0,0.0,0.0],"spd":[-0.020511494103480529,-35.24131080762577,0.0],"spd_noise":[0.0,0.0,0.0],"RSSI":5.321508460798757e-9}
{"type":2,"rcvTime":25200.899999999998,"pos":[3595.9425256573447,6044.8229366761329,1.895],"noise":[0.0,0.0,0.0],"spd":[3.6087758619435594,34.1515804067505,0.0],"spd_noise":[0.0,0.0,0.0]}
{"type":3,"rcvTime":25200.920500015192,"sendTime":25200.920381986303,"sender":853,"messageID":52658,"pos":[3581.6980713446007,5736.470976235516,1.895],"pos_noise":[0.0,0.0,0.0],"spd":[-1.5390468055785416,36.78630360239938,0.0],"spd_noise":[0.0,0.0,0.0],"RSSI":1.534305661012196e-8}
{"type":3,"rcvTime":25200.948197015805,"sendTime":25200.948090423364,"sender":49,"messageID":53872,"pos":[3597.5656947093568,6028.762653693034,1.895],"pos_noise":[0.0,0.0,0.0],"spd":[3.0004212756302857,28.413203461994038,0.0],"spd_noise":[0.0,0.0,0.0],"RSSI":4.64711052943447e-7}
{"type":3,"rcvTime":25200.99396902496,"sendTime":25200.993852010462,"sender":55,"messageID":56645,"pos":[3594.2566061044356,5993.017062293768,1.895],"pos_noise":[0.0,0.0,0.0],"spd":[2.1233874953422977,28.51720408252439,0.0],"spd_noise":[0.0,0.0,0.0],"RSSI":9.344463503096758e-8}
{"type":2,"rcvTime":25201.0,"pos":[3596.303912430256,6048.242913395435,1.895],"noise":[0.0,0.0,0.0],"spd":[3.6138727767117269,34.19981496086561,0.0],"spd_noise":[0.0,0.0,0.0]}
{"type":2,"rcvTime":25201.1,"pos":[3596.6650976756097,6051.660982962599,1.895],"noise":[0.0,0.0,0.0],"spd":[3.6118574983192408,34.18074341284327,0.0],"spd_noise":[0.0,0.0,0.0]}
{"type":3,"rcvTime":25201.11328733282,"sendTime":25201.113180083456,"sender":1081,"messageID":64437,"pos":[3596.9664109143925,5504.105845162049,1.895],"pos_noise":[0.0,0.0,0.0],"spd":[-3.142805142520176,38.36438505558132,0.0],"spd_noise":[0.0,0.0,0.0],"RSSI":2.243160723070261e-9}
{"type":3,"rcvTime":25201.125898333332,"sendTime":25201.125781386854,"sender":235,"messageID":65740,"pos":[3594.537925204139,5880.488872253979,1.895],"pos_noise":[0.0,0.0,0.0],"spd":[-0.0182561652601586,-31.33442564620084,0.0],"spd_noise":[0.0,0.0,0.0],"RSSI":4.156728933695328e-9}
{"type":3,"rcvTime":25201.148681334234,"sendTime":25201.148564780364,"sender":37,"messageID":66734,"pos":[3591.638998527949,6002.338949114229,1.895],"pos_noise":[0.0,0.0,0.0],"spd":[2.571665894146475,34.58646341575304,0.0],"spd_noise":[0.0,0.0,0.0],