{"type":2,"rcvTime":25299.5,"pos":[6324.823425532998,5732.774185496505,1.895],"noise":[0.0,0.0,0.0],"spd":[-14.887036364524042,-0.9442911405554726,0.0],"spd_noise":[0.0,0.0,0.0]}
{"type":3,"rcvTime":25299.52859880245,"sendTime":25299.528487754473,"sender":2695,"messageID":6251857,"pos":[5560.0,5820.0,1.895],"pos_noise":[0.0,0.0,0.0],"spd":[-6.733189175495524,-0.6783283643081086,0.0],"spd_noise":[0.0,0.0,0.0],"RSSI":1.7763885665488356e-8}
{"type":3,"rcvTime":25299.52964599437,"sendTime":25299.529536224345,"sender":2491,"messageID":6252812,"pos":[6099.589605306422,5772.62241943348,1.895],"pos_noise":[0.0,0.0,0.0],"spd":[0.15946318820575065,-3.1821857635856887,0.0],"spd_noise":[0.0,0.0,0.0],"RSSI":3.1123772922618884e-9}
{"type":3,"rcvTime":25299.568432130494,"sendTime":25299.568320057308,"sender":2935,"messageID":6255735,"pos":[6174.934035757431,5826.619938228521,1.895],"pos_noise":[0.0,0.0,0.0],"spd":[-5.349550280488755,-0.538935056918673,0.0],"spd_noise":[0.0,0.0,0.0],"RSSI":1.933508085134844e-9}
{"type":3,"rcvTime":25299.572677684944,"sendTime":25299.57256943341,"sender":2287,"messageID":6256461,"pos":[6097.938228589133,5739.7626864053549,1.895],"pos_noise":[0.0,0.0,0.0],"spd":[0.021502953358149405,-0.42910462798049966,0.0],"spd_noise":[0.0,0.0,0.0],"RSSI":1.743384295771494e-8}
{"type":3,"rcvTime":25299.575466711263,"sendTime":25299.575349105755,"sender":1753,"messageID":6256872,"pos":[6106.104418271269,5725.936101219644,1.895],"pos_noise":[0.0,0.0,0.0],"spd":[-0.0,-0.0,0.0],"spd_noise":[0.0,0.0,0.0],"RSSI":9.767880460454606e-9}
{"type":2,"rcvTime":25299.6,"pos":[6323.336715001785,5732.678832603002,1.895],"noise":[0.0,0.0,0.0],"spd":[-14.868713305112449,-0.9464212022874526,0.0],"spd_noise":[0.0,0.0,0.0]}
{"type":2,"rcvTime":25299.7,"pos":[6321.845394038868,5732.583184011045,1.895],"noise":[0.0,0.0,0.0],"spd":[-14.914612228825688,-0.9526555530127585,0.0],"spd_noise":[0.0,0.0,0.0]}
{"type":3,"rcvTime":25299.70140915071,"sendTime":25299.701297146734,"sender":1495,"messageID":6262401,"pos":[6124.481423733994,5720.376501410233,1.895],"pos_noise":[0.0,0.0,0.0],"spd":[-4.5582275387536569e-14,-2.3383033809019687e-15,0.0],"spd_noise":[0.0,0.0,0.0],"RSSI":1.5555752363964428e-8}
{"type":3,"rcvTime":25299.732330537154,"sendTime":25299.732216377928,"sender":2503,"messageID":6264593,"pos":[5560.0,5820.0,1.895],"pos_noise":[0.0,0.0,0.0],"spd":[0.2667900943356047,-5.323960028741001,0.0],"spd_noise":[0.0,0.0,0.0],"RSSI":1.5786751190798273e-8}
{"type":3,"rcvTime":25299.745441603452,"sendTime":25299.745334430598,"sender":163,"messageID":6265571,"pos":[6156.957971898211,5731.958354148151,1.895],"pos_noise":[0.0,0.0,0.0],"spd":[11.88691332969637,0.6091374449426846,0.0],"spd_noise":[0.0,0.0,0.0],"RSSI":7.235114341359345e-9}
{"type":3,"rcvTime":25299.751636603552,"sendTime":25299.751527819782,"sender":307,"messageID":6265984,"pos":[5560.0,5820.0,1.895],"pos_noise":[0.0,0.0,0.0],"spd":[14.366732674998805,0.7362142375452454,0.0],"spd_noise":[0.0,0.0,0.0],"RSSI":1.925426678126754e-9}
{"type":3,"rcvTime":25299.790487855542,"sendTime":25299.790373521857,"sender":301,"messageID":6266734,"pos":[6141.568897380407,5731.169750641774,1.895],"pos_noise":[0.0,0.0,0.0],"spd":[11.090766572929115,0.5683394019381095,0.0],"spd_noise":[0.0,0.0,0.0],"RSSI":1.60808804623009e-8}
{"type":2,"rcvTime":25299.8,"pos":[6320.357870545485,5732.487778976729,1.895],"noise":[0.0,0.0,0.0],"spd":[-14.876423926888354,-0.953512309962957,0.0],"spd_noise":[0.0,0.0,0.0]}
{"type":3,"rcvTime":25299.814830863255,"sendTime":25299.814718286416,"sender":1735,"messageID":6268274,"pos":[6144.904938982922,5737.947724985161,1.895],"pos_noise":[0.0,0.0,0.0],"spd":[11.757060335301429,0.6017350552942982,0.0],"spd_noise":[0.0,0.0,0.0],"RSSI":1.4236134831326042e-9}
{"type":3,"rcvTime":25299.85546763094,"sendTime":25299.85535641713,"sender":739,"messageID":6271415,"pos":[5560.0,5820.0,1.895],"pos_noise":[0.0,0.0,0.0],"spd":[11.138187210962999,0.6487767338130125,0.0],"spd_noise":[0.0,0.0,0.0],"RSSI":1.939427984695322e-9}
{"type":3,"rcvTime":25299.857489658592,"sendTime":25299.857381281487,"sender":1675,"messageID":6272039,"pos":[5560.0,5820.0,1.895],"pos_noise":[0.0,0.0,0.0],"spd":[-0.0,-0.0,0.0],"spd_noise":[0.0,0.0,0.0],"RSSI":1.7967240777384478e-8}
{"type":3,"rcvTime":25299.85769166832,"sendTime":25299.85748449806,"sender":727,"messageID":6272295,"pos":[6117.544670964995,5729.90529670916,1.895],"pos_noise":[0.0,0.0,0.0],"spd":[6.04640170797282,0.3479214390621215,0.0],"spd_noise":[0.0,0.0,0.0],"RSSI":5.9663068466869e-9}
{"type":3,"rcvTime":25299.894839825876,"sendTime":25299.894725305214,"sender":2035,"messageID":6273382,"pos":[6100.539065734448,5753.675354025104,1.895],"pos_noise":[0.0,0.0,0.0],"spd":[1.9504431130498516e-10,-3.8922289067936128e-9,0.0],"spd_noise":[0.0,0.0,0.0],"RSSI":3.930699423262471e-9}
{"type":2,"rcvTime":25299.899999999998,"pos":[6318.874305931267,5732.392627852354,1.895],"noise":[0.0,0.0,0.0],"spd":[-14.836792850528556,-0.9515847899854352,0.0],"spd_noise":[0.0,0.0,0.0]}
{"type":3,"rcvTime":25299.90017831976,"sendTime":25299.900066924376,"sender":2059,"messageID":6273802,"pos":[5560.0,5820.0,1.895],"pos_noise":[0.0,0.0,0.0],"spd":[13.971891701634905,1.6147290570128823,0.0],"spd_noise":[0.0,0.0,0.0],"RSSI":1.6601323305314996e-9}
{"type":3,"rcvTime":25299.944741050833,"sendTime":25299.94463424431,"sender":1339,"messageID":6276643,"pos":[6070.110961946303,5729.93931623412,1.895],"pos_noise":[0.0,0.0,0.0],"spd":[10.771499822781424,0.9321303311731752,0.0],"spd_noise":[0.0,0.0,0.0],"RSSI":1.374057597445444e-8}
{"type":3,"rcvTime":25299.984619051073,"sendTime":25299.984504313907,"sender":1387,"messageID":6278960,"pos":[6093.750532911655,5728.4142050239329,1.895],"pos_noise":[0.0,0.0,0.0],"spd":[8.123089207633173,0.5559354039168969,0.0],"spd_noise":[0.0,0.0,0.0],"RSSI":8.609316468391022e-9}
{"type":3,"rcvTime":25299.990619095846,"sendTime":25299.990501806977,"sender":1987,"messageID":6279636,"pos":[6100.864455567172,5747.18200026137,1.895],"pos_noise":[0.0,0.0,0.0],"spd":[2.3879138854042676e-15,-4.7652286752435138e-14,0.0],"spd_noise":[0.0,0.0,0.0],"RSSI":9.520784391401328e-9}
{"type":2,"rcvTime":25300.0,"pos":[6317.393341121782,5732.2976434712,1.895],"noise":[0.0,0.0,0.0],"spd":[-14.810792793702904,-0.9499172288847546,0.0],"spd_noise":[0.0,0.0,0.0]}
