{"type":2,"rcvTime":25296.7,"pos":[3606.3062125467147,6078.244337750656,1.895],"noise":[0.0,0.0,0.0],"spd":[-3.811355882391657,-33.07263186066207,0.0],"spd_noise":[0.0,0.0,0.0]}
{"type":3,"rcvTime":25296.79328747588,"sendTime":25296.793179654516,"sender":2821,"messageID":6328635,"pos":[3598.18958046278,5736.797546024684,1.895],"pos_noise":[0.0,0.0,0.0],"spd":[1.293657735592844,-30.151949773539458,0.0],"spd_noise":[0.0,0.0,0.0],"RSSI":8.328663107707064e-9}
{"type":2,"rcvTime":25296.8,"pos":[3605.92613614959,6074.94626558188,1.895],"noise":[0.0,0.0,0.0],"spd":[-3.796590337880265,-32.94450543192745,0.0],"spd_noise":[0.0,0.0,0.0]}
{"type":3,"rcvTime":25296.821790462494,"sendTime":25296.821681858783,"sender":2725,"messageID":6330363,"pos":[3321.3166923775117,5927.66310435049,1.895],"pos_noise":[0.0,0.0,0.0],"spd":[-0.0328655476129064,33.94505444590994,0.0],"spd_noise":[0.0,0.0,0.0],"RSSI":6.892621950532895e-9}
{"type":3,"rcvTime":25296.87308246321,"sendTime":25296.872968165113,"sender":2587,"messageID":6333701,"pos":[3587.9168735985629,5952.279904511239,1.895],"pos_noise":[0.0,0.0,0.0],"spd":[2.15808281750098,29.02416390305994,0.0],"spd_noise":[0.0,0.0,0.0],"RSSI":1.1127259096106326e-8}
{"type":2,"rcvTime":25296.899999999998,"pos":[3605.5449181920268,6071.638287644835,1.895],"noise":[0.0,0.0,0.0],"spd":[-3.8079934067557037,-33.04345433899265,0.0],"spd_noise":[0.0,0.0,0.0]}
{"type":3,"rcvTime":25296.933974743326,"sendTime":25296.93386415704,"sender":2833,"messageID":6337188,"pos":[3600.1999627829225,5628.362954800105,1.895],"pos_noise":[0.0,0.0,0.0],"spd":[3.387519694860244,-40.23940424749773,0.0],"spd_noise":[0.0,0.0,0.0],"RSSI":1.374656174823718e-9}
{"type":3,"rcvTime":25296.956594097242,"sendTime":25296.95647839871,"sender":3007,"messageID":6339714,"pos":[3435.7748351751999,6163.380163442382,1.895],"pos_noise":[0.0,0.0,0.0],"spd":[-2.1974057275877207,-33.10243949861302,0.0],"spd_noise":[0.0,0.0,0.0],"RSSI":8.52138781183801e-8}
{"type":2,"rcvTime":25297.0,"pos":[3605.164113210713,6068.333893264908,1.895],"noise":[0.0,0.0,0.0],"spd":[-3.803868179163661,-33.00765811900538,0.0],"spd_noise":[0.0,0.0,0.0]}
{"type":3,"rcvTime":25297.002493055574,"sendTime":25297.002204118482,"sender":2737,"messageID":6344680,"pos":[3370.7235769717838,5847.8166035971539,1.895],"pos_noise":[0.0,0.0,0.0],"spd":[-0.03435415906477856,35.44556427223109,0.0],"spd_noise":[0.0,0.0,0.0],"RSSI":9.67370224349115e-9}
{"type":3,"rcvTime":25297.029237346596,"sendTime":25297.029118833874,"sender":2755,"messageID":6345943,"pos":[3605.5224608535206,5525.839387393228,1.895],"pos_noise":[0.0,0.0,0.0],"spd":[2.8430616623380318,-33.77425211356122,0.0],"spd_noise":[0.0,0.0,0.0],"RSSI":1.3971966553954054e-9}
{"type":3,"rcvTime":25297.09023335258,"sendTime":25297.09012410939,"sender":2881,"messageID":6352294,"pos":[3591.194619071487,5806.149892199069,1.895],"pos_noise":[0.0,0.0,0.0],"spd":[-0.017459945739373575,-29.998369272140253,0.0],"spd_noise":[0.0,0.0,0.0],"RSSI":7.983948436817729e-9}
{"type":2,"rcvTime":25297.1,"pos":[3604.7825904165345,6065.023270140833,1.895],"noise":[0.0,0.0,0.0],"spd":[-3.81103842548346,-33.06987716239185,0.0],"spd_noise":[0.0,0.0,0.0]}
{"type":2,"rcvTime":25297.2,"pos":[3604.4022173883165,6061.722623987557,1.895],"noise":[0.0,0.0,0.0],"spd":[-3.799553391500576,-32.97021701189843,0.0],"spd_noise":[0.0,0.0,0.0]}
{"type":2,"rcvTime":25297.3,"pos":[3604.0201943926088,6058.407660418368,1.895],"noise":[0.0,0.0,0.0],"spd":[-3.816034948041581,-33.113233950953368,0.0],"spd_noise":[0.0,0.0,0.0]}
{"type":2,"rcvTime":25297.399999999998,"pos":[3603.6390305081688,6055.100151695056,1.895],"noise":[0.0,0.0,0.0],"spd":[-3.807453269295389,-33.03876735411631,0.0],"spd_noise":[0.0,0.0,0.0]}
{"type":2,"rcvTime":25297.5,"pos":[3603.2579930508306,6051.7937400293599,1.895],"noise":[0.0,0.0,0.0],"spd":[-3.8061903865821415,-33.02780882480377,0.0],"spd_noise":[0.0,0.0,0.0]}
{"type":3,"rcvTime":25297.558650314568,"sendTime":25297.55854395614,"sender":3025,"messageID":6377296,"pos":[3598.5945027795785,6011.326803409918,1.895],"pos_noise":[0.0,0.0,0.0],"spd":[-3.795097760798214,-32.93155375438849,0.0],"spd_noise":[0.0,0.0,0.0],"RSSI":3.515502492967547e-7}
{"type":3,"rcvTime":25297.59193939133,"sendTime":25297.591823035524,"sender":2749,"messageID":6379692,"pos":[3589.8220028652747,5700.08440117309,1.895],"pos_noise":[0.0,0.0,0.0],"spd":[-1.2469406306676825,29.865204456194208,0.0],"spd_noise":[0.0,0.0,0.0],"RSSI":4.1837113108744e-9}
{"type":2,"rcvTime":25297.6,"pos":[3602.876647301196,6048.484653190328,1.895],"noise":[0.0,0.0,0.0],"spd":[-3.8092699241737519,-33.05453118196758,0.0],"spd_noise":[0.0,0.0,0.0]}
{"type":2,"rcvTime":25297.7,"pos":[3602.4961254186489,6045.182715369577,1.895],"noise":[0.0,0.0,0.0],"spd":[-3.8010403002191626,-32.983119502811138,0.0],"spd_noise":[0.0,0.0,0.0]}
{"type":2,"rcvTime":25297.8,"pos":[3602.113779171715,6041.864946822544,1.895],"noise":[0.0,0.0,0.0],"spd":[-3.8192639106677199,-33.14125292780677,0.0],"spd_noise":[0.0,0.0,0.0]}
{"type":3,"rcvTime":25297.82179814335,"sendTime":25297.821681858783,"sender":2725,"messageID":6394575,"pos":[3315.0542193421435,5702.150679189208,1.895],"pos_noise":[0.0,0.0,0.0],"spd":[-0.03232932354727318,33.391217482123007,0.0],"spd_noise":[0.0,0.0,0.0],"RSSI":6.675744229615915e-9}
{"type":3,"rcvTime":25297.873077144188,"sendTime":25297.872968165113,"sender":2587,"messageID":6397826,"pos":[3590.071616964755,5981.259155966399,1.895],"pos_noise":[0.0,0.0,0.0],"spd":[2.150540493820558,28.922726814110065,0.0],"spd_noise":[0.0,0.0,0.0],"RSSI":2.7151029919997298e-8}
{"type":2,"rcvTime":25297.899999999998,"pos":[3601.7317700482396,6038.550103628161,1.895],"noise":[0.0,0.0,0.0],"spd":[-3.81589637805106,-33.11203152472969,0.0],"spd_noise":[0.0,0.0,0.0]}
{"type":3,"rcvTime":25297.92005462048,"sendTime":25297.919944565554,"sender":2767,"messageID":6400004,"pos":[3584.4304202565838,5759.7640844955899,1.895],"pos_noise":[0.0,0.0,0.0],"spd":[-0.0337721296297341,34.84504420974614,0.0],"spd_noise":[0.0,0.0,0.0],"RSSI":2.2103713545011495e-9}
{"type":3,"rcvTime":25297.940437311245,"sendTime":25297.940323113417,"sender":2815,"messageID":6402525,"pos":[3589.917312367437,5630.515601280387,1.895],"pos_noise":[0.0,0.0,0.0],"spd":[-2.8949252866970145,35.338952824080269,0.0],"spd_noise":[0.0,0.0,0.0],"RSSI":2.372494157754446e-9}
{"type":2,"rcvTime":25298.0,"pos":[3601.3504916150366,6035.241600920245,1.895],"noise":[0.0,0.0,0.0],"spd":[-3.8085974990640976,-33.04869628517729,0.0],"spd_noise":[0.0,0.0,0.0]}
{"type":3,"rcvTime":25298.02540064812,"sendTime":25298.025289059475,"sender":2791,"messageID":6409996,"pos":[3601.6278824163885,5656.659264500038,1.895],"pos_noise":[0.0,0.0,0.0],"spd":[1.2828054850146096,-29.899010757789655,0.0],"spd_noise":[0.0,0.0,0.0],"RSSI":6.235869694445097e-9}
{"type":3,"rcvTime":25298.047429877603,"sendTime":25298.04731351165,"sender":3073,"messageID":6413629,"pos":[3611.855310881995,6068.773450088194,1.895],"pos_noise":[0.0,0.0,0.0],"spd":[-3.448880922728841,-29.963580533141564,0.0],"spd_noise":[0.0,0.0,0.0],"RSSI":6.807050402173449e-9}
{"type":3,"rcvTime":25298.080650327134,"sendTime":25298.08053451823,"sender":2671,"messageID":6416601,"pos":[3631.0563222657999,5358.791606209624,1.895],"pos_noise":[0.0,0.0,0.0],"spd":[3.9385371416777197,-31.79116463888394,0.0],"spd_noise":[0.0,0.0,0.0],"RSSI":1.381871138783608e-9}
{"type":3,"rcvTime":25298.090238331966,"sendTime":25298.09012410939,"sender":2881,"messageID":6416984,"pos":[3591.177165014197,5776.161640016645,1.895],"pos_noise":[0.0,0.0,0.0],"spd":[-0.017428439375123378,-29.944237403446686,0.0],"spd_noise":[0.0,0.0,0.0],"RSSI":1.937345597975553e-8}
{"type":2,"rcvTime":25298.1,"pos":[3600.969243771021,6031.933363646721,1.895],"noise":[0.0,0.0,0.0],"spd":[-3.8082919430895436,-33.04604485600832,0.0],"spd_noise":[0.0,0.0,0.0]}
{"type":3,"rcvTime":25298.121420476673,"sendTime":25298.121301979292,"sender":2707,"messageID":6419230,"pos":[3616.551332133727,5449.050032284226,1.895],