{"type":2,"rcvTime":25299.6,"pos":[3606.1288489664768,6076.705284307288,1.895],"noise":[0.0,0.0,0.0],"spd":[-3.9875261842874538,-34.60133075920871,0.0],"spd_noise":[0.0,0.0,0.0]}
{"type":3,"rcvTime":25299.65440755587,"sendTime":25299.654292232866,"sender":3049,"messageID":6514480,"pos":[3596.4866995281629,5982.221567161091,1.895],"pos_noise":[0.0,0.0,0.0],"spd":[-2.20149150789238,-33.1639890311655,0.0],"spd_noise":[0.0,0.0,0.0],"RSSI":7.46603235702e-9}
{"type":2,"rcvTime":25299.7,"pos":[3605.7293649057944,6073.238804219665,1.895],"noise":[0.0,0.0,0.0],"spd":[-3.990453857172697,-34.62673532663987,0.0],"spd_noise":[0.0,0.0,0.0]}
{"type":3,"rcvTime":25299.79329463132,"sendTime":25299.793179654516,"sender":2821,"messageID":6523007,"pos":[3602.0704084076048,5646.345082399523,1.895],"pos_noise":[0.0,0.0,0.0],"spd":[1.293305460299308,-30.143739111116994,0.0],"spd_noise":[0.0,0.0,0.0],"RSSI":6.9555565282034368e-9}
{"type":2,"rcvTime":25299.8,"pos":[3605.331394966361,6069.78546275678,1.895],"noise":[0.0,0.0,0.0],"spd":[-3.9753292712978749,-34.49549335499135,0.0],"spd_noise":[0.0,0.0,0.0]}
{"type":3,"rcvTime":25299.821797616896,"sendTime":25299.821681858783,"sender":2725,"messageID":6524623,"pos":[3338.940473649677,6013.670244365518,1.895],"pos_noise":[0.0,0.0,0.0],"spd":[2.4092029840653286,32.447262296624739,0.0],"spd_noise":[0.0,0.0,0.0],"RSSI":6.160994685914779e-9}
{"type":3,"rcvTime":25299.8730766185,"sendTime":25299.872968165113,"sender":2587,"messageID":6528125,"pos":[3595.3388328984945,6039.109901956445,1.895],"pos_noise":[0.0,0.0,0.0],"spd":[3.050499414451955,28.868342069124166,0.0],"spd_noise":[0.0,0.0,0.0],"RSSI":6.049949519808152e-7}
{"type":2,"rcvTime":25299.899999999998,"pos":[3604.9326830018,6066.325682450434,1.895],"noise":[0.0,0.0,0.0],"spd":[-3.982741374376126,-34.559811084425337,0.0],"spd_noise":[0.0,0.0,0.0]}
{"type":3,"rcvTime":25299.920054016256,"sendTime":25299.919944565554,"sender":2767,"messageID":6530560,"pos":[3584.362930705194,5829.397727018105,1.895],"pos_noise":[0.0,0.0,0.0],"spd":[-0.03378815793004567,34.86158171682926,0.0],"spd_noise":[0.0,0.0,0.0],"RSSI":2.8898396900032964e-8}
{"type":3,"rcvTime":25299.93397314481,"sendTime":25299.93386415704,"sender":2833,"messageID":6531748,"pos":[3610.128737518262,5510.421801317207,1.895],"pos_noise":[0.0,0.0,0.0],"spd":[3.239298380715017,-38.47872448317501,0.0],"spd_noise":[0.0,0.0,0.0],"RSSI":2.0980195163546744e-9}
{"type":3,"rcvTime":25299.940441151153,"sendTime":25299.940323113417,"sender":2815,"messageID":6533028,"pos":[3586.519501403643,5700.125143871318,1.895],"pos_noise":[0.0,0.0,0.0],"spd":[-1.4341280964466899,34.31343541476654,0.0],"spd_noise":[0.0,0.0,0.0],"RSSI":5.69114512033521e-9}
{"type":3,"rcvTime":25299.956587147946,"sendTime":25299.95647839871,"sender":3007,"messageID":6534278,"pos":[3361.554814671209,5660.258181368363,1.895],"pos_noise":[0.0,0.0,0.0],"spd":[-1.2971199243695344,-33.201970218794809,0.0],"spd_noise":[0.0,0.0,0.0],"RSSI":6.627062252502984e-9}
{"type":2,"rcvTime":25300.0,"pos":[3604.534716556949,6062.872371311415,1.895],"noise":[0.0,0.0,0.0],"spd":[-3.975294363850758,-34.49519044932952,0.0],"spd_noise":[0.0,0.0,0.0]}
