{"type":2,"rcvTime":25298.8,"pos":[3609.7497022904,6079.319712613999,1.895],"noise":[0.0,0.0,0.0],"spd":[-5.001062939572186,-43.42245226709169,0.0],"spd_noise":[0.0,0.0,0.0]}
{"type":3,"rcvTime":25298.821794163312,"sendTime":25298.821681858783,"sender":2725,"messageID":6459284,"pos":[3367.365473069547,5672.771710819158,1.895],"pos_noise":[0.0,0.0,0.0],"spd":[1.410149160722078,32.95780777144032,0.0],"spd_noise":[0.0,0.0,0.0],"RSSI":5.90815580616201e-9}
{"type":3,"rcvTime":25298.873086164873,"sendTime":25298.872968165113,"sender":2587,"messageID":6462551,"pos":[3592.2872537310124,6010.231341665442,1.895],"pos_noise":[0.0,0.0,0.0],"spd":[2.450643292580132,28.95753800486779,0.0],"spd_noise":[0.0,0.0,0.0],"RSSI":2.0080855785100166e-8}
{"type":2,"rcvTime":25298.899999999998,"pos":[3609.24878671759,6074.970440706613,1.895],"noise":[0.0,0.0,0.0],"spd":[-5.009136836276107,-43.49255504289779,0.0],"spd_noise":[0.0,0.0,0.0]}
{"type":3,"rcvTime":25298.9200505976,"sendTime":25298.919944565554,"sender":2767,"messageID":6464695,"pos":[3584.39668801049,5794.567978100098,1.895],"pos_noise":[0.0,0.0,0.0],"spd":[-0.033681609552739927,34.75164837953605,0.0],"spd_noise":[0.0,0.0,0.0],"RSSI":5.594532191153344e-9}
{"type":3,"rcvTime":25298.93398223452,"sendTime":25298.93386415704,"sender":2833,"messageID":6465914,"pos":[3606.8670919763565,5549.165981512521,1.895],"pos_noise":[0.0,0.0,0.0],"spd":[3.290320452657775,-39.08480148450061,0.0],"spd_noise":[0.0,0.0,0.0],"RSSI":2.0290866881151e-9}
{"type":2,"rcvTime":25299.0,"pos":[3608.748938391244,6070.630435320999,1.895],"noise":[0.0,0.0,0.0],"spd":[-4.998464411893146,-43.3998901746603,0.0],"spd_noise":[0.0,0.0,0.0]}
{"type":3,"rcvTime":25299.00247928759,"sendTime":25299.002204118482,"sender":2737,"messageID":6473399,"pos":[3789.5623414123417,6134.789661521827,1.895],"pos_noise":[0.0,0.0,0.0],"spd":[2.536253965690267,34.1102066162785,0.0],"spd_noise":[0.0,0.0,0.0],"RSSI":4.104015541225469e-9}
{"type":3,"rcvTime":25299.025407365025,"sendTime":25299.025289059475,"sender":2791,"messageID":6474734,"pos":[3603.6389052258934,5626.804922229651,1.895],"pos_noise":[0.0,0.0,0.0],"spd":[2.5164616641557617,-29.890297557388839,0.0],"spd_noise":[0.0,0.0,0.0],"RSSI":2.840428500251041e-9}
{"type":3,"rcvTime":25299.047423365024,"sendTime":25299.04731351165,"sender":3073,"messageID":6478376,"pos":[3608.413871215818,6038.874518551332,1.895],"pos_noise":[0.0,0.0,0.0],"spd":[-3.446169883404587,-29.940027256893189,0.0],"spd_noise":[0.0,0.0,0.0],"RSSI":1.0455493975602788e-7}
{"type":3,"rcvTime":25299.090241320875,"sendTime":25299.09012410939,"sender":2881,"messageID":6481404,"pos":[3591.180627985328,5746.1900836066529,1.895],"pos_noise":[0.0,0.0,0.0],"spd":[0.07192737309048958,-29.94929529390607,0.0],"spd_noise":[0.0,0.0,0.0],"RSSI":2.0730904895043505e-9}
{"type":2,"rcvTime":25299.1,"pos":[3608.248201609523,6066.2827157931,1.895],"noise":[0.0,0.0,0.0],"spd":[-5.007348932129486,-43.477031306572417,0.0],"spd_noise":[0.0,0.0,0.0]}
{"type":3,"rcvTime":25299.121419383897,"sendTime":25299.121301979292,"sender":2707,"messageID":6483663,"pos":[3620.267303094769,5419.048105222893,1.895],"pos_noise":[0.0,0.0,0.0],"spd":[3.7123391864193575,-29.972604916885638,0.0],"spd_noise":[0.0,0.0,0.0],"RSSI":1.5244684731809055e-9}
{"type":3,"rcvTime":25299.131549319995,"sendTime":25299.131439650617,"sender":3085,"messageID":6484862,"pos":[3657.6458429353508,6208.150285358715,1.895],"pos_noise":[0.0,0.0,0.0],"spd":[-3.989711882871413,-34.62029692422681,0.0],"spd_noise":[0.0,0.0,0.0],"RSSI":0.0000017861012429788754}
{"type":2,"rcvTime":25299.2,"pos":[3607.7484402598777,6061.943465595267,1.895],"noise":[0.0,0.0,0.0],"spd":[-4.9975946481685888,-43.39233832532956,0.0],"spd_noise":[0.0,0.0,0.0]}
{"type":3,"rcvTime":25299.256759903416,"sendTime":25299.256654125824,"sender":2719,"messageID":6489190,"pos":[3585.6133256175737,5965.7863957959229,1.895],"pos_noise":[0.0,0.0,0.0],"spd":[2.3520710275603449,31.67780634356192,0.0],"spd_noise":[0.0,0.0,0.0],"RSSI":6.891344851059406e-8}
{"type":2,"rcvTime":25299.3,"pos":[3607.247907339738,6057.597516125029,1.895],"noise":[0.0,0.0,0.0],"spd":[-5.005310324004958,-43.45933079672039,0.0],"spd_noise":[0.0,0.0,0.0]}
{"type":3,"rcvTime":25299.31096951165,"sendTime":25299.31085987324,"sender":2959,"messageID":6492606,"pos":[3614.1184127483559,5405.9056682602599,1.895],"pos_noise":[0.0,0.0,0.0],"spd":[-3.438184889132392,29.791506299983973,0.0],"spd_noise":[0.0,0.0,0.0],"RSSI":1.5878335380890732e-9}
{"type":2,"rcvTime":25299.399999999998,"pos":[3606.7470629188489,6053.248862004483,1.895],"noise":[0.0,0.0,0.0],"spd":[-5.008425319754402,-43.48637719779281,0.0],"spd_noise":[0.0,0.0,0.0]}
{"type":2,"rcvTime":25299.5,"pos":[3606.247133398798,6048.908151642783,1.895],"noise":[0.0,0.0,0.0],"spd":[-4.99927634588031,-43.40693990893232,0.0],"spd_noise":[0.0,0.0,0.0]}
{"type":3,"rcvTime":25299.558660216113,"sendTime":25299.55854395614,"sender":3025,"messageID":6507077,"pos":[3594.0218315667054,5945.089988981479,1.895],"pos_noise":[0.0,0.0,0.0],"spd":[-2.1916245161595779,-33.0153494363973,0.0],"spd_noise":[0.0,0.0,0.0],"RSSI":6.291349868576838e-8}
{"type":3,"rcvTime":25299.591935451816,"sendTime":25299.591823035524,"sender":2749,"messageID":6509560,"pos":[3587.730391601442,5759.85330248319,1.895],"pos_noise":[0.0,0.0,0.0],"spd":[-0.02900440463170442,29.89461674286001,0.0],"spd_noise":[0.0,0.0,0.0],"RSSI":3.829404865030275e-9}
{"type":2,"rcvTime":25299.6,"pos":[3605.7470208077399,6044.56585174059,1.895],"noise":[0.0,0.0,0.0],"spd":[-5.001107049041812,-43.422835253912,0.0],"spd_noise":[0.0,0.0,0.0]}
{"type":3,"rcvTime":25299.654407449307,"sendTime":25299.654292232866,"sender":3049,"messageID":6514480,"pos":[3596.4866995281629,5982.221567161091,1.895],"pos_noise":[0.0,0.0,0.0],"spd":[-2.20149150789238,-33.1639890311655,0.0],"spd_noise":[0.0,0.0,0.0],"RSSI":1.0469144230497953e-8}
{"type":3,"rcvTime":25299.693648663084,"sendTime":25299.693534835616,"sender":3109,"messageID":6517571,"pos":[3611.703217745093,5971.103731852533,1.895],"pos_noise":[0.0,0.0,0.0],"spd":[-3.9875261842874538,-34.60133075920871,0.0],"spd_noise":[0.0,0.0,0.0],"RSSI":3.8289360154234817e-7}
{"type":2,"rcvTime":25299.7,"pos":[3605.246430173087,6040.219401155746,1.895],"noise":[0.0,0.0,0.0],"spd":[-5.00588746696289,-43.464341923885687,0.0],"spd_noise":[0.0,0.0,0.0]}
{"type":3,"rcvTime":25299.793294521172,"sendTime":25299.793179654516,"sender":2821,"messageID":6523007,"pos":[3602.0704084076048,5646.345082399523,1.895],"pos_noise":[0.0,0.0,0.0],"spd":[1.293305460299308,-30.143739111116994,0.0],"spd_noise":[0.0,0.0,0.0],"RSSI":2.2754024812333348e-9}
{"type":2,"rcvTime":25299.8,"pos":[3604.746618519964,6035.879714190696,1.895],"noise":[0.0,0.0,0.0],"spd":[-4.998097681044929,-43.396705981031079,0.0],"spd_noise":[0.0,0.0,0.0]}
{"type":3,"rcvTime":25299.821797505414,"sendTime":25299.821681858783,"sender":2725,"messageID":6524623,"pos":[3338.940473649677,6013.670244365518,1.895],"pos_noise":[0.0,0.0,0.0],"spd":[2.4092029840653286,32.447262296624739,0.0],"spd_noise":[0.0,0.0,0.0],"RSSI":7.754560849191108e-8}
{"type":3,"rcvTime":25299.873076544063,"sendTime":25299.872968165113,"sender":2587,"messageID":6528125,"pos":[3595.3388328984945,6039.109901956445,1.895],"pos_noise":[0.0,0.0,0.0],"spd":[3.050499414451955,28.868342069124166,0.0],"spd_noise":[0.0,0.0,0.0],"RSSI":6.333772623203837e-7}
{"type":2,"rcvTime":25299.899999999998,"pos":[3604.246862877413,6031.54051354554,1.895],"noise":[0.0,0.0,0.0],"spd":[-4.997537577434216,-43.391842800424338,0.0],"spd_noise":[0.0,0.0,0.0]}
{"type":3,"rcvTime":25299.920053900507,"sendTime":25299.919944565554,"sender":2767,"messageID":6530560,"pos":[3584.362930705194,5829.397727018105,1.895],"pos_noise":[0.0,0.0,0.0],"spd":[-0.03378815793004567,34.86158171682926,0.0],"spd_noise":[0.0,0.0,0.0],"RSSI":3.6771709068005807e-9}
{"type":3,"rcvTime":25299.93397302881,"sendTime":25299.93386415704,"sender":2833,"messageID":6531748,"pos":[3610.128737518262,5510.421801317207,1.895],