{"type":2,"rcvTime":25299.8,"pos":[6324.0131261277369,5739.329152931764,1.895],"noise":[0.0,0.0,0.0],"spd":[-12.367892590133018,-0.7891189540253988,0.0],"spd_noise":[0.0,0.0,0.0]}
{"type":3,"rcvTime":25299.813698886916,"sendTime":25299.81358589278,"sender":1423,"messageID":6524220,"pos":[6076.406961416198,5727.128193802155,1.895],"pos_noise":[0.0,0.0,0.0],"spd":[5.875292852639363,0.47251344940828768,0.0],"spd_noise":[0.0,0.0,0.0],"RSSI":2.5552917339285909e-9}
{"type":3,"rcvTime":25299.851444897467,"sendTime":25299.851329014964,"sender":3103,"messageID":6526427,"pos":[6318.623702657088,5732.376554953957,1.895],"pos_noise":[0.0,0.0,0.0],"spd":[-15.742984833388558,-1.0097050668123507,0.0],"spd_noise":[0.0,0.0,0.0],"RSSI":3.0598078969009909e-7}
{"type":2,"rcvTime":25299.899999999998,"pos":[6322.77698476109,5739.249870748975,1.895],"noise":[0.0,0.0,0.0],"spd":[-12.360690840394378,-0.7899795383439113,0.0],"spd_noise":[0.0,0.0,0.0]}
{"type":3,"rcvTime":25299.920829584404,"sendTime":25299.92071973388,"sender":3037,"messageID":6530848,"pos":[6158.276879374875,5824.9418297796869,1.895],"pos_noise":[0.0,0.0,0.0],"spd":[-6.614479031688959,-0.6663690303911968,0.0],"spd_noise":[0.0,0.0,0.0],"RSSI":2.7602408565425209e-9}
{"type":3,"rcvTime":25299.943821019995,"sendTime":25299.943707385704,"sender":1783,"messageID":6533592,"pos":[5826.71346594124,5780.939224985456,1.895],"pos_noise":[0.0,0.0,0.0],"spd":[12.94105519232998,0.7442371216144411,0.0],"spd_noise":[0.0,0.0,0.0],"RSSI":2.3007770308611835e-9}
{"type":3,"rcvTime":25299.964719157644,"sendTime":25299.964608072816,"sender":2779,"messageID":6534579,"pos":[6245.48466218321,5618.781330239788,1.895],"pos_noise":[0.0,0.0,0.0],"spd":[0.18116414019293504,-3.615241575708961,0.0],"spd_noise":[0.0,0.0,0.0],"RSSI":8.884669805989619e-9}
{"type":3,"rcvTime":25299.981769415896,"sendTime":25299.98166103498,"sender":1477,"messageID":6536160,"pos":[5898.403372581512,5496.485624908656,1.895],"pos_noise":[0.0,0.0,0.0],"spd":[5.289119460490026,0.4575561173153918,0.0],"spd_noise":[0.0,0.0,0.0],"RSSI":1.2308866477440161e-8}
{"type":3,"rcvTime":25299.98363550981,"sendTime":25299.983527564957,"sender":2641,"messageID":6536547,"pos":[6287.414914749322,5728.52080622538,1.895],"pos_noise":[0.0,0.0,0.0],"spd":[0.0,-0.0,0.0],"spd_noise":[0.0,0.0,0.0],"RSSI":9.69129038647747e-9}
{"type":3,"rcvTime":25299.985072606367,"sendTime":25299.984954586344,"sender":2809,"messageID":6537176,"pos":[6097.6406247938189,5745.701552743718,1.895],"pos_noise":[0.0,0.0,0.0],"spd":[0.021613489721086986,-0.43131044892558237,0.0],"spd_noise":[0.0,0.0,0.0],"RSSI":3.239814191977017e-9}
{"type":2,"rcvTime":25300.0,"pos":[6321.541023470978,5739.170600115724,1.895],"noise":[0.0,0.0,0.0],"spd":[-12.358806110185176,-0.7911787919950565,0.0],"spd_noise":[0.0,0.0,0.0]}
