{"type":2,"rcvTime":25299.8,"pos":[3606.1848289437355,6077.191044555499,1.895],"noise":[0.0,0.0,0.0],"spd":[-3.442869970654226,-29.875134885602639,0.0],"spd_noise":[0.0,0.0,0.0]}
{"type":3,"rcvTime":25299.83452680899,"sendTime":25299.834418207312,"sender":2881,"messageID":6269072,"pos":[3591.224210362091,5856.991428367441,1.895],"pos_noise":[0.0,0.0,0.0],"spd":[-0.01782499394556211,-30.625567722071329,0.0],"spd_noise":[0.0,0.0,0.0],"RSSI":2.6405489414172118e-9}
{"type":2,"rcvTime":25299.899999999998,"pos":[3605.8395258993284,6074.194714425109,1.895],"noise":[0.0,0.0,0.0],"spd":[-3.4492386582185268,-29.930398488855386,0.0],"spd_noise":[0.0,0.0,0.0]}
{"type":3,"rcvTime":25299.95010456971,"sendTime":25299.94999018493,"sender":2893,"messageID":6277071,"pos":[5560.0,5820.0,1.895],"pos_noise":[0.0,0.0,0.0],"spd":[-3.446893983214167,29.86696967370319,0.0],"spd_noise":[0.0,0.0,0.0],"RSSI":1.4701018271447494e-9}
{"type":2,"rcvTime":25300.0,"pos":[3605.494888784919,6071.204162830852,1.895],"noise":[0.0,0.0,0.0],"spd":[-3.4425866708372316,-29.872676581851179,0.0],"spd_noise":[0.0,0.0,0.0]}
