{"type":2,"rcvTime":25299.8,"pos":[3606.1848289437355,6077.191044555499,1.895],"noise":[0.0,0.0,0.0],"spd":[-3.442869970654226,-29.875134885602639,0.0],"spd_noise":[0.0,0.0,0.0]}
{"type":3,"rcvTime":25299.870012048865,"sendTime":25299.869898137356,"sender":2905,"messageID":6273299,"pos":[3126.7150186374785,9425.99295254331,1.895],"pos_noise":[0.0,0.0,0.0],"spd":[-1.1939472460562029,-30.561091662864006,0.0],"spd_noise":[0.0,0.0,0.0],"RSSI":5.8111287131057188e-9}
{"type":2,"rcvTime":25299.899999999998,"pos":[3605.8395258993284,6074.194714425109,1.895],"noise":[0.0,0.0,0.0],"spd":[-3.4492386582185268,-29.930398488855386,0.0],"spd_noise":[0.0,0.0,0.0]}
{"type":3,"rcvTime":25299.94487457018,"sendTime":25299.944757324687,"sender":2551,"messageID":6277727,"pos":[3484.328365344554,4015.280750929378,1.895],"pos_noise":[0.0,0.0,0.0],"spd":[2.5089354389176607,33.79046382154501,0.0],"spd_noise":[0.0,0.0,0.0],"RSSI":3.494097693527172e-8}
{"type":2,"rcvTime":25300.0,"pos":[3605.494888784919,6071.204162830852,1.895],"noise":[0.0,0.0,0.0],"spd":[-3.4425866708372316,-29.872676581851179,0.0],"spd_noise":[0.0,0.0,0.0]}
