{"type":2,"rcvTime":25299.3,"pos":[3639.0362010409055,5180.354533292791,1.895],"noise":[0.0,0.0,0.0],"spd":[-4.060452921492147,26.031938437823734,0.0],"spd_noise":[0.0,0.0,0.0]}
{"type":3,"rcvTime":25299.309167571413,"sendTime":25299.309056213915,"sender":2617,"messageID":6234934,"pos":[3613.0487828667389,5515.035270949143,1.895],"pos_noise":[0.0,0.0,0.0],"spd":[2.5135511468499507,-29.855726703576204,0.0],"spd_noise":[0.0,0.0,0.0],"RSSI":5.207474327173784e-9}
{"type":3,"rcvTime":25299.31589912651,"sendTime":25299.315792081412,"sender":2185,"messageID":6236127,"pos":[4046.922035324965,5271.753707382752,1.895],"pos_noise":[0.0,0.0,0.0],"spd":[13.648046533667362,2.996533796397051,0.0],"spd_noise":[0.0,0.0,0.0],"RSSI":2.4480666396167104e-9}
{"type":3,"rcvTime":25299.331963148874,"sendTime":25299.331855374294,"sender":2479,"messageID":6237481,"pos":[3067.6062525995077,9193.676832015626,1.895],"pos_noise":[0.0,0.0,0.0],"spd":[4.682742726086542,-29.743394900477378,0.0],"spd_noise":[0.0,0.0,0.0],"RSSI":3.8337604023543708e-7}
{"type":3,"rcvTime":25299.385610157256,"sendTime":25299.385491800356,"sender":2683,"messageID":6240634,"pos":[3608.2449659811379,5532.798599452822,1.895],"pos_noise":[0.0,0.0,0.0],"spd":[3.0386336762161538,-36.09508427149477,0.0],"spd_noise":[0.0,0.0,0.0],"RSSI":2.3189619461705036e-9}
{"type":3,"rcvTime":25299.391324638735,"sendTime":25299.39121710416,"sender":1093,"messageID":6241834,"pos":[3789.3898733965609,5258.586362245819,1.895],"pos_noise":[0.0,0.0,0.0],"spd":[-12.099472193378436,-1.78747722541024,0.0],"spd_noise":[0.0,0.0,0.0],"RSSI":7.0065596196134219e-9}
{"type":3,"rcvTime":25299.39344344498,"sendTime":25299.393332416425,"sender":2701,"messageID":6242173,"pos":[3597.781012144458,5574.882633115589,1.895],"pos_noise":[0.0,0.0,0.0],"spd":[-2.4458013685422448,29.856784850569107,0.0],"spd_noise":[0.0,0.0,0.0],"RSSI":4.797087965018435e-9}
{"type":2,"rcvTime":25299.399999999998,"pos":[3638.6257390428156,5182.986043045998,1.895],"noise":[0.0,0.0,0.0],"spd":[-4.099700728000778,26.28355974771368,0.0],"spd_noise":[0.0,0.0,0.0]}
{"type":3,"rcvTime":25299.428082570856,"sendTime":25299.427965173636,"sender":2689,"messageID":6245483,"pos":[4827.82247915864,4894.365236861631,1.895],"pos_noise":[0.0,0.0,0.0],"spd":[2.765441607142397,-32.84765815927621,0.0],"spd_noise":[0.0,0.0,0.0],"RSSI":6.4406253135651528e-9}
{"type":3,"rcvTime":25299.45148957228,"sendTime":25299.451380038216,"sender":2803,"messageID":6246953,"pos":[3608.393993747502,5455.50714992191,1.895],"pos_noise":[0.0,0.0,0.0],"spd":[-3.436634679041981,29.77807389445805,0.0],"spd_noise":[0.0,0.0,0.0],"RSSI":1.2562783773951185e-8}
{"type":3,"rcvTime":25299.47217020046,"sendTime":25299.472062654513,"sender":2641,"messageID":6248657,"pos":[3613.880739342333,5443.780950044577,1.895],"pos_noise":[0.0,0.0,0.0],"spd":[4.436809724993918,-35.8304992639311,0.0],"spd_noise":[0.0,0.0,0.0],"RSSI":3.490183041541332e-9}
{"type":3,"rcvTime":25299.478698944313,"sendTime":25299.478580215713,"sender":925,"messageID":6249370,"pos":[3968.614598566389,5249.329938880525,1.895],"pos_noise":[0.0,0.0,0.0],"spd":[-11.124519510380284,-1.4347511144223056,0.0],"spd_noise":[0.0,0.0,0.0],"RSSI":1.6193202214122406e-9}
{"type":2,"rcvTime":25299.5,"pos":[3638.211909757937,5185.639140785591,1.895],"noise":[0.0,0.0,0.0],"spd":[-4.133333240054987,26.499180886611958,0.0],"spd_noise":[0.0,0.0,0.0]}
{"type":3,"rcvTime":25299.551375990308,"sendTime":25299.55125857098,"sender":2461,"messageID":6254161,"pos":[3652.4496672880147,5214.460690368728,1.895],"pos_noise":[0.0,0.0,0.0],"spd":[4.664027987360964,-29.627869576966018,0.0],"spd_noise":[0.0,0.0,0.0],"RSSI":4.12140747747892e-8}
{"type":3,"rcvTime":25299.563786967414,"sendTime":25299.56368034929,"sender":2053,"messageID":6254834,"pos":[3333.3364287180986,5207.92883531429,1.895],"pos_noise":[0.0,0.0,0.0],"spd":[14.481149195198724,-3.3484421261863068,0.0],"spd_noise":[0.0,0.0,0.0],"RSSI":1.2620713009118132e-8}
{"type":3,"rcvTime":25299.586471424165,"sendTime":25299.586359801327,"sender":2875,"messageID":6255695,"pos":[3608.2656318355436,5427.8678574252949,1.895],"pos_noise":[0.0,0.0,0.0],"spd":[-3.992016566449401,34.597476909242157,0.0],"spd_noise":[0.0,0.0,0.0],"RSSI":1.2708411851902149e-8}
{"type":2,"rcvTime":25299.6,"pos":[3637.7948119193099,5188.313193524934,1.895],"noise":[0.0,0.0,0.0],"spd":[-4.165979604993668,26.70847974529635,0.0],"spd_noise":[0.0,0.0,0.0]}
{"type":3,"rcvTime":25299.60010395113,"sendTime":25299.59998703003,"sender":1189,"messageID":6256977,"pos":[3310.1648764558365,5203.117176478661,1.895],"pos_noise":[0.0,0.0,0.0],"spd":[-9.684533209624434,2.23577878937057,0.0],"spd_noise":[0.0,0.0,0.0],"RSSI":1.739862242906153e-9}
{"type":3,"rcvTime":25299.600606017306,"sendTime":25299.600488955388,"sender":979,"messageID":6257229,"pos":[3786.22765121952,5264.490027301583,1.895],"pos_noise":[0.0,0.0,0.0],"spd":[-12.895188549055062,-2.746590796027815,0.0],"spd_noise":[0.0,0.0,0.0],"RSSI":4.007762801966276e-9}
{"type":3,"rcvTime":25299.674201040816,"sendTime":25299.674084524624,"sender":2755,"messageID":6262270,"pos":[3601.506100691981,5659.497694122217,1.895],"pos_noise":[0.0,0.0,0.0],"spd":[1.546990699774721,-36.056512164213149,0.0],"spd_noise":[0.0,0.0,0.0],"RSSI":2.0049079483894386e-9}
{"type":3,"rcvTime":25299.675519041375,"sendTime":25299.675413603385,"sender":2455,"messageID":6262627,"pos":[3654.353473004303,5181.13771125676,1.895],"pos_noise":[0.0,0.0,0.0],"spd":[4.667369471684634,-29.648403803079956,0.0],"spd_noise":[0.0,0.0,0.0],"RSSI":2.007367300952259e-7}
{"type":3,"rcvTime":25299.68319164043,"sendTime":25299.683074365836,"sender":1099,"messageID":6262979,"pos":[3818.528926720213,5253.780095963861,1.895],"pos_noise":[0.0,0.0,0.0],"spd":[-8.379758804978814,5.767536188750523,0.0],"spd_noise":[0.0,0.0,0.0],"RSSI":7.808487303920507e-9}
{"type":3,"rcvTime":25299.68691665983,"sendTime":25299.686808223836,"sender":523,"messageID":6263745,"pos":[3803.1228491359768,5261.506886444191,1.895],"pos_noise":[0.0,0.0,0.0],"spd":[-11.10536031210943,3.7639535735774278,0.0],"spd_noise":[0.0,0.0,0.0],"RSSI":1.4474140376777751e-8}
{"type":2,"rcvTime":25299.7,"pos":[3637.3754341115475,5191.001863356833,1.895],"noise":[0.0,0.0,0.0],"spd":[-4.188751971662568,26.854475489778574,0.0],"spd_noise":[0.0,0.0,0.0]}
{"type":3,"rcvTime":25299.701159979937,"sendTime":25299.701043241654,"sender":2659,"messageID":6264109,"pos":[3609.9871034392947,5475.224921502699,1.895],"pos_noise":[0.0,0.0,0.0],"spd":[4.437266654657283,-35.834189306751017,0.0],"spd_noise":[0.0,0.0,0.0],"RSSI":1.0507954321760109e-8}
{"type":3,"rcvTime":25299.708577412726,"sendTime":25299.70846087276,"sender":847,"messageID":6264488,"pos":[7839.15680879727,9464.492806466296,1.895],"pos_noise":[0.0,0.0,0.0],"spd":[13.353899113502945,2.0841345437261,0.0],"spd_noise":[0.0,0.0,0.0],"RSSI":8.422881120393856e-9}
{"type":3,"rcvTime":25299.799779419256,"sendTime":25299.799661193043,"sender":433,"messageID":6269361,"pos":[5470.169818168506,8556.191701442003,1.895],"pos_noise":[0.0,0.0,0.0],"spd":[14.066675020386479,1.7332073381752074,0.0],"spd_noise":[0.0,0.0,0.0],"RSSI":1.1024555568185028e-8}
{"type":2,"rcvTime":25299.8,"pos":[3636.9527768581199,5193.71155801757,1.895],"noise":[0.0,0.0,0.0],"spd":[-4.2215071252287,27.064471802440097,0.0],"spd_noise":[0.0,0.0,0.0]}
{"type":3,"rcvTime":25299.805350415976,"sendTime":25299.805235839216,"sender":349,"messageID":6269894,"pos":[9696.43380089663,919.4117211736739,1.895],"pos_noise":[0.0,0.0,0.0],"spd":[15.208650722212428,1.7594219957646607,0.0],"spd_noise":[0.0,0.0,0.0],"RSSI":1.8172649980661876e-8}
{"type":3,"rcvTime":25299.894239781872,"sendTime":25299.89412542195,"sender":2569,"messageID":6274389,"pos":[3629.194183511289,5320.113634105149,1.895],"pos_noise":[0.0,0.0,0.0],"spd":[3.9807587760884566,-32.14755268701544,0.0],"spd_noise":[0.0,0.0,0.0],"RSSI":1.4559325686391788e-9}
{"type":2,"rcvTime":25299.899999999998,"pos":[3636.526640456244,5196.443557820111,1.895],"noise":[0.0,0.0,0.0],