{"type":2,"rcvTime":25297.2,"pos":[4594.560956603449,5180.413630999966,1.895],"noise":[0.0,0.0,0.0],"spd":[-13.170818990266082,10.012443491106655,0.0],"spd_noise":[0.0,0.0,0.0]}
{"type":3,"rcvTime":25297.214764138003,"sendTime":25297.214649149166,"sender":2827,"messageID":6100467,"pos":[8108.403801769018,6103.210599627346,1.895],"pos_noise":[0.0,0.0,0.0],"spd":[-10.36424639816268,7.60472568533809,0.0],"spd_noise":[0.0,0.0,0.0],"RSSI":7.64816715629582e-9}
{"type":3,"rcvTime":25297.276534855228,"sendTime":25297.276423047297,"sender":1141,"messageID":6104763,"pos":[4444.814255136872,5293.625612795358,1.895],"pos_noise":[0.0,0.0,0.0],"spd":[11.357962442822414,-5.493258725070375,0.0],"spd_noise":[0.0,0.0,0.0],"RSSI":2.3979557962253978e-8}
{"type":2,"rcvTime":25297.3,"pos":[4593.24734642458,5181.412236150867,1.895],"noise":[0.0,0.0,0.0],"spd":[-13.14206793861799,9.990586970254804,0.0],"spd_noise":[0.0,0.0,0.0]}
{"type":3,"rcvTime":25297.323108092613,"sendTime":25297.323000164422,"sender":1669,"messageID":6108447,"pos":[13266.250667665154,3192.4888803623618,1.895],"pos_noise":[0.0,0.0,0.0],"spd":[-8.65327160297944,0.6738014154857134,0.0],"spd_noise":[0.0,0.0,0.0],"RSSI":2.5749766698001537e-9}
{"type":3,"rcvTime":25297.353122228953,"sendTime":25297.353006083984,"sender":499,"messageID":6109942,"pos":[8832.763190995902,6420.499844360165,1.895],"pos_noise":[0.0,0.0,0.0],"spd":[-1.4038307372557973,-12.615894038301299,0.0],"spd_noise":[0.0,0.0,0.0],"RSSI":4.365629423682483e-8}
{"type":3,"rcvTime":25297.373514118688,"sendTime":25297.37340712803,"sender":1075,"messageID":6110954,"pos":[4615.320341168084,5370.855393791894,1.895],"pos_noise":[0.0,0.0,0.0],"spd":[4.566772849683442e-15,-4.6092544575888379e-14,0.0],"spd_noise":[0.0,0.0,0.0],"RSSI":5.622972719143813e-9}
{"type":2,"rcvTime":25297.399999999998,"pos":[4591.93865345129,5182.407103246981,1.895],"noise":[0.0,0.0,0.0],"spd":[-13.092873549893693,9.953189444896225,0.0],"spd_noise":[0.0,0.0,0.0]}
{"type":3,"rcvTime":25297.44501609199,"sendTime":25297.44490597262,"sender":2863,"messageID":6117839,"pos":[4539.175956501596,5220.798528019931,1.895],"pos_noise":[0.0,0.0,0.0],"spd":[-9.821911079754648,6.794052974478696,0.0],"spd_noise":[0.0,0.0,0.0],"RSSI":2.0889958753264165e-8}
{"type":2,"rcvTime":25297.5,"pos":[4590.625019816083,5183.405726229366,1.895],"noise":[0.0,0.0,0.0],"spd":[-13.142302608533497,9.990765366088056,0.0],"spd_noise":[0.0,0.0,0.0]}
{"type":3,"rcvTime":25297.50336720368,"sendTime":25297.503258161338,"sender":2839,"messageID":6122358,"pos":[4521.194447580051,5225.671077897181,1.895],"pos_noise":[0.0,0.0,0.0],"spd":[-10.272704900542989,7.5417848960705939,0.0],"spd_noise":[0.0,0.0,0.0],"RSSI":3.1472064595972549e-8}
{"type":3,"rcvTime":25297.55064610481,"sendTime":25297.550539240707,"sender":661,"messageID":6124963,"pos":[4601.556105073086,5255.9693293451359,1.895],"pos_noise":[0.0,0.0,0.0],"spd":[-1.3779914399683063,-12.383682399131717,0.0],"spd_noise":[0.0,0.0,0.0],"RSSI":2.4497936694113339e-9}
{"type":2,"rcvTime":25297.6,"pos":[4589.311293030042,5184.403604541097,1.895],"noise":[0.0,0.0,0.0],"spd":[-13.120662131499298,9.971626613892422,0.0],"spd_noise":[0.0,0.0,0.0]}
{"type":3,"rcvTime":25297.63664810366,"sendTime":25297.63654028857,"sender":829,"messageID":6130378,"pos":[4600.345078403737,5209.99752636369,1.895],"pos_noise":[0.0,0.0,0.0],"spd":[1.230338534874192,-8.258377604261123,0.0],"spd_noise":[0.0,0.0,0.0],"RSSI":7.099278837638446e-8}
{"type":2,"rcvTime":25297.7,"pos":[4587.991984049317,5185.405485797137,1.895],"noise":[0.0,0.0,0.0],"spd":[-13.171152270813098,10.006509462635992,0.0],"spd_noise":[0.0,0.0,0.0]}
{"type":3,"rcvTime":25297.734054022752,"sendTime":25297.733942991355,"sender":553,"messageID":6136221,"pos":[4465.472524226083,5280.206193705434,1.895],"pos_noise":[0.0,0.0,0.0],"spd":[10.967162354640733,-8.530704013555713,0.0],"spd_noise":[0.0,0.0,0.0],"RSSI":4.3457791701783819e-9}
{"type":2,"rcvTime":25297.8,"pos":[4586.673278328517,5186.406908938496,1.895],"noise":[0.0,0.0,0.0],"spd":[-13.166806412822174,9.999726573422537,0.0],"spd_noise":[0.0,0.0,0.0]}
{"type":3,"rcvTime":25297.822344336782,"sendTime":25297.822232333383,"sender":1837,"messageID":6141757,"pos":[4417.175060885463,5291.460604966801,1.895],"pos_noise":[0.0,0.0,0.0],"spd":[-3.452359503309445,-3.7548284877152304,0.0],"spd_noise":[0.0,0.0,0.0],"RSSI":2.3164076750454254e-8}
{"type":3,"rcvTime":25297.876268022723,"sendTime":25297.876152104047,"sender":2887,"messageID":6144646,"pos":[4536.81110344634,5218.422716597651,1.895],"pos_noise":[0.0,0.0,0.0],"spd":[-10.557284852006357,7.304421293756582,0.0],"spd_noise":[0.0,0.0,0.0],"RSSI":1.73601715835325e-8}
{"type":2,"rcvTime":25297.899999999998,"pos":[4585.352522248426,5187.409889119617,1.895],"noise":[0.0,0.0,0.0],"spd":[-13.187699939641984,10.01471950303631,0.0],"spd_noise":[0.0,0.0,0.0]}
{"type":2,"rcvTime":25298.0,"pos":[4584.03725462584,5188.408701374363,1.895],"noise":[0.0,0.0,0.0],"spd":[-13.132897897238609,9.973102914446537,0.0],"spd_noise":[0.0,0.0,0.0]}
{"type":3,"rcvTime":25298.036248218395,"sendTime":25298.0361381412,"sender":2269,"messageID":6152333,"pos":[7019.717625845224,11106.937511009164,1.895],"pos_noise":[0.0,0.0,0.0],"spd":[4.597438477175034e-15,-4.6402053467315226e-14,0.0],"spd_noise":[0.0,0.0,0.0],"RSSI":8.343829123774596e-9}
{"type":3,"rcvTime":25298.05764021845,"sendTime":25298.05753034041,"sender":2647,"messageID":6153160,"pos":[4611.185760190204,5342.404875777324,1.895],"pos_noise":[0.0,0.0,0.0],"spd":[0.43611451713713159,2.294471909748483,0.0],"spd_noise":[0.0,0.0,0.0],"RSSI":1.7223945989800805e-9}
{"type":2,"rcvTime":25298.1,"pos":[4582.725533892404,5189.404820126822,1.895],"noise":[0.0,0.0,0.0],"spd":[-13.097482342069766,9.946208395107785,0.0],"spd_noise":[0.0,0.0,0.0]}
{"type":3,"rcvTime":25298.16574121704,"sendTime":25298.165632585296,"sender":769,"messageID":6160783,"pos":[4443.817595744389,5297.774058975227,1.895],"pos_noise":[0.0,0.0,0.0],"spd":[11.118407367932666,-5.3774259134884609,0.0],"spd_noise":[0.0,0.0,0.0],"RSSI":1.8783215717937837e-8}
{"type":2,"rcvTime":25298.2,"pos":[4581.411442736434,5190.40273897459,1.895],"noise":[0.0,0.0,0.0],"spd":[-13.121150922192776,9.964182279261355,0.0],"spd_noise":[0.0,0.0,0.0]}
{"type":3,"rcvTime":25298.204020227662,"sendTime":25298.203906225972,"sender":355,"messageID":6163386,"pos":[4441.158118495732,5295.393896904862,1.895],"pos_noise":[0.0,0.0,0.0],"spd":[10.70584237489021,-5.17786199163697,0.0],"spd_noise":[0.0,0.0,0.0],"RSSI":1.922708034252857e-8}
{"type":3,"rcvTime":25298.214765228488,"sendTime":25298.214649149166,"sender":2827,"messageID":6164598,"pos":[3689.408540064469,5067.773715825751,1.895],"pos_noise":[0.0,0.0,0.0],"spd":[-10.275997594368559,7.539973467074301,0.0],"spd_noise":[0.0,0.0,0.0],"RSSI":3.67154803846829e-8}
{"type":3,"rcvTime":25298.27653577809,"sendTime":25298.276423047297,"sender":1141,"messageID":6168889,"pos":[4455.880040395219,5287.667616967879,1.895],"pos_noise":[0.0,0.0,0.0],"spd":[10.668228852801116,-6.700255398052982,0.0],"spd_noise":[0.0,0.0,0.0],"RSSI":1.3116595422467957e-9}
{"type":2,"rcvTime":25298.3,"pos":[4580.09441364248,5191.402888888043,1.895],"noise":[0.0,0.0,0.0],"spd":[-13.15048612280557,9.986459386491365,0.0],"spd_noise":[0.0,0.0,0.0]}
{"type":3,"rcvTime":25298.32310915721,"sendTime":25298.323000164422,"sender":1669,"messageID":6172601,"pos":[1655.8606890123338,7016.995214158669,1.895],"pos_noise":[0.0,0.0,0.0],"spd":[-10.553860763482115,0.8217939581169386,0.0],"spd_noise":[0.0,0.0,0.0],"RSSI":1.8948484246316015e-9}
{"type":3,"rcvTime":25298.353124207133,"sendTime":25298.353006083984,"sender":499,"messageID":6174131,"pos":[9532.006448814645,527.4653993546963,1.895],"pos_noise":[0.0,0.0,0.0],"spd":[-1.1193818152520492,-10.05961900878937,0.0],"spd_noise":[0.0,0.0,0.0],"RSSI":4.2718286467309767e-7}
{"type":2,"rcvTime":25298.399999999998,"pos":[4578.768195961835,5192.385874167956,1.895],"noise":[0.0,0.0,0.0],"spd":[-13.165595332023463,9.918460207409352,0.0],