{"type":2,"rcvTime":25297.8,"pos":[6096.030769450502,6078.668786638732,1.895],"noise":[0.0,0.0,0.0],"spd":[7.867276649764056,-15.690741547650397,0.0],"spd_noise":[0.0,0.0,0.0]}
{"type":2,"rcvTime":25297.899999999998,"pos":[6096.83426010971,6077.099068655234,1.895],"noise":[0.0,0.0,0.0],"spd":[7.996339610032414,-15.62183448452972,0.0],"spd_noise":[0.0,0.0,0.0]}
{"type":2,"rcvTime":25298.0,"pos":[6097.639669395512,6075.525602398335,1.895],"noise":[0.0,0.0,0.0],"spd":[8.015433783247092,-15.659137304085359,0.0],"spd_noise":[0.0,0.0,0.0]}
{"type":2,"rcvTime":25298.1,"pos":[6098.612624367571,6074.083697029362,1.895],"noise":[0.0,0.0,0.0],"spd":[8.72758229108448,-15.253385548385385,0.0],"spd_noise":[0.0,0.0,0.0]}
{"type":2,"rcvTime":25298.2,"pos":[6099.937150624699,6072.9009887351189,1.895],"noise":[0.0,0.0,0.0],"spd":[10.909151794217549,-13.902789146965566,0.0],"spd_noise":[0.0,0.0,0.0]}
{"type":2,"rcvTime":25298.3,"pos":[6101.255004187488,6071.724238685113,1.895],"noise":[0.0,0.0,0.0],"spd":[12.733782851866448,-12.124737522155373,0.0],"spd_noise":[0.0,0.0,0.0]}
{"type":3,"rcvTime":25298.36425750251,"sendTime":25298.364139894675,"sender":2935,"messageID":6174368,"pos":[6179.897468256415,5827.119974238298,1.895],"pos_noise":[0.0,0.0,0.0],"spd":[-2.7221638522419289,-0.2742416565376065,0.0],"spd_noise":[0.0,0.0,0.0],"RSSI":1.9141732073412305e-8}
{"type":2,"rcvTime":25298.399999999998,"pos":[6102.57053222454,6070.549565165159,1.895],"noise":[0.0,0.0,0.0],"spd":[13.092135957311756,-11.690351703298815,0.0],"spd_noise":[0.0,0.0,0.0]}
{"type":3,"rcvTime":25298.42176701961,"sendTime":25298.421657889383,"sender":955,"messageID":6180246,"pos":[6191.867274614029,5834.89102491232,1.895],"pos_noise":[0.0,0.0,0.0],"spd":[15.633606563293205,1.2911683991988499,0.0],"spd_noise":[0.0,0.0,0.0],"RSSI":3.486511799298044e-9}
{"type":3,"rcvTime":25298.425897543104,"sendTime":25298.425786844222,"sender":2575,"messageID":6180582,"pos":[6103.027452916319,6061.8235219861539,1.895],"pos_noise":[0.0,0.0,0.0],"spd":[-13.401151343094807,10.071267209124648,0.0],"spd_noise":[0.0,0.0,0.0],"RSSI":7.901577101983792e-7}
{"type":2,"rcvTime":25298.5,"pos":[6103.946121467289,6069.4381926691689,1.895],"noise":[0.0,0.0,0.0],"spd":[13.363470024304583,-11.4768092475127,0.0],"spd_noise":[0.0,0.0,0.0]}
{"type":2,"rcvTime":25298.6,"pos":[6105.360334792892,6068.378024404216,1.895],"noise":[0.0,0.0,0.0],"spd":[13.720331635951558,-11.007104599670756,0.0],"spd_noise":[0.0,0.0,0.0]}
{"type":2,"rcvTime":25298.7,"pos":[6106.772758366445,6067.319197830997,1.895],"noise":[0.0,0.0,0.0],"spd":[14.0564404052502,-10.537442807277073,0.0],"spd_noise":[0.0,0.0,0.0]}
{"type":3,"rcvTime":25298.73211982084,"sendTime":25298.7320104565,"sender":2779,"messageID":6200235,"pos":[6303.576870620582,5992.33194457931,1.895],"pos_noise":[0.0,0.0,0.0],"spd":[-1.5392923104549879,12.645369088043902,0.0],"spd_noise":[0.0,0.0,0.0],"RSSI":1.6158124882267476e-8}
{"type":3,"rcvTime":25298.77671682084,"sendTime":25298.77660672599,"sender":2731,"messageID":6203430,"pos":[6266.425191547367,6006.437283745172,1.895],"pos_noise":[0.0,0.0,0.0],"spd":[-14.904836896878555,3.8718137300927024,0.0],"spd_noise":[0.0,0.0,0.0],"RSSI":1.1229849142406599e-8}
{"type":2,"rcvTime":25298.8,"pos":[6108.19302020137,6066.254495287152,1.895],"noise":[0.0,0.0,0.0],"spd":[14.134446787992268,-10.595920471109384,0.0],"spd_noise":[0.0,0.0,0.0]}
{"type":2,"rcvTime":25298.899999999998,"pos":[6109.611024933114,6065.191484785885,1.895],"noise":[0.0,0.0,0.0],"spd":[14.111984095535176,-10.579081262163877,0.0],"spd_noise":[0.0,0.0,0.0]}
{"type":3,"rcvTime":25298.951997149416,"sendTime":25298.951884549995,"sender":2773,"messageID":6213073,"pos":[6283.738609724645,6001.939795401125,1.895],"pos_noise":[0.0,0.0,0.0],"spd":[-14.661563571515713,3.808618875438636,0.0],"spd_noise":[0.0,0.0,0.0],"RSSI":2.3156684636481927e-8}
{"type":2,"rcvTime":25299.0,"pos":[6111.156447473259,6064.37438378962,1.895],"noise":[0.0,0.0,0.0],"spd":[14.711053202705099,-9.687768584655919,0.0],"spd_noise":[0.0,0.0,0.0]}
{"type":3,"rcvTime":25299.019893454497,"sendTime":25299.01977509912,"sender":619,"messageID":6215133,"pos":[6134.1575215460429,5734.0893456754279,1.895],"pos_noise":[0.0,0.0,0.0],"spd":[14.400319276701172,0.738138724637174,0.0],"spd_noise":[0.0,0.0,0.0],"RSSI":1.6393929325237375e-9}
{"type":2,"rcvTime":25299.1,"pos":[6112.826540661789,6063.804108066707,1.895],"noise":[0.0,0.0,0.0],"spd":[15.745198919009298,-7.781301163770263,0.0],"spd_noise":[0.0,0.0,0.0]}
{"type":2,"rcvTime":25299.2,"pos":[6114.497727959649,6063.233458745486,1.895],"noise":[0.0,0.0,0.0],"spd":[16.589573998269488,-5.800884372719671,0.0],"spd_noise":[0.0,0.0,0.0]}
{"type":2,"rcvTime":25299.3,"pos":[6116.178657980981,6062.659482640641,1.895],"noise":[0.0,0.0,0.0],"spd":[16.72861676390406,-5.712210602310789,0.0],"spd_noise":[0.0,0.0,0.0]}
{"type":3,"rcvTime":25299.300457237543,"sendTime":25299.300351017246,"sender":1303,"messageID":6234539,"pos":[6077.514570849302,5727.214104533825,1.895],"pos_noise":[0.0,0.0,0.0],"spd":[6.092982270573181,0.4725967017560743,0.0],"spd_noise":[0.0,0.0,0.0],"RSSI":2.6066699566661267e-9}
{"type":3,"rcvTime":25299.364249392744,"sendTime":25299.364139894675,"sender":2935,"messageID":6238660,"pos":[6175.983265213425,5826.72564179367,1.895],"pos_noise":[0.0,0.0,0.0],"spd":[-4.8593070091783459,-0.4895459921423704,0.0],"spd_noise":[0.0,0.0,0.0],"RSSI":3.40381129427763e-9}
{"type":3,"rcvTime":25299.372031043476,"sendTime":25299.371922122078,"sender":763,"messageID":6239037,"pos":[6119.558712083878,5733.321645641899,1.895],"pos_noise":[0.0,0.0,0.0],"spd":[11.19617593483492,0.6438895149556765,0.0],"spd_noise":[0.0,0.0,0.0],"RSSI":9.683762524683584e-9}
{"type":2,"rcvTime":25299.399999999998,"pos":[6117.847958959174,6062.089477428575,1.895],"noise":[0.0,0.0,0.0],"spd":[16.612884518334427,-5.67269227455175,0.0],"spd_noise":[0.0,0.0,0.0]}
{"type":3,"rcvTime":25299.41045860976,"sendTime":25299.41034933361,"sender":2719,"messageID":6243213,"pos":[6217.628052136196,6024.387102778355,1.895],"pos_noise":[0.0,0.0,0.0],"spd":[-16.832248379220528,5.792719712488488,0.0],"spd_noise":[0.0,0.0,0.0],"RSSI":6.052877783262088e-8}
{"type":3,"rcvTime":25299.42589328969,"sendTime":25299.425786844222,"sender":2575,"messageID":6245031,"pos":[6091.1759932656009,6073.482642366457,1.895],"pos_noise":[0.0,0.0,0.0],"spd":[-9.051498994776262,14.158639774376148,0.0],"spd_noise":[0.0,0.0,0.0],"RSSI":3.2520079027551997e-7}
{"type":2,"rcvTime":25299.5,"pos":[6119.526507660943,6061.51631445724,1.895],"noise":[0.0,0.0,0.0],"spd":[16.704917869912469,-5.704118297041806,0.0],"spd_noise":[0.0,0.0,0.0]}
{"type":3,"rcvTime":25299.53308128191,"sendTime":25299.53297103406,"sender":1897,"messageID":6252804,"pos":[6130.474080155562,5720.683915830684,1.895],"pos_noise":[0.0,0.0,0.0],"spd":[-4.589152739822379e-14,-2.354167552139668e-15,0.0],"spd_noise":[0.0,0.0,0.0],"RSSI":5.478065081200908e-9}
{"type":3,"rcvTime":25299.598249619423,"sendTime":25299.59813708612,"sender":2833,"messageID":6256773,"pos":[6306.793951939477,5993.247835938396,1.895],"pos_noise":[0.0,0.0,0.0],"spd":[-1.521434485929127,12.50684585476238,0.0],"spd_noise":[0.0,0.0,0.0],"RSSI":1.6284321342623477e-8}
{"type":2,"rcvTime":25299.6,"pos":[6121.1988294404759,6060.945277752034,1.895],"noise":[0.0,0.0,0.0],"spd":[16.64294753540278,-5.68295769501291,0.0],"spd_noise":[0.0,0.0,0.0]}
{"type":3,"rcvTime":25299.685003180195,"sendTime":25299.684891191726,"sender":1375,"messageID":6263359,"pos":[6053.469968986436,5725.186399701013,1.895],"pos_noise":[0.0,0.0,0.0],"spd":[5.98605581881683,0.5178473428239905,0.0],"spd_noise":[0.0,0.0,0.0],"RSSI":3.958038350211492e-9}
{"type":2,"rcvTime":25299.7,"pos":[6122.877958153283,6060.371916728148,1.895],"noise":[0.0,0.0,0.0],"spd":[16.71069014018829,-5.706089316160378,0.0],"spd_noise":[0.0,0.0,0.0]}
{"type":3,"rcvTime":25299.73212481238,"sendTime":25299.7320104565,"sender":2779,"messageID":6265191,"pos":[6294.390243664679,5999.172831708582,1.895],