{"type":2,"rcvTime":25289.1,"pos":[2330.888023699509,5550.273830189783,1.895],"noise":[0.0,0.0,0.0],"spd":[-0.0,0.0,0.0],"spd_noise":[0.0,0.0,0.0]}
{"type":2,"rcvTime":25289.2,"pos":[2330.8589412519966,5550.279432115723,1.895],"noise":[0.0,0.0,0.0],"spd":[-0.29053328475853015,0.05596316965901426,0.0],"spd_noise":[0.0,0.0,0.0]}
{"type":3,"rcvTime":25289.293487980096,"sendTime":25289.293376277667,"sender":1039,"messageID":5611086,"pos":[2755.6345700368858,5466.2517717687619,1.895],"pos_noise":[0.0,0.0,0.0],"spd":[-0.0,0.0,0.0],"spd_noise":[0.0,0.0,0.0],"RSSI":3.472506797953665e-9}
{"type":2,"rcvTime":25289.3,"pos":[2330.8011965428088,5550.290555030469,1.895],"noise":[0.0,0.0,0.0],"spd":[-0.5768689182865058,0.11111777837058483,0.0],"spd_noise":[0.0,0.0,0.0]}
{"type":2,"rcvTime":25289.399999999998,"pos":[2330.71632937601,5550.306902333526,1.895],"noise":[0.0,0.0,0.0],"spd":[-0.8478219285899583,0.1633093518690872,0.0],"spd_noise":[0.0,0.0,0.0]}
{"type":3,"rcvTime":25289.41147304667,"sendTime":25289.411354407668,"sender":337,"messageID":5619918,"pos":[2754.8523725690367,5463.0423461191,1.895],"pos_noise":[0.0,0.0,0.0],"spd":[-0.0,0.0,0.0],"spd_noise":[0.0,0.0,0.0],"RSSI":3.4130050878505397e-9}
{"type":2,"rcvTime":25289.5,"pos":[2330.6073845466828,5550.32788752967,1.895],"noise":[0.0,0.0,0.0],"spd":[-1.088357474320881,0.20964184546255319,0.0],"spd_noise":[0.0,0.0,0.0]}
{"type":3,"rcvTime":25289.590373056493,"sendTime":25289.590255526688,"sender":2359,"messageID":5630372,"pos":[2662.0321096211057,5498.548256813869,1.895],"pos_noise":[0.0,0.0,0.0],"spd":[11.260113552148859,-2.4537274222608609,0.0],"spd_noise":[0.0,0.0,0.0],"RSSI":2.3870594791014024e-9}
{"type":2,"rcvTime":25289.6,"pos":[2330.471636677063,5550.354035587248,1.895],"noise":[0.0,0.0,0.0],"spd":[-1.356119509625581,0.2612187662358345,0.0],"spd_noise":[0.0,0.0,0.0]}
{"type":2,"rcvTime":25289.7,"pos":[2330.310623119271,5550.385050378065,1.895],"noise":[0.0,0.0,0.0],"spd":[-1.6085234165972414,0.30983737005670666,0.0],"spd_noise":[0.0,0.0,0.0]}
{"type":3,"rcvTime":25289.79074971603,"sendTime":25289.790636989288,"sender":1207,"messageID":5641610,"pos":[2622.6930177304896,11198.883501114324,1.895],"pos_noise":[0.0,0.0,0.0],"spd":[-0.0,0.0,0.0],"spd_noise":[0.0,0.0,0.0],"RSSI":1.306227845579986e-9}
{"type":2,"rcvTime":25289.8,"pos":[2330.1254054903185,5550.420727411082,1.895],"noise":[0.0,0.0,0.0],"spd":[-1.850321782976556,0.3564131109815862,0.0],"spd_noise":[0.0,0.0,0.0]}
{"type":3,"rcvTime":25289.8939179542,"sendTime":25289.89380665496,"sender":1963,"messageID":5645286,"pos":[11887.777582509443,9305.550449644215,1.895],"pos_noise":[0.0,0.0,0.0],"spd":[-12.131149774384875,6.893932438460046,0.0],"spd_noise":[0.0,0.0,0.0],"RSSI":1.653978546338337e-9}
{"type":2,"rcvTime":25289.899999999998,"pos":[2329.911686283699,5550.461894481593,1.895],"noise":[0.0,0.0,0.0],"spd":[-2.1350521852791455,0.4112585164722863,0.0],"spd_noise":[0.0,0.0,0.0]}
{"type":2,"rcvTime":25290.0,"pos":[2329.6778576775238,5550.506935069522,1.895],"noise":[0.0,0.0,0.0],"spd":[-2.335944833847632,0.4499549067475145,0.0],"spd_noise":[0.0,0.0,0.0]}
{"type":2,"rcvTime":25290.1,"pos":[2329.419944766861,5550.556614829929,1.895],"noise":[0.0,0.0,0.0],"spd":[-2.5765467326606714,0.49630018142015777,0.0],"spd_noise":[0.0,0.0,0.0]}
{"type":2,"rcvTime":25290.2,"pos":[2329.1348667223276,5550.611527199041,1.895],"noise":[0.0,0.0,0.0],"spd":[-2.847926078265937,0.548573876575938,0.0],"spd_noise":[0.0,0.0,0.0]}
{"type":3,"rcvTime":25290.293488384006,"sendTime":25290.293376277667,"sender":1039,"messageID":5667452,"pos":[2755.5555077040928,5466.271098116778,1.895],"pos_noise":[0.0,0.0,0.0],"spd":[-0.5224217706069585,0.1277030994817853,0.0],"spd_noise":[0.0,0.0,0.0],"RSSI":2.1623403201997138e-9}
{"type":2,"rcvTime":25290.3,"pos":[2328.822490296201,5550.671697843335,1.895],"noise":[0.0,0.0,0.0],"spd":[-3.120636566930992,0.6011039794783976,0.0],"spd_noise":[0.0,0.0,0.0]}
{"type":3,"rcvTime":25290.393994289472,"sendTime":25290.39388306695,"sender":2143,"messageID":5675394,"pos":[2743.752862761153,5476.062111956867,1.895],"pos_noise":[0.0,0.0,0.0],"spd":[0.7827823369389215,-0.21540985632809765,0.0],"spd_noise":[0.0,0.0,0.0],"RSSI":3.27909867203377e-9}
{"type":2,"rcvTime":25290.399999999998,"pos":[2328.483418805863,5550.73701055047,1.895],"noise":[0.0,0.0,0.0],"spd":[-3.3873199225469938,0.6524731225629072,0.0],"spd_noise":[0.0,0.0,0.0]}
{"type":3,"rcvTime":25290.41147339117,"sendTime":25290.411354407668,"sender":337,"messageID":5676394,"pos":[2754.636985819806,5463.094987975194,1.895],"pos_noise":[0.0,0.0,0.0],"spd":[-0.8577648851572045,0.20964305282677246,0.0],"spd_noise":[0.0,0.0,0.0],"RSSI":1.8022092937549412e-9}
{"type":2,"rcvTime":25290.5,"pos":[2328.115564917438,5550.807867387354,1.895],"noise":[0.0,0.0,0.0],"spd":[-3.67485571731845,0.7078589090114669,0.0],"spd_noise":[0.0,0.0,0.0]}
{"type":3,"rcvTime":25290.590373401883,"sendTime":25290.590255526688,"sender":2359,"messageID":5687355,"pos":[2673.1864805355769,5495.480912739029,1.895],"pos_noise":[0.0,0.0,0.0],"spd":[11.183664704772877,-3.077575327897314,0.0],"spd_noise":[0.0,0.0,0.0],"RSSI":2.0835786087621469e-9}
{"type":2,"rcvTime":25290.6,"pos":[2327.7261133663416,5550.88288441422,1.895],"noise":[0.0,0.0,0.0],"spd":[-3.890616095679281,0.7494191545782901,0.0],"spd_noise":[0.0,0.0,0.0]}
{"type":2,"rcvTime":25290.7,"pos":[2327.3181024718899,5550.961476383219,1.895],"noise":[0.0,0.0,0.0],"spd":[-4.076023702305738,0.7851327815189416,0.0],"spd_noise":[0.0,0.0,0.0]}
{"type":3,"rcvTime":25290.79074998334,"sendTime":25290.790636989288,"sender":1207,"messageID":5698814,"pos":[2242.0234811212869,5691.492850659415,1.895],"pos_noise":[0.0,0.0,0.0],"spd":[-1.4571271413884024,0.3567057343519987,0.0],"spd_noise":[0.0,0.0,0.0],"RSSI":3.26158167876932e-9}
{"type":2,"rcvTime":25290.8,"pos":[2326.8905588951199,5551.043830781075,1.895],"noise":[0.0,0.0,0.0],"spd":[-4.271154952914252,0.8227193984625248,0.0],"spd_noise":[0.0,0.0,0.0]}
{"type":3,"rcvTime":25290.893918336104,"sendTime":25290.89380665496,"sender":1963,"messageID":5702549,"pos":[8873.389489268884,3026.9215386360885,1.895],"pos_noise":[0.0,0.0,0.0],"spd":[-6.287993087131924,12.559348337554042,0.0],"spd_noise":[0.0,0.0,0.0],"RSSI":2.3062266163001839e-9}
{"type":2,"rcvTime":25290.899999999998,"pos":[2326.440239444127,5551.13057231865,1.895],"noise":[0.0,0.0,0.0],"spd":[-4.498685649852743,0.8665468690602073,0.0],"spd_noise":[0.0,0.0,0.0]}
{"type":2,"rcvTime":25291.0,"pos":[2325.9668676928906,5551.221754241741,1.895],"noise":[0.0,0.0,0.0],"spd":[-4.728977839266368,0.9109062645009464,0.0],"spd_noise":[0.0,0.0,0.0]}
{"type":2,"rcvTime":25291.1,"pos":[2325.4670449990255,5551.318031204428,1.895],"noise":[0.0,0.0,0.0],"spd":[-4.993222423335889,0.9618056459668288,0.0],"spd_noise":[0.0,0.0,0.0]}
