{"type":2,"rcvTime":25297.1,"pos":[5319.197869378917,5180.191822598206,1.895],"noise":[0.0,0.0,0.0],"spd":[0.9532607400107769,10.072566280814224,0.0],"spd_noise":[0.0,0.0,0.0]}
{"type":3,"rcvTime":25297.180388191442,"sendTime":25297.180275179027,"sender":2713,"messageID":6098296,"pos":[5275.850091722196,5262.245573950247,1.895],"pos_noise":[0.0,0.0,0.0],"spd":[-12.354053458876875,7.621756734005024,0.0],"spd_noise":[0.0,0.0,0.0],"RSSI":4.005677528600569e-8}
{"type":2,"rcvTime":25297.2,"pos":[5319.301375008712,5181.194589369106,1.895],"noise":[0.0,0.0,0.0],"spd":[0.969196221542159,10.037197021455249,0.0],"spd_noise":[0.0,0.0,0.0]}
{"type":3,"rcvTime":25297.206387685426,"sendTime":25297.206279164922,"sender":2563,"messageID":6099542,"pos":[5248.268526608531,5536.867846861518,1.895],"pos_noise":[0.0,0.0,0.0],"spd":[14.767265335678968,7.1930197393926129,0.0],"spd_noise":[0.0,0.0,0.0],"RSSI":4.6595968337554459e-9}
{"type":3,"rcvTime":25297.22892368543,"sendTime":25297.228813672904,"sender":475,"messageID":6101049,"pos":[5304.69597597331,5252.206793128956,1.895],"pos_noise":[0.0,0.0,0.0],"spd":[10.61875289181936,-6.552160958002191,0.0],"spd_noise":[0.0,0.0,0.0],"RSSI":1.6775251949365745e-8}
{"type":2,"rcvTime":25297.3,"pos":[5319.406539053759,5182.201159514553,1.895],"noise":[0.0,0.0,0.0],"spd":[0.9951134421342918,10.074782386094823,0.0],"spd_noise":[0.0,0.0,0.0]}
{"type":3,"rcvTime":25297.319282178214,"sendTime":25297.319174836062,"sender":1543,"messageID":6107987,"pos":[5107.576580485647,5374.970021767761,1.895],"pos_noise":[0.0,0.0,0.0],"spd":[11.545018615260565,-7.752250766926854,0.0],"spd_noise":[0.0,0.0,0.0],"RSSI":6.4599500113774389e-9}
{"type":3,"rcvTime":25297.383801605527,"sendTime":25297.383692896132,"sender":1633,"messageID":6111608,"pos":[5253.245952936268,5535.610692782079,1.895],"pos_noise":[0.0,0.0,0.0],"spd":[-17.854446057648166,-8.696499570823328,0.0],"spd_noise":[0.0,0.0,0.0],"RSSI":3.901938767266668e-9}
{"type":2,"rcvTime":25297.399999999998,"pos":[5319.521942665416,5183.202670704711,1.895],"noise":[0.0,0.0,0.0],"spd":[1.0372917388807595,10.03344071525542,0.0],"spd_noise":[0.0,0.0,0.0]}
{"type":3,"rcvTime":25297.419103701857,"sendTime":25297.418994409032,"sender":2011,"messageID":6115583,"pos":[5226.079117213578,5529.798791651761,1.895],"pos_noise":[0.0,0.0,0.0],"spd":[15.507651447010947,7.443040589204365,0.0],"spd_noise":[0.0,0.0,0.0],"RSSI":1.5017944320538427e-9}
{"type":2,"rcvTime":25297.5,"pos":[5319.679141434587,5184.2000697918679,1.895],"noise":[0.0,0.0,0.0],"spd":[1.1782977396834014,10.031457572750315,0.0],"spd_noise":[0.0,0.0,0.0]}
{"type":3,"rcvTime":25297.55677118486,"sendTime":25297.556653189702,"sender":187,"messageID":6125545,"pos":[5297.809091193189,5563.564470449854,1.895],"pos_noise":[0.0,0.0,0.0],"spd":[13.159413264202542,5.861109855920147,0.0],"spd_noise":[0.0,0.0,0.0],"RSSI":4.398769505107277e-9}
{"type":2,"rcvTime":25297.6,"pos":[5319.878352782971,5185.18327049743,1.895],"noise":[0.0,0.0,0.0],"spd":[1.3985448053650598,9.954654466976218,0.0],"spd_noise":[0.0,0.0,0.0]}
{"type":2,"rcvTime":25297.7,"pos":[5320.154734127064,5186.147895580734,1.895],"noise":[0.0,0.0,0.0],"spd":[1.7832328077013789,9.87800382234634,0.0],"spd_noise":[0.0,0.0,0.0]}
{"type":2,"rcvTime":25297.8,"pos":[5320.461591373856,5187.0989473512049,1.895],"noise":[0.0,0.0,0.0],"spd":[2.230133482072707,9.75005825256924,0.0],"spd_noise":[0.0,0.0,0.0]}
{"type":3,"rcvTime":25297.85102770523,"sendTime":25297.850914188897,"sender":1033,"messageID":6142603,"pos":[5295.207523990149,5258.061516868111,1.895],"pos_noise":[0.0,0.0,0.0],"spd":[10.55144739129849,-6.51063098953512,0.0],"spd_noise":[0.0,0.0,0.0],"RSSI":1.9311056891740083e-8}
{"type":2,"rcvTime":25297.899999999998,"pos":[5320.800085252117,5188.0437544399769,1.895],"noise":[0.0,0.0,0.0],"spd":[2.6775988913371187,9.675763541653112,0.0],"spd_noise":[0.0,0.0,0.0]}
{"type":2,"rcvTime":25298.0,"pos":[5321.139038811075,5188.989844593551,1.895],"noise":[0.0,0.0,0.0],"spd":[3.0848291236014697,9.568056236164298,0.0],"spd_noise":[0.0,0.0,0.0]}
{"type":3,"rcvTime":25298.015980547265,"sendTime":25298.015872979766,"sender":229,"messageID":6150700,"pos":[5106.586967443536,5464.2477908219029,1.895],"pos_noise":[0.0,0.0,0.0],"spd":[-13.23019635167721,-5.887521006057091,0.0],"spd_noise":[0.0,0.0,0.0],"RSSI":1.9343544096256989e-9}
{"type":2,"rcvTime":25298.1,"pos":[5321.480676678263,5189.929166556543,1.895],"noise":[0.0,0.0,0.0],"spd":[3.2478987448416678,9.454064735371349,0.0],"spd_noise":[0.0,0.0,0.0]}
{"type":3,"rcvTime":25298.180385550382,"sendTime":25298.180275179027,"sender":2713,"messageID":6162362,"pos":[5263.5180321651509,5269.853761682794,1.895],"pos_noise":[0.0,0.0,0.0],"spd":[-12.359458426203089,7.625091295108799,0.0],"spd_noise":[0.0,0.0,0.0],"RSSI":8.67936336294724e-9}
{"type":2,"rcvTime":25298.2,"pos":[5321.824595559086,5190.871642087213,1.895],"noise":[0.0,0.0,0.0],"spd":[3.40646691949734,9.437387848114247,0.0],"spd_noise":[0.0,0.0,0.0]}
{"type":3,"rcvTime":25298.22892571616,"sendTime":25298.228813672904,"sender":475,"messageID":6165216,"pos":[5315.300941806326,5245.6631392931499,1.895],"pos_noise":[0.0,0.0,0.0],"spd":[10.571491574052836,-6.522998987265296,0.0],"spd_noise":[0.0,0.0,0.0],"RSSI":7.33881221697362e-8}
{"type":2,"rcvTime":25298.3,"pos":[5322.17099883048,5191.820925843463,1.895],"noise":[0.0,0.0,0.0],"spd":[3.44361140662264,9.50102673927085,0.0],"spd_noise":[0.0,0.0,0.0]}
{"type":3,"rcvTime":25298.319284201923,"sendTime":25298.319174836062,"sender":1543,"messageID":6172146,"pos":[5119.089801769701,5367.270137014808,1.895],"pos_noise":[0.0,0.0,0.0],"spd":[11.532933434867664,-7.681926550171205,0.0],"spd_noise":[0.0,0.0,0.0],"RSSI":3.401080234756689e-9}
{"type":3,"rcvTime":25298.383803663317,"sendTime":25298.383692896132,"sender":1633,"messageID":6175778,"pos":[5235.3696355595889,5526.932116000277,1.895],"pos_noise":[0.0,0.0,0.0],"spd":[-17.954754267960593,-8.650433685394179,0.0],"spd_noise":[0.0,0.0,0.0],"RSSI":5.302210849687173e-9}
{"type":2,"rcvTime":25298.399999999998,"pos":[5322.5159590515809,5192.766255063724,1.895],"noise":[0.0,0.0,0.0],"spd":[3.441691309363853,9.45693451406143,0.0],"spd_noise":[0.0,0.0,0.0]}
{"type":3,"rcvTime":25298.41910572422,"sendTime":25298.418994409032,"sender":2011,"messageID":6179652,"pos":[5241.435078883224,5537.205945197014,1.895],"pos_noise":[0.0,0.0,0.0],"spd":[15.04353747268456,7.3278098372184969,0.0],"spd_noise":[0.0,0.0,0.0],"RSSI":9.123710970126215e-9}
{"type":3,"rcvTime":25298.429043414846,"sendTime":25298.428932337323,"sender":775,"messageID":6181392,"pos":[5334.538552941596,5639.9271474306719,1.895],"pos_noise":[0.0,0.0,0.0],"spd":[-24.899997627339354,-2.699497440552475,0.0],"spd_noise":[0.0,0.0,0.0],"RSSI":1.9960185891776635e-9}
{"type":3,"rcvTime":25298.432854146646,"sendTime":25298.432743725552,"sender":1885,"messageID":6181685,"pos":[5121.282383050382,5470.787343658325,1.895],"pos_noise":[0.0,0.0,0.0],"spd":[-13.281593766575455,-5.8916681908759769,0.0],"spd_noise":[0.0,0.0,0.0],"RSSI":3.7608991251114218e-9}
{"type":2,"rcvTime":25298.5,"pos":[5322.859082813178,5193.706551649137,1.895],"noise":[0.0,0.0,0.0],"spd":[3.4314809038760716,9.403632560453075,0.0],"spd_noise":[0.0,0.0,0.0]}
{"type":2,"rcvTime":25298.6,"pos":[5323.202364618999,5194.647281339045,1.895],"noise":[0.0,0.0,0.0],"spd":[3.4330614581712548,9.407963912499055,0.0],"spd_noise":[0.0,0.0,0.0]}
{"type":2,"rcvTime":25298.7,"pos":[5323.547067523378,5195.591905408391,1.895],"noise":[0.0,0.0,0.0],"spd":[3.447273451367211,9.446910468143726,0.0],"spd_noise":[0.0,0.0,0.0]}
{"type":2,"rcvTime":25298.8,"pos":[5323.889623464096,5196.530645937086,1.895],"noise":[0.0,0.0,0.0],"spd":[3.425802292475135,9.388070889981404,0.0],"spd_noise":[0.0,0.0,0.0]}
{"type":3,"rcvTime":25298.85102631919,"sendTime":25298.850914188897,"sender":1033,"messageID":6206802,"pos":[5305.349881613507,5251.803309306555,1.895],"pos_noise":[0.0,0.0,0.0],"spd":[9.396725105050928,-5.7981248828042,0.0],"spd_noise":[0.0,0.0,0.0],