{"type":2,"rcvTime":25293.1,"pos":[6069.374377809379,5180.054140486927,1.895],"noise":[0.0,0.0,0.0],"spd":[8.821345888700217,6.401896404046611,0.0],"spd_noise":[0.0,0.0,0.0]}
{"type":2,"rcvTime":25293.2,"pos":[6070.255247944516,5180.69341247804,1.895],"noise":[0.0,0.0,0.0],"spd":[8.80921698933977,6.3930941239639769,0.0],"spd_noise":[0.0,0.0,0.0]}
{"type":2,"rcvTime":25293.3,"pos":[6071.128270969852,5181.3269896030119,1.895],"noise":[0.0,0.0,0.0],"spd":[8.730741297834176,6.336142128929055,0.0],"spd_noise":[0.0,0.0,0.0]}
{"type":2,"rcvTime":25293.399999999998,"pos":[6072.002837710452,5181.961687045146,1.895],"noise":[0.0,0.0,0.0],"spd":[8.74617935413184,6.347345956365871,0.0],"spd_noise":[0.0,0.0,0.0]}
{"type":2,"rcvTime":25293.5,"pos":[6072.883825946218,5182.601044745175,1.895],"noise":[0.0,0.0,0.0],"spd":[8.810398064767588,6.393951263297323,0.0],"spd_noise":[0.0,0.0,0.0]}
{"type":2,"rcvTime":25293.6,"pos":[6073.758651487891,5183.235930006457,1.895],"noise":[0.0,0.0,0.0],"spd":[8.748767516357333,6.349224257778548,0.0],"spd_noise":[0.0,0.0,0.0]}
{"type":2,"rcvTime":25293.7,"pos":[6074.640361240353,5183.875811331248,1.895],"noise":[0.0,0.0,0.0],"spd":[8.817613654075409,6.399187817428982,0.0],"spd_noise":[0.0,0.0,0.0]}
{"type":3,"rcvTime":25293.749701909463,"sendTime":25293.74959203992,"sender":2509,"messageID":6018408,"pos":[6149.402970200677,5232.133667490279,1.895],"pos_noise":[0.0,0.0,0.0],"spd":[-12.824677971106402,-7.929624830023259,0.0],"spd_noise":[0.0,0.0,0.0],"RSSI":9.94459903874227e-8}
{"type":2,"rcvTime":25293.8,"pos":[6075.514247973047,5184.5100152727059,1.895],"noise":[0.0,0.0,0.0],"spd":[8.739378877008774,6.342410660712357,0.0],"spd_noise":[0.0,0.0,0.0]}
{"type":2,"rcvTime":25293.899999999998,"pos":[6076.38987832536,5185.145484607484,1.895],"noise":[0.0,0.0,0.0],"spd":[8.756816093865354,6.355065334647512,0.0],"spd_noise":[0.0,0.0,0.0]}
{"type":2,"rcvTime":25294.0,"pos":[6077.26764465445,5185.782504080101,1.895],"noise":[0.0,0.0,0.0],"spd":[8.77817711198782,6.370567620445281,0.0],"spd_noise":[0.0,0.0,0.0]}
{"type":2,"rcvTime":25294.1,"pos":[6078.145012143119,5186.419234103117,1.895],"noise":[0.0,0.0,0.0],"spd":[8.774188474307963,6.36767295498925,0.0],"spd_noise":[0.0,0.0,0.0]}
{"type":2,"rcvTime":25294.2,"pos":[6079.018171767676,5187.052910361947,1.895],"noise":[0.0,0.0,0.0],"spd":[8.732107370007413,6.337133525553091,0.0],"spd_noise":[0.0,0.0,0.0]}
{"type":2,"rcvTime":25294.3,"pos":[6079.897513045602,5187.6910728188,1.895],"noise":[0.0,0.0,0.0],"spd":[8.793927522276224,6.3819981318728768,0.0],"spd_noise":[0.0,0.0,0.0]}
{"type":2,"rcvTime":25294.399999999998,"pos":[6080.775573897029,5188.32830603448,1.895],"noise":[0.0,0.0,0.0],"spd":[8.781122507762082,6.372705176193989,0.0],"spd_noise":[0.0,0.0,0.0]}
{"type":2,"rcvTime":25294.5,"pos":[6081.655304415257,5188.966750973862,1.895],"noise":[0.0,0.0,0.0],"spd":[8.797820153151707,6.384823122516986,0.0],"spd_noise":[0.0,0.0,0.0]}
{"type":2,"rcvTime":25294.6,"pos":[6082.53731994382,5189.606854208885,1.895],"noise":[0.0,0.0,0.0],"spd":[8.820671594077073,6.401407049656124,0.0],"spd_noise":[0.0,0.0,0.0]}
{"type":3,"rcvTime":25294.638201889094,"sendTime":25294.638094604295,"sender":2791,"messageID":6072564,"pos":[6289.317981312683,5297.033077065484,1.895],"pos_noise":[0.0,0.0,0.0],"spd":[-14.689073554577034,-4.1695928912886599,0.0],"spd_noise":[0.0,0.0,0.0],"RSSI":2.111728413712189e-8}
{"type":2,"rcvTime":25294.7,"pos":[6083.417232205643,5190.245431044656,1.895],"noise":[0.0,0.0,0.0],"spd":[8.799637695490342,6.386142163614423,0.0],"spd_noise":[0.0,0.0,0.0]}
{"type":3,"rcvTime":25294.749709881657,"sendTime":25294.74959203992,"sender":2509,"messageID":6080209,"pos":[6136.5704615021309,5224.199200844276,1.895],"pos_noise":[0.0,0.0,0.0],"spd":[-12.876128931810305,-7.961437466289478,0.0],"spd_noise":[0.0,0.0,0.0],"RSSI":6.755480718253019e-8}
{"type":2,"rcvTime":25294.8,"pos":[6084.2969664053,5190.883878655752,1.895],"noise":[0.0,0.0,0.0],"spd":[8.797856969588086,6.384849841230279,0.0],"spd_noise":[0.0,0.0,0.0]}
{"type":2,"rcvTime":25294.899999999998,"pos":[6085.1726025563589,5191.519352198842,1.895],"noise":[0.0,0.0,0.0],"spd":[8.756874084723986,6.35510742022682,0.0],"spd_noise":[0.0,0.0,0.0]}
{"type":2,"rcvTime":25295.0,"pos":[6086.054103670325,5192.159082108866,1.895],"noise":[0.0,0.0,0.0],"spd":[8.815527146993198,6.39767358112393,0.0],"spd_noise":[0.0,0.0,0.0]}
{"type":2,"rcvTime":25295.1,"pos":[6086.930979053683,5192.79545499735,1.895],"noise":[0.0,0.0,0.0],"spd":[8.769267133126505,6.364101400624399,0.0],"spd_noise":[0.0,0.0,0.0]}
{"type":2,"rcvTime":25295.2,"pos":[6087.808744255227,5193.4324736516759,1.895],"noise":[0.0,0.0,0.0],"spd":[8.778165835865908,6.370559437049547,0.0],"spd_noise":[0.0,0.0,0.0]}
{"type":2,"rcvTime":25295.3,"pos":[6088.684632185818,5194.068129918185,1.895],"noise":[0.0,0.0,0.0],"spd":[8.759392027436306,6.35693476138303,0.0],"spd_noise":[0.0,0.0,0.0]}
{"type":2,"rcvTime":25295.399999999998,"pos":[6089.559528914536,5194.703066841887,1.895],"noise":[0.0,0.0,0.0],"spd":[8.74947942846315,6.3497409122219559,0.0],"spd_noise":[0.0,0.0,0.0]}
{"type":2,"rcvTime":25295.5,"pos":[6090.433503591271,5195.337334606786,1.895],"noise":[0.0,0.0,0.0],"spd":[8.740258368905755,6.343048932475692,0.0],"spd_noise":[0.0,0.0,0.0]}
{"type":2,"rcvTime":25295.6,"pos":[6091.311838173324,5195.974766476405,1.895],"noise":[0.0,0.0,0.0],"spd":[8.783859974258102,6.3746918318756509,0.0],"spd_noise":[0.0,0.0,0.0]}
{"type":3,"rcvTime":25295.638204280684,"sendTime":25295.638094604295,"sender":2791,"messageID":6134673,"pos":[6274.639153320651,5292.725585023795,1.895],"pos_noise":[0.0,0.0,0.0],"spd":[-14.691584096574243,-4.311235311849299,0.0],"spd_noise":[0.0,0.0,0.0],"RSSI":2.956221356943017e-9}
{"type":2,"rcvTime":25295.7,"pos":[6092.184295032418,5196.607932718766,1.895],"noise":[0.0,0.0,0.0],"spd":[8.725079303995008,6.332033062301805,0.0],"spd_noise":[0.0,0.0,0.0]}
{"type":3,"rcvTime":25295.749704844624,"sendTime":25295.74959203992,"sender":2509,"messageID":6142438,"pos":[6137.120522389692,5211.062790893396,1.895],"pos_noise":[0.0,0.0,0.0],"spd":[5.770997922818256,-13.890937700497402,0.0],"spd_noise":[0.0,0.0,0.0],"RSSI":7.612950889878271e-8}
{"type":2,"rcvTime":25295.8,"pos":[6093.062865592579,5197.245535844272,1.895],"noise":[0.0,0.0,0.0],"spd":[8.786219893479775,6.376404490983419,0.0],"spd_noise":[0.0,0.0,0.0]}
{"type":2,"rcvTime":25295.899999999998,"pos":[6093.936002433967,5197.879195568722,1.895],"noise":[0.0,0.0,0.0],"spd":[8.731879524978604,6.3369681720697319,0.0],"spd_noise":[0.0,0.0,0.0]}
{"type":2,"rcvTime":25296.0,"pos":[6094.8159411029,5198.517791568867,1.895],"noise":[0.0,0.0,0.0],"spd":[8.799901782040136,6.386333818578962,0.0],"spd_noise":[0.0,0.0,0.0]}
{"type":2,"rcvTime":25296.1,"pos":[6095.698262121031,5199.158116506179,1.895],"noise":[0.0,0.0,0.0],"spd":[8.823726668589139,6.403624202319634,0.0],"spd_noise":[0.0,0.0,0.0]}
{"type":2,"rcvTime":25296.2,"pos":[6096.579640651594,5199.797757454012,1.895],"noise":[0.0,0.0,0.0],"spd":[8.814301241196923,6.396783907143577,0.0],"spd_noise":[0.0,0.0,0.0]}
{"type":2,"rcvTime":25296.3,"pos":[6097.454858470975,5200.432927402153,1.895],"noise":[0.0,0.0,0.0],"spd":[8.752690523067648,6.3520712930139899,0.0],"spd_noise":[0.0,0.0,0.0]}
{"type":2,"rcvTime":25296.399999999998,"pos":[6098.335428186682,5201.071981370518,1.895],"noise":[0.0,0.0,0.0],"spd":[8.806212619185797,6.390913768865354,0.0],"spd_noise":[0.0,0.0,0.0]}
{"type":2,"rcvTime":25296.5,"pos":[6099.21316822166,5201.708981760766,1.895],"noise":[0.0,0.0,0.0],"spd":[8.777914155475399,6.370376785580338,0.0],"spd_noise":[0.0,0.0,0.0]}
{"type":2,"rcvTime":25296.6,"pos":[6100.089888454089,5202.345242051901,1.895],"noise":[0.0,0.0,0.0],"spd":[8.767715533019242,6.362975361211308,0.0],"spd_noise":[0.0,0.0,0.0]}
{"type":3,"rcvTime":25296.638210539928,"sendTime":25296.638094604295,"sender":2791,"messageID":6196813,"pos":[6261.572359508027,5288.891143310274,1.895],"pos_noise":[0.0,0.0,0.0],