{"type":2,"rcvTime":25268.6,"pos":[3566.2235681379277,5180.343920249122,1.895],"noise":[0.0,0.0,0.0],"spd":[0.4698489904983558,6.123193295527399,0.0],"spd_noise":[0.0,0.0,0.0]}
{"type":3,"rcvTime":25268.602790991332,"sendTime":25268.602684530197,"sender":1351,"messageID":4482376,"pos":[3585.178072891651,5199.369776861139,1.895],"pos_noise":[0.0,0.0,0.0],"spd":[-13.884074852265094,-1.6076297197380159,0.0],"spd_noise":[0.0,0.0,0.0],"RSSI":6.030536651496398e-8}
{"type":3,"rcvTime":25268.606803609247,"sendTime":25268.60668848548,"sender":433,"messageID":4483243,"pos":[3820.4325803971785,5264.525077186061,1.895],"pos_noise":[0.0,0.0,0.0],"spd":[0.0,-0.0,0.0],"spd_noise":[0.0,0.0,0.0],"RSSI":1.7670422628827118e-8}
{"type":3,"rcvTime":25268.627915439174,"sendTime":25268.62780440557,"sender":2023,"messageID":4485120,"pos":[3624.0856656231796,5415.057495039632,1.895],"pos_noise":[0.0,0.0,0.0],"spd":[3.1432027811541327,-25.371368483883367,0.0],"spd_noise":[0.0,0.0,0.0],"RSSI":9.37048568857342e-9}
{"type":3,"rcvTime":25268.67228656174,"sendTime":25268.6721718722,"sender":1897,"messageID":4486322,"pos":[3584.147189523999,5537.879507167027,1.895],"pos_noise":[0.0,0.0,0.0],"spd":[4.6167401477015,-29.327477308798647,0.0],"spd_noise":[0.0,0.0,0.0],"RSSI":1.3754758063247723e-8}
{"type":3,"rcvTime":25268.68138613083,"sendTime":25268.681269547484,"sender":1939,"messageID":4487423,"pos":[3608.5870825764229,5202.308029926537,1.895],"pos_noise":[0.0,0.0,0.0],"spd":[-14.042473830815773,-1.872783852315115,0.0],"spd_noise":[0.0,0.0,0.0],"RSSI":6.2737811550260318e-9}
{"type":2,"rcvTime":25268.7,"pos":[3566.2671118421578,5180.911393039731,1.895],"noise":[0.0,0.0,0.0],"spd":[0.4354204945970274,5.674512252168118,0.0],"spd_noise":[0.0,0.0,0.0]}
{"type":3,"rcvTime":25268.71194444278,"sendTime":25268.711829268188,"sender":2233,"messageID":4489047,"pos":[3606.788041652091,5411.91310759181,1.895],"pos_noise":[0.0,0.0,0.0],"spd":[-3.5800482773800534,31.0334259283645,0.0],"spd_noise":[0.0,0.0,0.0],"RSSI":1.688767312297045e-8}
{"type":3,"rcvTime":25268.71306494808,"sendTime":25268.712946311804,"sender":511,"messageID":4489410,"pos":[4173.816917817187,5294.080868646232,1.895],"pos_noise":[0.0,0.0,0.0],"spd":[-14.24870847607603,-3.868708048490403,0.0],"spd_noise":[0.0,0.0,0.0],"RSSI":1.8370262676694937e-9}
{"type":3,"rcvTime":25268.720479446307,"sendTime":25268.720364867335,"sender":1249,"messageID":4490337,"pos":[3563.4102012941618,5196.829169443829,1.895],"pos_noise":[0.0,0.0,0.0],"spd":[-13.909456295723093,-1.667388426689384,0.0],"spd_noise":[0.0,0.0,0.0],"RSSI":2.406283648646144e-7}
{"type":3,"rcvTime":25268.74617097756,"sendTime":25268.746065803614,"sender":1213,"messageID":4492714,"pos":[3543.4965144204818,5194.37874120214,1.895],"pos_noise":[0.0,0.0,0.0],"spd":[-13.79143791277865,-1.6970704204270709,0.0],"spd_noise":[0.0,0.0,0.0],"RSSI":3.049493737527596e-7}
{"type":3,"rcvTime":25268.78959577836,"sendTime":25268.78947931891,"sender":2263,"messageID":4494401,"pos":[3612.513103824741,5391.056433518916,1.895],"pos_noise":[0.0,0.0,0.0],"spd":[-4.318244306709833,37.42478399150038,0.0],"spd_noise":[0.0,0.0,0.0],"RSSI":1.7658739526701577e-8}
{"type":2,"rcvTime":25268.8,"pos":[3566.3072125659557,5181.433996020838,1.895],"noise":[0.0,0.0,0.0],"spd":[0.40099199869569898,5.225831208808838,0.0],"spd_noise":[0.0,0.0,0.0]}
{"type":3,"rcvTime":25268.82221195296,"sendTime":25268.822099528465,"sender":1471,"messageID":4496323,"pos":[3612.3664635219136,5206.1428543737579,1.895],"pos_noise":[0.0,0.0,0.0],"spd":[-12.601745557170139,-1.6777774568737923,0.0],"spd_noise":[0.0,0.0,0.0],"RSSI":8.016933042189229e-9}
{"type":2,"rcvTime":25268.899999999998,"pos":[3566.343870309321,5181.911729192444,1.895],"noise":[0.0,0.0,0.0],"spd":[0.3665635027943705,4.777150165449558,0.0],"spd_noise":[0.0,0.0,0.0]}
{"type":3,"rcvTime":25268.94816135876,"sendTime":25268.94804837485,"sender":901,"messageID":4502606,"pos":[3822.42581302402,5267.159121027574,1.895],"pos_noise":[0.0,0.0,0.0],"spd":[0.0,-0.0,0.0],"spd_noise":[0.0,0.0,0.0],"RSSI":4.2852766194249098e-9}
{"type":3,"rcvTime":25268.969826831526,"sendTime":25268.969713840448,"sender":1963,"messageID":4503908,"pos":[3630.111792522376,5366.415680707164,1.895],"pos_noise":[0.0,0.0,0.0],"spd":[2.9642393542567757,-23.926807835053557,0.0],"spd_noise":[0.0,0.0,0.0],"RSSI":2.9284243792985805e-9}
{"type":3,"rcvTime":25268.97218778109,"sendTime":25268.972080531526,"sender":895,"messageID":4504247,"pos":[3818.4486345386228,5261.890118808212,1.895],"pos_noise":[0.0,0.0,0.0],"spd":[0.0,-0.0,0.0],"spd_noise":[0.0,0.0,0.0],"RSSI":1.8712767191961738e-9}
{"type":2,"rcvTime":25269.0,"pos":[3566.377085072255,5182.344592554549,1.895],"noise":[0.0,0.0,0.0],"spd":[0.3321350068929825,4.328469122090282,0.0],"spd_noise":[0.0,0.0,0.0]}
{"type":3,"rcvTime":25269.03024239269,"sendTime":25269.030128652183,"sender":2047,"messageID":4510276,"pos":[3613.95106738883,5443.212999383084,1.895],"pos_noise":[0.0,0.0,0.0],"spd":[4.05805163431616,-32.77174932184849,0.0],"spd_noise":[0.0,0.0,0.0],"RSSI":1.8510171977650028e-8}
{"type":3,"rcvTime":25269.03789411992,"sendTime":25269.03777994234,"sender":1981,"messageID":4511160,"pos":[3787.9555944262726,5271.860564124775,1.895],"pos_noise":[0.0,0.0,0.0],"spd":[12.006683406649533,3.53351485091835,0.0],"spd_noise":[0.0,0.0,0.0],"RSSI":6.862239408643079e-9}
{"type":3,"rcvTime":25269.040792393975,"sendTime":25269.040679553713,"sender":2227,"messageID":4511743,"pos":[3610.523518439611,5437.055045009967,1.895],"pos_noise":[0.0,0.0,0.0],"spd":[-3.421510947295078,29.647028367787237,0.0],"spd_noise":[0.0,0.0,0.0],"RSSI":7.29878711184853e-9}
{"type":3,"rcvTime":25269.045626382664,"sendTime":25269.045518405037,"sender":1393,"messageID":4512103,"pos":[3975.0978044886326,5253.48771390441,1.895],"pos_noise":[0.0,0.0,0.0],"spd":[-0.0,-0.0,0.0],"spd_noise":[0.0,0.0,0.0],"RSSI":6.384264729462878e-9}
{"type":3,"rcvTime":25269.059064695128,"sendTime":25269.058955458924,"sender":2077,"messageID":4512780,"pos":[3609.1649732076368,5482.568032359208,1.895],"pos_noise":[0.0,0.0,0.0],"spd":[2.771369642585488,-32.92258421561528,0.0],"spd_noise":[0.0,0.0,0.0],"RSSI":6.333514847951377e-9}
{"type":3,"rcvTime":25269.070795396205,"sendTime":25269.070686054976,"sender":1921,"messageID":4514730,"pos":[3935.769838250398,5254.880095297541,1.895],"pos_noise":[0.0,0.0,0.0],"spd":[4.581891625585812e-14,6.476809606413588e-15,0.0],"spd_noise":[0.0,0.0,0.0],"RSSI":5.458951238318017e-9}
{"type":3,"rcvTime":25269.09215204721,"sendTime":25269.092039801086,"sender":2029,"messageID":4515923,"pos":[3618.821459959521,5403.880999988087,1.895],"pos_noise":[0.0,0.0,0.0],"spd":[4.063629141985235,-32.81679179535754,0.0],"spd_noise":[0.0,0.0,0.0],"RSSI":1.3381792556610149e-8}
{"type":2,"rcvTime":25269.1,"pos":[3566.406856854757,5182.732586107152,1.895],"noise":[0.0,0.0,0.0],"spd":[0.2977065109916602,3.8797880787310019,0.0],"spd_noise":[0.0,0.0,0.0]}
{"type":3,"rcvTime":25269.101857057118,"sendTime":25269.10174646466,"sender":2251,"messageID":4516288,"pos":[3793.486653540422,5121.551706560072,1.895],"pos_noise":[0.0,0.0,0.0],"spd":[-3.817619816340898,33.086038408277698,0.0],"spd_noise":[0.0,0.0,0.0],"RSSI":2.1316235360350666e-8}
{"type":3,"rcvTime":25269.122243605623,"sendTime":25269.122135775397,"sender":1009,"messageID":4517238,"pos":[3967.646930053147,5252.53026461897,1.895],"pos_noise":[0.0,0.0,0.0],"spd":[-0.0,-0.0,0.0],"spd_noise":[0.0,0.0,0.0],"RSSI":3.209918092914916e-9}
{"type":3,"rcvTime":25269.12625463028,"sendTime":25269.126137590498,"sender":1129,"messageID":4517577,"pos":[3969.4459048948085,5246.112592669091,1.895],"pos_noise":[0.0,0.0,0.0],"spd":[-0.0,-0.0,0.0],"spd_noise":[0.0,0.0,0.0],"RSSI":2.9087200142944085e-9}
{"type":3,"rcvTime":25269.166708856123,"sendTime":25269.166596870033,"sender":2053,"messageID":4521063,"pos":[3686.4089042435005,5231.09858697472,1.895],"pos_noise":[0.0,0.0,0.0],"spd":[11.405559492924076,3.4872659231648108,0.0],"spd_noise":[0.0,0.0,0.0],