{"type":2,"rcvTime":25297.399999999998,"pos":[3606.4318114333298,6079.334208617432,1.895],"noise":[0.0,0.0,0.0],"spd":[-4.193831882481282,-36.391526326757539,0.0],"spd_noise":[0.0,0.0,0.0]}
{"type":2,"rcvTime":25297.5,"pos":[3606.0107811648647,6075.680763622838,1.895],"noise":[0.0,0.0,0.0],"spd":[-4.205679335271732,-36.49433132760501,0.0],"spd_noise":[0.0,0.0,0.0]}
{"type":3,"rcvTime":25297.581439655656,"sendTime":25297.581327243846,"sender":2539,"messageID":6255360,"pos":[3581.1345685085827,5755.4198950202539,1.895],"pos_noise":[0.0,0.0,0.0],"spd":[-0.03250378200004883,33.57140622721888,0.0],"spd_noise":[0.0,0.0,0.0],"RSSI":1.062309956213655e-8}
{"type":2,"rcvTime":25297.6,"pos":[3605.592024066143,6072.0470438148699,1.895],"noise":[0.0,0.0,0.0],"spd":[-4.182972599599595,-36.297296064358068,0.0],"spd_noise":[0.0,0.0,0.0]}
{"type":2,"rcvTime":25297.7,"pos":[3605.173015629046,6068.411143045112,1.895],"noise":[0.0,0.0,0.0],"spd":[-4.185483223394569,-36.319081733040537,0.0],"spd_noise":[0.0,0.0,0.0]}
{"type":3,"rcvTime":25297.718911818974,"sendTime":25297.718797871887,"sender":2569,"messageID":6263820,"pos":[3584.427922374016,5762.341322871345,1.895],"pos_noise":[0.0,0.0,0.0],"spd":[-0.032507894501564698,33.54064530403449,0.0],"spd_noise":[0.0,0.0,0.0],"RSSI":1.2848153560724553e-8}
{"type":3,"rcvTime":25297.734479820552,"sendTime":25297.73437402109,"sender":2419,"messageID":6265809,"pos":[3584.3104070975434,5883.589969280994,1.895],"pos_noise":[0.0,0.0,0.0],"spd":[-0.02620387176115642,27.036348610367538,0.0],"spd_noise":[0.0,0.0,0.0],"RSSI":2.5095135807419958e-9}
{"type":2,"rcvTime":25297.8,"pos":[3604.7536614887164,6064.772242472631,1.895],"noise":[0.0,0.0,0.0],"spd":[-4.188936459542955,-36.34904681932154,0.0],"spd_noise":[0.0,0.0,0.0]}
{"type":3,"rcvTime":25297.818424235662,"sendTime":25297.818308093538,"sender":2845,"messageID":6269718,"pos":[3595.802491504467,5971.9144334240149,1.895],"pos_noise":[0.0,0.0,0.0],"spd":[-2.3597942917322,-35.54871400878148,0.0],"spd_noise":[0.0,0.0,0.0],"RSSI":4.605175106207745e-9}
{"type":3,"rcvTime":25297.847621964676,"sendTime":25297.847509092604,"sender":2521,"messageID":6273159,"pos":[3613.001393189143,5477.71145359354,1.895],"pos_noise":[0.0,0.0,0.0],"spd":[3.3204075452825556,-29.971214722847664,0.0],"spd_noise":[0.0,0.0,0.0],"RSSI":1.300370466789582e-9}
{"type":3,"rcvTime":25297.859214528817,"sendTime":25297.859104640364,"sender":2629,"messageID":6273526,"pos":[3586.800006957066,5628.207664512096,1.895],"pos_noise":[0.0,0.0,0.0],"spd":[-2.8577723721054149,34.8849752729983,0.0],"spd_noise":[0.0,0.0,0.0],"RSSI":1.5889127888744902e-9}
{"type":3,"rcvTime":25297.889199530422,"sendTime":25297.889090961264,"sender":2545,"messageID":6275650,"pos":[3584.375253236076,5816.683718808994,1.895],"pos_noise":[0.0,0.0,0.0],"spd":[-0.030894765664516198,31.8762686070269,0.0],"spd_noise":[0.0,0.0,0.0],"RSSI":2.8437916389825166e-8}
{"type":2,"rcvTime":25297.899999999998,"pos":[3604.333586686696,6061.127088435627,1.895],"noise":[0.0,0.0,0.0],"spd":[-4.19613516283577,-36.41151279501391,0.0],"spd_noise":[0.0,0.0,0.0]}
{"type":3,"rcvTime":25297.935873326365,"sendTime":25297.935757167263,"sender":2893,"messageID":6278424,"pos":[3611.3180048414558,6064.105381466123,1.895],"pos_noise":[0.0,0.0,0.0],"spd":[-3.160911200596682,-27.461724379353375,0.0],"spd_noise":[0.0,0.0,0.0],"RSSI":5.2356342802708e-7}
{"type":3,"rcvTime":25297.94342034843,"sendTime":25297.9433031993,"sender":2887,"messageID":6278940,"pos":[3607.1135335036535,6056.430795858994,1.895],"pos_noise":[0.0,0.0,0.0],"spd":[-3.5072793252901874,-30.452459992960717,0.0],"spd_noise":[0.0,0.0,0.0],"RSSI":0.00000470289750783653}
{"type":3,"rcvTime":25297.98005689799,"sendTime":25297.97994453702,"sender":2575,"messageID":6281482,"pos":[3590.9225582997039,5673.725236786066,1.895],"pos_noise":[0.0,0.0,0.0],"spd":[-1.2507384093365786,29.956164228971994,0.0],"spd_noise":[0.0,0.0,0.0],"RSSI":5.34743734821785e-9}
{"type":3,"rcvTime":25297.992427153695,"sendTime":25297.992319767553,"sender":2599,"messageID":6282405,"pos":[3592.825110537972,5635.381122448564,1.895],"pos_noise":[0.0,0.0,0.0],"spd":[-2.445180685605054,29.849207948704817,0.0],"spd_noise":[0.0,0.0,0.0],"RSSI":4.852444669917387e-9}
{"type":2,"rcvTime":25298.0,"pos":[3603.9152051884977,6057.4966278609149,1.895],"noise":[0.0,0.0,0.0],"spd":[-4.179220718850012,-36.264739521575929,0.0],"spd_noise":[0.0,0.0,0.0]}
{"type":2,"rcvTime":25298.1,"pos":[3603.4961108434147,6053.859981633819,1.895],"noise":[0.0,0.0,0.0],"spd":[-4.18634135989961,-36.32652812051869,0.0],"spd_noise":[0.0,0.0,0.0]}
{"type":2,"rcvTime":25298.2,"pos":[3603.0764308241239,6050.218253281608,1.895],"noise":[0.0,0.0,0.0],"spd":[-4.192191670667489,-36.377293564666278,0.0],"spd_noise":[0.0,0.0,0.0]}
{"type":3,"rcvTime":25298.203196767692,"sendTime":25298.20308374702,"sender":2875,"messageID":6296281,"pos":[3598.1559106720585,6007.367110474983,1.895],"pos_noise":[0.0,0.0,0.0],"spd":[-4.0283415982526329,-36.19956168811234,0.0],"spd_noise":[0.0,0.0,0.0],"RSSI":3.2532869593602414e-9}
{"type":3,"rcvTime":25298.217102875275,"sendTime":25298.216996509676,"sender":2671,"messageID":6297492,"pos":[3612.6343392226169,5685.52824578853,1.895],"pos_noise":[0.0,0.0,0.0],"spd":[1.467989591467869,-34.153227230123508,0.0],"spd_noise":[0.0,0.0,0.0],"RSSI":1.603839781441615e-9}
{"type":2,"rcvTime":25298.3,"pos":[3602.6585617448129,6046.592239166826,1.895],"noise":[0.0,0.0,0.0],"spd":[-4.174102156869269,-36.2203237490087,0.0],"spd_noise":[0.0,0.0,0.0]}
{"type":3,"rcvTime":25298.335646776082,"sendTime":25298.33553218041,"sender":2533,"messageID":6303470,"pos":[3588.853403760623,5723.283108140423,1.895],"pos_noise":[0.0,0.0,0.0],"spd":[-1.2493674463941094,29.92332859302827,0.0],"spd_noise":[0.0,0.0,0.0],"RSSI":2.797015946087272e-9}
{"type":3,"rcvTime":25298.371442776097,"sendTime":25298.371336660537,"sender":2749,"messageID":6305087,"pos":[3434.6531320558926,5749.094280970551,1.895],"pos_noise":[0.0,0.0,0.0],"spd":[-0.017440552082474499,-29.93452758292384,0.0],"spd_noise":[0.0,0.0,0.0],"RSSI":1.4427702148017141e-8}
{"type":3,"rcvTime":25298.387686802515,"sendTime":25298.38758074958,"sender":2527,"messageID":6306841,"pos":[3581.044108437128,5848.85123189875,1.895],"pos_noise":[0.0,0.0,0.0],"spd":[-0.028669263753494546,29.610938801904035,0.0],"spd_noise":[0.0,0.0,0.0],"RSSI":6.450943752746138e-9}
{"type":2,"rcvTime":25298.399999999998,"pos":[3602.2406383041359,6042.965753337122,1.895],"noise":[0.0,0.0,0.0],"spd":[-4.17464517358512,-36.22503571831613,0.0],"spd_noise":[0.0,0.0,0.0]}
{"type":2,"rcvTime":25298.5,"pos":[3601.822735956543,6039.339450540397,1.895],"noise":[0.0,0.0,0.0],"spd":[-4.174434474363622,-36.22320739842133,0.0],"spd_noise":[0.0,0.0,0.0]}
{"type":3,"rcvTime":25298.581437740584,"sendTime":25298.581327243846,"sender":2539,"messageID":6318221,"pos":[3581.102085759046,5788.969577945036,1.895],"pos_noise":[0.0,0.0,0.0],"spd":[-0.03230780756875373,33.36899478646304,0.0],"spd_noise":[0.0,0.0,0.0],"RSSI":2.12355686559554e-8}
{"type":2,"rcvTime":25298.6,"pos":[3601.406050572197,6035.7237078117109,1.895],"noise":[0.0,0.0,0.0],"spd":[-4.162278205417781,-36.117722678534018,0.0],"spd_noise":[0.0,0.0,0.0]}
{"type":3,"rcvTime":25298.662547921875,"sendTime":25298.662431054003,"sender":2659,"messageID":6322491,"pos":[3600.0825228947039,5546.787256203498,1.895],"pos_noise":[0.0,0.0,0.0],"spd":[-2.4450739101531346,29.84790450202441,0.0],"spd_noise":[0.0,0.0,0.0],"RSSI":4.0783085026909348e-9}
{"type":2,"rcvTime":25298.7,"pos":[3600.9883771081556,6032.099391127447,1.895],"noise":[0.0,0.0,0.0],"spd":[-4.172148152232517,-36.2033680833683,0.0],"spd_noise":[0.0,0.0,0.0]}
{"type":3,"rcvTime":25298.7189109674,"sendTime":25298.718797871887,"sender":2569,"messageID":6325951,"pos":[3584.3957618825595,5795.523528402232,1.895],"pos_noise":[0.0,0.0,0.0],"spd":[-0.0318765820263737,32.88927651405301,0.0],"spd_noise":[0.0,0.0,0.0],"RSSI":2.5191300499696299e-8}
{"type":3,"rcvTime":25298.73449196878,