{"type":2,"rcvTime":25298.6,"pos":[6124.012862699193,5821.489935917738,1.895],"noise":[0.0,0.0,0.0],"spd":[-0.0,-0.0,0.0],"spd_noise":[0.0,0.0,0.0]}
{"type":3,"rcvTime":25298.614524364748,"sendTime":25298.61441381839,"sender":2329,"messageID":6320209,"pos":[6052.629452222131,5548.392104394068,1.895],"pos_noise":[0.0,0.0,0.0],"spd":[5.158122327584133,12.249907784842018,0.0],"spd_noise":[0.0,0.0,0.0],"RSSI":1.7204412692331885e-8}
{"type":3,"rcvTime":25298.642166847265,"sendTime":25298.64204994412,"sender":2587,"messageID":6321957,"pos":[5972.757963210232,5810.594558275891,1.895],"pos_noise":[0.0,0.0,0.0],"spd":[-15.490679810760156,-0.05267841701127702,0.0],"spd_noise":[0.0,0.0,0.0],"RSSI":3.925345941000158e-9}
{"type":3,"rcvTime":25298.681354209373,"sendTime":25298.68123825751,"sender":1645,"messageID":6323425,"pos":[5868.349242546593,5712.221259422713,1.895],"pos_noise":[0.0,0.0,0.0],"spd":[3.993861591755885,0.43841989199899458,0.0],"spd_noise":[0.0,0.0,0.0],"RSSI":1.7118471595554474e-8}
{"type":2,"rcvTime":25298.7,"pos":[6123.987037453313,5821.487334179344,1.895],"noise":[0.0,0.0,0.0],"spd":[-0.25826805861686849,-0.026018955533311969,0.0],"spd_noise":[0.0,0.0,0.0]}
{"type":3,"rcvTime":25298.728019038168,"sendTime":25298.7279052441,"sender":1069,"messageID":6326936,"pos":[6249.183668250487,5838.841962887166,1.895],"pos_noise":[0.0,0.0,0.0],"spd":[12.63296441775993,0.8314752043466528,0.0],"spd_noise":[0.0,0.0,0.0],"RSSI":8.948547622163346e-9}
{"type":3,"rcvTime":25298.72991103835,"sendTime":25298.729793804512,"sender":2869,"messageID":6327229,"pos":[6172.205239709602,5826.345028418116,1.895],"pos_noise":[0.0,0.0,0.0],"spd":[-5.640225655383631,-0.5682188549028341,0.0],"spd_noise":[0.0,0.0,0.0],"RSSI":9.12003344627889e-8}
{"type":3,"rcvTime":25298.734482727825,"sendTime":25298.734374932385,"sender":1825,"messageID":6327923,"pos":[5870.958930555222,5810.248375154224,1.895],"pos_noise":[0.0,0.0,0.0],"spd":[-15.221087083740729,-0.05176162586520531,0.0],"spd_noise":[0.0,0.0,0.0],"RSSI":5.43695138499082e-9}
{"type":3,"rcvTime":25298.73909172901,"sendTime":25298.738983489664,"sender":1855,"messageID":6328565,"pos":[5917.869235002981,5807.107754555321,1.895],"pos_noise":[0.0,0.0,0.0],"spd":[-12.582119499012027,-0.042704429967646218,0.0],"spd_noise":[0.0,0.0,0.0],"RSSI":1.4903047499371077e-8}
{"type":3,"rcvTime":25298.797273974695,"sendTime":25298.797162423285,"sender":2287,"messageID":6330776,"pos":[6101.23989767381,5739.689822660743,1.895],"pos_noise":[0.0,0.0,0.0],"spd":[2.364704276874828e-15,-4.718912477326683e-14,0.0],"spd_noise":[0.0,0.0,0.0],"RSSI":1.8237046465293216e-8}
{"type":2,"rcvTime":25298.8,"pos":[6123.937497453797,5821.482343321971,1.895],"noise":[0.0,0.0,0.0],"spd":[-0.49542991995472987,-0.049911588472104199,0.0],"spd_noise":[0.0,0.0,0.0]}
{"type":3,"rcvTime":25298.82226697633,"sendTime":25298.822154655027,"sender":2377,"messageID":6332455,"pos":[6100.837018904336,5747.729515702756,1.895],"pos_noise":[0.0,0.0,0.0],"spd":[0.02817858255867945,-0.5623209046894754,0.0],"spd_noise":[0.0,0.0,0.0],"RSSI":2.816664574772085e-8}
{"type":3,"rcvTime":25298.834234104692,"sendTime":25298.83411734132,"sender":379,"messageID":6332880,"pos":[6211.298811473465,5552.606651244838,1.895],"pos_noise":[0.0,0.0,0.0],"spd":[10.221679277809774,0.588174841125364,0.0],"spd_noise":[0.0,0.0,0.0],"RSSI":2.3451915214868533e-8}
{"type":3,"rcvTime":25298.845382148233,"sendTime":25298.845267299002,"sender":2395,"messageID":6334706,"pos":[6097.648481106599,5745.544775201721,1.895],"pos_noise":[0.0,0.0,0.0],"spd":[0.0216992478845311,-0.4330218056963507,0.0],"spd_noise":[0.0,0.0,0.0],"RSSI":2.0054047799509689e-9}
{"type":2,"rcvTime":25298.899999999998,"pos":[6123.864799818521,5821.475019471899,1.895],"noise":[0.0,0.0,0.0],"spd":[-0.7270202659978181,-0.07324292471209357,0.0],"spd_noise":[0.0,0.0,0.0]}
{"type":3,"rcvTime":25298.91511882385,"sendTime":25298.91500928127,"sender":2107,"messageID":6338911,"pos":[5618.442389076345,5677.556610573848,1.895],"pos_noise":[0.0,0.0,0.0],"spd":[18.282550405865178,2.345423208092002,0.0],"spd_noise":[0.0,0.0,0.0],"RSSI":3.2864356202541034e-9}
{"type":3,"rcvTime":25298.91761735915,"sendTime":25298.917511808686,"sender":109,"messageID":6339249,"pos":[6096.854530199854,5683.509837017754,1.895],"pos_noise":[0.0,0.0,0.0],"spd":[3.117454481616729e-15,4.553527775604405e-14,0.0],"spd_noise":[0.0,0.0,0.0],"RSSI":4.559264725871763e-9}
{"type":3,"rcvTime":25298.91897636419,"sendTime":25298.918870114394,"sender":2467,"messageID":6339619,"pos":[6099.7953179534929,5768.517297340618,1.895],"pos_noise":[0.0,0.0,0.0],"spd":[0.16933552512844037,-3.3791943043208656,0.0],"spd_noise":[0.0,0.0,0.0],"RSSI":4.981932673182263e-8}
{"type":2,"rcvTime":25299.0,"pos":[6123.76899818881,5821.46536803317,1.895],"noise":[0.0,0.0,0.0],"spd":[-0.9580741663918592,-0.09652021727510436,0.0],"spd_noise":[0.0,0.0,0.0]}
{"type":3,"rcvTime":25299.003158652296,"sendTime":25299.003043041008,"sender":1303,"messageID":6345533,"pos":[6149.768615176725,5738.19665153482,1.895],"pos_noise":[0.0,0.0,0.0],"spd":[13.877553785560128,0.7102634805258509,0.0],"spd_noise":[0.0,0.0,0.0],"RSSI":2.5721425095065525e-8}
{"type":3,"rcvTime":25299.052553170564,"sendTime":25299.05243487912,"sender":187,"messageID":6348748,"pos":[6234.406048324863,5837.86933095842,1.895],"pos_noise":[0.0,0.0,0.0],"spd":[12.43936752113535,0.8187330629275854,0.0],"spd_noise":[0.0,0.0,0.0],"RSSI":1.9836230913406679e-8}
{"type":3,"rcvTime":25299.063773124402,"sendTime":25299.063666433656,"sender":2401,"messageID":6349708,"pos":[6046.156328285455,5533.019229097939,1.895],"pos_noise":[0.0,0.0,0.0],"spd":[5.153681219192839,12.239360697197397,0.0],"spd_noise":[0.0,0.0,0.0],"RSSI":3.10849361732264e-9}
{"type":3,"rcvTime":25299.065113022167,"sendTime":25299.064998670947,"sender":481,"messageID":6349999,"pos":[6091.393436957089,5804.344494352397,1.895],"pos_noise":[0.0,0.0,0.0],"spd":[-0.307683712514365,6.140017270889202,0.0],"spd_noise":[0.0,0.0,0.0],"RSSI":8.04782972549204e-8}
{"type":3,"rcvTime":25299.095527288406,"sendTime":25299.095417675704,"sender":2359,"messageID":6351199,"pos":[6100.363894094548,5757.171011580598,1.895],"pos_noise":[0.0,0.0,0.0],"spd":[0.09444975126304402,-1.8848027386503453,0.0],"spd_noise":[0.0,0.0,0.0],"RSSI":2.7373077419985556e-9}
{"type":2,"rcvTime":25299.1,"pos":[6123.65015326249,5821.453395120724,1.895],"noise":[0.0,0.0,0.0],"spd":[-1.1885210518578283,-0.11973635673069727,0.0],"spd_noise":[0.0,0.0,0.0]}
{"type":3,"rcvTime":25299.112616298247,"sendTime":25299.112506387104,"sender":2449,"messageID":6352079,"pos":[6099.235020218028,5779.698382437635,1.895],"pos_noise":[0.0,0.0,0.0],"spd":[0.22376529999734347,-4.465373858695424,0.0],"spd_noise":[0.0,0.0,0.0],"RSSI":6.950338340182847e-8}
{"type":3,"rcvTime":25299.142582930785,"sendTime":25299.142475898145,"sender":757,"messageID":6354090,"pos":[6163.917308425886,5735.614787626461,1.895],"pos_noise":[0.0,0.0,0.0],"spd":[11.297026683647803,0.5790686100946485,0.0],"spd_noise":[0.0,0.0,0.0],"RSSI":2.1407332223089227e-8}
{"type":3,"rcvTime":25299.19565611535,"sendTime":25299.195544571427,"sender":2929,"messageID":6357821,"pos":[6180.463249028095,5827.176973252495,1.895],"pos_noise":[0.0,0.0,0.0],"spd":[-0.94136176969899,-0.0948365436970599,0.0],"spd_noise":[0.0,0.0,0.0],"RSSI":3.547163476162622e-8}
{"type":2,"rcvTime":25299.2,"pos":[6123.506967219271,5821.438969986964,1.895],"noise":[0.0,0.0,0.0],"spd":[-1.4319469241681447,-0.14426005114811497,0.0],"spd_noise":[0.0,0.0,0.0]}
{"type":3,"rcvTime":25299.220533051408,"sendTime":25299.220415694872,"sender":1777,"messageID":6360650,"pos":[6022.684009202881,5715.9047943928339,1.895],"pos_noise":[0.0,0.0,0.0],"spd":[-14.997250562618027,-1.2981520250003794,0.0],"spd_noise":[0.0,0.0,0.0],"RSSI":2.228979470438375e-9}
{"type":3,"rcvTime":25299.28124412127,"sendTime":25299.2811266595,"sender":2179,"messageID":6363855,"pos":[6097.9498976738109,5739.529822660743,1.895],"pos_noise":[0.0,0.0,0.0],