{"type":2,"rcvTime":25200.0,"pos":[3593.0569677636487,5976.905857219574,1.895],"noise":[0.0,0.0,0.0],"spd":[2.219770001171921,29.811626129734529,0.0],"spd_noise":[0.0,0.0,0.0]}
{"type":2,"rcvTime":25200.1,"pos":[3593.2783074678907,5979.878460915923,1.895],"noise":[0.0,0.0,0.0],"spd":[2.216056414780565,29.761752472084806,0.0],"spd_noise":[0.0,0.0,0.0]}
{"type":3,"rcvTime":25200.110888214393,"sendTime":25200.110778157832,"sender":859,"messageID":6138,"pos":[3588.573679555821,5906.574240125801,1.895],"pos_noise":[0.0,0.0,0.0],"spd":[1.27198647263028,29.875540146495973,0.0],"spd_noise":[0.0,0.0,0.0],"RSSI":1.417847943378001e-8}
{"type":3,"rcvTime":25200.193347235265,"sendTime":25200.193239077926,"sender":97,"messageID":9826,"pos":[3605.487422304363,5526.255629083876,1.895],"pos_noise":[0.0,0.0,0.0],"spd":[2.827330888960856,-33.58737783181955,0.0],"spd_noise":[0.0,0.0,0.0],"RSSI":2.663898774298134e-9}
{"type":2,"rcvTime":25200.2,"pos":[3593.5009233634998,5982.868203928455,1.895],"noise":[0.0,0.0,0.0],"spd":[2.228833661751127,29.933351560926906,0.0],"spd_noise":[0.0,0.0,0.0]}
{"type":3,"rcvTime":25200.24404782547,"sendTime":25200.243932312118,"sender":1141,"messageID":12724,"pos":[3542.6248633386946,5574.136654346554,1.895],"pos_noise":[0.0,0.0,0.0],"spd":[-1.2480798087233359,29.89248866261083,0.0],"spd_noise":[0.0,0.0,0.0],"RSSI":1.6250879716060518e-8}
{"type":2,"rcvTime":25200.3,"pos":[3593.723040705402,5985.851251338877,1.895],"noise":[0.0,0.0,0.0],"spd":[2.2238421346169394,29.866315092892508,0.0],"spd_noise":[0.0,0.0,0.0]}
{"type":3,"rcvTime":25200.36161252979,"sendTime":25200.361496341415,"sender":13,"messageID":17653,"pos":[3335.5639359275435,5494.167300891541,1.895],"pos_noise":[0.0,0.0,0.0],"spd":[-2.450958123501458,29.919353669758267,0.0],"spd_noise":[0.0,0.0,0.0],"RSSI":1.166813749145348e-8}
{"type":2,"rcvTime":25200.399999999998,"pos":[3593.945360577453,5988.837018739682,1.895],"noise":[0.0,0.0,0.0],"spd":[2.2258698694762155,29.893547677116574,0.0],"spd_noise":[0.0,0.0,0.0]}
{"type":2,"rcvTime":25200.5,"pos":[3594.1670345999375,5991.814112347347,1.895],"noise":[0.0,0.0,0.0],"spd":[2.2194036140001285,29.806705531033559,0.0],"spd_noise":[0.0,0.0,0.0]}
{"type":3,"rcvTime":25200.52180416791,"sendTime":25200.52169612446,"sender":31,"messageID":25947,"pos":[3597.550007638611,6028.614101242605,1.895],"pos_noise":[0.0,0.0,0.0],"spd":[3.13823381615864,29.718252118167965,0.0],"spd_noise":[0.0,0.0,0.0],"RSSI":3.2385731914409359e-8}
{"type":3,"rcvTime":25200.571757237747,"sendTime":25200.57164137601,"sender":79,"messageID":29619,"pos":[3604.8956602745276,6037.173790780318,1.895],"pos_noise":[0.0,0.0,0.0],"spd":[-3.9823269812801356,-34.577129971331128,0.0],"spd_noise":[0.0,0.0,0.0],"RSSI":1.2002331247007373e-8}
{"type":2,"rcvTime":25200.6,"pos":[3594.3890212883568,5994.795405074718,1.895],"noise":[0.0,0.0,0.0],"spd":[2.2225340299960316,29.848747180056266,0.0],"spd_noise":[0.0,0.0,0.0]}
{"type":3,"rcvTime":25200.685820395647,"sendTime":25200.68571244739,"sender":445,"messageID":33753,"pos":[3591.053223963119,5670.59569183635,1.895],"pos_noise":[0.0,0.0,0.0],"spd":[-1.249319954814759,29.92219113251592,0.0],"spd_noise":[0.0,0.0,0.0],"RSSI":2.044376123237318e-9}
{"type":2,"rcvTime":25200.7,"pos":[3594.610562351105,5997.770713026239,1.895],"noise":[0.0,0.0,0.0],"spd":[2.218072419144187,29.788827515138367,0.0],"spd_noise":[0.0,0.0,0.0]}
{"type":3,"rcvTime":25200.733550418998,"sendTime":25200.733441144926,"sender":61,"messageID":37167,"pos":[3602.4397396694196,5972.158091847101,1.895],"pos_noise":[0.0,0.0,0.0],"spd":[-1.7627779109606237,-26.569306203926918,0.0],"spd_noise":[0.0,0.0,0.0],"RSSI":3.6059992727571855e-7}
{"type":2,"rcvTime":25200.8,"pos":[3594.83353959664,6000.765308987003,1.895],"noise":[0.0,0.0,0.0],"spd":[2.2324515025919795,29.98193935087856,0.0],"spd_noise":[0.0,0.0,0.0]}
{"type":3,"rcvTime":25200.830293451087,"sendTime":25200.830188097432,"sender":55,"messageID":41071,"pos":[3593.0380875462935,5930.1450806738989,1.895],"pos_noise":[0.0,0.0,0.0],"spd":[-2.1474739206249278,-33.183782395575899,0.0],"spd_noise":[0.0,0.0,0.0],"RSSI":6.241985507390021e-9}
{"type":3,"rcvTime":25200.84217098561,"sendTime":25200.842056653695,"sender":247,"messageID":42122,"pos":[3599.7604622306159,5700.184192383465,1.895],"pos_noise":[0.0,0.0,0.0],"spd":[1.160884561574176,-27.05733675177822,0.0],"spd_noise":[0.0,0.0,0.0],"RSSI":4.561063983140348e-9}
{"type":3,"rcvTime":25200.89476303919,"sendTime":25200.89465129329,"sender":67,"messageID":45612,"pos":[3604.670745830112,6005.784724820983,1.895],"pos_noise":[0.0,0.0,0.0],"spd":[-2.7313086037857317,-26.804096603827526,0.0],"spd_noise":[0.0,0.0,0.0],"RSSI":1.8195006180505069e-7}
{"type":2,"rcvTime":25200.899999999998,"pos":[3595.055843162789,6003.750857398708,1.895],"noise":[0.0,0.0,0.0],"spd":[2.225706614549108,29.89135515498671,0.0],"spd_noise":[0.0,0.0,0.0]}
{"type":3,"rcvTime":25200.950462381887,"sendTime":25200.950354659926,"sender":73,"messageID":47892,"pos":[3597.421143636963,5946.4203772639989,1.895],"pos_noise":[0.0,0.0,0.0],"spd":[-2.256647650265281,-34.00397777696765,0.0],"spd_noise":[0.0,0.0,0.0],"RSSI":1.154569033479302e-7}
{"type":3,"rcvTime":25200.976391384076,"sendTime":25200.97627445473,"sender":7,"messageID":49711,"pos":[3592.3489504581409,5967.397148121769,1.895],"pos_noise":[0.0,0.0,0.0],"spd":[2.2362743888808005,30.033280911828944,0.0],"spd_noise":[0.0,0.0,0.0],"RSSI":3.450984048638037e-8}
{"type":2,"rcvTime":25201.0,"pos":[3595.2778247145467,6006.7320811404429,1.895],"noise":[0.0,0.0,0.0],"spd":[2.22248260166007,29.848056494839626,0.0],"spd_noise":[0.0,0.0,0.0]}
{"type":2,"rcvTime":25201.1,"pos":[3595.5536115713059,6009.708753479674,1.895],"noise":[0.0,0.0,0.0],"spd":[2.5811855440926596,29.8220962251985,0.0],"spd_noise":[0.0,0.0,0.0]}
{"type":3,"rcvTime":25201.110893524885,"sendTime":25201.110778157832,"sender":859,"messageID":56531,"pos":[3590.0472141452776,5936.4847101790669,1.895],"pos_noise":[0.0,0.0,0.0],"spd":[2.228000290425013,29.92215934084344,0.0],"spd_noise":[0.0,0.0,0.0],"RSSI":1.798210546965609e-8}
{"type":3,"rcvTime":25201.1933494871,"sendTime":25201.193239077926,"sender":97,"messageID":60635,"pos":[3608.318528428357,5492.623403213209,1.895],"pos_noise":[0.0,0.0,0.0],"spd":[2.8252772429979675,-33.56298147161172,0.0],"spd_noise":[0.0,0.0,0.0],"RSSI":1.6459467480575168e-9}
{"type":2,"rcvTime":25201.2,"pos":[3595.86828196378,6012.68859966243,1.895],"noise":[0.0,0.0,0.0],"spd":[3.1504846551287186,29.83426435383923,0.0],"spd_noise":[0.0,0.0,0.0]}
{"type":3,"rcvTime":25201.23624702488,"sendTime":25201.23614132241,"sender":49,"messageID":62850,"pos":[3591.2354962714987,5876.382031467954,1.895],"pos_noise":[0.0,0.0,0.0],"spd":[-0.01927187843115256,-33.111496130541819,0.0],"spd_noise":[0.0,0.0,0.0],"RSSI":1.3478727712110993e-9}
{"type":3,"rcvTime":25201.236410025114,"sendTime":25201.236151666148,"sender":85,"messageID":63061,"pos":[3596.699662170108,5985.429706141502,1.895],"pos_noise":[0.0,0.0,0.0],"spd":[-2.42357835051351,-36.50957795860978,0.0],"spd_noise":[0.0,0.0,0.0],"RSSI":2.3253588448838106e-7}
{"type":3,"rcvTime":25201.244043929353,"sendTime":25201.243932312118,"sender":1141,"messageID":63657,"pos":[3538.9443741601696,5513.33924567291,1.895],"pos_noise":[0.0,0.0,0.0],"spd":[-1.2481452710077397,29.89405653557912,0.0],"spd_noise":[0.0,0.0,0.0],"RSSI":5.978293912271747e-9}
{"type":2,"rcvTime":25201.3,"pos":[3596.1833627547155,6015.6723322110969,1.895],"noise":[0.0,0.0,0.0],"spd":[3.154593570624546,29.873174707204009,0.0],"spd_noise":[0.0,0.0,0.0]}
{"type":3,"rcvTime":25201.361611956734,"sendTime":25201.361496341415,"sender":13,"messageID":68345,"pos":[3822.1723549575287,5938.2857909826329,1.895],"pos_noise":[0.0,0.0,0.0],"spd":[-1.2470004863568143,29.836156726025587,0.0],"spd_noise":[0.0,0.0,0.0],"RSSI":4.139011467681591e-9}
{"type":2,"rcvTime":25201.399999999998,"pos":[3596.4965968220119,6018.638576770685,1.895],"noise":[0.0,0.0,0.0],"spd":[3.136104146054329,29.698084700150465,0.0],