{"type":2,"rcvTime":25299.5,"pos":[6324.823425532998,5732.774185496505,1.895],"noise":[0.0,0.0,0.0],"spd":[-14.887036364524042,-0.9442911405554726,0.0],"spd_noise":[0.0,0.0,0.0]}
{"type":3,"rcvTime":25299.507188889176,"sendTime":25299.507078319228,"sender":2851,"messageID":6243980,"pos":[6132.640213641224,5822.359089702117,1.895],"pos_noise":[0.0,0.0,0.0],"spd":[-6.792984873355241,-0.6843524216848803,0.0],"spd_noise":[0.0,0.0,0.0],"RSSI":5.600627151506284e-9}
{"type":3,"rcvTime":25299.55298220273,"sendTime":25299.55287401392,"sender":1987,"messageID":6245716,"pos":[6100.864455567172,5747.18200026137,1.895],"pos_noise":[0.0,0.0,0.0],"spd":[2.344357838399996e-15,-4.678309910947342e-14,0.0],"spd_noise":[0.0,0.0,0.0],"RSSI":8.899112417546887e-9}
{"type":2,"rcvTime":25299.6,"pos":[6323.336715001785,5732.678832603002,1.895],"noise":[0.0,0.0,0.0],"spd":[-14.868713305112449,-0.9464212022874526,0.0],"spd_noise":[0.0,0.0,0.0]}
{"type":3,"rcvTime":25299.622578237882,"sendTime":25299.622461522926,"sender":1495,"messageID":6251203,"pos":[6124.481423733994,5720.376501410233,1.895],"pos_noise":[0.0,0.0,0.0],"spd":[-4.5737238763026339e-14,-2.346252773110739e-15,0.0],"spd_noise":[0.0,0.0,0.0],"RSSI":2.4934869232301883e-8}
{"type":3,"rcvTime":25299.625159614872,"sendTime":25299.62504817536,"sender":1423,"messageID":6251882,"pos":[6067.98258303254,5726.441870556726,1.895],"pos_noise":[0.0,0.0,0.0],"spd":[5.100417205713652,0.44123168530486497,0.0],"spd_noise":[0.0,0.0,0.0],"RSSI":3.6680637675655757e-9}
{"type":3,"rcvTime":25299.67352661727,"sendTime":25299.673414370744,"sender":1237,"messageID":6253766,"pos":[6118.49045109458,5720.038173734048,1.895],"pos_noise":[0.0,0.0,0.0],"spd":[-4.5288076825986098e-14,-2.6103368288035789e-15,0.0],"spd_noise":[0.0,0.0,0.0],"RSSI":2.7894262739605174e-9}
{"type":2,"rcvTime":25299.7,"pos":[6321.845394038868,5732.583184011045,1.895],"noise":[0.0,0.0,0.0],"spd":[-14.914612228825688,-0.9526555530127585,0.0],"spd_noise":[0.0,0.0,0.0]}
{"type":3,"rcvTime":25299.745449613176,"sendTime":25299.745334430598,"sender":163,"messageID":6257674,"pos":[6156.957971898211,5731.958354148151,1.895],"pos_noise":[0.0,0.0,0.0],"spd":[11.88691332969637,0.6091374449426846,0.0],"spd_noise":[0.0,0.0,0.0],"RSSI":6.906816218548393e-9}
{"type":3,"rcvTime":25299.74949416204,"sendTime":25299.749383851744,"sender":1303,"messageID":6258673,"pos":[6080.096329873583,5727.41435635558,1.895],"pos_noise":[0.0,0.0,0.0],"spd":[6.641374401534485,0.5151322452460049,0.0],"spd_noise":[0.0,0.0,0.0],"RSSI":3.785150837351639e-9}
{"type":3,"rcvTime":25299.751646162404,"sendTime":25299.751527819782,"sender":307,"messageID":6259349,"pos":[6179.314542761736,5733.104002650478,1.895],"pos_noise":[0.0,0.0,0.0],"spd":[14.366732674998805,0.7362142375452454,0.0],"spd_noise":[0.0,0.0,0.0],"RSSI":1.893488395352426e-9}
{"type":3,"rcvTime":25299.751850191744,"sendTime":25299.751634458407,"sender":2059,"messageID":6259595,"pos":[5876.089836252648,5706.470703387145,1.895],"pos_noise":[0.0,0.0,0.0],"spd":[14.045186323713116,1.6231997035426369,0.0],"spd_noise":[0.0,0.0,0.0],"RSSI":2.5105984070842858e-9}
{"type":3,"rcvTime":25299.78581432017,"sendTime":25299.785696902218,"sender":1735,"messageID":6261279,"pos":[6282.849940286673,5682.204968358251,1.895],"pos_noise":[0.0,0.0,0.0],"spd":[11.739112362397071,0.6008164647478106,0.0],"spd_noise":[0.0,0.0,0.0],"RSSI":1.3695054331607248e-8}
{"type":3,"rcvTime":25299.79048835067,"sendTime":25299.790373521857,"sender":301,"messageID":6261696,"pos":[6141.568897380407,5731.169750641774,1.895],"pos_noise":[0.0,0.0,0.0],"spd":[11.090766572929115,0.5683394019381095,0.0],"spd_noise":[0.0,0.0,0.0],"RSSI":9.309279124753435e-9}
{"type":2,"rcvTime":25299.8,"pos":[6320.357870545485,5732.487778976729,1.895],"noise":[0.0,0.0,0.0],"spd":[-14.876423926888354,-0.953512309962957,0.0],"spd_noise":[0.0,0.0,0.0]}
{"type":3,"rcvTime":25299.84431567315,"sendTime":25299.84420179343,"sender":1387,"messageID":6263481,"pos":[6092.940903186209,5728.358794844758,1.895],"pos_noise":[0.0,0.0,0.0],"spd":[7.948595634517403,0.543993253266566,0.0],"spd_noise":[0.0,0.0,0.0],"RSSI":4.730562369132945e-9}
{"type":3,"rcvTime":25299.855472943433,"sendTime":25299.85535641713,"sender":739,"messageID":6264503,"pos":[6365.261509137317,5953.574703636032,1.895],"pos_noise":[0.0,0.0,0.0],"spd":[11.138187210962999,0.6487767338130125,0.0],"spd_noise":[0.0,0.0,0.0],"RSSI":6.456586466023063e-9}
{"type":3,"rcvTime":25299.87644336543,"sendTime":25299.876326775833,"sender":1375,"messageID":6265716,"pos":[6054.661009491643,5725.289435352448,1.895],"pos_noise":[0.0,0.0,0.0],"spd":[5.934791693610272,0.5134125376987865,0.0],"spd_noise":[0.0,0.0,0.0],"RSSI":3.097439438106879e-9}
{"type":3,"rcvTime":25299.88115637321,"sendTime":25299.88103996292,"sender":2287,"messageID":6266352,"pos":[5942.80220261967,5552.85944170851,1.895],"pos_noise":[0.0,0.0,0.0],"spd":[0.022286136474208058,-0.44473352760472475,0.0],"spd_noise":[0.0,0.0,0.0],"RSSI":7.919952584277878e-9}
{"type":3,"rcvTime":25299.89792178237,"sendTime":25299.89780687294,"sender":1789,"messageID":6267644,"pos":[5875.696133898873,5713.068521893178,1.895],"pos_noise":[0.0,0.0,0.0],"spd":[6.601749451391915,0.7613307835073984,0.0],"spd_noise":[0.0,0.0,0.0],"RSSI":7.768180222521218e-9}
{"type":2,"rcvTime":25299.899999999998,"pos":[6318.874305931267,5732.392627852354,1.895],"noise":[0.0,0.0,0.0],"spd":[-14.836792850528556,-0.9515847899854352,0.0],"spd_noise":[0.0,0.0,0.0]}
{"type":3,"rcvTime":25299.910889856383,"sendTime":25299.910774474683,"sender":2503,"messageID":6268813,"pos":[6098.417428149555,5796.013933819714,1.895],"pos_noise":[0.0,0.0,0.0],"spd":[0.25884253617006799,-5.165361629108572,0.0],"spd_noise":[0.0,0.0,0.0],"RSSI":1.9454864081582903e-8}
{"type":3,"rcvTime":25299.919970977295,"sendTime":25299.919860298418,"sender":2251,"messageID":6269639,"pos":[6128.275529861618,5727.1792668866769,1.895],"pos_noise":[0.0,0.0,0.0],"spd":[-0.6881670928105339,-0.035258216673264609,0.0],"spd_noise":[0.0,0.0,0.0],"RSSI":2.868046577323803e-9}
{"type":3,"rcvTime":25299.936982301562,"sendTime":25299.93686680952,"sender":2449,"messageID":6271483,"pos":[6099.098068063322,5782.431346715485,1.895],"pos_noise":[0.0,0.0,0.0],"spd":[0.2046403730299774,-4.0837242064457259,0.0],"spd_noise":[0.0,0.0,0.0],"RSSI":1.4669886618779963e-8}
{"type":3,"rcvTime":25299.96009035632,"sendTime":25299.95998232197,"sender":2431,"messageID":6273297,"pos":[6100.159358020023,5761.252654446367,1.895],"pos_noise":[0.0,0.0,0.0],"spd":[0.05348808724741709,-1.0673876000865648,0.0],"spd_noise":[0.0,0.0,0.0],"RSSI":2.527194132465486e-9}
{"type":3,"rcvTime":25299.993708410177,"sendTime":25299.99359670612,"sender":2911,"messageID":6274085,"pos":[6147.702714428049,5823.876546178506,1.895],"pos_noise":[0.0,0.0,0.0],"spd":[-8.597163504602533,-0.8661125813884514,0.0],"spd_noise":[0.0,0.0,0.0],"RSSI":1.1834414804523477e-8}
{"type":3,"rcvTime":25299.996510776622,"sendTime":25299.99640123332,"sender":2035,"messageID":6274793,"pos":[6100.539065734449,5753.675354025092,1.895],"pos_noise":[0.0,0.0,0.0],"spd":[6.064928451945998e-12,-1.2102936855916339e-10,0.0],"spd_noise":[0.0,0.0,0.0],"RSSI":8.550482962430528e-9}
{"type":2,"rcvTime":25300.0,"pos":[6317.393341121782,5732.2976434712,1.895],"noise":[0.0,0.0,0.0],"spd":[-14.810792793702904,-0.9499172288847546,0.0],"spd_noise":[0.0,0.0,0.0]}
