{"type":2,"rcvTime":25298.8,"pos":[6324.695234494533,5904.699544897215,1.895],"noise":[0.0,0.0,0.0],"spd":[-4.1261131226053939,15.219269714530832,0.0],"spd_noise":[0.0,0.0,0.0]}
{"type":2,"rcvTime":25298.899999999998,"pos":[6324.285752427492,5906.209929570726,1.895],"noise":[0.0,0.0,0.0],"spd":[-4.104454186160149,15.139380194855736,0.0],"spd_noise":[0.0,0.0,0.0]}
{"type":3,"rcvTime":25298.91088691931,"sendTime":25298.910774474683,"sender":2503,"messageID":6203641,"pos":[6098.139539218082,5801.559377953514,1.895],"pos_noise":[0.0,0.0,0.0],"spd":[0.3034296696762548,-6.055125235865531,0.0],"spd_noise":[0.0,0.0,0.0],"RSSI":5.3973163972982269e-9}
{"type":3,"rcvTime":25298.93617878234,"sendTime":25298.936069160467,"sender":2779,"messageID":6206081,"pos":[6303.128289347106,5994.783934253539,1.895],"pos_noise":[0.0,0.0,0.0],"spd":[-1.9249290504807184,12.62994535199712,0.0],"spd_noise":[0.0,0.0,0.0],"RSSI":1.4445211109466474e-8}
{"type":3,"rcvTime":25298.936979430775,"sendTime":25298.93686680952,"sender":2449,"messageID":6206285,"pos":[6098.868236894512,5787.0177687082109,1.895],"pos_noise":[0.0,0.0,0.0],"spd":[0.2603905621606317,-5.196253437582632,0.0],"spd_noise":[0.0,0.0,0.0],"RSSI":4.237056509181183e-9}
{"type":3,"rcvTime":25298.99371256274,"sendTime":25298.99359670612,"sender":2911,"messageID":6209178,"pos":[6156.667294690301,5824.779673791218,1.895],"pos_noise":[0.0,0.0,0.0],"spd":[-8.671321135476053,-0.8735835172468506,0.0],"spd_noise":[0.0,0.0,0.0],"RSSI":4.248017246292643e-9}
{"type":2,"rcvTime":25299.0,"pos":[6323.876403186679,5907.719824311428,1.895],"noise":[0.0,0.0,0.0],"spd":[-4.103122798998928,15.134469340569668,0.0],"spd_noise":[0.0,0.0,0.0]}
{"type":3,"rcvTime":25299.003555155534,"sendTime":25299.0034400017,"sender":2935,"messageID":6210486,"pos":[6177.379891495031,5826.8663435022449,1.895],"pos_noise":[0.0,0.0,0.0],"spd":[-4.243907154939191,-0.42754815343101218,0.0],"spd_noise":[0.0,0.0,0.0],"RSSI":5.989809325581515e-9}
{"type":3,"rcvTime":25299.04833706778,"sendTime":25299.04822174255,"sender":1819,"messageID":6213415,"pos":[5652.795109574445,6011.697250235427,1.895],"pos_noise":[0.0,0.0,0.0],"spd":[13.844748819995948,1.7650603513975099,0.0],"spd_noise":[0.0,0.0,0.0],"RSSI":2.2357247292626919e-9}
{"type":2,"rcvTime":25299.1,"pos":[6323.466553563389,5909.231564725204,1.895],"noise":[0.0,0.0,0.0],"spd":[-4.10813839582369,15.152969492792153,0.0],"spd_noise":[0.0,0.0,0.0]}
{"type":3,"rcvTime":25299.163272642578,"sendTime":25299.163159035612,"sender":1339,"messageID":6219567,"pos":[6062.169069682229,5729.252050877573,1.895],"pos_noise":[0.0,0.0,0.0],"spd":[8.84130928987617,0.7650979614674831,0.0],"spd_noise":[0.0,0.0,0.0],"RSSI":9.666662699357334e-9}
{"type":3,"rcvTime":25299.165522862535,"sendTime":25299.165406112792,"sender":181,"messageID":6220496,"pos":[6101.23989767381,5739.689822660743,1.895],"pos_noise":[0.0,0.0,0.0],"spd":[2.359114923134927e-15,-4.7077585789888029e-14,0.0],"spd_noise":[0.0,0.0,0.0],"RSSI":3.948335805168436e-9}
{"type":2,"rcvTime":25299.2,"pos":[6323.055009157729,5910.749556385427,1.895],"noise":[0.0,0.0,0.0],"spd":[-4.125126091141578,15.215629024702393,0.0],"spd_noise":[0.0,0.0,0.0]}
{"type":3,"rcvTime":25299.210231474255,"sendTime":25299.21012366996,"sender":2857,"messageID":6225721,"pos":[6310.958808217682,5986.2875324912979,1.895],"pos_noise":[0.0,0.0,0.0],"spd":[-1.331995098431713,10.942411346258977,0.0],"spd_noise":[0.0,0.0,0.0],"RSSI":1.5446411662416658e-8}
{"type":3,"rcvTime":25299.230622503284,"sendTime":25299.23051434485,"sender":2833,"messageID":6227070,"pos":[6307.251636818942,5989.485469375476,1.895],"pos_noise":[0.0,0.0,0.0],"spd":[-1.530543346903723,12.581724609763235,0.0],"spd_noise":[0.0,0.0,0.0],"RSSI":8.263964027663495e-8}
{"type":3,"rcvTime":25299.23628450661,"sendTime":25299.236178596504,"sender":2815,"messageID":6227273,"pos":[6305.021340432159,5980.465547417535,1.895],"pos_noise":[0.0,0.0,0.0],"spd":[-1.555305028649957,12.804776454825701,0.0],"spd_noise":[0.0,0.0,0.0],"RSSI":3.909400187272991e-9}
{"type":3,"rcvTime":25299.248144062327,"sendTime":25299.248033559183,"sender":295,"messageID":6228725,"pos":[6112.000724680224,5719.6641156362979,1.895],"pos_noise":[0.0,0.0,0.0],"spd":[-0.0,-0.0,0.0],"spd_noise":[0.0,0.0,0.0],"RSSI":7.276978243233534e-9}
{"type":3,"rcvTime":25299.288911475298,"sendTime":25299.288800455022,"sender":2623,"messageID":6231336,"pos":[6114.392405518838,5726.413274325569,1.895],"pos_noise":[0.0,0.0,0.0],"spd":[-0.44749958935624425,-0.024970180827178443,0.0],"spd_noise":[0.0,0.0,0.0],"RSSI":3.6003503403671246e-9}
{"type":3,"rcvTime":25299.290996042087,"sendTime":25299.290880449815,"sender":2761,"messageID":6231756,"pos":[6301.723172699936,6061.092931676159,1.895],"pos_noise":[0.0,0.0,0.0],"spd":[-2.090325041190993,14.143496156262343,0.0],"spd_noise":[0.0,0.0,0.0],"RSSI":4.926275505596329e-9}
{"type":2,"rcvTime":25299.3,"pos":[6322.646413245838,5912.256672453879,1.895],"noise":[0.0,0.0,0.0],"spd":[-4.09557178689178,15.106617246734699,0.0],"spd_noise":[0.0,0.0,0.0]}
{"type":3,"rcvTime":25299.30754752715,"sendTime":25299.307437826417,"sender":1753,"messageID":6233073,"pos":[6106.104418271269,5725.936101219644,1.895],"pos_noise":[0.0,0.0,0.0],"spd":[-0.0,-0.0,0.0],"spd_noise":[0.0,0.0,0.0],"RSSI":1.3860948618368965e-8}
{"type":3,"rcvTime":25299.37203033287,"sendTime":25299.371922122078,"sender":763,"messageID":6235084,"pos":[6119.558712083878,5733.321645641899,1.895],"pos_noise":[0.0,0.0,0.0],"spd":[11.19617593483492,0.6438895149556765,0.0],"spd_noise":[0.0,0.0,0.0],"RSSI":6.009719994655206e-9}
{"type":3,"rcvTime":25299.377146455776,"sendTime":25299.377040107873,"sender":2491,"messageID":6235752,"pos":[6099.557321655212,5773.266659501861,1.895],"pos_noise":[0.0,0.0,0.0],"spd":[0.16808561867811176,-3.354251654199996,0.0],"spd_noise":[0.0,0.0,0.0],"RSSI":9.370430368501299e-9}
{"type":3,"rcvTime":25299.388210750796,"sendTime":25299.388097425686,"sender":877,"messageID":6236831,"pos":[6105.51099826587,5719.290057538548,1.895],"pos_noise":[0.0,0.0,0.0],"spd":[-0.0,-0.0,0.0],"spd_noise":[0.0,0.0,0.0],"RSSI":2.3754566906389946e-9}
{"type":2,"rcvTime":25299.399999999998,"pos":[6322.252126800144,5913.769098060924,1.895],"noise":[0.0,0.0,0.0],"spd":[-4.0749472675590658,15.21427511416381,0.0],"spd_noise":[0.0,0.0,0.0]}
{"type":2,"rcvTime":25299.5,"pos":[6321.902473492596,5915.2663314547839,1.895],"noise":[0.0,0.0,0.0],"spd":[-3.8960991480929354,15.213552168030632,0.0],"spd_noise":[0.0,0.0,0.0]}
{"type":3,"rcvTime":25299.528962974062,"sendTime":25299.52885471084,"sender":2869,"messageID":6244666,"pos":[6307.644433047833,5958.852999595018,1.895],"pos_noise":[0.0,0.0,0.0],"spd":[-1.4570384758380064,10.432517965441479,0.0],"spd_noise":[0.0,0.0,0.0],"RSSI":6.424410603492748e-9}
{"type":2,"rcvTime":25299.6,"pos":[6321.5517292574609,5916.768236256519,1.895],"noise":[0.0,0.0,0.0],"spd":[-3.7377745044685497,15.303666096520632,0.0],"spd_noise":[0.0,0.0,0.0]}
{"type":3,"rcvTime":25299.62257850135,"sendTime":25299.622461522926,"sender":1495,"messageID":6251203,"pos":[6124.481423733994,5720.376501410233,1.895],"pos_noise":[0.0,0.0,0.0],"spd":[-4.5737238763026339e-14,-2.346252773110739e-15,0.0],"spd_noise":[0.0,0.0,0.0],"RSSI":4.159324727468375e-9}
{"type":3,"rcvTime":25299.625159820418,"sendTime":25299.62504817536,"sender":1423,"messageID":6251882,"pos":[6067.98258303254,5726.441870556726,1.895],"pos_noise":[0.0,0.0,0.0],"spd":[5.100417205713652,0.44123168530486497,0.0],"spd_noise":[0.0,0.0,0.0],"RSSI":1.3467829470485566e-9}
{"type":3,"rcvTime":25299.673526875762,"sendTime":25299.673414370744,"sender":1237,"messageID":6253766,"pos":[6118.49045109458,5720.038173734048,1.895],"pos_noise":[0.0,0.0,0.0],"spd":[-4.5288076825986098e-14,-2.6103368288035789e-15,0.0],"spd_noise":[0.0,0.0,0.0],"RSSI":7.780001874846609e-9}
{"type":2,"rcvTime":25299.7,"pos":[6321.203104850781,5918.261063844094,1.895],"noise":[0.0,0.0,0.0],"spd":[-3.56091610257939,15.248025362322798,0.0],"spd_noise":[0.0,0.0,0.0]}
{"type":3,