{"type":2,"rcvTime":25297.8,"pos":[6096.030769450502,6078.668786638732,1.895],"noise":[0.0,0.0,0.0],"spd":[7.867276649764056,-15.690741547650397,0.0],"spd_noise":[0.0,0.0,0.0]}
{"type":2,"rcvTime":25297.899999999998,"pos":[6096.83426010971,6077.099068655234,1.895],"noise":[0.0,0.0,0.0],"spd":[7.996339610032414,-15.62183448452972,0.0],"spd_noise":[0.0,0.0,0.0]}
{"type":2,"rcvTime":25298.0,"pos":[6097.639669395512,6075.525602398335,1.895],"noise":[0.0,0.0,0.0],"spd":[8.015433783247092,-15.659137304085359,0.0],"spd_noise":[0.0,0.0,0.0]}
{"type":3,"rcvTime":25298.09844774677,"sendTime":25298.09833116289,"sender":2719,"messageID":6152170,"pos":[6241.019128448524,6016.448618867091,1.895],"pos_noise":[0.0,0.0,0.0],"spd":[-17.210013904750416,4.472493395548486,0.0],"spd_noise":[0.0,0.0,0.0],"RSSI":2.9256846452971686e-9}
{"type":2,"rcvTime":25298.1,"pos":[6098.612624367571,6074.083697029362,1.895],"noise":[0.0,0.0,0.0],"spd":[8.72758229108448,-15.253385548385385,0.0],"spd_noise":[0.0,0.0,0.0]}
{"type":2,"rcvTime":25298.2,"pos":[6099.937150624699,6072.9009887351189,1.895],"noise":[0.0,0.0,0.0],"spd":[10.909151794217549,-13.902789146965566,0.0],"spd_noise":[0.0,0.0,0.0]}
{"type":2,"rcvTime":25298.3,"pos":[6101.255004187488,6071.724238685113,1.895],"noise":[0.0,0.0,0.0],"spd":[12.733782851866448,-12.124737522155373,0.0],"spd_noise":[0.0,0.0,0.0]}
{"type":2,"rcvTime":25298.399999999998,"pos":[6102.57053222454,6070.549565165159,1.895],"noise":[0.0,0.0,0.0],"spd":[13.092135957311756,-11.690351703298815,0.0],"spd_noise":[0.0,0.0,0.0]}
{"type":3,"rcvTime":25298.459395390408,"sendTime":25298.459278688068,"sender":2575,"messageID":6175288,"pos":[6103.027452916319,6061.8235219861539,1.895],"pos_noise":[0.0,0.0,0.0],"spd":[-13.401151343094807,10.071267209124648,0.0],"spd_noise":[0.0,0.0,0.0],"RSSI":4.2442445314508929e-7}
{"type":2,"rcvTime":25298.5,"pos":[6103.946121467289,6069.4381926691689,1.895],"noise":[0.0,0.0,0.0],"spd":[13.363470024304583,-11.4768092475127,0.0],"spd_noise":[0.0,0.0,0.0]}
{"type":2,"rcvTime":25298.6,"pos":[6105.360334792892,6068.378024404216,1.895],"noise":[0.0,0.0,0.0],"spd":[13.720331635951558,-11.007104599670756,0.0],"spd_noise":[0.0,0.0,0.0]}
{"type":3,"rcvTime":25298.628285926374,"sendTime":25298.62818008028,"sender":2773,"messageID":6187171,"pos":[6288.14657137021,6000.794743862548,1.895],"pos_noise":[0.0,0.0,0.0],"spd":[-14.60701155900449,3.794447956799985,0.0],"spd_noise":[0.0,0.0,0.0],"RSSI":8.34951356442895e-9}
{"type":2,"rcvTime":25298.7,"pos":[6106.772758366445,6067.319197830997,1.895],"noise":[0.0,0.0,0.0],"spd":[14.0564404052502,-10.537442807277073,0.0],"spd_noise":[0.0,0.0,0.0]}
{"type":3,"rcvTime":25298.74777591597,"sendTime":25298.747667219486,"sender":2731,"messageID":6192843,"pos":[6152.7905710336,6131.395827224615,1.895],"pos_noise":[0.0,0.0,0.0],"spd":[-14.904836896878555,3.8718137300927024,0.0],"spd_noise":[0.0,0.0,0.0],"RSSI":2.863306034269519e-9}
{"type":2,"rcvTime":25298.8,"pos":[6108.19302020137,6066.254495287152,1.895],"noise":[0.0,0.0,0.0],"spd":[14.134446787992268,-10.595920471109384,0.0],"spd_noise":[0.0,0.0,0.0]}
{"type":2,"rcvTime":25298.899999999998,"pos":[6109.611024933114,6065.191484785885,1.895],"noise":[0.0,0.0,0.0],"spd":[14.111984095535176,-10.579081262163877,0.0],"spd_noise":[0.0,0.0,0.0]}
{"type":3,"rcvTime":25298.93617916548,"sendTime":25298.936069160467,"sender":2779,"messageID":6206081,"pos":[6303.128289347106,5994.783934253539,1.895],"pos_noise":[0.0,0.0,0.0],"spd":[-1.9249290504807184,12.62994535199712,0.0],"spd_noise":[0.0,0.0,0.0],"RSSI":4.079263133294583e-9}
{"type":2,"rcvTime":25299.0,"pos":[6111.156447473259,6064.37438378962,1.895],"noise":[0.0,0.0,0.0],"spd":[14.711053202705099,-9.687768584655919,0.0],"spd_noise":[0.0,0.0,0.0]}
{"type":3,"rcvTime":25299.003555419855,"sendTime":25299.0034400017,"sender":2935,"messageID":6210486,"pos":[6177.379891495031,5826.8663435022449,1.895],"pos_noise":[0.0,0.0,0.0],"spd":[-4.243907154939191,-0.42754815343101218,0.0],"spd_noise":[0.0,0.0,0.0],"RSSI":5.872633582730505e-9}
{"type":3,"rcvTime":25299.09844434831,"sendTime":25299.09833116289,"sender":2719,"messageID":6216198,"pos":[6224.304616207242,6022.074033930498,1.895],"pos_noise":[0.0,0.0,0.0],"spd":[-16.74712784109263,5.9403639837149309,0.0],"spd_noise":[0.0,0.0,0.0],"RSSI":1.5719695391466995e-8}
{"type":2,"rcvTime":25299.1,"pos":[6112.826540661789,6063.804108066707,1.895],"noise":[0.0,0.0,0.0],"spd":[15.745198919009298,-7.781301163770263,0.0],"spd_noise":[0.0,0.0,0.0]}
{"type":3,"rcvTime":25299.164735959905,"sendTime":25299.16462036525,"sender":1897,"messageID":6220076,"pos":[6130.474080155562,5720.683915830684,1.895],"pos_noise":[0.0,0.0,0.0],"spd":[-4.721948340128256e-14,-2.422289733080436e-15,0.0],"spd_noise":[0.0,0.0,0.0],"RSSI":4.402562015052325e-9}
{"type":2,"rcvTime":25299.2,"pos":[6114.497727959649,6063.233458745486,1.895],"noise":[0.0,0.0,0.0],"spd":[16.589573998269488,-5.800884372719671,0.0],"spd_noise":[0.0,0.0,0.0]}
{"type":3,"rcvTime":25299.210231922872,"sendTime":25299.21012366996,"sender":2857,"messageID":6225721,"pos":[6310.958808217682,5986.2875324912979,1.895],"pos_noise":[0.0,0.0,0.0],"spd":[-1.331995098431713,10.942411346258977,0.0],"spd_noise":[0.0,0.0,0.0],"RSSI":3.2388313306446427e-9}
{"type":3,"rcvTime":25299.230622923824,"sendTime":25299.23051434485,"sender":2833,"messageID":6227070,"pos":[6307.251636818942,5989.485469375476,1.895],"pos_noise":[0.0,0.0,0.0],"spd":[-1.530543346903723,12.581724609763235,0.0],"spd_noise":[0.0,0.0,0.0],"RSSI":2.1556027461456784e-9}
{"type":3,"rcvTime":25299.288911670086,"sendTime":25299.288800455022,"sender":2623,"messageID":6231336,"pos":[6114.392405518838,5726.413274325569,1.895],"pos_noise":[0.0,0.0,0.0],"spd":[-0.44749958935624425,-0.024970180827178443,0.0],"spd_noise":[0.0,0.0,0.0],"RSSI":4.745887657510367e-9}
{"type":2,"rcvTime":25299.3,"pos":[6116.178657980981,6062.659482640641,1.895],"noise":[0.0,0.0,0.0],"spd":[16.72861676390406,-5.712210602310789,0.0],"spd_noise":[0.0,0.0,0.0]}
{"type":3,"rcvTime":25299.372030528622,"sendTime":25299.371922122078,"sender":763,"messageID":6235084,"pos":[6119.558712083878,5733.321645641899,1.895],"pos_noise":[0.0,0.0,0.0],"spd":[11.19617593483492,0.6438895149556765,0.0],"spd_noise":[0.0,0.0,0.0],"RSSI":1.8177256215259597e-9}
{"type":2,"rcvTime":25299.399999999998,"pos":[6117.847958959174,6062.089477428575,1.895],"noise":[0.0,0.0,0.0],"spd":[16.612884518334427,-5.67269227455175,0.0],"spd_noise":[0.0,0.0,0.0]}
{"type":3,"rcvTime":25299.421771109417,"sendTime":25299.421657889383,"sender":955,"messageID":6238715,"pos":[6208.509519279094,5836.1648757673669,1.895],"pos_noise":[0.0,0.0,0.0],"spd":[17.233397347741918,1.1342660445693729,0.0],"spd_noise":[0.0,0.0,0.0],"RSSI":6.7600337520662179e-9}
{"type":3,"rcvTime":25299.459391097094,"sendTime":25299.459278688068,"sender":2575,"messageID":6240197,"pos":[6091.1759932656009,6073.482642366457,1.895],"pos_noise":[0.0,0.0,0.0],"spd":[-9.051498994776262,14.158639774376148,0.0],"spd_noise":[0.0,0.0,0.0],"RSSI":2.2730448489963168e-7}
{"type":2,"rcvTime":25299.5,"pos":[6119.526507660943,6061.51631445724,1.895],"noise":[0.0,0.0,0.0],"spd":[16.704917869912469,-5.704118297041806,0.0],"spd_noise":[0.0,0.0,0.0]}
{"type":3,"rcvTime":25299.507188980835,"sendTime":25299.507078319228,"sender":2851,"messageID":6243980,"pos":[6132.640213641224,5822.359089702117,1.895],"pos_noise":[0.0,0.0,0.0],"spd":[-6.792984873355241,-0.6843524216848803,0.0],"spd_noise":[0.0,0.0,0.0],"RSSI":4.292809536985151e-9}
{"type":2,"rcvTime":25299.6,"pos":[6121.1988294404759,6060.945277752034,1.895],"noise":[0.0,0.0,0.0],"spd":[16.64294753540278,-5.68295769501291,0.0],"spd_noise":[0.0,0.0,0.0]}
{"type":3,"rcvTime":25299.622578709375,"sendTime":25299.622461522926,"sender":1495,"messageID":6251203,"pos":[6124.481423733994,5720.376501410233,1.895],"pos_noise":[0.0,0.0,0.0],"spd":[-4.5737238763026339e-14,-2.346252773110739e-15,0.0],"spd_noise":[0.0,0.0,0.0],"RSSI":1.5824937697633929e-9}
{"type":3,