{"type":2,"rcvTime":25200.0,"pos":[5149.727987651682,5483.341760425274,1.895],"noise":[0.0,0.0,0.0],"spd":[-9.010953679389758,-3.9706274022955765,0.0],"spd_noise":[0.0,0.0,0.0]}
{"type":2,"rcvTime":25200.1,"pos":[5148.868047711551,5482.962832598974,1.895],"noise":[0.0,0.0,0.0],"spd":[-8.599159814133456,-3.789172690212161,0.0],"spd_noise":[0.0,0.0,0.0]}
{"type":3,"rcvTime":25200.117054566057,"sendTime":25200.11694792448,"sender":1033,"messageID":5652,"pos":[5094.029614132654,5529.932544600985,1.895],"pos_noise":[0.0,0.0,0.0],"spd":[12.267069305138156,-8.474115230364136,0.0],"spd_noise":[0.0,0.0,0.0],"RSSI":1.1819384334313846e-8}
{"type":3,"rcvTime":25200.185164242903,"sendTime":25200.185047378764,"sender":847,"messageID":9705,"pos":[5372.893315372196,5596.942291904979,1.895],"pos_noise":[0.0,0.0,0.0],"spd":[-0.11038532157147185,-15.389047191086988,0.0],"spd_noise":[0.0,0.0,0.0],"RSSI":1.69312800615538e-9}
{"type":2,"rcvTime":25200.2,"pos":[5148.049288305274,5482.602050749448,1.895],"noise":[0.0,0.0,0.0],"spd":[-8.187365948876865,-3.607717978129406,0.0],"spd_noise":[0.0,0.0,0.0]}
{"type":2,"rcvTime":25200.3,"pos":[5147.27170943285,5482.259414876692,1.895],"noise":[0.0,0.0,0.0],"spd":[-7.775572083620022,-3.4262632660472209,0.0],"spd_noise":[0.0,0.0,0.0]}
{"type":3,"rcvTime":25200.396374628108,"sendTime":25200.396262175636,"sender":313,"messageID":18077,"pos":[5568.451856835956,5671.143448739272,1.895],"pos_noise":[0.0,0.0,0.0],"spd":[19.59308243766642,2.5135481236082466,0.0],"spd_noise":[0.0,0.0,0.0],"RSSI":1.5870271144649589e-9}
{"type":2,"rcvTime":25200.399999999998,"pos":[5146.535311094279,5481.934924980709,1.895],"noise":[0.0,0.0,0.0],"spd":[-7.363778218363445,-3.2448085539644357,0.0],"spd_noise":[0.0,0.0,0.0]}
{"type":3,"rcvTime":25200.409669141107,"sendTime":25200.409554344835,"sender":793,"messageID":18620,"pos":[5205.068801732099,5580.697745827134,1.895],"pos_noise":[0.0,0.0,0.0],"spd":[-16.097013288007607,-7.468377489593449,0.0],"spd_noise":[0.0,0.0,0.0],"RSSI":1.652965172399231e-7}
{"type":2,"rcvTime":25200.5,"pos":[5145.840062955028,5481.628567694751,1.895],"noise":[0.0,0.0,0.0],"spd":[-6.952287689989478,-3.0634875056195347,0.0],"spd_noise":[0.0,0.0,0.0]}
{"type":2,"rcvTime":25200.6,"pos":[5145.18599534963,5481.340356385565,1.895],"noise":[0.0,0.0,0.0],"spd":[-6.54049382473293,-2.8820327935366807,0.0],"spd_noise":[0.0,0.0,0.0]}
{"type":3,"rcvTime":25200.676072616687,"sendTime":25200.67596104904,"sender":523,"messageID":31814,"pos":[5490.2685235606709,5658.523646139785,1.895],"pos_noise":[0.0,0.0,0.0],"spd":[-19.94378914226722,-2.5104892789217314,0.0],"spd_noise":[0.0,0.0,0.0],"RSSI":1.7056078562464642e-9}
{"type":2,"rcvTime":25200.7,"pos":[5144.573108278084,5481.070291053152,1.895],"noise":[0.0,0.0,0.0],"spd":[-6.128699959477029,-2.7005780814523567,0.0],"spd_noise":[0.0,0.0,0.0]}
{"type":2,"rcvTime":25200.8,"pos":[5144.001401740393,5480.81837169751,1.895],"noise":[0.0,0.0,0.0],"spd":[-5.716906094220252,-2.5191233693700205,0.0],"spd_noise":[0.0,0.0,0.0]}
{"type":2,"rcvTime":25200.899999999998,"pos":[5143.470875736554,5480.58459831864,1.895],"noise":[0.0,0.0,0.0],"spd":[-5.305112228963672,-2.3376686572872349,0.0],"spd_noise":[0.0,0.0,0.0]}
{"type":3,"rcvTime":25200.978379244727,"sendTime":25200.978273275774,"sender":679,"messageID":49652,"pos":[5336.668693208958,5566.719600324006,1.895],"pos_noise":[0.0,0.0,0.0],"spd":[-14.670935196497524,-4.7633470979043059,0.0],"spd_noise":[0.0,0.0,0.0],"RSSI":3.818004754217398e-9}
{"type":2,"rcvTime":25201.0,"pos":[5142.981530266568,5480.368970916542,1.895],"noise":[0.0,0.0,0.0],"spd":[-4.893318363707094,-2.1562139452044497,0.0],"spd_noise":[0.0,0.0,0.0]}
{"type":2,"rcvTime":25201.1,"pos":[5142.533365330436,5480.171489491216,1.895],"noise":[0.0,0.0,0.0],"spd":[-4.481524498450515,-1.974759233121664,0.0],"spd_noise":[0.0,0.0,0.0]}
{"type":3,"rcvTime":25201.153198751446,"sendTime":25201.15308930236,"sender":199,"messageID":58019,"pos":[5027.382430520479,5410.964236341407,1.895],"pos_noise":[0.0,0.0,0.0],"spd":[-4.457152216552831,4.039638730202744,0.0],"spd_noise":[0.0,0.0,0.0],"RSSI":3.2649712769882257e-9}
{"type":3,"rcvTime":25201.185161701207,"sendTime":25201.185047378764,"sender":847,"messageID":60248,"pos":[5367.91329531638,5582.601147093467,1.895],"pos_noise":[0.0,0.0,0.0],"spd":[-9.914544695958034,-11.856316367805333,0.0],"spd_noise":[0.0,0.0,0.0],"RSSI":6.680922693986407e-9}
{"type":2,"rcvTime":25201.2,"pos":[5142.126380928157,5479.992154042661,1.895],"noise":[0.0,0.0,0.0],"spd":[-4.069730633193935,-1.7933045210388783,0.0],"spd_noise":[0.0,0.0,0.0]}
{"type":2,"rcvTime":25201.3,"pos":[5141.760577059731,5479.830964570879,1.895],"noise":[0.0,0.0,0.0],"spd":[-3.6579367679374745,-1.6118498089558249,0.0],"spd_noise":[0.0,0.0,0.0]}
{"type":2,"rcvTime":25201.399999999998,"pos":[5141.4359537251589,5479.687921075868,1.895],"noise":[0.0,0.0,0.0],"spd":[-3.2461429026807777,-1.4303950968733073,0.0],"spd_noise":[0.0,0.0,0.0]}
{"type":3,"rcvTime":25201.409663547136,"sendTime":25201.409554344835,"sender":793,"messageID":69180,"pos":[5439.806690860121,5320.035813690541,1.895],"pos_noise":[0.0,0.0,0.0],"spd":[-12.782124602440998,-5.930400251406539,0.0],"spd_noise":[0.0,0.0,0.0],"RSSI":5.402497375628489e-7}
{"type":2,"rcvTime":25201.5,"pos":[5141.152510924439,5479.563023557629,1.895],"noise":[0.0,0.0,0.0],"spd":[-2.83434903742399,-1.248940384790994,0.0],"spd_noise":[0.0,0.0,0.0]}
{"type":2,"rcvTime":25201.6,"pos":[5140.910248657573,5479.456272016162,1.895],"noise":[0.0,0.0,0.0],"spd":[-2.4225551721674418,-1.0674856727081397,0.0],"spd_noise":[0.0,0.0,0.0]}
{"type":3,"rcvTime":25201.607856551494,"sendTime":25201.60774675873,"sender":955,"messageID":78239,"pos":[5432.946086012621,5660.4149440626019,1.895],"pos_noise":[0.0,0.0,0.0],"spd":[21.373306350301016,2.7419286497163779,0.0],"spd_noise":[0.0,0.0,0.0],"RSSI":4.68724129168368e-9}
{"type":2,"rcvTime":25201.7,"pos":[5140.70916692456,5479.367666451468,1.895],"noise":[0.0,0.0,0.0],"spd":[-2.01076130691104,-0.8860309606249508,0.0],"spd_noise":[0.0,0.0,0.0]}
{"type":3,"rcvTime":25201.70556577803,"sendTime":25201.70544695295,"sender":727,"messageID":84757,"pos":[5371.981216727795,5611.202577817441,1.895],"pos_noise":[0.0,0.0,0.0],"spd":[3.788567558169442,-15.67090925515332,0.0],"spd_noise":[0.0,0.0,0.0],"RSSI":5.343882151689881e-9}
{"type":2,"rcvTime":25201.8,"pos":[5140.5492657254,5479.2972068635449,1.895],"noise":[0.0,0.0,0.0],"spd":[-1.5989674416544615,-0.7045762485421654,0.0],"spd_noise":[0.0,0.0,0.0]}
{"type":3,"rcvTime":25201.862537645586,"sendTime":25201.862418566132,"sender":613,"messageID":94831,"pos":[5484.316986740554,5663.68161311794,1.895],"pos_noise":[0.0,0.0,0.0],"spd":[19.16517327822197,2.4587159260174644,0.0],"spd_noise":[0.0,0.0,0.0],"RSSI":4.2168604632892649e-9}
{"type":2,"rcvTime":25201.899999999998,"pos":[5140.430545060093,5479.244893252393,1.895],"noise":[0.0,0.0,0.0],"spd":[-1.1871735763978826,-0.52312153645938,0.0],"spd_noise":[0.0,0.0,0.0]}
{"type":3,"rcvTime":25201.97838764352,"sendTime":25201.978273275774,"sender":679,"messageID":100567,"pos":[5321.537022198771,5562.230400053386,1.895],"pos_noise":[0.0,0.0,0.0],"spd":[-14.770881039600864,-4.5781321434692618,0.0],"spd_noise":[0.0,0.0,0.0],"RSSI":4.976305890332199e-9}
