{"type":2,"rcvTime":25297.8,"pos":[3612.7939889218316,6076.92860408495,1.895],"noise":[0.0,0.0,0.0],"spd":[-4.551384709226537,-39.54203851268142,0.0],"spd_noise":[0.0,0.0,0.0]}
{"type":3,"rcvTime":25297.850570587605,"sendTime":25297.850456464104,"sender":2485,"messageID":5753848,"pos":[3589.4008017298808,5710.172498165321,1.895],"pos_noise":[0.0,0.0,0.0],"spd":[-1.2478445243708286,29.886853418126188,0.0],"spd_noise":[0.0,0.0,0.0],"RSSI":4.583714693380765e-9}
{"type":3,"rcvTime":25297.855972593316,"sendTime":25297.855857082315,"sender":2377,"messageID":5754613,"pos":[3587.8289291415669,5951.0971351042849,1.895],"pos_noise":[0.0,0.0,0.0],"spd":[2.1594525504844817,29.042585510578033,0.0],"spd_noise":[0.0,0.0,0.0],"RSSI":8.314354995333504e-9}
{"type":3,"rcvTime":25297.89592496022,"sendTime":25297.89581613182,"sender":2269,"messageID":5757789,"pos":[3600.726451290094,6058.6941904914669,1.895],"pos_noise":[0.0,0.0,0.0],"spd":[3.0122302109699348,28.525030986072858,0.0],"spd_noise":[0.0,0.0,0.0],"RSSI":4.2624464299782219e-7}
{"type":2,"rcvTime":25297.899999999998,"pos":[3612.339436938543,6072.979495587751,1.895],"noise":[0.0,0.0,0.0],"spd":[-4.550511841920599,-39.53445511670617,0.0],"spd_noise":[0.0,0.0,0.0]}
{"type":3,"rcvTime":25297.934824572185,"sendTime":25297.934715590018,"sender":2293,"messageID":5760517,"pos":[3597.169297182217,6025.008872955,1.895],"pos_noise":[0.0,0.0,0.0],"spd":[3.009655425992147,28.500648446863314,0.0],"spd_noise":[0.0,0.0,0.0],"RSSI":1.5502150259185765e-7}
{"type":3,"rcvTime":25297.94252891989,"sendTime":25297.942419985262,"sender":2479,"messageID":5761995,"pos":[3287.9616382824826,6048.855377957584,1.895],"pos_noise":[0.0,0.0,0.0],"spd":[-0.03480110557270232,35.94418804097407,0.0],"spd_noise":[0.0,0.0,0.0],"RSSI":1.6860808935123639e-9}
{"type":2,"rcvTime":25298.0,"pos":[3611.884096856312,6069.023540154799,1.895],"noise":[0.0,0.0,0.0],"spd":[-4.558401486447428,-39.602999669083107,0.0],"spd_noise":[0.0,0.0,0.0]}
{"type":3,"rcvTime":25298.036969968995,"sendTime":25298.03685604855,"sender":2629,"messageID":5768154,"pos":[3597.722143762709,5535.240407220988,1.895],"pos_noise":[0.0,0.0,0.0],"spd":[-2.824823011706415,34.483199827604789,0.0],"spd_noise":[0.0,0.0,0.0],"RSSI":3.933742953798612e-9}
{"type":2,"rcvTime":25298.1,"pos":[3611.4294758100347,6065.073831644298,1.895],"noise":[0.0,0.0,0.0],"spd":[-4.5512032302786979,-39.54046183923783,0.0],"spd_noise":[0.0,0.0,0.0]}
{"type":3,"rcvTime":25298.15931584423,"sendTime":25298.159198691137,"sender":2767,"messageID":5777454,"pos":[3364.0210629820564,5990.961085684127,1.895],"pos_noise":[0.0,0.0,0.0],"spd":[-1.1509908905629336,-29.46155135898412,0.0],"spd_noise":[0.0,0.0,0.0],"RSSI":1.3587707005546832e-9}
{"type":2,"rcvTime":25298.2,"pos":[3610.9749092592885,6061.124596586282,1.895],"noise":[0.0,0.0,0.0],"spd":[-4.550657676480764,-39.53572211480248,0.0],"spd_noise":[0.0,0.0,0.0]}
{"type":2,"rcvTime":25298.3,"pos":[3610.5193912197926,6057.167095075926,1.895],"noise":[0.0,0.0,0.0],"spd":[-4.560183013474614,-39.618477422542948,0.0],"spd_noise":[0.0,0.0,0.0]}
{"type":3,"rcvTime":25298.31317225383,"sendTime":25298.31305417195,"sender":2317,"messageID":5785845,"pos":[3594.8729431266808,6001.294500437083,1.895],"pos_noise":[0.0,0.0,0.0],"spd":[2.127201407390612,28.568425118951106,0.0],"spd_noise":[0.0,0.0,0.0],"RSSI":2.4139167472810526e-7}
{"type":2,"rcvTime":25298.399999999998,"pos":[3610.0641173504016,6053.21171489442,1.895],"noise":[0.0,0.0,0.0],"spd":[-4.557738630885215,-39.5972408370569,0.0],"spd_noise":[0.0,0.0,0.0]}
{"type":2,"rcvTime":25298.5,"pos":[3609.6087672976739,6049.255672838646,1.895],"noise":[0.0,0.0,0.0],"spd":[-4.558501300918088,-39.6038668486109,0.0],"spd_noise":[0.0,0.0,0.0]}
{"type":3,"rcvTime":25298.58691425708,"sendTime":25298.586804668605,"sender":2809,"messageID":5804713,"pos":[3593.6486718334615,5939.4685885555359,1.895],"pos_noise":[0.0,0.0,0.0],"spd":[-1.948220828847395,-29.34863657958823,0.0],"spd_noise":[0.0,0.0,0.0],"RSSI":2.885322206335237e-8}
{"type":2,"rcvTime":25298.6,"pos":[3609.1541238775905,6045.305769946449,1.895],"noise":[0.0,0.0,0.0],"spd":[-4.551427214051579,-39.54240779094203,0.0],"spd_noise":[0.0,0.0,0.0]}
{"type":3,"rcvTime":25298.63061407471,"sendTime":25298.630502750166,"sender":2569,"messageID":5808255,"pos":[3600.9052721162827,5673.501516415028,1.895],"pos_noise":[0.0,0.0,0.0],"spd":[1.3574593534420885,-31.639007071580275,0.0],"spd_noise":[0.0,0.0,0.0],"RSSI":4.7321620487873918e-9}
{"type":3,"rcvTime":25298.65650004448,"sendTime":25298.656386637595,"sender":2935,"messageID":5811891,"pos":[3609.29351160183,6075.358770982497,1.895],"pos_noise":[0.0,0.0,0.0],"spd":[-3.104309310162396,-26.953614555849169,0.0],"spd_noise":[0.0,0.0,0.0],"RSSI":1.6099575836587355e-7}
{"type":2,"rcvTime":25298.7,"pos":[3608.6996870781,6041.357662156175,1.895],"noise":[0.0,0.0,0.0],"spd":[-4.549358738960734,-39.52443705743342,0.0],"spd_noise":[0.0,0.0,0.0]}
{"type":3,"rcvTime":25298.704947241633,"sendTime":25298.704840598908,"sender":2635,"messageID":5814624,"pos":[3599.2313271681489,5712.517016891811,1.895],"pos_noise":[0.0,0.0,0.0],"spd":[1.3835611133808173,-32.24737428728222,0.0],"spd_noise":[0.0,0.0,0.0],"RSSI":4.087697582628713e-9}
{"type":3,"rcvTime":25298.7267427854,"sendTime":25298.726634441224,"sender":2563,"messageID":5815845,"pos":[3589.842606141818,5631.427555656188,1.895],"pos_noise":[0.0,0.0,0.0],"spd":[-2.841972766387525,34.69255043655613,0.0],"spd_noise":[0.0,0.0,0.0],"RSSI":5.279769131247338e-9}
{"type":3,"rcvTime":25298.762915788113,"sendTime":25298.762804461225,"sender":2863,"messageID":5819022,"pos":[3595.8861682705557,5973.174967631292,1.895],"pos_noise":[0.0,0.0,0.0],"spd":[-1.9790331821764896,-29.81280396072402,0.0],"spd_noise":[0.0,0.0,0.0],"RSSI":2.2003584713451637e-8}
{"type":3,"rcvTime":25298.76438058057,"sendTime":25298.76426573014,"sender":2593,"messageID":5819321,"pos":[3583.03411239978,5704.536916983431,1.895],"pos_noise":[0.0,0.0,0.0],"spd":[-1.7857404414506249,42.68277598587498,0.0],"spd_noise":[0.0,0.0,0.0],"RSSI":3.3978972385552466e-9}
{"type":2,"rcvTime":25298.8,"pos":[3608.2441653817688,6037.400128875546,1.895],"noise":[0.0,0.0,0.0],"spd":[-4.560219621990814,-39.6187954741871,0.0],"spd_noise":[0.0,0.0,0.0]}
{"type":3,"rcvTime":25298.850567545902,"sendTime":25298.850456464104,"sender":2485,"messageID":5826201,"pos":[3588.1527796329798,5740.06360458461,1.895],"pos_noise":[0.0,0.0,0.0],"spd":[-1.2507939985903163,29.957495635119686,0.0],"spd_noise":[0.0,0.0,0.0],"RSSI":4.544688056637457e-9}
{"type":3,"rcvTime":25298.855969553133,"sendTime":25298.855857082315,"sender":2377,"messageID":5826965,"pos":[3589.9823294751015,5980.058324045969,1.895],"pos_noise":[0.0,0.0,0.0],"spd":[2.154499767891058,28.975975289412234,0.0],"spd_noise":[0.0,0.0,0.0],"RSSI":4.7527158400528317e-8}
{"type":3,"rcvTime":25298.87756857396,"sendTime":25298.877453582638,"sender":2557,"messageID":5828827,"pos":[3443.1807449772966,5819.410014610842,1.895],"pos_noise":[0.0,0.0,0.0],"spd":[3.2235222724350769,-38.29132448094683,0.0],"spd_noise":[0.0,0.0,0.0],"RSSI":4.4440806822271448e-9}
{"type":2,"rcvTime":25298.899999999998,"pos":[3607.78949875881,6033.450024398769,1.895],"noise":[0.0,0.0,0.0],"spd":[-4.551659497621795,-39.544425850602149,0.0],"spd_noise":[0.0,0.0,0.0]}
{"type":3,"rcvTime":25298.934827690264,"sendTime":25298.934715590018,"sender":2293,"messageID":5832525,"pos":[3600.185821020398,6053.574563465975,1.895],"pos_noise":[0.0,0.0,0.0],"spd":[3.0170503354991577,28.57067630266095,0.0],"spd_noise":[0.0,0.0,0.0],"RSSI":8.789155174654646e-8}
{"type":2,"rcvTime":25299.0,"pos":[3607.334841548505,6029.500001698311,1.895],"noise":[0.0,0.0,0.0],"spd":[-4.551565267713869,-39.54360718930582,0.0],"spd_noise":[0.0,0.0,0.0]}
{"type":3,"rcvTime":25299.036963170704,"sendTime":25299.03685604855,"sender":2629,"messageID":5840038,"pos":[3594.896293890239,5569.736142150687,1.895],"pos_noise":[0.0,0.0,0.0],"spd":[-2.8287370671821465,34.53097951378543,0.0],"spd_noise":[0.0,0.0,0.0],