{"type":2,"rcvTime":25299.0,"pos":[6180.642098954783,5827.194991308288,1.895],"noise":[0.0,0.0,0.0],"spd":[-0.0,-0.0,0.0],"spd_noise":[0.0,0.0,0.0]}
{"type":3,"rcvTime":25299.026380071227,"sendTime":25299.026264412234,"sender":1255,"messageID":5839090,"pos":[6105.039014268808,5735.787799935244,1.895],"pos_noise":[0.0,0.0,0.0],"spd":[11.0527533426044,0.746554264067398,0.0],"spd_noise":[0.0,0.0,0.0],"RSSI":1.1627610694985959e-8}
{"type":3,"rcvTime":25299.067858389506,"sendTime":25299.067747417696,"sender":1699,"messageID":5841762,"pos":[5717.795326699413,5668.661726192484,1.895],"pos_noise":[0.0,0.0,0.0],"spd":[-14.395978910222324,-0.04895571980052829,0.0],"spd_noise":[0.0,0.0,0.0],"RSSI":1.1903186773169273e-8}
{"type":2,"rcvTime":25299.1,"pos":[6180.6165168711809,5827.192414067033,1.895],"noise":[0.0,0.0,0.0],"spd":[-0.2558362889692133,-0.025773969348524177,0.0],"spd_noise":[0.0,0.0,0.0]}
{"type":3,"rcvTime":25299.1070156124,"sendTime":25299.106901621028,"sender":2677,"messageID":5844192,"pos":[6128.365636588518,5821.928451740715,1.895],"pos_noise":[0.0,0.0,0.0],"spd":[-8.908199208786125,-0.8974475602447012,0.0],"spd_noise":[0.0,0.0,0.0],"RSSI":1.0106396806232376e-7}
{"type":3,"rcvTime":25299.12248618413,"sendTime":25299.12237661006,"sender":919,"messageID":5846015,"pos":[6279.097367815686,5840.810819810709,1.895],"pos_noise":[0.0,0.0,0.0],"spd":[9.833205780731142,0.6472009668961406,0.0],"spd_noise":[0.0,0.0,0.0],"RSSI":1.2418297049899518e-8}
{"type":3,"rcvTime":25299.13483760494,"sendTime":25299.134722053026,"sender":2587,"messageID":5846649,"pos":[6211.642657385953,6022.955561941158,1.895],"pos_noise":[0.0,0.0,0.0],"spd":[-17.573178127791967,6.036829176994734,0.0],"spd_noise":[0.0,0.0,0.0],"RSSI":4.004560956098669e-9}
{"type":3,"rcvTime":25299.140259598942,"sendTime":25299.140148904873,"sender":703,"messageID":5847484,"pos":[6127.0325459154,5730.424844395335,1.895],"pos_noise":[0.0,0.0,0.0],"spd":[13.458503577149323,0.703254561835522,0.0],"spd_noise":[0.0,0.0,0.0],"RSSI":6.904805057538328e-9}
{"type":2,"rcvTime":25299.2,"pos":[6180.566371049529,5827.187362176719,1.895],"noise":[0.0,0.0,0.0],"spd":[-0.5014885072506349,-0.05052195474912286,0.0],"spd_noise":[0.0,0.0,0.0]}
{"type":3,"rcvTime":25299.256469793363,"sendTime":25299.256353900677,"sender":2623,"messageID":5854590,"pos":[6054.711107726863,5817.829974512115,1.895],"pos_noise":[0.0,0.0,0.0],"spd":[-14.308210088527876,-1.4401950595347284,0.0],"spd_noise":[0.0,0.0,0.0],"RSSI":2.75248494699595e-9}
{"type":3,"rcvTime":25299.29635575807,"sendTime":25299.296242724173,"sender":907,"messageID":5856720,"pos":[6299.024266891383,5842.1223664859849,1.895],"pos_noise":[0.0,0.0,0.0],"spd":[8.209465179403559,0.5403297683657753,0.0],"spd_noise":[0.0,0.0,0.0],"RSSI":7.954127123856095e-9}
{"type":2,"rcvTime":25299.3,"pos":[6180.491125012676,5827.179781590496,1.895],"noise":[0.0,0.0,0.0],"spd":[-0.7525058211403656,-0.07581044130536834,0.0],"spd_noise":[0.0,0.0,0.0]}
{"type":3,"rcvTime":25299.31782647458,"sendTime":25299.3177123799,"sender":2305,"messageID":5857779,"pos":[6100.939533978045,5745.683764506012,1.895],"pos_noise":[0.0,0.0,0.0],"spd":[2.3463844745552956e-15,-4.682354187732925e-14,0.0],"spd_noise":[0.0,0.0,0.0],"RSSI":4.1244465286285579e-9}
{"type":3,"rcvTime":25299.360499552204,"sendTime":25299.36038713483,"sender":637,"messageID":5859286,"pos":[6129.2119531465809,5733.835843271707,1.895],"pos_noise":[0.0,0.0,0.0],"spd":[12.899112205497439,0.6611891062528464,0.0],"spd_noise":[0.0,0.0,0.0],"RSSI":3.371363430026857e-8}
{"type":3,"rcvTime":25299.389888391703,"sendTime":25299.389779301688,"sender":2125,"messageID":5860090,"pos":[6026.43818687421,5477.668640358642,1.895],"pos_noise":[0.0,0.0,0.0],"spd":[-4.700374001760066,-11.1648682208067,0.0],"spd_noise":[0.0,0.0,0.0],"RSSI":2.4713967763048368e-9}
{"type":3,"rcvTime":25299.396376672612,"sendTime":25299.396262175636,"sender":313,"messageID":5861035,"pos":[6019.362543464111,5435.601710818353,1.895],"pos_noise":[0.0,0.0,0.0],"spd":[6.342343554918224,-10.114545126189217,0.0],"spd_noise":[0.0,0.0,0.0],"RSSI":2.211233742966647e-9}
{"type":2,"rcvTime":25299.399999999998,"pos":[6180.3950026551869,5827.17009784037,1.895],"noise":[0.0,0.0,0.0],"spd":[-0.9612816379152431,-0.09684335076438501,0.0],"spd_noise":[0.0,0.0,0.0]}
{"type":3,"rcvTime":25299.416042772737,"sendTime":25299.41593480534,"sender":2743,"messageID":5862413,"pos":[6097.539826445966,5816.302882790232,1.895],"pos_noise":[0.0,0.0,0.0],"spd":[-6.995999142457827,-5.180792512334069,0.0],"spd_noise":[0.0,0.0,0.0],"RSSI":1.923070563586878e-8}
{"type":3,"rcvTime":25299.433028264306,"sendTime":25299.43292169785,"sender":787,"messageID":5863315,"pos":[6230.589642107585,5767.588225557947,1.895],"pos_noise":[0.0,0.0,0.0],"spd":[3.1251862279506059,-7.552707167835159,0.0],"spd_noise":[0.0,0.0,0.0],"RSSI":1.8605495970578855e-9}
{"type":3,"rcvTime":25299.441888360918,"sendTime":25299.441771834947,"sender":2545,"messageID":5863729,"pos":[6098.354762357927,5797.26446814195,1.895],"pos_noise":[0.0,0.0,0.0],"spd":[0.28396127400422846,-5.666621454852637,0.0],"spd_noise":[0.0,0.0,0.0],"RSSI":8.20577744764842e-8}
{"type":3,"rcvTime":25299.448681418973,"sendTime":25299.4485697452,"sender":2551,"messageID":5864129,"pos":[6098.995760338999,5784.472960128005,1.895],"pos_noise":[0.0,0.0,0.0],"spd":[0.2254420851101712,-4.498835134463289,0.0],"spd_noise":[0.0,0.0,0.0],"RSSI":1.4219979714631116e-8}
{"type":3,"rcvTime":25299.456215479346,"sendTime":25299.456101028667,"sender":2425,"messageID":5864529,"pos":[6099.6113267526529,5772.188954646154,1.895],"pos_noise":[0.0,0.0,0.0],"spd":[0.12103720447639255,-2.415371680970289,0.0],"spd_noise":[0.0,0.0,0.0],"RSSI":4.400693276612353e-9}
{"type":3,"rcvTime":25299.49900558056,"sendTime":25299.498888888535,"sender":2323,"messageID":5866247,"pos":[6100.569413460134,5753.069746538388,1.895],"pos_noise":[0.0,0.0,0.0],"spd":[0.022282951392341319,-0.4446699673399181,0.0],"spd_noise":[0.0,0.0,0.0],"RSSI":1.865617896587978e-8}
{"type":2,"rcvTime":25299.5,"pos":[6180.274278961745,5827.157935653422,1.895],"noise":[0.0,0.0,0.0],"spd":[-1.2073098579452253,-0.12162921608268138,0.0],"spd_noise":[0.0,0.0,0.0]}
{"type":3,"rcvTime":25299.537552065918,"sendTime":25299.53743437631,"sender":307,"messageID":5869350,"pos":[6094.94641194572,5674.124797660745,1.895],"pos_noise":[0.0,0.0,0.0],"spd":[-0.8706887688207028,-12.693477132405846,0.0],"spd_noise":[0.0,0.0,0.0],"RSSI":8.695503927297255e-9}
{"type":3,"rcvTime":25299.54404610092,"sendTime":25299.54393521547,"sender":2239,"messageID":5870652,"pos":[6097.9498976738109,5739.529822660743,1.895],"pos_noise":[0.0,0.0,0.0],"spd":[2.287129488478304e-15,-4.5641072272705839e-14,0.0],"spd_noise":[0.0,0.0,0.0],"RSSI":5.697174834686049e-9}
{"type":3,"rcvTime":25299.567934104078,"sendTime":25299.56782010295,"sender":2353,"messageID":5872711,"pos":[6101.23989767381,5739.689822660743,1.895],"pos_noise":[0.0,0.0,0.0],"spd":[2.389643671321135e-15,-4.768680569173078e-14,0.0],"spd_noise":[0.0,0.0,0.0],"RSSI":3.145662334342144e-9}
{"type":3,"rcvTime":25299.571022115015,"sendTime":25299.570915502678,"sender":2905,"messageID":5873454,"pos":[6168.725668366634,5825.994482506506,1.895],"pos_noise":[0.0,0.0,0.0],"spd":[-5.566612127025508,-0.5608027341047738,0.0],"spd_noise":[0.0,0.0,0.0],"RSSI":0.0000021202304220894728}
{"type":2,"rcvTime":25299.6,"pos":[6180.132015623318,5827.1436034766279,1.895],"noise":[0.0,0.0,0.0],"spd":[-1.4227193188938406,-0.14333042534504665,0.0],"spd_noise":[0.0,0.0,0.0]}
{"type":3,"rcvTime":25299.607858645126,"sendTime":25299.60774675873,"sender":955,"messageID":5876520,"pos":[6091.198673617917,5808.231116287884,1.895],"pos_noise":[0.0,0.0,0.0],"spd":[-0.20570960189487337,4.105061324503147,0.0],"spd_noise":[0.0,0.0,0.0],"RSSI":2.2545504403558707e-8}
{"type":3,"rcvTime":25299.62389465139,"sendTime":25299.623778918478,"sender":2749,"messageID":5878773,"pos":[6109.174631210337,5819.995073225971,1.895],"pos_noise":[0.0,0.0,0.0],