{"type":2,"rcvTime":25298.5,"pos":[3609.6039437036276,6078.0541426035629,1.895],"noise":[0.0,0.0,0.0],"spd":[-3.109628888900309,-26.99980256758501,0.0],"spd_noise":[0.0,0.0,0.0]}
{"type":2,"rcvTime":25298.6,"pos":[3609.29351160183,6075.358770982497,1.895],"noise":[0.0,0.0,0.0],"spd":[-3.104309310162396,-26.953614555849169,0.0],"spd_noise":[0.0,0.0,0.0]}
{"type":3,"rcvTime":25298.620175933116,"sendTime":25298.620070124136,"sender":2719,"messageID":5806507,"pos":[3594.5197269047405,5849.253766123779,1.895],"pos_noise":[0.0,0.0,0.0],"spd":[-0.01860869188459916,-31.939493534493374,0.0],"spd_noise":[0.0,0.0,0.0],"RSSI":1.8921727156104049e-8}
{"type":3,"rcvTime":25298.630614174945,"sendTime":25298.630502750166,"sender":2569,"messageID":5808255,"pos":[3600.9052721162827,5673.501516415028,1.895],"pos_noise":[0.0,0.0,0.0],"spd":[1.3574593534420885,-31.639007071580275,0.0],"spd_noise":[0.0,0.0,0.0],"RSSI":5.537557243604405e-9}
{"type":3,"rcvTime":25298.64465759634,"sendTime":25298.644551878282,"sender":2713,"messageID":5810540,"pos":[3591.227853722414,5863.251176821577,1.895],"pos_noise":[0.0,0.0,0.0],"spd":[-0.017108282509707995,-29.394167886370516,0.0],"spd_noise":[0.0,0.0,0.0],"RSSI":2.5987505498825369e-9}
{"type":3,"rcvTime":25298.652839944232,"sendTime":25298.652723449235,"sender":2509,"messageID":5811519,"pos":[3742.4445273665776,5791.712607417548,1.895],"pos_noise":[0.0,0.0,0.0],"spd":[2.5073950244752707,-29.782604854676248,0.0],"spd_noise":[0.0,0.0,0.0],"RSSI":1.5255658247735245e-9}
{"type":2,"rcvTime":25298.7,"pos":[3608.982127812373,6072.655136195697,1.895],"noise":[0.0,0.0,0.0],"spd":[-3.113826150855572,-27.03624590154894,0.0],"spd_noise":[0.0,0.0,0.0]}
{"type":3,"rcvTime":25298.70494734601,"sendTime":25298.704840598908,"sender":2635,"messageID":5814624,"pos":[3599.2313271681489,5712.517016891811,1.895],"pos_noise":[0.0,0.0,0.0],"spd":[1.3835611133808173,-32.24737428728222,0.0],"spd_noise":[0.0,0.0,0.0],"RSSI":2.7401069767522208e-9}
{"type":3,"rcvTime":25298.76291589139,"sendTime":25298.762804461225,"sender":2863,"messageID":5819022,"pos":[3595.8861682705557,5973.174967631292,1.895],"pos_noise":[0.0,0.0,0.0],"spd":[-1.9790331821764896,-29.81280396072402,0.0],"spd_noise":[0.0,0.0,0.0],"RSSI":1.0566178105631777e-8}
{"type":3,"rcvTime":25298.76438068476,"sendTime":25298.76426573014,"sender":2593,"messageID":5819321,"pos":[3583.03411239978,5704.536916983431,1.895],"pos_noise":[0.0,0.0,0.0],"spd":[-1.7857404414506249,42.68277598587498,0.0],"spd_noise":[0.0,0.0,0.0],"RSSI":3.822787640974468e-9}
{"type":3,"rcvTime":25298.7772146704,"sendTime":25298.777104883127,"sender":2581,"messageID":5820872,"pos":[3615.659760037224,5520.618121231149,1.895],"pos_noise":[0.0,0.0,0.0],"spd":[-2.443283399810732,29.826047092495057,0.0],"spd_noise":[0.0,0.0,0.0],"RSSI":1.981074816013369e-9}
{"type":2,"rcvTime":25298.8,"pos":[3608.6715261966057,6069.958292745072,1.895],"noise":[0.0,0.0,0.0],"spd":[-3.1060044434679225,-26.96833279593831,0.0],"spd_noise":[0.0,0.0,0.0]}
{"type":3,"rcvTime":25298.850567654372,"sendTime":25298.850456464104,"sender":2485,"messageID":5826201,"pos":[3588.1527796329798,5740.06360458461,1.895],"pos_noise":[0.0,0.0,0.0],"spd":[-1.2507939985903163,29.957495635119686,0.0],"spd_noise":[0.0,0.0,0.0],"RSSI":3.035668532285359e-9}
{"type":3,"rcvTime":25298.855969658678,"sendTime":25298.855857082315,"sender":2377,"messageID":5826965,"pos":[3589.9823294751015,5980.058324045969,1.895],"pos_noise":[0.0,0.0,0.0],"spd":[2.154499767891058,28.975975289412234,0.0],"spd_noise":[0.0,0.0,0.0],"RSSI":4.877569532362341e-8}
{"type":2,"rcvTime":25298.899999999998,"pos":[3608.3613139551905,6067.264830093576,1.895],"noise":[0.0,0.0,0.0],"spd":[-3.1021107146273896,-26.934524932137774,0.0],"spd_noise":[0.0,0.0,0.0]}
{"type":3,"rcvTime":25298.934827671692,"sendTime":25298.934715590018,"sender":2293,"messageID":5832525,"pos":[3600.185821020398,6053.574563465975,1.895],"pos_noise":[0.0,0.0,0.0],"spd":[3.0170503354991577,28.57067630266095,0.0],"spd_noise":[0.0,0.0,0.0],"RSSI":2.0154962183115109e-7}
{"type":3,"rcvTime":25298.942531970377,"sendTime":25298.942419985262,"sender":2479,"messageID":5833970,"pos":[3662.296083981081,5943.08618288277,1.895],"pos_noise":[0.0,0.0,0.0],"spd":[-0.034774031286209778,35.916224468301638,0.0],"spd_noise":[0.0,0.0,0.0],"RSSI":3.370856910088107e-9}
{"type":2,"rcvTime":25299.0,"pos":[3608.0501994911894,6064.563533763994,1.895],"noise":[0.0,0.0,0.0],"spd":[-3.1111329064591639,-27.012861417562964,0.0],"spd_noise":[0.0,0.0,0.0]}
{"type":2,"rcvTime":25299.1,"pos":[3607.7397174646068,6061.867728663765,1.895],"noise":[0.0,0.0,0.0],"spd":[-3.1048085561265807,-26.957949331138197,0.0],"spd_noise":[0.0,0.0,0.0]}
{"type":3,"rcvTime":25299.159313290555,"sendTime":25299.159198691137,"sender":2767,"messageID":5848897,"pos":[3567.4409765787906,6144.970924967168,1.895],"pos_noise":[0.0,0.0,0.0],"spd":[-1.1501159352688833,-29.43915540386073,0.0],"spd_noise":[0.0,0.0,0.0],"RSSI":2.3698477671800515e-9}
{"type":2,"rcvTime":25299.2,"pos":[3607.4291439660626,6059.171129344999,1.895],"noise":[0.0,0.0,0.0],"spd":[-3.1057232722938798,-26.965891486554435,0.0],"spd_noise":[0.0,0.0,0.0]}
{"type":3,"rcvTime":25299.253388295136,"sendTime":25299.25327814948,"sender":2923,"messageID":5853997,"pos":[3606.4242941959876,6021.58924469113,1.895],"pos_noise":[0.0,0.0,0.0],"spd":[-4.5599311129099739,-39.61628893212416,0.0],"spd_noise":[0.0,0.0,0.0],"RSSI":2.563072023704407e-7}
{"type":2,"rcvTime":25299.3,"pos":[3607.1176639671605,6056.466659205772,1.895],"noise":[0.0,0.0,0.0],"spd":[-3.114788241681434,-27.04459939431119,0.0],"spd_noise":[0.0,0.0,0.0]}
{"type":3,"rcvTime":25299.313169298992,"sendTime":25299.31305417195,"sender":2317,"messageID":5857509,"pos":[3597.685344245242,6029.895703453363,1.895],"pos_noise":[0.0,0.0,0.0],"spd":[3.0218103465882946,28.61575236067873,0.0],"spd_noise":[0.0,0.0,0.0],"RSSI":3.164722757315892e-7}
{"type":2,"rcvTime":25299.399999999998,"pos":[3606.807178112322,6053.770820866162,1.895],"noise":[0.0,0.0,0.0],"spd":[-3.104846838535777,-26.958281723692758,0.0],"spd_noise":[0.0,0.0,0.0]}
{"type":2,"rcvTime":25299.5,"pos":[3606.4963374860315,6051.0719021721019,1.895],"noise":[0.0,0.0,0.0],"spd":[-3.108394539684512,-26.989085152013929,0.0],"spd_noise":[0.0,0.0,0.0]}
{"type":3,"rcvTime":25299.586912976494,"sendTime":25299.586804668605,"sender":2809,"messageID":5876036,"pos":[3592.2518812996424,5910.020806968183,1.895],"pos_noise":[0.0,0.0,0.0],"spd":[-1.153194254251517,-29.517950165449184,0.0],"spd_noise":[0.0,0.0,0.0],"RSSI":2.0531910320978566e-9}
{"type":2,"rcvTime":25299.6,"pos":[3606.1858890567816,6048.376388785573,1.895],"noise":[0.0,0.0,0.0],"spd":[-3.104472584066254,-26.95503220513341,0.0],"spd_noise":[0.0,0.0,0.0]}
{"type":3,"rcvTime":25299.62018757388,"sendTime":25299.620070124136,"sender":2719,"messageID":5877595,"pos":[3594.501131451454,5817.3369949896109,1.895],"pos_noise":[0.0,0.0,0.0],"spd":[-0.018574789555588366,-31.88130442453553,0.0],"spd_noise":[0.0,0.0,0.0],"RSSI":1.9552411891931505e-8}
{"type":3,"rcvTime":25299.64467039116,"sendTime":25299.644551878282,"sender":2713,"messageID":5881587,"pos":[3591.2107365624185,5833.841756304826,1.895],"pos_noise":[0.0,0.0,0.0],"spd":[-0.01713119347107597,-29.433531781870035,0.0],"spd_noise":[0.0,0.0,0.0],"RSSI":6.344717366974616e-9}
{"type":2,"rcvTime":25299.7,"pos":[3605.875660573494,6045.682785111676,1.895],"noise":[0.0,0.0,0.0],"spd":[-3.102273132736419,-26.935935150838394,0.0],"spd_noise":[0.0,0.0,0.0]}
{"type":3,"rcvTime":25299.704956062724,"sendTime":25299.704840598908,"sender":2635,"messageID":5885646,"pos":[3600.606928406271,5680.455167533115,1.895],"pos_noise":[0.0,0.0,0.0],"spd":[1.372431626019263,-31.987973570463415,0.0],"spd_noise":[0.0,0.0,0.0],"RSSI":7.307762163649497e-9}
{"type":3,"rcvTime":25299.726751175007,"sendTime":25299.726634441224,"sender":2563,"messageID":5886714,"pos":[3587.936185264817,5666.229085148269,1.895],"pos_noise":[0.0,0.0,0.0],"spd":[-1.454566088235935,34.80244174063792,0.0],