{"type":2,"rcvTime":18059.1,"pos":[3569.9647420129297,5185.866541642584,1.895],"noise":[0.0,0.0,0.0],"spd":[-0.0,-0.0,0.0],"spd_noise":[0.0,0.0,0.0]}
{"type":3,"rcvTime":18059.190848584494,"sendTime":18059.19074271661,"sender":445,"messageID":196167,"pos":[3621.550619822828,5217.353415976378,1.895],"pos_noise":[0.0,0.0,0.0],"spd":[15.753407933117325,2.1004543910827917,0.0],"spd_noise":[0.0,0.0,0.0],"RSSI":7.575687946107653e-8}
{"type":2,"rcvTime":18059.2,"pos":[3569.962752191255,5185.840729542425,1.895],"noise":[0.0,0.0,0.0],"spd":[-0.1016256346669056,-0.23809020804482557,0.0],"spd_noise":[0.0,0.0,0.0]}
{"type":3,"rcvTime":18059.208620577094,"sendTime":18059.208502494497,"sender":199,"messageID":196254,"pos":[3479.622397154866,5187.67211783684,1.895],"pos_noise":[0.0,0.0,0.0],"spd":[-0.0,-0.0,0.0],"spd_noise":[0.0,0.0,0.0],"RSSI":6.349631758883204e-8}
{"type":3,"rcvTime":18059.228622116472,"sendTime":18059.228513499627,"sender":415,"messageID":196334,"pos":[3650.757792045699,5182.758664574692,1.895],"pos_noise":[0.0,0.0,0.0],"spd":[6.329331531723323,-40.202039320967667,0.0],"spd_noise":[0.0,0.0,0.0],"RSSI":3.288524340220393e-8}
{"type":2,"rcvTime":18059.3,"pos":[3569.958791868186,5185.789355966079,1.895],"noise":[0.0,0.0,0.0],"spd":[-0.19921621795126749,-0.47515823841762985,0.0],"spd_noise":[0.0,0.0,0.0]}
{"type":3,"rcvTime":18059.325954645727,"sendTime":18059.325846266467,"sender":205,"messageID":196569,"pos":[3177.115140579926,5259.262671355736,1.895],"pos_noise":[0.0,0.0,0.0],"spd":[0.0,-0.0,0.0],"spd_noise":[0.0,0.0,0.0],"RSSI":1.7140839073908952e-9}
{"type":2,"rcvTime":18059.4,"pos":[3569.9531001145835,5185.715522156775,1.895],"noise":[0.0,0.0,0.0],"spd":[-0.27999371807807219,-0.6855096472588437,0.0],"spd_noise":[0.0,0.0,0.0]}
{"type":3,"rcvTime":18059.49718984497,"sendTime":18059.49707379518,"sender":79,"messageID":197312,"pos":[4016.3564214708596,5252.446816166929,1.895],"pos_noise":[0.0,0.0,0.0],"spd":[-6.672646883231524,-1.217529976348454,0.0],"spd_noise":[0.0,0.0,0.0],"RSSI":3.7015717806372267e-9}
{"type":2,"rcvTime":18059.5,"pos":[3569.9457511527168,5185.620190930774,1.895],"noise":[0.0,0.0,0.0],"spd":[-0.35093549579592239,-0.8893506593810955,0.0],"spd_noise":[0.0,0.0,0.0]}
{"type":3,"rcvTime":18059.53553892656,"sendTime":18059.53542708061,"sender":457,"messageID":197571,"pos":[3597.787690377389,5794.288613329998,1.895],"pos_noise":[0.0,0.0,0.0],"spd":[-0.0186521267984996,-31.98140291526913,0.0],"spd_noise":[0.0,0.0,0.0],"RSSI":1.5273559735809346e-9}
{"type":2,"rcvTime":18059.6,"pos":[3569.9367249973477,5185.503103038221,1.895],"noise":[0.0,0.0,0.0],"spd":[-0.41498294541068289,-1.0985152985966598,0.0],"spd_noise":[0.0,0.0,0.0]}
{"type":3,"rcvTime":18059.620305948385,"sendTime":18059.620196171243,"sender":475,"messageID":197776,"pos":[3607.920867399467,5402.093278026087,1.895],"pos_noise":[0.0,0.0,0.0],"spd":[-4.166635459895837,36.11822045309375,0.0],"spd_noise":[0.0,0.0,0.0],"RSSI":1.511808320325316e-8}
{"type":2,"rcvTime":18059.7,"pos":[3569.9260506261068,5185.36463437888,1.895],"noise":[0.0,0.0,0.0],"spd":[-0.4682008652133899,-1.3074090026552257,0.0],"spd_noise":[0.0,0.0,0.0]}
{"type":2,"rcvTime":18059.8,"pos":[3569.9137997547697,5185.205715254611,1.895],"noise":[0.0,0.0,0.0],"spd":[-0.507476331018616,-1.5108653435074227,0.0],"spd_noise":[0.0,0.0,0.0]}
{"type":3,"rcvTime":18059.896481523952,"sendTime":18059.896373876367,"sender":109,"messageID":198645,"pos":[3948.69952651302,5260.042832103142,1.895],"pos_noise":[0.0,0.0,0.0],"spd":[4.6435725122088309e-14,6.56328157288624e-15,0.0],"spd_noise":[0.0,0.0,0.0],"RSSI":1.4253286689072909e-9}
{"type":2,"rcvTime":18059.9,"pos":[3569.8996106950878,5185.021653821194,1.895],"noise":[0.0,0.0,0.0],"spd":[-0.5474990720558159,-1.7629091404900024,0.0],"spd_noise":[0.0,0.0,0.0]}
{"type":3,"rcvTime":18059.915182523862,"sendTime":18059.915075827343,"sender":355,"messageID":198718,"pos":[3963.3875644083107,5217.38577148799,1.895],"pos_noise":[0.0,0.0,0.0],"spd":[-1.072678927992147,0.686817744707283,0.0],"spd_noise":[0.0,0.0,0.0],"RSSI":1.0776739407269873e-8}
{"type":2,"rcvTime":18060.0,"pos":[3569.8839405232295,5184.818379301335,1.895],"noise":[0.0,0.0,0.0],"spd":[-0.5553608840882904,-1.9615572512783628,0.0],"spd_noise":[0.0,0.0,0.0]}
{"type":2,"rcvTime":18060.1,"pos":[3569.867059366485,5184.599395804354,1.895],"noise":[0.0,0.0,0.0],"spd":[-0.5409678005440857,-2.1285384824419095,0.0],"spd_noise":[0.0,0.0,0.0]}
{"type":3,"rcvTime":18060.190854547815,"sendTime":18060.19074271661,"sender":445,"messageID":199594,"pos":[3637.257315647805,5219.447642086375,1.895],"pos_noise":[0.0,0.0,0.0],"spd":[15.718431653020819,2.0957908870699235,0.0],"spd_noise":[0.0,0.0,0.0],"RSSI":5.185056140970489e-9}
{"type":2,"rcvTime":18060.2,"pos":[3569.8483785049727,5184.357066416463,1.895],"noise":[0.0,0.0,0.0],"spd":[-0.5284796054380511,-2.3721896299195235,0.0],"spd_noise":[0.0,0.0,0.0]}
{"type":3,"rcvTime":18060.208620132304,"sendTime":18060.208502494497,"sender":199,"messageID":199672,"pos":[3479.622397154866,5187.67211783684,1.895],"pos_noise":[0.0,0.0,0.0],"spd":[-0.0,-0.0,0.0],"spd_noise":[0.0,0.0,0.0],"RSSI":8.580703597277065e-9}
{"type":2,"rcvTime":18060.3,"pos":[3569.8279931386016,5184.0926260772789,1.895],"noise":[0.0,0.0,0.0],"spd":[-0.49341558679603239,-2.6057937887734599,0.0],"spd_noise":[0.0,0.0,0.0]}
{"type":3,"rcvTime":18060.32595420111,"sendTime":18060.325846266467,"sender":205,"messageID":199889,"pos":[3177.2391461953959,5259.184487651155,1.895],"pos_noise":[0.0,0.0,0.0],"spd":[0.6150081327411463,-0.38775352215023148,0.0],"spd_noise":[0.0,0.0,0.0],"RSSI":8.048276941038137e-9}
{"type":3,"rcvTime":18060.380469650732,"sendTime":18060.38035019403,"sender":331,"messageID":200261,"pos":[4100.60477686622,5270.4799869576659,1.895],"pos_noise":[0.0,0.0,0.0],"spd":[-10.72019380932618,-2.621614437027889,0.0],"spd_noise":[0.0,0.0,0.0],"RSSI":2.2273289859133849e-9}
{"type":2,"rcvTime":18060.4,"pos":[3569.806287204159,5183.811055240546,1.895],"noise":[0.0,0.0,0.0],"spd":[-0.43157853021038719,-2.7907266452794965,0.0],"spd_noise":[0.0,0.0,0.0]}
{"type":3,"rcvTime":18060.497190649923,"sendTime":18060.49707379518,"sender":79,"messageID":200639,"pos":[4011.0997391620037,5251.697631018807,1.895],"pos_noise":[0.0,0.0,0.0],"spd":[-4.160255085779507,-0.7070682119630237,0.0],"spd_noise":[0.0,0.0,0.0],"RSSI":4.11763075680447e-9}
{"type":2,"rcvTime":18060.5,"pos":[3569.782852118966,5183.507053744352,1.895],"noise":[0.0,0.0,0.0],"spd":[-0.35777977332067775,-3.0277946614969366,0.0],"spd_noise":[0.0,0.0,0.0]}
{"type":3,"rcvTime":18060.50619320759,"sendTime":18060.506086828187,"sender":187,"messageID":200712,"pos":[3179.2107211880736,5261.841085830253,1.895],"pos_noise":[0.0,0.0,0.0],"spd":[1.1225637420299255,-0.7077445648244254,0.0],"spd_noise":[0.0,0.0,0.0],"RSSI":5.769708775225574e-9}
{"type":3,"rcvTime":18060.507015690662,"sendTime":18060.506898599397,"sender":463,"messageID":200770,"pos":[3591.521980221588,5738.248419334487,1.895],"pos_noise":[0.0,0.0,0.0],"spd":[1.6883049648725046,-39.27893183581327,0.0],"spd_noise":[0.0,0.0,0.0],"RSSI":2.8501837248611576e-9}
{"type":3,"rcvTime":18060.535544855353,"sendTime":18060.53542708061,"sender":457,"messageID":200910,"pos":[3597.76909953847,5762.412296148584,1.895],"pos_noise":[0.0,0.0,0.0],"spd":[-0.01863113341079246,-31.94540712786796,0.0],"spd_noise":[0.0,0.0,0.0],"RSSI":1.946647546906426e-9}
{"type":2,"rcvTime":18060.6,"pos":[3569.7581361413565,5183.186436425867,1.895],"noise":[0.0,0.0,0.0],"spd":[-0.25882884060691449,-3.205067570282145,0.0],"spd_noise":[0.0,0.0,0.0]}
{"type":3,"rcvTime":18060.620304710777,"sendTime":18060.620196171243,"sender":475,"messageID":201132,"pos":[3603.7516415305055,5438.233953279138,1.895],"pos_noise":[0.0,0.0,0.0],"spd":[-4.166900178106815,36.120515146455257,0.0],"spd_noise":[0.0,0.0,0.0],"RSSI":4.8768016504784119e-9}
{"type":2,"rcvTime":18060.7,"pos":[3569.732349125302,5182.85192552487,1.895],"noise":[0.0,0.0,0.0],