{"type":2,"rcvTime":18098.1,"pos":[6129.373849869892,5822.030023172647,1.895],"noise":[0.0,0.0,0.0],"spd":[-0.0,-0.0,0.0],"spd_noise":[0.0,0.0,0.0]}
{"type":3,"rcvTime":18098.124548242457,"sendTime":18098.12443449814,"sender":349,"messageID":318785,"pos":[6164.15729860763,5732.327279146209,1.895],"pos_noise":[0.0,0.0,0.0],"spd":[14.975418860406077,0.7674059807224377,0.0],"spd_noise":[0.0,0.0,0.0],"RSSI":7.509948796572673e-9}
{"type":3,"rcvTime":18098.18393933329,"sendTime":18098.183821327893,"sender":379,"messageID":318866,"pos":[6126.107884466173,5736.985677813807,1.895],"pos_noise":[0.0,0.0,0.0],"spd":[13.828937920914264,0.7738701113462482,0.0],"spd_noise":[0.0,0.0,0.0],"RSSI":7.416986305349449e-8}
{"type":2,"rcvTime":18098.2,"pos":[6129.350901381057,5822.0277112502449,1.895],"noise":[0.0,0.0,0.0],"spd":[-0.22949875045856159,-0.023120620548710115,0.0],"spd_noise":[0.0,0.0,0.0]}
{"type":2,"rcvTime":18098.3,"pos":[6129.304662327157,5822.023052943315,1.895],"noise":[0.0,0.0,0.0],"spd":[-0.46241846985130966,-0.046585883168283579,0.0],"spd_noise":[0.0,0.0,0.0]}
{"type":2,"rcvTime":18098.399999999998,"pos":[6129.237796126415,5822.016316575244,1.895],"noise":[0.0,0.0,0.0],"spd":[-0.6687023981588692,-0.06736774983283701,0.0],"spd_noise":[0.0,0.0,0.0]}
{"type":3,"rcvTime":18098.485170292373,"sendTime":18098.485053766286,"sender":157,"messageID":320009,"pos":[6299.415528344784,5845.45543358662,1.895],"pos_noise":[0.0,0.0,0.0],"spd":[13.282013708455855,0.8730346921445944,0.0],"spd_noise":[0.0,0.0,0.0],"RSSI":4.1056557356691508e-9}
{"type":2,"rcvTime":18098.5,"pos":[6129.149079305641,5822.007378888457,1.895],"noise":[0.0,0.0,0.0],"spd":[-0.8872217974144079,-0.08938226669893555,0.0],"spd_noise":[0.0,0.0,0.0]}
{"type":2,"rcvTime":18098.6,"pos":[6129.041802552954,5821.996571400017,1.895],"noise":[0.0,0.0,0.0],"spd":[-1.0728323277263994,-0.10808141269695505,0.0],"spd_noise":[0.0,0.0,0.0]}
{"type":3,"rcvTime":18098.629607702118,"sendTime":18098.629497485377,"sender":559,"messageID":320517,"pos":[6100.614932333096,5752.161389499091,1.895],"pos_noise":[0.0,0.0,0.0],"spd":[0.24641506286183899,-4.917363774035666,0.0],"spd_noise":[0.0,0.0,0.0],"RSSI":5.1774207896498359e-9}
{"type":3,"rcvTime":18098.667522782056,"sendTime":18098.66740490184,"sender":529,"messageID":320663,"pos":[6101.23989767381,5739.689822660743,1.895],"pos_noise":[0.0,0.0,0.0],"spd":[2.3735564304180086e-15,-4.7365774928747058e-14,0.0],"spd_noise":[0.0,0.0,0.0],"RSSI":5.5721933114141037e-8}
{"type":2,"rcvTime":18098.7,"pos":[6128.912206128956,5821.983515338763,1.895],"noise":[0.0,0.0,0.0],"spd":[-1.296042523118992,-0.1305684990970686,0.0],"spd_noise":[0.0,0.0,0.0]}
{"type":3,"rcvTime":18098.721739984463,"sendTime":18098.72162401201,"sender":295,"messageID":320813,"pos":[6161.056948392958,5738.774396789018,1.895],"pos_noise":[0.0,0.0,0.0],"spd":[14.71267420959957,0.7530055623211441,0.0],"spd_noise":[0.0,0.0,0.0],"RSSI":9.160478458839933e-8}
{"type":3,"rcvTime":18098.783138254927,"sendTime":18098.783022184576,"sender":595,"messageID":321050,"pos":[6119.113533809225,6061.657329918801,1.895],"pos_noise":[0.0,0.0,0.0],"spd":[15.275227438984273,-5.215931320629918,0.0],"spd_noise":[0.0,0.0,0.0],"RSSI":3.99638475645134e-9}
{"type":2,"rcvTime":18098.8,"pos":[6128.760527919379,5821.968234670254,1.895],"noise":[0.0,0.0,0.0],"spd":[-1.5168737174823264,-0.15281591543372095,0.0],"spd_noise":[0.0,0.0,0.0]}
{"type":2,"rcvTime":18098.899999999998,"pos":[6128.58787303541,5821.950840727803,1.895],"noise":[0.0,0.0,0.0],"spd":[-1.726653132420242,-0.1739499313794231,0.0],"spd_noise":[0.0,0.0,0.0]}
{"type":3,"rcvTime":18098.9625671572,"sendTime":18098.962459575614,"sender":85,"messageID":321669,"pos":[5989.935747653626,5399.042931418046,1.895],"pos_noise":[0.0,0.0,0.0],"spd":[-6.748598788216037,-13.565250673455852,0.0],"spd_noise":[0.0,0.0,0.0],"RSSI":1.8548604098323255e-9}
{"type":3,"rcvTime":18098.985317124414,"sendTime":18098.985198416838,"sender":391,"messageID":321733,"pos":[5870.970410989282,5712.523539331829,1.895],"pos_noise":[0.0,0.0,0.0],"spd":[5.204270362948298,0.6000550464107113,0.0],"spd_noise":[0.0,0.0,0.0],"RSSI":2.6565180781402466e-9}
{"type":2,"rcvTime":18099.0,"pos":[6128.393671576565,5821.931276097359,1.895],"noise":[0.0,0.0,0.0],"spd":[-1.9421318964531445,-0.19565812251139065,0.0],"spd_noise":[0.0,0.0,0.0]}
{"type":2,"rcvTime":18099.1,"pos":[6128.179555449765,5821.909705183743,1.895],"noise":[0.0,0.0,0.0],"spd":[-2.141290605529969,-0.21572216613800319,0.0],"spd_noise":[0.0,0.0,0.0]}
{"type":3,"rcvTime":18099.12454856315,"sendTime":18099.12443449814,"sender":349,"messageID":322157,"pos":[6179.079020357224,5733.091933452047,1.895],"pos_noise":[0.0,0.0,0.0],"spd":[14.928882176418867,0.7650212374344239,0.0],"spd_noise":[0.0,0.0,0.0],"RSSI":5.515581991099322e-8}
{"type":3,"rcvTime":18099.183926636702,"sendTime":18099.183821327893,"sender":379,"messageID":322301,"pos":[6139.965298489816,5737.694910526403,1.895],"pos_noise":[0.0,0.0,0.0],"spd":[13.987380149766223,0.715884475183835,0.0],"spd_noise":[0.0,0.0,0.0],"RSSI":9.754633661411491e-8}
{"type":2,"rcvTime":18099.2,"pos":[6127.948446604455,5821.886422355809,1.895],"noise":[0.0,0.0,0.0],"spd":[-2.311228055135259,-0.2328423434007507,0.0],"spd_noise":[0.0,0.0,0.0]}
{"type":2,"rcvTime":18099.3,"pos":[6127.698405976775,5821.861232264522,1.895],"noise":[0.0,0.0,0.0],"spd":[-2.500557314640764,-0.2519161290272456,0.0],"spd_noise":[0.0,0.0,0.0]}
{"type":2,"rcvTime":18099.399999999998,"pos":[6127.427696834294,5821.833959944522,1.895],"noise":[0.0,0.0,0.0],"spd":[-2.707254947522453,-0.27273967394202727,0.0],"spd_noise":[0.0,0.0,0.0]}
{"type":3,"rcvTime":18099.48517063682,"sendTime":18099.485053766286,"sender":157,"messageID":323431,"pos":[6310.914733371386,5846.21128319954,1.895],"pos_noise":[0.0,0.0,0.0],"spd":[10.015102952913419,0.6582986974145236,0.0],"spd_noise":[0.0,0.0,0.0],"RSSI":9.786225350812114e-9}
{"type":2,"rcvTime":18099.5,"pos":[6127.139866216387,5821.804962738717,1.895],"noise":[0.0,0.0,0.0],"spd":[-2.8784800440645394,-0.28998957389855636,0.0],"spd_noise":[0.0,0.0,0.0]}
{"type":2,"rcvTime":18099.6,"pos":[6126.839535100096,5821.774706182789,1.895],"noise":[0.0,0.0,0.0],"spd":[-3.003492578877554,-0.30258383585239409,0.0],"spd_noise":[0.0,0.0,0.0]}
{"type":3,"rcvTime":18099.62960805109,"sendTime":18099.629497485377,"sender":559,"messageID":323939,"pos":[6100.799163769563,5748.484938144206,1.895],"pos_noise":[0.0,0.0,0.0],"spd":[0.13554657602866958,-2.70491509290959,0.0],"spd_noise":[0.0,0.0,0.0],"RSSI":3.625630017888676e-8}
{"type":3,"rcvTime":18099.667523107837,"sendTime":18099.66740490184,"sender":529,"messageID":324085,"pos":[6101.23989767381,5739.689822660743,1.895],"pos_noise":[0.0,0.0,0.0],"spd":[2.351896077653713e-15,-4.693352929904015e-14,0.0],"spd_noise":[0.0,0.0,0.0],"RSSI":1.4491082739234304e-8}
{"type":2,"rcvTime":18099.7,"pos":[6126.515507235096,5821.74206232177,1.895],"noise":[0.0,0.0,0.0],"spd":[-3.2404743800668736,-0.32645832881227079,0.0],"spd_noise":[0.0,0.0,0.0]}
{"type":3,"rcvTime":18099.721740384237,"sendTime":18099.72162401201,"sender":295,"messageID":324247,"pos":[6175.732780643129,5739.525516752571,1.895],"pos_noise":[0.0,0.0,0.0],"spd":[14.694101002457796,0.7520549718241638,0.0],"spd_noise":[0.0,0.0,0.0],"RSSI":7.59805324645076e-8}
{"type":3,"rcvTime":18099.78314066789,"sendTime":18099.783022184576,"sender":595,"messageID":324477,"pos":[6134.4932323197249,6056.434206574276,1.895],"pos_noise":[0.0,0.0,0.0],"spd":[15.35634935611768,-5.205477801271907,0.0],"spd_noise":[0.0,0.0,0.0],"RSSI":9.970422436792703e-9}
{"type":2,"rcvTime":18099.8,"pos":[6126.170525033889,5821.707307437248,1.895],"noise":[0.0,0.0,0.0],"spd":[-3.450030399667627,-0.34756983901961327,0.0],"spd_noise":[0.0,0.0,0.0]}
{"type":2,"rcvTime":18099.899999999998,"pos":[6125.804088522789,5821.670391159876,1.895],"noise":[0.0,0.0,0.0],"spd":[-3.6645864581405904,-0.36918507310955597,0.0],"spd_noise":[0.0,0.0,0.0]}
{"type":3,"rcvTime":18099.98531097298,