{"type":2,"rcvTime":25299.0,"pos":[6180.642098954783,5827.194991308288,1.895],"noise":[0.0,0.0,0.0],"spd":[-0.0,-0.0,0.0],"spd_noise":[0.0,0.0,0.0]}
{"type":3,"rcvTime":25299.012836911974,"sendTime":25299.01272438108,"sender":2551,"messageID":5840998,"pos":[6098.901811432641,5786.347768199292,1.895],"pos_noise":[0.0,0.0,0.0],"spd":[0.24921477675135499,-4.973233782521025,0.0],"spd_noise":[0.0,0.0,0.0],"RSSI":3.456250760978632e-9}
{"type":3,"rcvTime":25299.056757964736,"sendTime":25299.056644396434,"sender":2779,"messageID":5843089,"pos":[6169.365629430893,5701.005089605497,1.895],"pos_noise":[0.0,0.0,0.0],"spd":[-14.227082607559785,-1.4348533312737375,0.0],"spd_noise":[0.0,0.0,0.0],"RSSI":2.5562883805726276e-8}
{"type":3,"rcvTime":25299.0730382836,"sendTime":25299.072921453695,"sender":2587,"messageID":5844166,"pos":[6165.895347204016,6111.286844870968,1.895],"pos_noise":[0.0,0.0,0.0],"spd":[-17.57734587200744,6.03826090207595,0.0],"spd_noise":[0.0,0.0,0.0],"RSSI":4.596277779306529e-9}
{"type":3,"rcvTime":25299.076428422457,"sendTime":25299.076310569606,"sender":2425,"messageID":5844383,"pos":[6164.438767259235,5731.860033027066,1.895],"pos_noise":[0.0,0.0,0.0],"spd":[0.13257789633189108,-2.645673268059385,0.0],"spd_noise":[0.0,0.0,0.0],"RSSI":4.3997163929131489e-8}
{"type":2,"rcvTime":25299.1,"pos":[6180.6165168711809,5827.192414067033,1.895],"noise":[0.0,0.0,0.0],"spd":[-0.2558362889692133,-0.025773969348524177,0.0],"spd_noise":[0.0,0.0,0.0]}
{"type":3,"rcvTime":25299.122482065908,"sendTime":25299.12237661006,"sender":919,"messageID":5848499,"pos":[6279.097367815686,5840.810819810709,1.895],"pos_noise":[0.0,0.0,0.0],"spd":[9.833205780731142,0.6472009668961406,0.0],"spd_noise":[0.0,0.0,0.0],"RSSI":6.31704996291512e-8}
{"type":3,"rcvTime":25299.14026073004,"sendTime":25299.140148904873,"sender":703,"messageID":5850425,"pos":[5849.216936862623,5767.619328914176,1.895],"pos_noise":[0.0,0.0,0.0],"spd":[13.458503577149323,0.703254561835522,0.0],"spd_noise":[0.0,0.0,0.0],"RSSI":3.0382282278007238e-8}
{"type":3,"rcvTime":25299.18978107635,"sendTime":25299.189669177544,"sender":2239,"messageID":5853968,"pos":[6097.9498976738109,5739.529822660743,1.895],"pos_noise":[0.0,0.0,0.0],"spd":[2.2844234091888266e-15,-4.558707080009622e-14,0.0],"spd_noise":[0.0,0.0,0.0],"RSSI":5.7249391207776429e-9}
{"type":2,"rcvTime":25299.2,"pos":[6180.566371049529,5827.187362176719,1.895],"noise":[0.0,0.0,0.0],"spd":[-0.5014885072506349,-0.05052195474912286,0.0],"spd_noise":[0.0,0.0,0.0]}
{"type":3,"rcvTime":25299.20057814535,"sendTime":25299.200463868023,"sender":2677,"messageID":5854605,"pos":[6127.489789126537,5821.840215369987,1.895],"pos_noise":[0.0,0.0,0.0],"spd":[-8.759003678250123,-0.8824170067370245,0.0],"spd_noise":[0.0,0.0,0.0],"RSSI":1.83068326420506e-7}
{"type":3,"rcvTime":25299.205253885408,"sendTime":25299.205136760414,"sender":1681,"messageID":5855276,"pos":[5866.885445405901,5810.234522647296,1.895],"pos_noise":[0.0,0.0,0.0],"spd":[-14.348285325547689,-0.048793530500850997,0.0],"spd_noise":[0.0,0.0,0.0],"RSSI":1.0705845038595553e-8}
{"type":3,"rcvTime":25299.239212963974,"sendTime":25299.239095915713,"sender":1855,"messageID":5857843,"pos":[5869.655331447808,5806.944113821497,1.895],"pos_noise":[0.0,0.0,0.0],"spd":[-14.791462876490084,-0.050203067186866078,0.0],"spd_noise":[0.0,0.0,0.0],"RSSI":1.7331970353266328e-8}
{"type":3,"rcvTime":25299.288390895672,"sendTime":25299.288279719884,"sender":763,"messageID":5859895,"pos":[6029.375888653823,5818.595712229613,1.895],"pos_noise":[0.0,0.0,0.0],"spd":[14.804688829950014,1.489446773624483,0.0],"spd_noise":[0.0,0.0,0.0],"RSSI":4.5418416840700918e-9}
{"type":3,"rcvTime":25299.29635469167,"sendTime":25299.296242724173,"sender":907,"messageID":5860801,"pos":[6114.790404264086,5599.274852147193,1.895],"pos_noise":[0.0,0.0,0.0],"spd":[8.209465179403559,0.5403297683657753,0.0],"spd_noise":[0.0,0.0,0.0],"RSSI":2.0909520708181517e-8}
{"type":2,"rcvTime":25299.3,"pos":[6180.491125012676,5827.179781590496,1.895],"noise":[0.0,0.0,0.0],"spd":[-0.7525058211403656,-0.07581044130536834,0.0],"spd_noise":[0.0,0.0,0.0]}
{"type":3,"rcvTime":25299.320841150027,"sendTime":25299.32072308026,"sender":2749,"messageID":5862300,"pos":[6043.7181271594549,5887.389720531946,1.895],"pos_noise":[0.0,0.0,0.0],"spd":[-8.749363720564757,-0.8814458389058116,0.0],"spd_noise":[0.0,0.0,0.0],"RSSI":8.340549162036014e-9}
{"type":3,"rcvTime":25299.36049438808,"sendTime":25299.36038713483,"sender":637,"messageID":5865836,"pos":[6074.250887152005,5531.253169543241,1.895],"pos_noise":[0.0,0.0,0.0],"spd":[12.899112205497439,0.6611891062528464,0.0],"spd_noise":[0.0,0.0,0.0],"RSSI":2.213613647116999e-8}
{"type":3,"rcvTime":25299.363166607942,"sendTime":25299.36306105093,"sender":2743,"messageID":5866539,"pos":[6183.6517790213579,5559.859610163569,1.895],"pos_noise":[0.0,0.0,0.0],"spd":[-8.041556623215304,-3.7818369621046887,0.0],"spd_noise":[0.0,0.0,0.0],"RSSI":9.20014620310635e-9}
{"type":3,"rcvTime":25299.386248907118,"sendTime":25299.386140768554,"sender":2323,"messageID":5868150,"pos":[6357.029587821139,5757.822360894355,1.895],"pos_noise":[0.0,0.0,0.0],"spd":[0.023701050440374729,-0.47296900395784077,0.0],"spd_noise":[0.0,0.0,0.0],"RSSI":3.301890601174041e-8}
{"type":3,"rcvTime":25299.39009290057,"sendTime":25299.38997856644,"sender":781,"messageID":5868565,"pos":[5793.536890929124,5171.797346525678,1.895],"pos_noise":[0.0,0.0,0.0],"spd":[-4.414278297045312,-10.485300841592414,0.0],"spd_noise":[0.0,0.0,0.0],"RSSI":3.3328059797026685e-9}
{"type":3,"rcvTime":25299.39637905007,"sendTime":25299.396262175636,"sender":313,"messageID":5869782,"pos":[6019.362543464111,5435.601710818353,1.895],"pos_noise":[0.0,0.0,0.0],"spd":[6.342343554918224,-10.114545126189217,0.0],"spd_noise":[0.0,0.0,0.0],"RSSI":3.3952468782222637e-9}
{"type":2,"rcvTime":25299.399999999998,"pos":[6180.3950026551869,5827.17009784037,1.895],"noise":[0.0,0.0,0.0],"spd":[-0.9612816379152431,-0.09684335076438501,0.0],"spd_noise":[0.0,0.0,0.0]}
{"type":3,"rcvTime":25299.41298708163,"sendTime":25299.412879109663,"sender":2353,"messageID":5872014,"pos":[6101.23989767381,5739.689822660743,1.895],"pos_noise":[0.0,0.0,0.0],"spd":[2.3119486319737805e-15,-4.6136353509661179e-14,0.0],"spd_noise":[0.0,0.0,0.0],"RSSI":1.1379790869974758e-8}
{"type":3,"rcvTime":25299.420716252294,"sendTime":25299.42059989972,"sender":1333,"messageID":5872753,"pos":[6094.351206924258,5713.785169992024,1.895],"pos_noise":[0.0,0.0,0.0],"spd":[3.2392597762328917e-15,4.731443378068224e-14,0.0],"spd_noise":[0.0,0.0,0.0],"RSSI":1.5364887195114258e-9}
{"type":3,"rcvTime":25299.433237386296,"sendTime":25299.43312146575,"sender":1843,"messageID":5873732,"pos":[5912.230528174292,5717.625050276793,1.895],"pos_noise":[0.0,0.0,0.0],"spd":[15.764180256189022,2.0087149540700208,0.0],"spd_noise":[0.0,0.0,0.0],"RSSI":3.42627003059094e-9}
{"type":3,"rcvTime":25299.456982341584,"sendTime":25299.456865189783,"sender":1927,"messageID":5874779,"pos":[6324.053630169457,5742.645835002855,1.895],"pos_noise":[0.0,0.0,0.0],"spd":[1.812509175190327,0.1163729807503468,0.0],"spd_noise":[0.0,0.0,0.0],"RSSI":2.563933328828162e-9}
{"type":3,"rcvTime":25299.46870070734,"sendTime":25299.468590491404,"sender":2605,"messageID":5876071,"pos":[5949.377712241228,5324.916978962219,1.895],"pos_noise":[0.0,0.0,0.0],"spd":[5.957399401276253,11.980678416785134,0.0],"spd_noise":[0.0,0.0,0.0],"RSSI":2.3280746393835498e-9}
{"type":3,"rcvTime":25299.486616522427,"sendTime":25299.486504158376,"sender":2857,"messageID":5876889,"pos":[6150.978802622082,5824.20659238515,1.895],"pos_noise":[0.0,0.0,0.0],"spd":[-8.449767723478708,-0.8512633418217349,0.0],"spd_noise":[0.0,0.0,0.0],"RSSI":7.821818848745789e-8}
{"type":2,"rcvTime":25299.5,"pos":[6180.274278961745,5827.157935653422,1.895],"noise":[0.0,0.0,0.0],"spd":[-1.2073098579452253,-0.12162921608268138,0.0],"spd_noise":[0.0,0.0,0.0]}
{"type":3,"rcvTime":25299.53754271371,"sendTime":25299.53743437631,"sender":307,"messageID":5879042,