{"type":2,"rcvTime":25299.7,"pos":[3612.995380754628,6078.678278989917,1.895],"noise":[0.0,0.0,0.0],"spd":[-3.1037506126834737,-26.965118112690129,0.0],"spd_noise":[0.0,0.0,0.0]}
{"type":3,"rcvTime":25299.701163057915,"sendTime":25299.701056464808,"sender":2569,"messageID":5890545,"pos":[3602.6262978814277,5638.832578071186,1.895],"pos_noise":[0.0,0.0,0.0],"spd":[2.6483337477805986,-31.456661899523643,0.0],"spd_noise":[0.0,0.0,0.0],"RSSI":5.2962953014847479e-9}
{"type":3,"rcvTime":25299.73396004718,"sendTime":25299.733842296246,"sender":2713,"messageID":5893210,"pos":[3591.2090272556795,5830.904953663994,1.895],"pos_noise":[0.0,0.0,0.0],"spd":[-0.017074297427440916,-29.335777266901628,0.0],"spd_noise":[0.0,0.0,0.0],"RSSI":3.160418914378682e-9}
{"type":3,"rcvTime":25299.774462609003,"sendTime":25299.774350473985,"sender":2593,"messageID":5896958,"pos":[3581.2464450594004,5747.265749716075,1.895],"pos_noise":[0.0,0.0,0.0],"spd":[-1.7841732655587508,42.645317340726659,0.0],"spd_noise":[0.0,0.0,0.0],"RSSI":1.1585006298924673e-8}
{"type":2,"rcvTime":25299.8,"pos":[3612.6855391445499,6075.986401756662,1.895],"noise":[0.0,0.0,0.0],"spd":[-3.101818862565992,-26.948335233957775,0.0],"spd_noise":[0.0,0.0,0.0]}
{"type":3,"rcvTime":25299.812533591827,"sendTime":25299.812419071328,"sender":2485,"messageID":5900055,"pos":[3587.7205621151895,5769.984478352644,1.895],"pos_noise":[0.0,0.0,0.0],"spd":[-0.029076607910225716,29.96903610918665,0.0],"spd_noise":[0.0,0.0,0.0],"RSSI":6.420986872498689e-9}
{"type":3,"rcvTime":25299.857672268114,"sendTime":25299.857564267888,"sender":2479,"messageID":5902692,"pos":[3801.0066148583989,5839.902914043959,1.895],"pos_noise":[0.0,0.0,0.0],"spd":[1.5413998746970613,36.02538099102641,0.0],"spd_noise":[0.0,0.0,0.0],"RSSI":2.1268086917918869e-8}
{"type":2,"rcvTime":25299.899999999998,"pos":[3612.373317465834,6073.273846691993,1.895],"noise":[0.0,0.0,0.0],"spd":[-3.1256456874747475,-27.155340637470375,0.0],"spd_noise":[0.0,0.0,0.0]}
{"type":3,"rcvTime":25299.984810267444,"sendTime":25299.984691300244,"sender":2563,"messageID":5910602,"pos":[3824.779501868408,5902.577742196315,1.895],"pos_noise":[0.0,0.0,0.0],"spd":[-1.4538353699855367,34.7849583278629,0.0],"spd_noise":[0.0,0.0,0.0],"RSSI":1.5556955873313033e-9}
{"type":2,"rcvTime":25300.0,"pos":[3612.06253258589,6070.573774411353,1.895],"noise":[0.0,0.0,0.0],"spd":[-3.111261920458251,-27.030375707968547,0.0],"spd_noise":[0.0,0.0,0.0]}
