{"type":2,"rcvTime":25298.5,"pos":[3609.6039437036276,6078.0541426035629,1.895],"noise":[0.0,0.0,0.0],"spd":[-3.109628888900309,-26.99980256758501,0.0],"spd_noise":[0.0,0.0,0.0]}
{"type":2,"rcvTime":25298.6,"pos":[3609.29351160183,6075.358770982497,1.895],"noise":[0.0,0.0,0.0],"spd":[-3.104309310162396,-26.953614555849169,0.0],"spd_noise":[0.0,0.0,0.0]}
{"type":3,"rcvTime":25298.653441511622,"sendTime":25298.653331121055,"sender":2719,"messageID":5815398,"pos":[3594.5197269047405,5849.253766123779,1.895],"pos_noise":[0.0,0.0,0.0],"spd":[-0.01860869188459916,-31.939493534493374,0.0],"spd_noise":[0.0,0.0,0.0],"RSSI":1.0780923239730916e-8}
{"type":3,"rcvTime":25298.682647401478,"sendTime":25298.682537389966,"sender":2635,"messageID":5817297,"pos":[3688.3626140749499,5774.503159822418,1.895],"pos_noise":[0.0,0.0,0.0],"spd":[1.3852767307705416,-32.28736106890332,0.0],"spd_noise":[0.0,0.0,0.0],"RSSI":3.417042351241208e-9}
{"type":2,"rcvTime":25298.7,"pos":[3608.982127812373,6072.655136195697,1.895],"noise":[0.0,0.0,0.0],"spd":[-3.113826150855572,-27.03624590154894,0.0],"spd_noise":[0.0,0.0,0.0]}
{"type":3,"rcvTime":25298.70116376875,"sendTime":25298.701056464808,"sender":2569,"messageID":5818853,"pos":[3601.040611304857,5670.347095965162,1.895],"pos_noise":[0.0,0.0,0.0],"spd":[1.354878216190905,-31.578847170926918,0.0],"spd_noise":[0.0,0.0,0.0],"RSSI":7.167638706430471e-9}
{"type":3,"rcvTime":25298.733956771808,"sendTime":25298.733842296246,"sender":2713,"messageID":5821486,"pos":[3591.226142550057,5860.311168816159,1.895],"pos_noise":[0.0,0.0,0.0],"spd":[-0.017092933119043566,-29.36779571453575,0.0],"spd_noise":[0.0,0.0,0.0],"RSSI":2.2426872280084619e-8}
{"type":3,"rcvTime":25298.774459812317,"sendTime":25298.774350473985,"sender":2593,"messageID":5825214,"pos":[3583.03411239978,5704.536916983431,1.895],"pos_noise":[0.0,0.0,0.0],"spd":[-1.7857404414506249,42.68277598587498,0.0],"spd_noise":[0.0,0.0,0.0],"RSSI":2.122095310134153e-9}
{"type":2,"rcvTime":25298.8,"pos":[3608.6715261966057,6069.958292745072,1.895],"noise":[0.0,0.0,0.0],"spd":[-3.1060044434679225,-26.96833279593831,0.0],"spd_noise":[0.0,0.0,0.0]}
{"type":3,"rcvTime":25298.81253079382,"sendTime":25298.812419071328,"sender":2485,"messageID":5828336,"pos":[3588.1527796329798,5740.06360458461,1.895],"pos_noise":[0.0,0.0,0.0],"spd":[-1.2507939985903163,29.957495635119686,0.0],"spd_noise":[0.0,0.0,0.0],"RSSI":4.43334848254604e-9}
{"type":3,"rcvTime":25298.857682013382,"sendTime":25298.857564267888,"sender":2479,"messageID":5830989,"pos":[3635.5458215859978,6011.2617368858659,1.895],"pos_noise":[0.0,0.0,0.0],"spd":[-0.034807664103361408,35.95096199414029,0.0],"spd_noise":[0.0,0.0,0.0],"RSSI":2.3965263290271536e-8}
{"type":2,"rcvTime":25298.899999999998,"pos":[3608.3613139551905,6067.264830093576,1.895],"noise":[0.0,0.0,0.0],"spd":[-3.1021107146273896,-26.934524932137774,0.0],"spd_noise":[0.0,0.0,0.0]}
{"type":3,"rcvTime":25298.916490383515,"sendTime":25298.916378860595,"sender":2767,"messageID":5833928,"pos":[3383.4284588586017,5931.314078420217,1.895],"pos_noise":[0.0,0.0,0.0],"spd":[-1.1522798790296503,-29.49454519084211,0.0],"spd_noise":[0.0,0.0,0.0],"RSSI":7.346221547150739e-9}
{"type":3,"rcvTime":25298.984808312704,"sendTime":25298.984691300244,"sender":2563,"messageID":5838528,"pos":[3506.0684187512026,5683.564517296666,1.895],"pos_noise":[0.0,0.0,0.0],"spd":[-2.8458422710997688,34.73978628232929,0.0],"spd_noise":[0.0,0.0,0.0],"RSSI":6.729276538709444e-9}
{"type":2,"rcvTime":25299.0,"pos":[3608.0501994911894,6064.563533763994,1.895],"noise":[0.0,0.0,0.0],"spd":[-3.1111329064591639,-27.012861417562964,0.0],"spd_noise":[0.0,0.0,0.0]}
{"type":2,"rcvTime":25299.1,"pos":[3607.7397174646068,6061.867728663765,1.895],"noise":[0.0,0.0,0.0],"spd":[-3.1048085561265807,-26.957949331138197,0.0],"spd_noise":[0.0,0.0,0.0]}
{"type":3,"rcvTime":25299.13635628056,"sendTime":25299.13623911296,"sender":2377,"messageID":5849403,"pos":[3590.628008570339,5988.742094537531,1.895],"pos_noise":[0.0,0.0,0.0],"spd":[2.1544782611941377,28.975686044773995,0.0],"spd_noise":[0.0,0.0,0.0],"RSSI":2.2585109766052969e-9}
{"type":3,"rcvTime":25299.149062089295,"sendTime":25299.148949513492,"sender":2293,"messageID":5851410,"pos":[3600.7883736899368,6059.280579396214,1.895],"pos_noise":[0.0,0.0,0.0],"spd":[3.0181009371419384,28.580625224987317,0.0],"spd_noise":[0.0,0.0,0.0],"RSSI":0.000004523505519025765}
{"type":2,"rcvTime":25299.2,"pos":[3607.4291439660626,6059.171129344999,1.895],"noise":[0.0,0.0,0.0],"spd":[-3.1057232722938798,-26.965891486554435,0.0],"spd_noise":[0.0,0.0,0.0]}
{"type":3,"rcvTime":25299.22300585604,"sendTime":25299.222887956585,"sender":2629,"messageID":5857085,"pos":[3594.330937966844,5576.637559053395,1.895],"pos_noise":[0.0,0.0,0.0],"spd":[-2.830941014406266,34.55788355425616,0.0],"spd_noise":[0.0,0.0,0.0],"RSSI":3.860282006845745e-9}
{"type":2,"rcvTime":25299.3,"pos":[3607.1176639671605,6056.466659205772,1.895],"noise":[0.0,0.0,0.0],"spd":[-3.114788241681434,-27.04459939431119,0.0],"spd_noise":[0.0,0.0,0.0]}
{"type":3,"rcvTime":25299.301000276322,"sendTime":25299.30088871191,"sender":2317,"messageID":5861436,"pos":[3597.685344245242,6029.895703453363,1.895],"pos_noise":[0.0,0.0,0.0],"spd":[3.0218103465882946,28.61575236067873,0.0],"spd_noise":[0.0,0.0,0.0],"RSSI":8.91571461108881e-8}
{"type":3,"rcvTime":25299.314358771557,"sendTime":25299.314240586522,"sender":2863,"messageID":5862009,"pos":[3594.696920583153,5955.259751007027,1.895],"pos_noise":[0.0,0.0,0.0],"spd":[-1.9812063826175266,-29.845541763865165,0.0],"spd_noise":[0.0,0.0,0.0],"RSSI":2.7616522767315797e-8}
{"type":3,"rcvTime":25299.32486371993,"sendTime":25299.32475150111,"sender":2581,"messageID":5863593,"pos":[3597.8617833655127,5573.896629509508,1.895],"pos_noise":[0.0,0.0,0.0],"spd":[-2.441110903444542,29.799526641021744,0.0],"spd_noise":[0.0,0.0,0.0],"RSSI":3.059675898207565e-9}
{"type":3,"rcvTime":25299.34245523311,"sendTime":25299.34234773456,"sender":2509,"messageID":5864807,"pos":[3605.8900191347386,5600.066400626334,1.895],"pos_noise":[0.0,0.0,0.0],"spd":[2.5135411622117966,-29.855608106976978,0.0],"spd_noise":[0.0,0.0,0.0],"RSSI":3.6693841864398916e-9}
{"type":3,"rcvTime":25299.36183223316,"sendTime":25299.361722342856,"sender":2923,"messageID":5866265,"pos":[3612.2444419544347,5989.738704070544,1.895],"pos_noise":[0.0,0.0,0.0],"spd":[-4.560063293823086,-39.61743730849331,0.0],"spd_noise":[0.0,0.0,0.0],"RSSI":1.7482767985168304e-7}
{"type":2,"rcvTime":25299.399999999998,"pos":[3606.807178112322,6053.770820866162,1.895],"noise":[0.0,0.0,0.0],"spd":[-3.104846838535777,-26.958281723692758,0.0],"spd_noise":[0.0,0.0,0.0]}
{"type":2,"rcvTime":25299.5,"pos":[3606.4963374860315,6051.0719021721019,1.895],"noise":[0.0,0.0,0.0],"spd":[-3.108394539684512,-26.989085152013929,0.0],"spd_noise":[0.0,0.0,0.0]}
{"type":2,"rcvTime":25299.6,"pos":[3606.1858890567816,6048.376388785573,1.895],"noise":[0.0,0.0,0.0],"spd":[-3.104472584066254,-26.95503220513341,0.0],"spd_noise":[0.0,0.0,0.0]}
{"type":3,"rcvTime":25299.653437776455,"sendTime":25299.653331121055,"sender":2719,"messageID":5887061,"pos":[3594.501131451454,5817.3369949896109,1.895],"pos_noise":[0.0,0.0,0.0],"spd":[-0.018574789555588366,-31.88130442453553,0.0],"spd_noise":[0.0,0.0,0.0],"RSSI":1.6790410837640513e-8}
{"type":3,"rcvTime":25299.682643667926,"sendTime":25299.682537389966,"sender":2635,"messageID":5888977,"pos":[3739.8657185504278,5719.3193944875679,1.895],"pos_noise":[0.0,0.0,0.0],"spd":[1.36949904922576,-31.919622486747849,0.0],"spd_noise":[0.0,0.0,0.0],"RSSI":1.498171234087806e-9}
{"type":2,"rcvTime":25299.7,"pos":[3605.875660573494,6045.682785111676,1.895],"noise":[0.0,0.0,0.0],"spd":[-3.102273132736419,-26.935935150838394,0.0],"spd_noise":[0.0,0.0,0.0]}
{"type":3,"rcvTime":25299.71415717051,"sendTime":25299.714043960023,"sender":2953,"messageID":5891995,"pos":[3612.995380754628,6078.678278989917,1.895],"pos_noise":[0.0,0.0,0.0],"spd":[-3.1037506126834737,-26.965118112690129,0.0],