{"type":2,"rcvTime":25296.5,"pos":[5876.334100342254,5180.559158819373,1.895],"noise":[0.0,0.0,0.0],"spd":[7.13433423250101,13.28990856203356,0.0],"spd_noise":[0.0,0.0,0.0]}
{"type":3,"rcvTime":25296.541024189704,"sendTime":25296.54091648213,"sender":2083,"messageID":5662153,"pos":[6148.364209349009,5096.109823227446,1.895],"pos_noise":[0.0,0.0,0.0],"spd":[2.7308537306923936,-4.023860165611542,0.0],"spd_noise":[0.0,0.0,0.0],"RSSI":1.6291128376766544e-8}
{"type":3,"rcvTime":25296.575104625634,"sendTime":25296.57499277778,"sender":835,"messageID":5664045,"pos":[6018.572206905447,5450.483504060041,1.895],"pos_noise":[0.0,0.0,0.0],"spd":[-4.697680334975053,-11.158469914060435,0.0],"spd_noise":[0.0,0.0,0.0],"RSSI":3.195966927963783e-9}
{"type":2,"rcvTime":25296.6,"pos":[5877.051093115399,5181.89478006786,1.895],"noise":[0.0,0.0,0.0],"spd":[7.151349608546824,13.321604973276515,0.0],"spd_noise":[0.0,0.0,0.0]}
{"type":2,"rcvTime":25296.7,"pos":[5877.765682008327,5183.2259233444369,1.895],"noise":[0.0,0.0,0.0],"spd":[7.127373093718269,13.276941283670264,0.0],"spd_noise":[0.0,0.0,0.0]}
{"type":2,"rcvTime":25296.8,"pos":[5878.48146432375,5184.559289740274,1.895],"noise":[0.0,0.0,0.0],"spd":[7.139276395700812,13.29911487265262,0.0],"spd_noise":[0.0,0.0,0.0]}
{"type":3,"rcvTime":25296.894177901664,"sendTime":25296.894059585036,"sender":2125,"messageID":5686976,"pos":[6038.109016665383,5505.3937591432909,1.895],"pos_noise":[0.0,0.0,0.0],"spd":[-4.641694797342269,-11.038176652212327,0.0],"spd_noise":[0.0,0.0,0.0],"RSSI":3.424224446528257e-9}
{"type":2,"rcvTime":25296.899999999998,"pos":[5879.196301994761,5185.890896443132,1.895],"noise":[0.0,0.0,0.0],"spd":[7.129854428423015,13.281563538561448,0.0],"spd_noise":[0.0,0.0,0.0]}
{"type":3,"rcvTime":25296.901542893615,"sendTime":25296.901425754884,"sender":1129,"messageID":5687813,"pos":[5789.029427897521,5075.956877797866,1.895],"pos_noise":[0.0,0.0,0.0],"spd":[-5.590668843030783,-11.44563025664386,0.0],"spd_noise":[0.0,0.0,0.0],"RSSI":3.243934112430803e-8}
{"type":3,"rcvTime":25296.91962089569,"sendTime":25296.919505214504,"sender":1525,"messageID":5688390,"pos":[6050.935049882667,5609.751512958262,1.895],"pos_noise":[0.0,0.0,0.0],"spd":[1.341887892580711,-1.9772458616093327,0.0],"spd_noise":[0.0,0.0,0.0],"RSSI":1.3073085348470655e-8}
{"type":3,"rcvTime":25296.9493521741,"sendTime":25296.949237024877,"sender":397,"messageID":5689361,"pos":[5914.025651034021,5303.306178331734,1.895],"pos_noise":[0.0,0.0,0.0],"spd":[-5.270742495032919,-12.519672979380863,0.0],"spd_noise":[0.0,0.0,0.0],"RSSI":1.3832665457600843e-9}
{"type":3,"rcvTime":25296.980448818034,"sendTime":25296.98033563187,"sender":511,"messageID":5691906,"pos":[6143.549624942888,5731.271251787873,1.895],"pos_noise":[0.0,0.0,0.0],"spd":[14.8688499377139,0.7619449228817113,0.0],"spd_noise":[0.0,0.0,0.0],"RSSI":1.9437958846442414e-9}
{"type":2,"rcvTime":25297.0,"pos":[5879.910747839875,5187.221773248824,1.895],"noise":[0.0,0.0,0.0],"spd":[7.12594632212832,13.274283479402705,0.0],"spd_noise":[0.0,0.0,0.0]}
{"type":3,"rcvTime":25297.017362361486,"sendTime":25297.01725220303,"sender":2401,"messageID":5695588,"pos":[6233.386461814914,5259.337288374166,1.895],"pos_noise":[0.0,0.0,0.0],"spd":[9.002377514463714,8.804290592012473,0.0],"spd_noise":[0.0,0.0,0.0],"RSSI":4.612173588666745e-9}
{"type":2,"rcvTime":25297.1,"pos":[5880.628829458359,5188.559422809209,1.895],"noise":[0.0,0.0,0.0],"spd":[7.1622098486822189,13.341835536305588,0.0],"spd_noise":[0.0,0.0,0.0]}
{"type":2,"rcvTime":25297.2,"pos":[5881.348329383581,5189.899714405447,1.895],"noise":[0.0,0.0,0.0],"spd":[7.176356166055548,13.368187436605418,0.0],"spd_noise":[0.0,0.0,0.0]}
{"type":2,"rcvTime":25297.3,"pos":[5882.066191229115,5191.2369545706,1.895],"noise":[0.0,0.0,0.0],"spd":[7.1600178137513599,13.337752191894806,0.0],"spd_noise":[0.0,0.0,0.0]}
{"type":3,"rcvTime":25297.350368960317,"sendTime":25297.3502602024,"sender":1831,"messageID":5720402,"pos":[6104.440204921858,5620.605910392548,1.895],"pos_noise":[0.0,0.0,0.0],"spd":[-4.31940379848778,-10.259944035197888,0.0],"spd_noise":[0.0,0.0,0.0],"RSSI":7.81578061232714e-9}
{"type":3,"rcvTime":25297.39008819776,"sendTime":25297.38997856644,"sender":781,"messageID":5723558,"pos":[6174.672161109408,5514.720782718607,1.895],"pos_noise":[0.0,0.0,0.0],"spd":[-4.429929069850129,-10.522476354833972,0.0],"spd_noise":[0.0,0.0,0.0],"RSSI":8.749824530002112e-9}
{"type":3,"rcvTime":25297.39637419802,"sendTime":25297.396262175636,"sender":313,"messageID":5724789,"pos":[6021.5481276499699,5457.552252831036,1.895],"pos_noise":[0.0,0.0,0.0],"spd":[-4.6226515386831,-10.98025289919061,0.0],"spd_noise":[0.0,0.0,0.0],"RSSI":1.5703260884992808e-8}
{"type":2,"rcvTime":25297.399999999998,"pos":[5882.781771330077,5192.569944279334,1.895],"noise":[0.0,0.0,0.0],"spd":[7.137259490706876,13.295357762025173,0.0],"spd_noise":[0.0,0.0,0.0]}
{"type":3,"rcvTime":25297.41254018795,"sendTime":25297.41243106639,"sender":289,"messageID":5726675,"pos":[5913.796819382356,5245.147790327069,1.895],"pos_noise":[0.0,0.0,0.0],"spd":[-7.039318841698073,-14.411413550474342,0.0],"spd_noise":[0.0,0.0,0.0],"RSSI":1.6475675409758919e-7}
{"type":3,"rcvTime":25297.468707592347,"sendTime":25297.468590491404,"sender":2605,"messageID":5731468,"pos":[5937.521480016359,5301.073402939694,1.895],"pos_noise":[0.0,0.0,0.0],"spd":[5.930795472046197,11.927176360055493,0.0],"spd_noise":[0.0,0.0,0.0],"RSSI":1.4005843958435453e-8}
{"type":2,"rcvTime":25297.5,"pos":[5883.499411220671,5193.906770984623,1.895],"noise":[0.0,0.0,0.0],"spd":[7.157804015465162,13.333628306497369,0.0],"spd_noise":[0.0,0.0,0.0]}
{"type":3,"rcvTime":25297.5375524517,"sendTime":25297.53743437631,"sender":307,"messageID":5734454,"pos":[6096.679251071445,5699.387273305587,1.895],"pos_noise":[0.0,0.0,0.0],"spd":[-0.8764774725338179,-12.777868686354458,0.0],"spd_noise":[0.0,0.0,0.0],"RSSI":2.915083792516484e-9}
{"type":3,"rcvTime":25297.541027473228,"sendTime":25297.54091648213,"sender":2083,"messageID":5735152,"pos":[5868.581946679556,5570.190908492126,1.895],"pos_noise":[0.0,0.0,0.0],"spd":[1.923929058226431,-2.834872264248667,0.0],"spd_noise":[0.0,0.0,0.0],"RSSI":1.1126774045111223e-8}
{"type":3,"rcvTime":25297.57510785727,"sendTime":25297.57499277778,"sender":835,"messageID":5736723,"pos":[6017.126650262496,5439.1422495625079,1.895],"pos_noise":[0.0,0.0,0.0],"spd":[3.3512258139546615,-11.636263557883888,0.0],"spd_noise":[0.0,0.0,0.0],"RSSI":9.245426483122359e-9}
{"type":2,"rcvTime":25297.6,"pos":[5884.213689223756,5195.237335132517,1.895],"noise":[0.0,0.0,0.0],"spd":[7.124272250810218,13.271165002748985,0.0],"spd_noise":[0.0,0.0,0.0]}
{"type":2,"rcvTime":25297.7,"pos":[5884.931537675897,5196.574550348323,1.895],"noise":[0.0,0.0,0.0],"spd":[7.1598842268553499,13.337503344902477,0.0],"spd_noise":[0.0,0.0,0.0]}
{"type":2,"rcvTime":25297.8,"pos":[5885.64625207501,5197.9059274190699,1.895],"noise":[0.0,0.0,0.0],"spd":[7.128624903570812,13.279273167480943,0.0],"spd_noise":[0.0,0.0,0.0]}
{"type":3,"rcvTime":25297.89417097829,"sendTime":25297.894059585036,"sender":2125,"messageID":5760187,"pos":[6033.443886025212,5494.30938166694,1.895],"pos_noise":[0.0,0.0,0.0],"spd":[-4.6862706158572149,-11.1313682386723,0.0],"spd_noise":[0.0,0.0,0.0],"RSSI":6.132240645519888e-9}
{"type":2,"rcvTime":25297.899999999998,"pos":[5886.365584765327,5199.245907488468,1.895],"noise":[0.0,0.0,0.0],"spd":[7.1746881502627739,13.365080240241597,0.0],"spd_noise":[0.0,0.0,0.0]}
{"type":3,"rcvTime":25297.90153597028,"sendTime":25297.901425754884,"sender":1129,"messageID":5761020,"pos":[5797.886063674038,5420.854056753848,1.895],"pos_noise":[0.0,0.0,0.0],"spd":[-5.628513945223134,-11.523109545589568,0.0],"spd_noise":[0.0,0.0,0.0],"RSSI":1.1722042839328349e-7}
{"type":3,"rcvTime":25297.919614053197,"sendTime":25297.919505214504,"sender":1525,"messageID":5761611,"pos":[6274.125555474885,5401.666343405171,1.895],"pos_noise":[0.0,0.0,0.0],"spd":[0.6160495797028657,-0.9077371431312736,0.0],