{"type":2,"rcvTime":25253.2,"pos":[5876.170283605621,5180.253999377743,1.895],"noise":[0.0,0.0,0.0],"spd":[4.416031447402777,8.226227175571957,0.0],"spd_noise":[0.0,0.0,0.0]}
{"type":2,"rcvTime":25253.3,"pos":[5876.591694550579,5181.039007865293,1.895],"noise":[0.0,0.0,0.0],"spd":[4.203190198198328,7.829744385734756,0.0],"spd_noise":[0.0,0.0,0.0]}
{"type":2,"rcvTime":25253.399999999998,"pos":[5876.991766077685,5181.7842650736379,1.895],"noise":[0.0,0.0,0.0],"spd":[3.99034894899456,7.433261595897191,0.0],"spd_noise":[0.0,0.0,0.0]}
{"type":3,"rcvTime":25253.44330033062,"sendTime":25253.443194025847,"sender":1237,"messageID":3349201,"pos":[6011.728016311894,5435.360333662109,1.895],"pos_noise":[0.0,0.0,0.0],"spd":[-10.813765154572659,0.0996605172773365,0.0],"spd_noise":[0.0,0.0,0.0],"RSSI":1.924042396207554e-9}
{"type":3,"rcvTime":25253.49222669924,"sendTime":25253.492119096685,"sender":331,"messageID":3352144,"pos":[5978.074021659975,5375.19986538711,1.895],"pos_noise":[0.0,0.0,0.0],"spd":[-7.574155657566051,-15.22468935537927,0.0],"spd_noise":[0.0,0.0,0.0],"RSSI":2.9786117121045357e-8}
{"type":2,"rcvTime":25253.5,"pos":[5877.371273148018,5182.491214607962,1.895],"noise":[0.0,0.0,0.0],"spd":[3.7852372304516268,7.051177452429532,0.0],"spd_noise":[0.0,0.0,0.0]}
{"type":3,"rcvTime":25253.51515332446,"sendTime":25253.515045185108,"sender":1909,"messageID":3353929,"pos":[6113.260326385792,5719.736717189557,1.895],"pos_noise":[0.0,0.0,0.0],"spd":[-0.4351458467276685,-0.025081154008343828,0.0],"spd_noise":[0.0,0.0,0.0],"RSSI":1.3850023700246669e-9}
{"type":3,"rcvTime":25253.552555446247,"sendTime":25253.5524400373,"sender":1627,"messageID":3355837,"pos":[6106.509264134867,5719.347596086118,1.895],"pos_noise":[0.0,0.0,0.0],"spd":[-0.0,-0.0,0.0],"spd_noise":[0.0,0.0,0.0],"RSSI":1.8222100753031618e-9}
{"type":2,"rcvTime":25253.6,"pos":[5877.7294408005,5183.158412863081,1.895],"noise":[0.0,0.0,0.0],"spd":[3.5723959812485259,6.6546946625916079,0.0],"spd_noise":[0.0,0.0,0.0]}
{"type":3,"rcvTime":25253.65364760146,"sendTime":25253.653533112163,"sender":1489,"messageID":3362607,"pos":[6085.089052582274,5607.8113769502119,1.895],"pos_noise":[0.0,0.0,0.0],"spd":[-2.0499923112299459e-14,-4.114920814163464e-14,0.0],"spd_noise":[0.0,0.0,0.0],"RSSI":3.050402922022965e-9}
{"type":3,"rcvTime":25253.65755501356,"sendTime":25253.65743797435,"sender":763,"messageID":3362934,"pos":[6097.907714361134,5669.105773967105,1.895],"pos_noise":[0.0,0.0,0.0],"spd":[-0.8627461450029068,-12.579645679049836,0.0],"spd_noise":[0.0,0.0,0.0],"RSSI":1.3977585951478245e-9}
{"type":2,"rcvTime":25253.7,"pos":[5878.066269035129,5183.785859838993,1.895],"noise":[0.0,0.0,0.0],"spd":[3.359554732045959,6.258211872753397,0.0],"spd_noise":[0.0,0.0,0.0]}
{"type":3,"rcvTime":25253.7047390105,"sendTime":25253.70462750015,"sender":139,"messageID":3366801,"pos":[5995.997725172367,5403.828267741431,1.895],"pos_noise":[0.0,0.0,0.0],"spd":[-5.586563821091106,-11.229462739539346,0.0],"spd_noise":[0.0,0.0,0.0],"RSSI":7.228726190427062e-9}
{"type":3,"rcvTime":25253.70815801761,"sendTime":25253.70803922112,"sender":1195,"messageID":3367360,"pos":[6028.563160891948,5491.217079902034,1.895],"pos_noise":[0.0,0.0,0.0],"spd":[5.8073756454173479,13.794345676646343,0.0],"spd_noise":[0.0,0.0,0.0],"RSSI":2.1424231049083438e-9}
{"type":3,"rcvTime":25253.772567011958,"sendTime":25253.772449134336,"sender":1975,"messageID":3368922,"pos":[5972.585054949299,5371.57642978044,1.895],"pos_noise":[0.0,0.0,0.0],"spd":[6.187632215907091,12.43766072306962,0.0],"spd_noise":[0.0,0.0,0.0],"RSSI":1.8049780951686316e-8}
{"type":3,"rcvTime":25253.79968359544,"sendTime":25253.799564733636,"sender":1153,"messageID":3371321,"pos":[6000.546951950872,5420.3821193508479,1.895],"pos_noise":[0.0,0.0,0.0],"spd":[-5.542520789852056,-11.20566917994232,0.0],"spd_noise":[0.0,0.0,0.0],"RSSI":9.041659263330976e-9}
{"type":2,"rcvTime":25253.8,"pos":[5878.3817578519069,5184.3735555357,1.895],"noise":[0.0,0.0,0.0],"spd":[3.1467134828428247,5.861729082915491,0.0],"spd_noise":[0.0,0.0,0.0]}
{"type":2,"rcvTime":25253.899999999998,"pos":[5878.67590725083,5184.9214999532009,1.895],"noise":[0.0,0.0,0.0],"spd":[2.9338722336392237,5.4652462930778349,0.0],"spd_noise":[0.0,0.0,0.0]}
{"type":3,"rcvTime":25253.90090860084,"sendTime":25253.900801117903,"sender":2083,"messageID":3377360,"pos":[5922.800002688293,5271.096348505822,1.895],"pos_noise":[0.0,0.0,0.0],"spd":[6.388972517727973,13.082085908779085,0.0],"spd_noise":[0.0,0.0,0.0],"RSSI":5.8058754950747646e-8}
{"type":2,"rcvTime":25254.0,"pos":[5878.948717231902,5185.429693091494,1.895],"noise":[0.0,0.0,0.0],"spd":[2.7210309844365554,5.068763503239678,0.0],"spd_noise":[0.0,0.0,0.0]}
{"type":2,"rcvTime":25254.1,"pos":[5879.200187795122,5185.898134950582,1.895],"noise":[0.0,0.0,0.0],"spd":[2.5081897352334208,4.672280713401772,0.0],"spd_noise":[0.0,0.0,0.0]}
{"type":2,"rcvTime":25254.2,"pos":[5879.430318940489,5186.326825530464,1.895],"noise":[0.0,0.0,0.0],"spd":[2.2953484860309696,4.275797923563498,0.0],"spd_noise":[0.0,0.0,0.0]}
{"type":3,"rcvTime":25254.242673121982,"sendTime":25254.242555115372,"sender":889,"messageID":3395022,"pos":[6091.2329702778229,5668.23846750065,1.895],"pos_noise":[0.0,0.0,0.0],"spd":[0.7708207524172858,11.259037547595935,0.0],"spd_noise":[0.0,0.0,0.0],"RSSI":2.3387401554815918e-9}
{"type":3,"rcvTime":25254.29108660899,"sendTime":25254.290978363388,"sender":1903,"messageID":3398077,"pos":[6055.725353379028,5538.745235698969,1.895],"pos_noise":[0.0,0.0,0.0],"spd":[-5.897201174921756,-14.005129384995687,0.0],"spd_noise":[0.0,0.0,0.0],"RSSI":1.6569379613363416e-9}
{"type":2,"rcvTime":25254.3,"pos":[5879.639110668003,5186.7157648311399,1.895],"noise":[0.0,0.0,0.0],"spd":[2.0825072368271515,3.8793151337259594,0.0],"spd_noise":[0.0,0.0,0.0]}
{"type":2,"rcvTime":25254.399999999998,"pos":[5879.826562977665,5187.064952852609,1.895],"noise":[0.0,0.0,0.0],"spd":[1.8696659876240168,3.4828323438880535,0.0],"spd_noise":[0.0,0.0,0.0]}
{"type":3,"rcvTime":25254.44330913081,"sendTime":25254.443194025847,"sender":1237,"messageID":3406646,"pos":[6006.405075745098,5424.782996212926,1.895],"pos_noise":[0.0,0.0,0.0],"spd":[-5.630364552404412,-11.370244204801406,0.0],"spd_noise":[0.0,0.0,0.0],"RSSI":1.5399376525042633e-8}
{"type":2,"rcvTime":25254.5,"pos":[5879.992675869475,5187.374389594873,1.895],"noise":[0.0,0.0,0.0],"spd":[1.656824738420619,3.086349554050288,0.0],"spd_noise":[0.0,0.0,0.0]}
{"type":2,"rcvTime":25254.6,"pos":[5880.137449343431,5187.6440750579299,1.895],"noise":[0.0,0.0,0.0],"spd":[1.4439834892177477,2.6898667642122406,0.0],"spd_noise":[0.0,0.0,0.0]}
{"type":3,"rcvTime":25254.653644318765,"sendTime":25254.653533112163,"sender":1489,"messageID":3420366,"pos":[6085.089052582274,5607.8113769502119,1.895],"pos_noise":[0.0,0.0,0.0],"spd":[-2.0900402254162665e-14,-4.1953084306176207e-14,0.0],"spd_noise":[0.0,0.0,0.0],"RSSI":2.3581876657742159e-9}
{"type":2,"rcvTime":25254.7,"pos":[5880.260883399536,5187.87400924178,1.895],"noise":[0.0,0.0,0.0],"spd":[1.2311422400149797,2.2933839743741379,0.0],"spd_noise":[0.0,0.0,0.0]}
{"type":3,"rcvTime":25254.7047378997,"sendTime":25254.70462750015,"sender":139,"messageID":3424621,"pos":[5990.39936346552,5392.575090260106,1.895],"pos_noise":[0.0,0.0,0.0],"spd":[-5.6224857777128449,-11.301668890995103,0.0],"spd_noise":[0.0,0.0,0.0],"RSSI":2.0887828171234e-9}
{"type":3,"rcvTime":25254.70815170316,"sendTime":25254.70803922112,"sender":1195,"messageID":3425190,"pos":[6034.368752280657,5505.0084962771729,1.895],"pos_noise":[0.0,0.0,0.0],"spd":[5.797359249380696,13.773813580164822,0.0],"spd_noise":[0.0,0.0,0.0],"RSSI":3.99637900080063e-9}
{"type":3,"rcvTime":25254.77256590462,"sendTime":25254.772449134336,"sender":1975,"messageID":3426796,"pos":[5978.761568031858,5383.991740111096,1.895],"pos_noise":[0.0,0.0,0.0],"spd":[6.158476115250657,12.379054510657684,0.0],"spd_noise":[0.0,0.0,0.0],"RSSI":2.2123484690882128e-8}
{"type":3,"rcvTime":25254.799678096573,