{"type":2,"rcvTime":25298.5,"pos":[3609.6039437036276,6078.0541426035629,1.895],"noise":[0.0,0.0,0.0],"spd":[-3.109628888900309,-26.99980256758501,0.0],"spd_noise":[0.0,0.0,0.0]}
{"type":3,"rcvTime":25298.518153082146,"sendTime":25298.518043091102,"sender":2863,"messageID":5807950,"pos":[3596.282286928622,5979.142228819469,1.895],"pos_noise":[0.0,0.0,0.0],"spd":[-1.9875484838494129,-29.941081253812773,0.0],"spd_noise":[0.0,0.0,0.0],"RSSI":7.059307882559263e-8}
{"type":3,"rcvTime":25298.525063083354,"sendTime":25298.524948814837,"sender":2923,"messageID":5808709,"pos":[3609.6087672976739,6049.255672838646,1.895],"pos_noise":[0.0,0.0,0.0],"spd":[-4.558501300918088,-39.6038668486109,0.0],"spd_noise":[0.0,0.0,0.0],"RSSI":3.228191682232345e-8}
{"type":3,"rcvTime":25298.551343154802,"sendTime":25298.551225381485,"sender":2293,"messageID":5811436,"pos":[3598.9801083692639,6042.156780519415,1.895],"pos_noise":[0.0,0.0,0.0],"spd":[3.035359578173737,28.744060034324585,0.0],"spd_noise":[0.0,0.0,0.0],"RSSI":2.5646328619057075e-7}
{"type":2,"rcvTime":25298.6,"pos":[3609.29351160183,6075.358770982497,1.895],"noise":[0.0,0.0,0.0],"spd":[-3.104309310162396,-26.953614555849169,0.0],"spd_noise":[0.0,0.0,0.0]}
{"type":2,"rcvTime":25298.7,"pos":[3608.982127812373,6072.655136195697,1.895],"noise":[0.0,0.0,0.0],"spd":[-3.113826150855572,-27.03624590154894,0.0],"spd_noise":[0.0,0.0,0.0]}
{"type":3,"rcvTime":25298.75684363316,"sendTime":25298.756724542287,"sender":2635,"messageID":5823886,"pos":[3599.2313271681489,5712.517016891811,1.895],"pos_noise":[0.0,0.0,0.0],"spd":[1.3835611133808173,-32.24737428728222,0.0],"spd_noise":[0.0,0.0,0.0],"RSSI":1.1522501432624751e-8}
{"type":2,"rcvTime":25298.8,"pos":[3608.6715261966057,6069.958292745072,1.895],"noise":[0.0,0.0,0.0],"spd":[-3.1060044434679225,-26.96833279593831,0.0],"spd_noise":[0.0,0.0,0.0]}
{"type":2,"rcvTime":25298.899999999998,"pos":[3608.3613139551905,6067.264830093576,1.895],"noise":[0.0,0.0,0.0],"spd":[-3.1021107146273896,-26.934524932137774,0.0],"spd_noise":[0.0,0.0,0.0]}
{"type":3,"rcvTime":25298.925097614036,"sendTime":25298.924989854033,"sender":2629,"messageID":5832867,"pos":[6934.479756169021,6109.845325467177,1.895],"pos_noise":[0.0,0.0,0.0],"spd":[-2.8297348887362996,34.5431601282462,0.0],"spd_noise":[0.0,0.0,0.0],"RSSI":3.7225905598342138e-9}
{"type":3,"rcvTime":25298.979052244984,"sendTime":25298.978942970512,"sender":2569,"messageID":5835710,"pos":[3601.3115268977437,5664.032726155555,1.895],"pos_noise":[0.0,0.0,0.0],"spd":[1.3539653874611728,-31.557571399788153,0.0],"spd_noise":[0.0,0.0,0.0],"RSSI":2.6767347363953416e-9}
{"type":3,"rcvTime":25298.98841925188,"sendTime":25298.988312244088,"sender":2377,"messageID":5837568,"pos":[1728.7155738007278,397.4361744476482,1.895],"pos_noise":[0.0,0.0,0.0],"spd":[2.151151746328154,28.930947579722539,0.0],"spd_noise":[0.0,0.0,0.0],"RSSI":1.307406987538065e-8}
{"type":2,"rcvTime":25299.0,"pos":[3608.0501994911894,6064.563533763994,1.895],"noise":[0.0,0.0,0.0],"spd":[-3.1111329064591639,-27.012861417562964,0.0],"spd_noise":[0.0,0.0,0.0]}
{"type":3,"rcvTime":25299.037977204476,"sendTime":25299.037861157067,"sender":2719,"messageID":5842071,"pos":[2977.829543882981,2204.745855880901,1.895],"pos_noise":[0.0,0.0,0.0],"spd":[-0.018611228837797309,-31.94384789753899,0.0],"spd_noise":[0.0,0.0,0.0],"RSSI":2.202358550359283e-9}
{"type":3,"rcvTime":25299.048763107712,"sendTime":25299.04864698164,"sender":2557,"messageID":5842997,"pos":[5912.454543095082,3043.081625015475,1.895],"pos_noise":[0.0,0.0,0.0],"spd":[3.223320413429173,-38.288926653960938,0.0],"spd_noise":[0.0,0.0,0.0],"RSSI":1.7416085147388174e-9}
{"type":2,"rcvTime":25299.1,"pos":[3607.7397174646068,6061.867728663765,1.895],"noise":[0.0,0.0,0.0],"spd":[-3.1048085561265807,-26.957949331138197,0.0],"spd_noise":[0.0,0.0,0.0]}
{"type":3,"rcvTime":25299.147186764654,"sendTime":25299.147072815427,"sender":2317,"messageID":5851846,"pos":[9936.02470871061,8242.233289056458,1.895],"pos_noise":[0.0,0.0,0.0],"spd":[3.0230725450709547,28.62770504965228,0.0],"spd_noise":[0.0,0.0,0.0],"RSSI":4.250172199229979e-7}
{"type":2,"rcvTime":25299.2,"pos":[3607.4291439660626,6059.171129344999,1.895],"noise":[0.0,0.0,0.0],"spd":[-3.1057232722938798,-26.965891486554435,0.0],"spd_noise":[0.0,0.0,0.0]}
{"type":2,"rcvTime":25299.3,"pos":[3607.1176639671605,6056.466659205772,1.895],"noise":[0.0,0.0,0.0],"spd":[-3.114788241681434,-27.04459939431119,0.0],"spd_noise":[0.0,0.0,0.0]}
{"type":3,"rcvTime":25299.371810835528,"sendTime":25299.371696537546,"sender":2713,"messageID":5868152,"pos":[3591.2158719784258,5842.665042932106,1.895],"pos_noise":[0.0,0.0,0.0],"spd":[-0.017134656544408,-29.4394817747385,0.0],"spd_noise":[0.0,0.0,0.0],"RSSI":6.0751665545364168e-9}
{"type":2,"rcvTime":25299.399999999998,"pos":[3606.807178112322,6053.770820866162,1.895],"noise":[0.0,0.0,0.0],"spd":[-3.104846838535777,-26.958281723692758,0.0],"spd_noise":[0.0,0.0,0.0]}
{"type":3,"rcvTime":25299.43140561571,"sendTime":25299.43129843562,"sender":2479,"messageID":5873195,"pos":[3581.016694882901,5877.165215945687,1.895],"pos_noise":[0.0,0.0,0.0],"spd":[-0.03485651765958743,36.001420201790917,0.0],"spd_noise":[0.0,0.0,0.0],"RSSI":1.1612757935903719e-8}
{"type":3,"rcvTime":25299.459260337742,"sendTime":25299.459143598564,"sender":2485,"messageID":5875533,"pos":[11043.900487776846,9681.876493035816,1.895],"pos_noise":[0.0,0.0,0.0],"spd":[-0.029084779468525034,29.977458468902396,0.0],"spd_noise":[0.0,0.0,0.0],"RSSI":2.1024629887309457e-8}
{"type":2,"rcvTime":25299.5,"pos":[3606.4963374860315,6051.0719021721019,1.895],"noise":[0.0,0.0,0.0],"spd":[-3.108394539684512,-26.989085152013929,0.0],"spd_noise":[0.0,0.0,0.0]}
{"type":3,"rcvTime":25299.51815733948,"sendTime":25299.518043091102,"sender":2863,"messageID":5879662,"pos":[3594.3007661317017,5949.29195061557,1.895],"pos_noise":[0.0,0.0,0.0],"spd":[-1.9809854631940567,-29.84221376132213,0.0],"spd_noise":[0.0,0.0,0.0],"RSSI":2.863122197300682e-8}
{"type":3,"rcvTime":25299.5250543403,"sendTime":25299.524948814837,"sender":2923,"messageID":5880417,"pos":[3605.059256300027,6009.729912970845,1.895],"pos_noise":[0.0,0.0,0.0],"spd":[-4.559417108756605,-39.61182330826012,0.0],"spd_noise":[0.0,0.0,0.0],"RSSI":4.909129131653133e-8}
{"type":3,"rcvTime":25299.551334473264,"sendTime":25299.551225381485,"sender":2293,"messageID":5883061,"pos":[3601.9965638988498,6070.721824165894,1.895],"pos_noise":[0.0,0.0,0.0],"spd":[3.0361451569440747,28.751499259482175,0.0],"spd_noise":[0.0,0.0,0.0],"RSSI":1.4458313117417467e-7}
{"type":2,"rcvTime":25299.6,"pos":[3606.1858890567816,6048.376388785573,1.895],"noise":[0.0,0.0,0.0],"spd":[-3.104472584066254,-26.95503220513341,0.0],"spd_noise":[0.0,0.0,0.0]}
{"type":2,"rcvTime":25299.7,"pos":[3605.875660573494,6045.682785111676,1.895],"noise":[0.0,0.0,0.0],"spd":[-3.102273132736419,-26.935935150838394,0.0],"spd_noise":[0.0,0.0,0.0]}
{"type":3,"rcvTime":25299.756833704956,"sendTime":25299.756724542287,"sender":2635,"messageID":5894859,"pos":[3600.606928406271,5680.455167533115,1.895],"pos_noise":[0.0,0.0,0.0],"spd":[1.372431626019263,-31.987973570463415,0.0],"spd_noise":[0.0,0.0,0.0],"RSSI":2.2435523973184429e-9}
{"type":2,"rcvTime":25299.8,"pos":[3605.564667161872,6042.982539836879,1.895],"noise":[0.0,0.0,0.0],"spd":[-3.10992238723617,-27.00235090935089,0.0],"spd_noise":[0.0,0.0,0.0]}
{"type":2,"rcvTime":25299.899999999998,"pos":[3605.2533232500866,6040.279251293725,1.895],"noise":[0.0,0.0,0.0],"spd":[-3.1134273756492405,-27.03278347814587,0.0],"spd_noise":[0.0,0.0,0.0]}
{"type":3,"rcvTime":25299.925100243192,"sendTime":25299.924989854033,"sender":2629,"messageID":5903879,"pos":[4287.724509099498,1063.0753106670455,1.895],"pos_noise":[0.0,0.0,0.0],"spd":[-2.821170336732526,34.43861086730587,0.0],"spd_noise":[0.0,0.0,0.0],"RSSI":5.564594824184867e-9}
{"type":3,"rcvTime":25299.988417385266,"sendTime":25299.988312244088,"sender":2377,"messageID":5908575,"pos":[6577.871305607259,2932.988456566818,1.895],