{"type":2,"rcvTime":18011.6,"pos":[4583.468429360556,5180.552827539899,1.895],"noise":[0.0,0.0,0.0],"spd":[-10.801107173312423,8.20834828804654,0.0],"spd_noise":[0.0,0.0,0.0]}
{"type":2,"rcvTime":18011.7,"pos":[4582.385162070723,5181.376274346619,1.895],"noise":[0.0,0.0,0.0],"spd":[-10.847468744778269,8.245675942182745,0.0],"spd_noise":[0.0,0.0,0.0]}
{"type":3,"rcvTime":18011.70808017594,"sendTime":18011.707971174503,"sender":163,"messageID":41380,"pos":[4509.847466491763,5246.289003161417,1.895],"pos_noise":[0.0,0.0,0.0],"spd":[11.193004746799926,-8.25257813689043,0.0],"spd_noise":[0.0,0.0,0.0],"RSSI":1.5650800349767647e-8}
{"type":3,"rcvTime":18011.782746203866,"sendTime":18011.78263301798,"sender":193,"messageID":41596,"pos":[4216.573287144702,5401.538228290286,1.895],"pos_noise":[0.0,0.0,0.0],"spd":[11.589333506574187,-8.548380628753844,0.0],"spd_noise":[0.0,0.0,0.0],"RSSI":1.0711088647671877e-7}
{"type":2,"rcvTime":18011.8,"pos":[4581.299516152113,5182.2015292705859,1.895],"noise":[0.0,0.0,0.0],"spd":[-10.871268592480617,8.263806626011205,0.0],"spd_noise":[0.0,0.0,0.0]}
{"type":2,"rcvTime":18011.9,"pos":[4580.213489866461,5183.027073330973,1.895],"noise":[0.0,0.0,0.0],"spd":[-10.875077451545233,8.266701934364763,0.0],"spd_noise":[0.0,0.0,0.0]}
{"type":2,"rcvTime":18012.0,"pos":[4579.130048362143,5183.850652567022,1.895],"noise":[0.0,0.0,0.0],"spd":[-10.849194378930772,8.24702688861214,0.0],"spd_noise":[0.0,0.0,0.0]}
{"type":2,"rcvTime":18012.1,"pos":[4578.0489658761439,5184.672438592734,1.895],"noise":[0.0,0.0,0.0],"spd":[-10.82557201612855,8.229070323873336,0.0],"spd_noise":[0.0,0.0,0.0]}
{"type":2,"rcvTime":18012.2,"pos":[4576.961770366247,5185.498871440201,1.895],"noise":[0.0,0.0,0.0],"spd":[-10.886785643486986,8.275601929186037,0.0],"spd_noise":[0.0,0.0,0.0]}
{"type":2,"rcvTime":18012.3,"pos":[4575.876554151843,5186.3237997240489,1.895],"noise":[0.0,0.0,0.0],"spd":[-10.866965688786382,8.26053576909538,0.0],"spd_noise":[0.0,0.0,0.0]}
{"type":2,"rcvTime":18012.4,"pos":[4574.782814491599,5187.128662511333,1.895],"noise":[0.0,0.0,0.0],"spd":[-10.86047450422817,8.183308142399668,0.0],"spd_noise":[0.0,0.0,0.0]}
{"type":2,"rcvTime":18012.5,"pos":[4573.686288516816,5187.93209354321,1.895],"noise":[0.0,0.0,0.0],"spd":[-10.910666667385469,8.139342736710067,0.0],"spd_noise":[0.0,0.0,0.0]}
{"type":2,"rcvTime":18012.6,"pos":[4572.590896005534,5188.734694079711,1.895],"noise":[0.0,0.0,0.0],"spd":[-10.938239183120974,8.078589129905233,0.0],"spd_noise":[0.0,0.0,0.0]}
{"type":2,"rcvTime":18012.7,"pos":[4571.492354339791,5189.539602020211,1.895],"noise":[0.0,0.0,0.0],"spd":[-11.000401976014225,8.060059236073468,0.0],"spd_noise":[0.0,0.0,0.0]}
{"type":3,"rcvTime":18012.782740715964,"sendTime":18012.78263301798,"sender":193,"messageID":45541,"pos":[4473.431855115171,5159.217554761194,1.895],"pos_noise":[0.0,0.0,0.0],"spd":[11.676860981484252,-8.575241121691209,0.0],"spd_noise":[0.0,0.0,0.0],"RSSI":4.989891221089909e-9}
{"type":2,"rcvTime":18012.8,"pos":[4570.3998370899,5190.340095835778,1.895],"noise":[0.0,0.0,0.0],"spd":[-10.940075637830072,8.015857773225122,0.0],"spd_noise":[0.0,0.0,0.0]}
{"type":2,"rcvTime":18012.9,"pos":[4569.2981809199859,5191.147285791804,1.895],"noise":[0.0,0.0,0.0],"spd":[-11.031589503003259,8.082910520551876,0.0],"spd_noise":[0.0,0.0,0.0]}
{"type":2,"rcvTime":18013.0,"pos":[4568.199110210181,5191.952581366,1.895],"noise":[0.0,0.0,0.0],"spd":[-11.005699633373288,8.063940860783145,0.0],"spd_noise":[0.0,0.0,0.0]}
{"type":2,"rcvTime":18013.1,"pos":[4567.102130875792,5192.756344577127,1.895],"noise":[0.0,0.0,0.0],"spd":[-10.984757350557333,8.048596326973995,0.0],"spd_noise":[0.0,0.0,0.0]}
{"type":2,"rcvTime":18013.2,"pos":[4566.007572263469,5193.558334110955,1.895],"noise":[0.0,0.0,0.0],"spd":[-10.960517108575429,8.030835359081707,0.0],"spd_noise":[0.0,0.0,0.0]}
{"type":3,"rcvTime":18013.212826823794,"sendTime":18013.212715131325,"sender":331,"messageID":47129,"pos":[4489.932770763235,5338.517537802323,1.895],"pos_noise":[0.0,0.0,0.0],"spd":[-8.850619531066477,6.723467805880846,0.0],"spd_noise":[0.0,0.0,0.0],"RSSI":1.395637056155992e-7}
{"type":2,"rcvTime":18013.3,"pos":[4564.90630010817,5194.365242697214,1.895],"noise":[0.0,0.0,0.0],"spd":[-11.027744118462279,8.08009298467879,0.0],"spd_noise":[0.0,0.0,0.0]}
{"type":2,"rcvTime":18013.4,"pos":[4563.8128224842689,5195.166440184469,1.895],"noise":[0.0,0.0,0.0],"spd":[-10.949692478503114,8.022904088955912,0.0],"spd_noise":[0.0,0.0,0.0]}
{"type":2,"rcvTime":18013.5,"pos":[4562.716194972524,5195.969945613074,1.895],"noise":[0.0,0.0,0.0],"spd":[-10.981234324856806,8.046014985319536,0.0],"spd_noise":[0.0,0.0,0.0]}
{"type":2,"rcvTime":18013.6,"pos":[4561.6169443401599,5196.775373017587,1.895],"noise":[0.0,0.0,0.0],"spd":[-11.007501313318104,8.065260962276828,0.0],"spd_noise":[0.0,0.0,0.0]}
{"type":2,"rcvTime":18013.7,"pos":[4560.523505349397,5197.576542198113,1.895],"noise":[0.0,0.0,0.0],"spd":[-10.949305620110849,8.022620635533779,0.0],"spd_noise":[0.0,0.0,0.0]}
{"type":3,"rcvTime":18013.708089128075,"sendTime":18013.707971174503,"sender":163,"messageID":49432,"pos":[4532.232635394791,5229.848935567659,1.895],"pos_noise":[0.0,0.0,0.0],"spd":[11.235670594914416,-8.249194421240658,0.0],"spd_noise":[0.0,0.0,0.0],"RSSI":1.1537801990371486e-7}
{"type":3,"rcvTime":18013.7827421554,"sendTime":18013.78263301798,"sender":193,"messageID":49661,"pos":[4283.369642479862,5094.796694211082,1.895],"pos_noise":[0.0,0.0,0.0],"spd":[11.636652528361254,-8.53838622855743,0.0],"spd_noise":[0.0,0.0,0.0],"RSSI":4.365137827319467e-8}
{"type":2,"rcvTime":18013.8,"pos":[4559.431278690972,5198.376823095604,1.895],"noise":[0.0,0.0,0.0],"spd":[-10.93716575917708,8.013725688019142,0.0],"spd_noise":[0.0,0.0,0.0]}
{"type":2,"rcvTime":18013.9,"pos":[4558.334748945201,5199.180256890505,1.895],"noise":[0.0,0.0,0.0],"spd":[-10.980255331494013,8.045297671121343,0.0],"spd_noise":[0.0,0.0,0.0]}
{"type":2,"rcvTime":18014.0,"pos":[4557.234508394145,5199.986409614267,1.895],"noise":[0.0,0.0,0.0],"spd":[-11.017414003811722,8.072524048911447,0.0],"spd_noise":[0.0,0.0,0.0]}
{"type":2,"rcvTime":18014.1,"pos":[4556.137345266811,5200.790307491566,1.895],"noise":[0.0,0.0,0.0],"spd":[-10.986597787146608,8.049944825689054,0.0],"spd_noise":[0.0,0.0,0.0]}
{"type":2,"rcvTime":18014.2,"pos":[4555.042920973909,5201.592198608765,1.895],"noise":[0.0,0.0,0.0],"spd":[-10.959172082115126,8.02984985028415,0.0],"spd_noise":[0.0,0.0,0.0]}
{"type":3,"rcvTime":18014.212828277356,"sendTime":18014.212715131325,"sender":331,"messageID":51283,"pos":[4846.974658221502,5224.106554926496,1.895],"pos_noise":[0.0,0.0,0.0],"spd":[-8.946077869720238,6.561298296550783,0.0],"spd_noise":[0.0,0.0,0.0],"RSSI":1.7119001544521968e-7}
{"type":2,"rcvTime":18014.3,"pos":[4553.890729982116,5202.316568729587,1.895],"noise":[0.0,0.0,0.0],"spd":[-11.156707662630632,7.846959165965202,0.0],"spd_noise":[0.0,0.0,0.0]}
{"type":2,"rcvTime":18014.4,"pos":[4552.611216708443,5202.705223595864,1.895],"noise":[0.0,0.0,0.0],"spd":[-11.828043414238726,6.810344166218145,0.0],"spd_noise":[0.0,0.0,0.0]}
{"type":2,"rcvTime":18014.5,"pos":[4551.339186490115,5202.357248279469,1.895],"noise":[0.0,0.0,0.0],"spd":[-13.044750837367266,3.8301982070400064,0.0],"spd_noise":[0.0,0.0,0.0]}
{"type":2,"rcvTime":18014.6,"pos":[4550.395557740428,5201.403958636991,1.895],"noise":[0.0,0.0,0.0],"spd":[-13.497041901131427,-1.4201037595083804,0.0],"spd_noise":[0.0,0.0,0.0]}
{"type":2,"rcvTime":18014.7,"pos":[4549.6388022753239,5200.27559923186,1.895],"noise":[0.0,0.0,0.0],"spd":[-11.755540550788938,-6.850305640909999,0.0],"spd_noise":[0.0,0.0,0.0]}
{"type":3,"rcvTime":18014.70807742963,"sendTime":18014.707971174503,"sender":163,"messageID":53589,"pos":[4543.551602688499,5221.780814184995,1.895],"pos_noise":[0.0,0.0,0.0],"spd":[11.487423659351237,-7.94427638959204,0.0],"spd_noise":[0.0,0.0,0.0],"RSSI":3.127577310998912e-7}
{"type":3,"rcvTime":18014.782743465286,"sendTime":18014.78263301798,"sender":193,"messageID":53834,