{"type":2,"rcvTime":18093.0,"pos":[3606.336608453796,6078.50809497407,1.895],"noise":[0.0,0.0,0.0],"spd":[-4.373037553756525,-37.94656431751803,0.0],"spd_noise":[0.0,0.0,0.0]}
{"type":2,"rcvTime":18093.1,"pos":[3605.8991786563108,6074.712344825428,1.895],"noise":[0.0,0.0,0.0],"spd":[-4.369494541625935,-37.915820209780907,0.0],"spd_noise":[0.0,0.0,0.0]}
{"type":2,"rcvTime":18093.2,"pos":[3605.4614320121788,6070.913845273995,1.895],"noise":[0.0,0.0,0.0],"spd":[-4.372659528785826,-37.943284046382029,0.0],"spd_noise":[0.0,0.0,0.0]}
{"type":2,"rcvTime":18093.3,"pos":[3605.024629930264,6067.123542059887,1.895],"noise":[0.0,0.0,0.0],"spd":[-4.363224278885389,-37.861410677432647,0.0],"spd_noise":[0.0,0.0,0.0]}
{"type":2,"rcvTime":18093.399999999998,"pos":[3604.5878252866389,6063.333216616812,1.895],"noise":[0.0,0.0,0.0],"spd":[-4.3632498678582849,-37.861632723000258,0.0],"spd_noise":[0.0,0.0,0.0]}
{"type":2,"rcvTime":18093.5,"pos":[3604.1503781928247,6059.537316381132,1.895],"noise":[0.0,0.0,0.0],"spd":[-4.369667314979903,-37.917319432051268,0.0],"spd_noise":[0.0,0.0,0.0]}
{"type":2,"rcvTime":18093.6,"pos":[3603.7129421195907,6055.741511775354,1.895],"noise":[0.0,0.0,0.0],"spd":[-4.369557230193356,-37.91636418313058,0.0],"spd_noise":[0.0,0.0,0.0]}
{"type":2,"rcvTime":18093.7,"pos":[3603.274922413846,6051.940642761072,1.895],"noise":[0.0,0.0,0.0],"spd":[-4.375387146406458,-37.9669526557188,0.0],"spd_noise":[0.0,0.0,0.0]}
{"type":2,"rcvTime":18093.8,"pos":[3602.8376607623574,6048.146351681279,1.895],"noise":[0.0,0.0,0.0],"spd":[-4.367814928077246,-37.90124554336873,0.0],"spd_noise":[0.0,0.0,0.0]}
{"type":2,"rcvTime":18093.899999999998,"pos":[3602.3997343886414,6044.346292545657,1.895],"noise":[0.0,0.0,0.0],"spd":[-4.374454851007909,-37.958862762426509,0.0],"spd_noise":[0.0,0.0,0.0]}
{"type":2,"rcvTime":18094.0,"pos":[3601.9621770991777,6040.549436099049,1.895],"noise":[0.0,0.0,0.0],"spd":[-4.370768061410203,-37.92687104114014,0.0],"spd_noise":[0.0,0.0,0.0]}
{"type":2,"rcvTime":18094.1,"pos":[3601.5239111447597,6036.746430288314,1.895],"noise":[0.0,0.0,0.0],"spd":[-4.377846929077885,-37.98829715600489,0.0],"spd_noise":[0.0,0.0,0.0]}
{"type":2,"rcvTime":18094.2,"pos":[3601.0857207261385,6032.944079931351,1.895],"noise":[0.0,0.0,0.0],"spd":[-4.377092400574316,-37.981749815846459,0.0],"spd_noise":[0.0,0.0,0.0]}
{"type":2,"rcvTime":18094.3,"pos":[3600.6483985365528,6029.149263538714,1.895],"noise":[0.0,0.0,0.0],"spd":[-4.368419644273285,-37.90649290332746,0.0],"spd_noise":[0.0,0.0,0.0]}
{"type":2,"rcvTime":18094.399999999998,"pos":[3600.2104204617696,6025.3487557726289,1.895],"noise":[0.0,0.0,0.0],"spd":[-4.374971293947404,-37.96334414063311,0.0],"spd_noise":[0.0,0.0,0.0]}
{"type":3,"rcvTime":18094.458531234373,"sendTime":18094.458422412023,"sender":547,"messageID":306235,"pos":[3610.2861184520386,5508.552316978948,1.895],"pos_noise":[0.0,0.0,0.0],"spd":[3.091475759054476,-36.72278067598518,0.0],"spd_noise":[0.0,0.0,0.0],"RSSI":1.4690416130207258e-9}
{"type":2,"rcvTime":18094.5,"pos":[3599.7723552466429,6021.54749185556,1.895],"noise":[0.0,0.0,0.0],"spd":[-4.375841740487949,-37.97089734713079,0.0],"spd_noise":[0.0,0.0,0.0]}
{"type":2,"rcvTime":18094.6,"pos":[3599.3355079380996,6017.756796192235,1.895],"noise":[0.0,0.0,0.0],"spd":[-4.36367604853443,-37.865330860105057,0.0],"spd_noise":[0.0,0.0,0.0]}
{"type":2,"rcvTime":18094.7,"pos":[3598.8979750821438,6013.960151764771,1.895],"noise":[0.0,0.0,0.0],"spd":[-4.370523994635908,-37.92475317788497,0.0],"spd_noise":[0.0,0.0,0.0]}
{"type":2,"rcvTime":18094.8,"pos":[3598.459911424056,6010.15890135874,1.895],"noise":[0.0,0.0,0.0],"spd":[-4.375826187198424,-37.97076238512919,0.0],"spd_noise":[0.0,0.0,0.0]}
{"type":2,"rcvTime":18094.899999999998,"pos":[3598.089050733732,6006.3599104683839,1.895],"noise":[0.0,0.0,0.0],"spd":[-3.862423180502955,-37.94280915591301,0.0],"spd_noise":[0.0,0.0,0.0]}
{"type":2,"rcvTime":18095.0,"pos":[3597.8355511949778,6002.54111039919,1.895],"noise":[0.0,0.0,0.0],"spd":[-2.5322116994772414,-38.146066303232867,0.0],"spd_noise":[0.0,0.0,0.0]}
{"type":2,"rcvTime":18095.1,"pos":[3597.5821453279488,5998.723721431549,1.895],"noise":[0.0,0.0,0.0],"spd":[-2.531276010832817,-38.131970783068918,0.0],"spd_noise":[0.0,0.0,0.0]}
{"type":2,"rcvTime":18095.2,"pos":[3597.3293934145719,5994.916183835881,1.895],"noise":[0.0,0.0,0.0],"spd":[-2.5247436553998598,-38.033565241628078,0.0],"spd_noise":[0.0,0.0,0.0]}
{"type":2,"rcvTime":18095.3,"pos":[3597.075925555202,5991.097860995321,1.895],"noise":[0.0,0.0,0.0],"spd":[-2.5318952534988417,-38.14129925737616,0.0],"spd_noise":[0.0,0.0,0.0]}
{"type":2,"rcvTime":18095.399999999998,"pos":[3596.822481229781,5987.279892677865,1.895],"noise":[0.0,0.0,0.0],"spd":[-2.5316601724415297,-38.13775791934987,0.0],"spd_noise":[0.0,0.0,0.0]}
{"type":2,"rcvTime":18095.5,"pos":[3596.5690283518399,5983.461795522449,1.895],"noise":[0.0,0.0,0.0],"spd":[-2.5317456037257899,-38.1390448841868,0.0],"spd_noise":[0.0,0.0,0.0]}
{"type":2,"rcvTime":18095.6,"pos":[3596.31564081735,5979.644682722183,1.895],"noise":[0.0,0.0,0.0],"spd":[-2.5310928867510138,-38.12921214193017,0.0],"spd_noise":[0.0,0.0,0.0]}
{"type":2,"rcvTime":18095.7,"pos":[3596.062690548229,5975.834157030632,1.895],"noise":[0.0,0.0,0.0],"spd":[-2.5267250346897764,-38.06341338806535,0.0],"spd_noise":[0.0,0.0,0.0]}
{"type":2,"rcvTime":18095.8,"pos":[3595.809786169216,5972.024322642687,1.895],"noise":[0.0,0.0,0.0],"spd":[-2.5262666375358497,-38.05650794322688,0.0],"spd_noise":[0.0,0.0,0.0]}
{"type":2,"rcvTime":18095.899999999998,"pos":[3595.5570397885487,5968.2168683935719,1.895],"noise":[0.0,0.0,0.0],"spd":[-2.524688389060586,-38.03273269134221,0.0],"spd_noise":[0.0,0.0,0.0]}
{"type":2,"rcvTime":18096.0,"pos":[3595.304304901737,5964.409587291658,1.895],"noise":[0.0,0.0,0.0],"spd":[-2.5245735767211796,-38.031003120655388,0.0],"spd_noise":[0.0,0.0,0.0]}
{"type":2,"rcvTime":18096.1,"pos":[3595.0515869378525,5960.602561122265,1.895],"noise":[0.0,0.0,0.0],"spd":[-2.524404533277629,-38.02845659486913,0.0],"spd_noise":[0.0,0.0,0.0]}
{"type":2,"rcvTime":18096.2,"pos":[3594.7982065412836,5956.785555849976,1.895],"noise":[0.0,0.0,0.0],"spd":[-2.531021585924069,-38.12813804292309,0.0],"spd_noise":[0.0,0.0,0.0]}
{"type":2,"rcvTime":18096.3,"pos":[3594.5448391030547,5952.968745786366,1.895],"noise":[0.0,0.0,0.0],"spd":[-2.53089214481921,-38.126188099729429,0.0],"spd_noise":[0.0,0.0,0.0]}
{"type":2,"rcvTime":18096.399999999998,"pos":[3594.2915952618347,5949.153797628567,1.895],"noise":[0.0,0.0,0.0],"spd":[-2.529657531958141,-38.10758948727263,0.0],"spd_noise":[0.0,0.0,0.0]}
{"type":2,"rcvTime":18096.5,"pos":[3594.038851102731,5945.346376845813,1.895],"noise":[0.0,0.0,0.0],"spd":[-2.5246661978199946,-38.03239839521999,0.0],"spd_noise":[0.0,0.0,0.0]}
{"type":2,"rcvTime":18096.6,"pos":[3593.785933035105,5941.5363362481289,1.895],"noise":[0.0,0.0,0.0],"spd":[-2.526403373344742,-38.058567776231019,0.0],"spd_noise":[0.0,0.0,0.0]}
{"type":2,"rcvTime":18096.7,"pos":[3593.5330562460205,5937.72691748391,1.895],"noise":[0.0,0.0,0.0],"spd":[-2.5259910412127799,-38.052356269955748,0.0],"spd_noise":[0.0,0.0,0.0]}
{"type":2,"rcvTime":18096.8,"pos":[3593.279496748818,5933.907214181022,1.895],"noise":[0.0,0.0,0.0],"spd":[-2.5328106255507119,-38.1550887217365,0.0],"spd_noise":[0.0,0.0,0.0]}
{"type":2,"rcvTime":18096.899999999998,"pos":[3593.0362524823019,5930.098109118798,1.895],"noise":[0.0,0.0,0.0],"spd":[-2.452548721574271,-38.04894817477326,0.0],"spd_noise":[0.0,0.0,0.0]}
{"type":2,"rcvTime":18097.0,"pos":[3592.8868219854946,5926.273183750243,1.895],"noise":[0.0,0.0,0.0],"spd":[-1.6642583566617773,-38.20016227948905,0.0],"spd_noise":[0.0,0.0,0.0]}
{"type":3,"rcvTime":18097.08880175383,"sendTime":18097.088691863602,"sender":583,"messageID":314074,"pos":[3633.1629355644788,5260.82153722246,1.895],"pos_noise":[0.0,0.0,0.0],"spd":[-5.246439867042569,33.63279184257875,0.0],"spd_noise":[0.0,0.0,0.0],"RSSI":1.5618121677189545e-9}
{"type":2,"rcvTime":18097.1,