{"type":2,"rcvTime":25297.399999999998,"pos":[3612.8954519849305,6077.810106441923,1.895],"noise":[0.0,0.0,0.0],"spd":[-3.1527899296350396,-27.391167476420898,0.0],"spd_noise":[0.0,0.0,0.0]}
{"type":3,"rcvTime":25297.453135659438,"sendTime":25297.453025047478,"sender":2515,"messageID":6242932,"pos":[3617.1875078674527,5470.7381858718949,1.895],"pos_noise":[0.0,0.0,0.0],"spd":[3.9019917695112729,-31.496176956492766,0.0],"spd_noise":[0.0,0.0,0.0],"RSSI":1.3632320219773488e-9}
{"type":2,"rcvTime":25297.5,"pos":[3612.5802729417348,6075.0718580492589,1.895],"noise":[0.0,0.0,0.0],"spd":[-3.15525181082938,-27.41255608828729,0.0],"spd_noise":[0.0,0.0,0.0]}
{"type":3,"rcvTime":25297.51038867191,"sendTime":25297.510279325023,"sender":2545,"messageID":6247874,"pos":[3584.3845359030117,5807.106148685003,1.895],"pos_noise":[0.0,0.0,0.0],"spd":[-0.03104451208068126,32.03077234829545,0.0],"spd_noise":[0.0,0.0,0.0],"RSSI":5.401760402711104e-9}
{"type":3,"rcvTime":25297.51238501728,"sendTime":25297.512277775815,"sender":2539,"messageID":6248198,"pos":[3831.1345685085827,5605.4198950202539,1.895],"pos_noise":[0.0,0.0,0.0],"spd":[-0.03250378200004883,33.57140622721888,0.0],"spd_noise":[0.0,0.0,0.0],"RSSI":7.771660226474686e-9}
{"type":2,"rcvTime":25297.6,"pos":[3612.264781165705,6072.330892660653,1.895],"noise":[0.0,0.0,0.0],"spd":[-3.1583825736847865,-27.43975588645463,0.0],"spd_noise":[0.0,0.0,0.0]}
{"type":3,"rcvTime":25297.625814572457,"sendTime":25297.625705005183,"sender":2629,"messageID":6256217,"pos":[3587.37249009159,5621.219333255554,1.895],"pos_noise":[0.0,0.0,0.0],"spd":[-2.859422183305337,34.90511460371483,0.0],"spd_noise":[0.0,0.0,0.0],"RSSI":6.345413056105861e-9}
{"type":2,"rcvTime":25297.7,"pos":[3611.9490383480585,6069.5877462440989,1.895],"noise":[0.0,0.0,0.0],"spd":[-3.1608957468546978,-27.46159011857347,0.0],"spd_noise":[0.0,0.0,0.0]}
{"type":3,"rcvTime":25297.74747102559,"sendTime":25297.747362296283,"sender":2875,"messageID":6262496,"pos":[3600.232794634892,6025.542905260028,1.895],"pos_noise":[0.0,0.0,0.0],"spd":[-4.187426520101174,-36.33594448177978,0.0],"spd_noise":[0.0,0.0,0.0],"RSSI":4.946765668527554e-8}
{"type":3,"rcvTime":25297.776261782055,"sendTime":25297.77614436792,"sender":2569,"messageID":6263622,"pos":[3584.427922374016,5762.341322871345,1.895],"pos_noise":[0.0,0.0,0.0],"spd":[-0.032507894501564698,33.54064530403449,0.0],"spd_noise":[0.0,0.0,0.0],"RSSI":1.3279570000875764e-8}
{"type":3,"rcvTime":25297.794702784722,"sendTime":25297.794585689247,"sender":2887,"messageID":6264679,"pos":[3607.8147141284296,6062.518898044032,1.895],"pos_noise":[0.0,0.0,0.0],"spd":[-3.506931276566169,-30.44943800960083,0.0],"spd_noise":[0.0,0.0,0.0],"RSSI":6.948824459484773e-7}
{"type":2,"rcvTime":25297.8,"pos":[3611.633749202781,6066.848541294027,1.895],"noise":[0.0,0.0,0.0],"spd":[-3.1563540408153227,-27.422132167511188,0.0],"spd_noise":[0.0,0.0,0.0]}
{"type":3,"rcvTime":25297.831505782877,"sendTime":25297.83139023343,"sender":2749,"messageID":6266733,"pos":[3594.522563832393,5854.122997824186,1.895],"pos_noise":[0.0,0.0,0.0],"spd":[-0.01742997588836686,-29.916374864431675,0.0],"spd_noise":[0.0,0.0,0.0],"RSSI":1.354047434677103e-8}
{"type":3,"rcvTime":25297.858807972367,"sendTime":25297.85870006969,"sender":2575,"messageID":6268951,"pos":[3591.0474820461215,5670.733215244356,1.895],"pos_noise":[0.0,0.0,0.0],"spd":[-1.248704131758382,29.907441688189289,0.0],"spd_noise":[0.0,0.0,0.0],"RSSI":8.501679361552024e-9}
{"type":3,"rcvTime":25297.886973227814,"sendTime":25297.886858980124,"sender":2599,"messageID":6270381,"pos":[3593.0693351733018,5632.399783699623,1.895],"pos_noise":[0.0,0.0,0.0],"spd":[-2.4416618407744665,29.80625213292164,0.0],"spd_noise":[0.0,0.0,0.0],"RSSI":6.434716337170027e-9}
{"type":3,"rcvTime":25297.88889842444,"sendTime":25297.888779789304,"sender":2719,"messageID":6270958,"pos":[3602.050260847241,5452.982265960739,1.895],"pos_noise":[0.0,0.0,0.0],"spd":[-3.854799061255079,33.41508601769926,0.0],"spd_noise":[0.0,0.0,0.0],"RSSI":1.511641542705899e-9}
{"type":3,"rcvTime":25297.892401230627,"sendTime":25297.89229405075,"sender":2833,"messageID":6271540,"pos":[3592.824446388054,5924.676575225712,1.895],"pos_noise":[0.0,0.0,0.0],"spd":[-1.3718969519436255,-35.11601424504782,0.0],"spd_noise":[0.0,0.0,0.0],"RSSI":1.7619538137327735e-9}
{"type":2,"rcvTime":25297.899999999998,"pos":[3611.3180048414558,6064.105381466123,1.895],"noise":[0.0,0.0,0.0],"spd":[-3.160911200596682,-27.461724379353375,0.0],"spd_noise":[0.0,0.0,0.0]}
{"type":2,"rcvTime":25298.0,"pos":[3611.002581609793,6061.365011585082,1.895],"noise":[0.0,0.0,0.0],"spd":[-3.157696377237891,-27.433794270785076,0.0],"spd_noise":[0.0,0.0,0.0]}
{"type":3,"rcvTime":25298.002800383256,"sendTime":25298.002685259704,"sender":2707,"messageID":6277797,"pos":[3591.4915287818437,5738.956881402006,1.895],"pos_noise":[0.0,0.0,0.0],"spd":[1.4702126352868546,-34.20494702500633,0.0],"spd_noise":[0.0,0.0,0.0],"RSSI":2.1964340070601398e-9}
{"type":3,"rcvTime":25298.01934479365,"sendTime":25298.019227103654,"sender":2665,"messageID":6279589,"pos":[3598.366106808619,5527.379416885781,1.895],"pos_noise":[0.0,0.0,0.0],"spd":[-2.572520107082679,31.40328599188104,0.0],"spd_noise":[0.0,0.0,0.0],"RSSI":2.23046245806362e-9}
{"type":3,"rcvTime":25298.091956797405,"sendTime":25298.091841972153,"sender":2845,"messageID":6283341,"pos":[3845.3281399982836,5814.768646991681,1.895],"pos_noise":[0.0,0.0,0.0],"spd":[-2.369567204228089,-35.695936363105499,0.0],"spd_noise":[0.0,0.0,0.0],"RSSI":1.1502994360124139e-7}
{"type":2,"rcvTime":25298.1,"pos":[3610.6869641775758,6058.622954506339,1.895],"noise":[0.0,0.0,0.0],"spd":[-3.1596405155501028,-27.45068477706542,0.0],"spd_noise":[0.0,0.0,0.0]}
{"type":2,"rcvTime":25298.2,"pos":[3610.371150226003,6055.8791900843539,1.895],"noise":[0.0,0.0,0.0],"spd":[-3.161607867332063,-27.467776959972434,0.0],"spd_noise":[0.0,0.0,0.0]}
{"type":3,"rcvTime":25298.210779228477,"sendTime":25298.21066460353,"sender":2419,"messageID":6290937,"pos":[3584.869287719394,5897.113715809441,1.895],"pos_noise":[0.0,0.0,0.0],"spd":[1.1539123087409438,27.035349496199716,0.0],"spd_noise":[0.0,0.0,0.0],"RSSI":1.6567957438640735e-9}
{"type":3,"rcvTime":25298.22530022145,"sendTime":25298.22518544043,"sender":2737,"messageID":6291835,"pos":[3605.8632598333217,5448.688414777884,1.895],"pos_noise":[0.0,0.0,0.0],"spd":[-3.864394682215899,33.49142057920855,0.0],"spd_noise":[0.0,0.0,0.0],"RSSI":1.8402480943510543e-9}
{"type":3,"rcvTime":25298.268016717888,"sendTime":25298.267898511607,"sender":2527,"messageID":6295847,"pos":[3581.046978803544,5845.886584986126,1.895],"pos_noise":[0.0,0.0,0.0],"spd":[-0.02867278648912888,29.614577245855036,0.0],"spd_noise":[0.0,0.0,0.0],"RSSI":1.9320748987005385e-8}
{"type":3,"rcvTime":25298.27401755206,"sendTime":25298.2739050427,"sender":2533,"messageID":6296132,"pos":[3588.9781905752686,5720.294366221877,1.895],"pos_noise":[0.0,0.0,0.0],"spd":[-1.2491809321554624,29.918861430972446,0.0],"spd_noise":[0.0,0.0,0.0],"RSSI":4.37887273176146e-9}
{"type":2,"rcvTime":25298.3,"pos":[3610.056264914471,6053.143493607095,1.895],"noise":[0.0,0.0,0.0],"spd":[-3.152311268355244,-27.387008908431285,0.0],"spd_noise":[0.0,0.0,0.0]}
{"type":3,"rcvTime":25298.317810499,"sendTime":25298.317701496275,"sender":2497,"messageID":6298107,"pos":[3616.0974330126239,5425.879519547281,1.895],"pos_noise":[0.0,0.0,0.0],"spd":[3.6964975044067138,-29.851934006692045,0.0],"spd_noise":[0.0,0.0,0.0],"RSSI":1.2865399968597627e-9}
{"type":3,"rcvTime":25298.36754656487,"sendTime":25298.367433654003,"sender":2899,"messageID":6300722,"pos":[3602.6585617448129,6046.592239166826,1.895],"pos_noise":[0.0,0.0,0.0],"spd":[-4.174102156869269,-36.2203237490087,0.0],"spd_noise":[0.0,0.0,0.0],"RSSI":0.000002466458271082563}
{"type":3,"rcvTime":25298.39405467968,"sendTime":25298.39394468274,"sender":2743,"messageID":6303762,"pos":[3612.7921400943107,5417.397679714724,1.895],"pos_noise":[0.0,0.0,0.0],