{"type":2,"rcvTime":25284.1,"pos":[4583.716239093138,5180.364454702572,1.895],"noise":[0.0,0.0,0.0],"spd":[-6.114578903272043,4.646271006144898,0.0],"spd_noise":[0.0,0.0,0.0]}
{"type":3,"rcvTime":25284.13832721963,"sendTime":25284.138211289046,"sender":2191,"messageID":5448701,"pos":[4431.193390194568,5296.549469843307,1.895],"pos_noise":[0.0,0.0,0.0],"spd":[-4.174575319779172e-14,2.020500596112594e-14,0.0],"spd_noise":[0.0,0.0,0.0],"RSSI":5.411434764814332e-9}
{"type":2,"rcvTime":25284.2,"pos":[4583.088079907285,5180.841950589836,1.895],"noise":[0.0,0.0,0.0],"spd":[-6.290711114368608,4.78074819410342,0.0],"spd_noise":[0.0,0.0,0.0]}
{"type":3,"rcvTime":25284.23422225759,"sendTime":25284.234106829623,"sender":2095,"messageID":5453727,"pos":[4424.331027831488,5296.203899847929,1.895],"pos_noise":[0.0,0.0,0.0],"spd":[-4.23821711172245e-14,2.0513096958141533e-14,0.0],"spd_noise":[0.0,0.0,0.0],"RSSI":9.616178030135365e-9}
{"type":2,"rcvTime":25284.3,"pos":[4582.443899010503,5181.33162539806,1.895],"noise":[0.0,0.0,0.0],"spd":[-6.450836396095169,4.903111923437352,0.0],"spd_noise":[0.0,0.0,0.0]}
{"type":3,"rcvTime":25284.370976256145,"sendTime":25284.370869008544,"sender":2173,"messageID":5462604,"pos":[4428.271440166248,5290.629754590217,1.895],"pos_noise":[0.0,0.0,0.0],"spd":[-4.287741133546163e-14,2.0752860736697724e-14,0.0],"spd_noise":[0.0,0.0,0.0],"RSSI":1.8787474710687945e-9}
{"type":3,"rcvTime":25284.390457309368,"sendTime":25284.390347616,"sender":2119,"messageID":5464788,"pos":[4425.773986515961,5299.172469196395,1.895],"pos_noise":[0.0,0.0,0.0],"spd":[-4.263861891413491e-14,2.063715428134786e-14,0.0],"spd_noise":[0.0,0.0,0.0],"RSSI":2.4232009670732689e-9}
{"type":2,"rcvTime":25284.399999999998,"pos":[4581.784185512929,5181.833107329644,1.895],"noise":[0.0,0.0,0.0],"spd":[-6.606134194652669,5.021660081865804,0.0],"spd_noise":[0.0,0.0,0.0]}
{"type":3,"rcvTime":25284.43742635519,"sendTime":25284.437311470836,"sender":2605,"messageID":5466849,"pos":[4599.655704698808,5192.690815505897,1.895],"pos_noise":[0.0,0.0,0.0],"spd":[1.9052383885642772,9.541322804560684,0.0],"spd_noise":[0.0,0.0,0.0],"RSSI":6.153385200515163e-7}
{"type":2,"rcvTime":25284.5,"pos":[4581.112360359753,5182.343795949386,1.895],"noise":[0.0,0.0,0.0],"spd":[-6.727415966998554,5.1138525528180669,0.0],"spd_noise":[0.0,0.0,0.0]}
{"type":3,"rcvTime":25284.505580651512,"sendTime":25284.50546270213,"sender":2437,"messageID":5470767,"pos":[4413.757793233552,5290.7419986916179,1.895],"pos_noise":[0.0,0.0,0.0],"spd":[0.09715580235614987,0.7511643242563763,0.0],"spd_noise":[0.0,0.0,0.0],"RSSI":2.2596999529545829e-8}
{"type":3,"rcvTime":25284.548670752665,"sendTime":25284.548554963105,"sender":2167,"messageID":5475652,"pos":[4615.685539258082,5367.169440976572,1.895],"pos_noise":[0.0,0.0,0.0],"spd":[0.2411466088299016,-2.433898330981587,0.0],"spd_noise":[0.0,0.0,0.0],"RSSI":2.584072474022889e-9}
{"type":2,"rcvTime":25284.6,"pos":[4580.426882429797,5182.8648627422239,1.895],"noise":[0.0,0.0,0.0],"spd":[-6.864129973721505,5.2177758534903859,0.0],"spd_noise":[0.0,0.0,0.0]}
{"type":2,"rcvTime":25284.7,"pos":[4579.727038425358,5183.396849922179,1.895],"noise":[0.0,0.0,0.0],"spd":[-7.007986687637827,5.327128690791874,0.0],"spd_noise":[0.0,0.0,0.0]}
{"type":3,"rcvTime":25284.776159905632,"sendTime":25284.776046065617,"sender":877,"messageID":5485331,"pos":[4621.608308030513,5351.0707097441759,1.895],"pos_noise":[0.0,0.0,0.0],"spd":[-1.9142477003884595,-0.3569659530440439,0.0],"spd_noise":[0.0,0.0,0.0],"RSSI":3.8424172759165339e-9}
{"type":2,"rcvTime":25284.8,"pos":[4579.0087122356949,5183.942886355304,1.895],"noise":[0.0,0.0,0.0],"spd":[-7.193060657237143,5.467812869760557,0.0],"spd_noise":[0.0,0.0,0.0]}
{"type":2,"rcvTime":25284.899999999998,"pos":[4578.272993501937,5184.502143749709,1.895],"noise":[0.0,0.0,0.0],"spd":[-7.3672233516476359,5.600202831045221,0.0],"spd_noise":[0.0,0.0,0.0]}
{"type":3,"rcvTime":25284.942333236886,"sendTime":25284.942219333396,"sender":1663,"messageID":5494377,"pos":[4422.88798937538,5293.235369086663,1.895],"pos_noise":[0.0,0.0,0.0],"spd":[-4.24885905450943e-14,2.0564669718102054e-14,0.0],"spd_noise":[0.0,0.0,0.0],"RSSI":1.3496653739364873e-8}
{"type":3,"rcvTime":25284.97508738592,"sendTime":25284.97497995757,"sender":265,"messageID":5496713,"pos":[4411.680540615371,5313.817687940334,1.895],"pos_noise":[0.0,0.0,0.0],"spd":[0.0,-0.0,0.0],"spd_noise":[0.0,0.0,0.0],"RSSI":1.5635300607771919e-8}
{"type":3,"rcvTime":25284.987098956033,"sendTime":25284.986984130697,"sender":1429,"messageID":5497948,"pos":[4870.670982754765,5204.255105462791,1.895],"pos_noise":[0.0,0.0,0.0],"spd":[-2.1041938863744455,-0.39053090305605417,0.0],"spd_noise":[0.0,0.0,0.0],"RSSI":4.749565453522357e-9}
{"type":2,"rcvTime":25285.0,"pos":[4577.519522920087,5185.0748952307189,1.895],"noise":[0.0,0.0,0.0],"spd":[-7.5449839873330799,5.735327771297154,0.0],"spd_noise":[0.0,0.0,0.0]}
{"type":3,"rcvTime":25285.073452422712,"sendTime":25285.073345330544,"sender":865,"messageID":5502329,"pos":[4405.189546150357,5314.322232695683,1.895],"pos_noise":[0.0,0.0,0.0],"spd":[0.0,-0.0,0.0],"spd_noise":[0.0,0.0,0.0],"RSSI":2.4651942744540419e-8}
{"type":2,"rcvTime":25285.1,"pos":[4576.755329630398,5185.655797589737,1.895],"noise":[0.0,0.0,0.0],"spd":[-7.652357335282604,5.816947738340945,0.0],"spd_noise":[0.0,0.0,0.0]}
{"type":3,"rcvTime":25285.138329419628,"sendTime":25285.138211289046,"sender":2191,"messageID":5505937,"pos":[4431.193390194568,5296.549469843307,1.895],"pos_noise":[0.0,0.0,0.0],"spd":[-4.215234252585479e-14,2.0401795794053885e-14,0.0],"spd_noise":[0.0,0.0,0.0],"RSSI":2.3113810132018907e-8}
{"type":2,"rcvTime":25285.2,"pos":[4575.977780950889,5186.246852062829,1.895],"noise":[0.0,0.0,0.0],"spd":[-7.786093415709197,5.9186073651052679,0.0],"spd_noise":[0.0,0.0,0.0]}
{"type":3,"rcvTime":25285.234224456977,"sendTime":25285.234106829623,"sender":2095,"messageID":5511018,"pos":[4424.331027831488,5296.203899847929,1.895],"pos_noise":[0.0,0.0,0.0],"spd":[-4.2393514441550027e-14,2.0518587160874977e-14,0.0],"spd_noise":[0.0,0.0,0.0],"RSSI":1.2157907431611482e-8}
{"type":2,"rcvTime":25285.3,"pos":[4575.175283574517,5186.841098105637,1.895],"noise":[0.0,0.0,0.0],"spd":[-7.974522847089862,6.03312521943896,0.0],"spd_noise":[0.0,0.0,0.0]}
{"type":3,"rcvTime":25285.370978454903,"sendTime":25285.370869008544,"sender":2173,"messageID":5519964,"pos":[4428.271440166248,5290.629754590217,1.895],"pos_noise":[0.0,0.0,0.0],"spd":[-4.1509878565347559e-14,2.009096869967598e-14,0.0],"spd_noise":[0.0,0.0,0.0],"RSSI":2.047682543665155e-9}
{"type":3,"rcvTime":25285.39045950811,"sendTime":25285.390347616,"sender":2119,"messageID":5522128,"pos":[4425.773986515961,5299.172469196395,1.895],"pos_noise":[0.0,0.0,0.0],"spd":[-4.1329211813445577e-14,2.0003399318307535e-14,0.0],"spd_noise":[0.0,0.0,0.0],"RSSI":1.1156755444288284e-8}
{"type":2,"rcvTime":25285.399999999998,"pos":[4574.354650882422,5187.442380506386,1.895],"noise":[0.0,0.0,0.0],"spd":[-8.144222517645045,6.1198081016395859,0.0],"spd_noise":[0.0,0.0,0.0]}
{"type":3,"rcvTime":25285.437428589343,"sendTime":25285.437311470836,"sender":2605,"messageID":5524210,"pos":[4598.08088903694,5203.191161561798,1.895],"pos_noise":[0.0,0.0,0.0],"spd":[-2.008553496464965,11.278800403224276,0.0],"spd_noise":[0.0,0.0,0.0],"RSSI":3.68261518042275e-8}
{"type":2,"rcvTime":25285.5,"pos":[4573.521196324459,5188.053057563679,1.895],"noise":[0.0,0.0,0.0],"spd":[-8.292034036896867,6.187966100643202,0.0],"spd_noise":[0.0,0.0,0.0]}
{"type":2,"rcvTime":25285.6,"pos":[4572.677672247612,5188.671112616693,1.895],"noise":[0.0,0.0,0.0],"spd":[-8.413184741135427,6.234529281675602,0.0],"spd_noise":[0.0,0.0,0.0]}
{"type":2,"rcvTime":25285.7,"pos":[4571.820129775549,5189.29943903034,1.895],"noise":[0.0,0.0,0.0],"spd":[-8.574574796548414,6.308924698594339,0.0],"spd_noise":[0.0,0.0,0.0]}
{"type":2,"rcvTime":25285.8,"pos":[4570.946262638394,5189.939726622129,1.895],"noise":[0.0,0.0,0.0],