{"type":2,"rcvTime":10899.6,"pos":[3645.2447087921038,5183.370203679774,1.895],"noise":[0.0,0.0,0.0],"spd":[-5.692659302907418,36.4933231329201,0.0],"spd_noise":[0.0,0.0,0.0]}
{"type":2,"rcvTime":10899.699999999999,"pos":[3644.6769622587487,5187.009795757371,1.895],"noise":[0.0,0.0,0.0],"spd":[-5.684286746113681,36.43965007707736,0.0],"spd_noise":[0.0,0.0,0.0]}
{"type":2,"rcvTime":10899.8,"pos":[3644.1080085947776,5190.657126258311,1.895],"noise":[0.0,0.0,0.0],"spd":[-5.696372555813744,36.517127286826809,0.0],"spd_noise":[0.0,0.0,0.0]}
{"type":2,"rcvTime":10899.9,"pos":[3643.538826138678,5194.305923452518,1.895],"noise":[0.0,0.0,0.0],"spd":[-5.698663226012436,36.531811841648607,0.0],"spd_noise":[0.0,0.0,0.0]}
{"type":2,"rcvTime":10900.0,"pos":[3642.969282630847,5197.957035202509,1.895],"noise":[0.0,0.0,0.0],"spd":[-5.7022780813244859,36.5549852086285,0.0],"spd_noise":[0.0,0.0,0.0]}
