{"type":2,"rcvTime":25298.5,"pos":[3609.6039437036276,6078.0541426035629,1.895],"noise":[0.0,0.0,0.0],"spd":[-3.109628888900309,-26.99980256758501,0.0],"spd_noise":[0.0,0.0,0.0]}
{"type":3,"rcvTime":25298.557476325117,"sendTime":25298.557358639177,"sender":2317,"messageID":5797562,"pos":[3595.2996213677108,6007.024811321797,1.895],"pos_noise":[0.0,0.0,0.0],"spd":[2.1367576180054366,28.69676552264867,0.0],"spd_noise":[0.0,0.0,0.0],"RSSI":9.822188563723789e-9}
{"type":3,"rcvTime":25298.599057346513,"sendTime":25298.59894407177,"sender":2269,"messageID":5801027,"pos":[3602.8393415322245,6078.702707572095,1.895],"pos_noise":[0.0,0.0,0.0],"spd":[3.018948231175917,28.588648877529008,0.0],"spd_noise":[0.0,0.0,0.0],"RSSI":0.000002597447711802699}
{"type":2,"rcvTime":25298.6,"pos":[3609.29351160183,6075.358770982497,1.895],"noise":[0.0,0.0,0.0],"spd":[-3.104309310162396,-26.953614555849169,0.0],"spd_noise":[0.0,0.0,0.0]}
{"type":3,"rcvTime":25298.606106332816,"sendTime":25298.605990009426,"sender":2629,"messageID":5801798,"pos":[3596.0271287262369,5555.9318069905389,1.895],"pos_noise":[0.0,0.0,0.0],"spd":[-2.8267039768510906,34.50616115888151,0.0],"spd_noise":[0.0,0.0,0.0],"RSSI":2.5759594620322546e-9}
{"type":3,"rcvTime":25298.616643338788,"sendTime":25298.616534207154,"sender":2377,"messageID":5802755,"pos":[3589.5511520448405,5974.259397190279,1.895],"pos_noise":[0.0,0.0,0.0],"spd":[2.1536781547242529,28.964925372780266,0.0],"spd_noise":[0.0,0.0,0.0],"RSSI":1.2793480076048944e-8}
{"type":3,"rcvTime":25298.634058179243,"sendTime":25298.633951997803,"sender":2479,"messageID":5804508,"pos":[3581.0446009980025,5848.342492294198,1.895],"pos_noise":[0.0,0.0,0.0],"spd":[-0.03478920766567793,35.9318993334649,0.0],"spd_noise":[0.0,0.0,0.0],"RSSI":2.0402997733948746e-8}
{"type":2,"rcvTime":25298.7,"pos":[3608.982127812373,6072.655136195697,1.895],"noise":[0.0,0.0,0.0],"spd":[-3.113826150855572,-27.03624590154894,0.0],"spd_noise":[0.0,0.0,0.0]}
{"type":3,"rcvTime":25298.773099194783,"sendTime":25298.772990336736,"sender":2719,"messageID":5814828,"pos":[3594.517866846028,5846.061207851058,1.895],"pos_noise":[0.0,0.0,0.0],"spd":[-0.018600516973361758,-31.925462321217809,0.0],"spd_noise":[0.0,0.0,0.0],"RSSI":2.0994917507292266e-8}
{"type":2,"rcvTime":25298.8,"pos":[3608.6715261966057,6069.958292745072,1.895],"noise":[0.0,0.0,0.0],"spd":[-3.1060044434679225,-26.96833279593831,0.0],"spd_noise":[0.0,0.0,0.0]}
{"type":2,"rcvTime":25298.899999999998,"pos":[3608.3613139551905,6067.264830093576,1.895],"noise":[0.0,0.0,0.0],"spd":[-3.1021107146273896,-26.934524932137774,0.0],"spd_noise":[0.0,0.0,0.0]}
{"type":3,"rcvTime":25298.998879637078,"sendTime":25298.998769100665,"sender":2689,"messageID":5833471,"pos":[3613.232918111852,5413.578385084008,1.895],"pos_noise":[0.0,0.0,0.0],"spd":[-3.427377913294345,29.697865004029855,0.0],"spd_noise":[0.0,0.0,0.0],"RSSI":1.5614367567462938e-9}
{"type":2,"rcvTime":25299.0,"pos":[3608.0501994911894,6064.563533763994,1.895],"noise":[0.0,0.0,0.0],"spd":[-3.1111329064591639,-27.012861417562964,0.0],"spd_noise":[0.0,0.0,0.0]}
{"type":3,"rcvTime":25299.03184547351,"sendTime":25299.03173318473,"sender":2581,"messageID":5837500,"pos":[3598.5939255195219,5564.959104552075,1.895],"pos_noise":[0.0,0.0,0.0],"spd":[-2.4453918868828379,29.85178615932268,0.0],"spd_noise":[0.0,0.0,0.0],"RSSI":1.3535996281670546e-9}
{"type":2,"rcvTime":25299.1,"pos":[3607.7397174646068,6061.867728663765,1.895],"noise":[0.0,0.0,0.0],"spd":[-3.1048085561265807,-26.957949331138197,0.0],"spd_noise":[0.0,0.0,0.0]}
{"type":3,"rcvTime":25299.128525530166,"sendTime":25299.128407853004,"sender":2635,"messageID":5842155,"pos":[3599.7828381407828,5699.662665474972,1.895],"pos_noise":[0.0,0.0,0.0],"spd":[1.3799445844676995,-32.16308197784723,0.0],"spd_noise":[0.0,0.0,0.0],"RSSI":1.6736620830129568e-9}
{"type":3,"rcvTime":25299.159218530476,"sendTime":25299.15910770488,"sender":2485,"messageID":5844512,"pos":[3587.7785372512346,5749.027002658364,1.895],"pos_noise":[0.0,0.0,0.0],"spd":[-1.2493678918359975,29.92333926177499,0.0],"spd_noise":[0.0,0.0,0.0],"RSSI":7.413459261853796e-9}
{"type":3,"rcvTime":25299.193870545376,"sendTime":25299.19375450588,"sender":2293,"messageID":5846563,"pos":[3600.7883736899368,6059.280579396214,1.895],"pos_noise":[0.0,0.0,0.0],"spd":[3.0181009371419384,28.580625224987317,0.0],"spd_noise":[0.0,0.0,0.0],"RSSI":0.000001879163814653992}
{"type":2,"rcvTime":25299.2,"pos":[3607.4291439660626,6059.171129344999,1.895],"noise":[0.0,0.0,0.0],"spd":[-3.1057232722938798,-26.965891486554435,0.0],"spd_noise":[0.0,0.0,0.0]}
{"type":3,"rcvTime":25299.284725038746,"sendTime":25299.284616862937,"sender":2863,"messageID":5850874,"pos":[3594.895259017603,5958.247586136526,1.895],"pos_noise":[0.0,0.0,0.0],"spd":[-1.9780256273988207,-29.797625825593764,0.0],"spd_noise":[0.0,0.0,0.0],"RSSI":1.6122866283743054e-8}
{"type":2,"rcvTime":25299.3,"pos":[3607.1176639671605,6056.466659205772,1.895],"noise":[0.0,0.0,0.0],"spd":[-3.114788241681434,-27.04459939431119,0.0],"spd_noise":[0.0,0.0,0.0]}
{"type":3,"rcvTime":25299.364279790563,"sendTime":25299.364172547776,"sender":2713,"messageID":5856170,"pos":[3591.2158719784258,5842.665042932106,1.895],"pos_noise":[0.0,0.0,0.0],"spd":[-0.017134656544408,-29.4394817747385,0.0],"spd_noise":[0.0,0.0,0.0],"RSSI":2.606264328742763e-8}
{"type":2,"rcvTime":25299.399999999998,"pos":[3606.807178112322,6053.770820866162,1.895],"noise":[0.0,0.0,0.0],"spd":[-3.104846838535777,-26.958281723692758,0.0],"spd_noise":[0.0,0.0,0.0]}
{"type":3,"rcvTime":25299.475462794904,"sendTime":25299.475352836493,"sender":2923,"messageID":5864535,"pos":[3605.514697833072,6013.686749799743,1.895],"pos_noise":[0.0,0.0,0.0],"spd":[-4.545889761023052,-39.49429887579576,0.0],"spd_noise":[0.0,0.0,0.0],"RSSI":3.1101574083368108e-7}
{"type":2,"rcvTime":25299.5,"pos":[3606.4963374860315,6051.0719021721019,1.895],"noise":[0.0,0.0,0.0],"spd":[-3.108394539684512,-26.989085152013929,0.0],"spd_noise":[0.0,0.0,0.0]}
{"type":3,"rcvTime":25299.517088792483,"sendTime":25299.516972868005,"sender":2767,"messageID":5866656,"pos":[3591.2339773335836,5873.7723062629379,1.895],"pos_noise":[0.0,0.0,0.0],"spd":[-0.01715936884253641,-29.48194058836032,0.0],"spd_noise":[0.0,0.0,0.0],"RSSI":5.5133700990122549e-9}
{"type":3,"rcvTime":25299.557473787907,"sendTime":25299.557358639177,"sender":2317,"messageID":5869288,"pos":[3598.2891444770318,6035.613533471295,1.895],"pos_noise":[0.0,0.0,0.0],"spd":[3.014725619032729,28.548661846702747,0.0],"spd_noise":[0.0,0.0,0.0],"RSSI":9.685887841818442e-7}
{"type":2,"rcvTime":25299.6,"pos":[3606.1858890567816,6048.376388785573,1.895],"noise":[0.0,0.0,0.0],"spd":[-3.104472584066254,-26.95503220513341,0.0],"spd_noise":[0.0,0.0,0.0]}
{"type":3,"rcvTime":25299.616640787986,"sendTime":25299.616534207154,"sender":2377,"messageID":5874095,"pos":[3591.7036374065448,6003.208280629992,1.895],"pos_noise":[0.0,0.0,0.0],"spd":[2.146743005526382,28.871654203861735,0.0],"spd_noise":[0.0,0.0,0.0],"RSSI":4.20688715048369e-8}
{"type":2,"rcvTime":25299.7,"pos":[3605.875660573494,6045.682785111676,1.895],"noise":[0.0,0.0,0.0],"spd":[-3.102273132736419,-26.935935150838394,0.0],"spd_noise":[0.0,0.0,0.0]}
{"type":3,"rcvTime":25299.737213112592,"sendTime":25299.737096411223,"sender":2953,"messageID":5883011,"pos":[4788.806586489081,10370.89662195649,1.895],"pos_noise":[0.0,0.0,0.0],"spd":[-3.1037506126834737,-26.965118112690129,0.0],"spd_noise":[0.0,0.0,0.0],"RSSI":2.4648986614238725e-8}
{"type":3,"rcvTime":25299.7731072337,"sendTime":25299.772990336736,"sender":2719,"messageID":5886998,"pos":[3594.499270042957,5814.142119980452,1.895],"pos_noise":[0.0,0.0,0.0],"spd":[-0.018614014767843604,-31.948629598222359,0.0],"spd_noise":[0.0,0.0,0.0],"RSSI":1.813005463441505e-8}
{"type":2,"rcvTime":25299.8,"pos":[3605.564667161872,6042.982539836879,1.895],"noise":[0.0,0.0,0.0],"spd":[-3.10992238723617,-27.00235090935089,0.0],"spd_noise":[0.0,0.0,0.0]}
{"type":3,"rcvTime":25299.868755911226,