{"type":2,"rcvTime":25298.3,"pos":[2325.8299765424364,5564.692169365383,1.895],"noise":[0.0,0.0,0.0],"spd":[12.524237450716399,-2.4123456626570927,0.0],"spd_noise":[0.0,0.0,0.0]}
{"type":3,"rcvTime":25298.382928149087,"sendTime":25298.38281535278,"sender":2659,"messageID":5786203,"pos":[2364.9031304672864,5543.721764416677,1.895],"pos_noise":[0.0,0.0,0.0],"spd":[-10.813714088344787,2.0829617393834289,0.0],"spd_noise":[0.0,0.0,0.0],"RSSI":1.871949631977454e-8}
{"type":2,"rcvTime":25298.399999999998,"pos":[2327.083529753272,5564.450717248001,1.895],"noise":[0.0,0.0,0.0],"spd":[12.53554071511204,-2.414522831601968,0.0],"spd_noise":[0.0,0.0,0.0]}
{"type":3,"rcvTime":25298.401943513007,"sendTime":25298.40183129604,"sender":1117,"messageID":5788698,"pos":[3417.561536869034,10014.867194229737,1.895],"pos_noise":[0.0,0.0,0.0],"spd":[-10.889339358029972,2.9960928839967817,0.0],"spd_noise":[0.0,0.0,0.0],"RSSI":2.554063608439371e-9}
{"type":2,"rcvTime":25298.5,"pos":[2328.3292164659217,5564.210780329677,1.895],"noise":[0.0,0.0,0.0],"spd":[12.45687567923812,-2.399370830624668,0.0],"spd_noise":[0.0,0.0,0.0]}
{"type":3,"rcvTime":25298.556534526873,"sendTime":25298.556424731014,"sender":1957,"messageID":5797361,"pos":[2858.7477590815858,5429.380255802484,1.895],"pos_noise":[0.0,0.0,0.0],"spd":[-12.958434576124933,5.197957277719625,0.0],"spd_noise":[0.0,0.0,0.0],"RSSI":1.8771619200674195e-9}
{"type":2,"rcvTime":25298.6,"pos":[2329.5757289668947,5563.970684352816,1.895],"noise":[0.0,0.0,0.0],"spd":[12.465133568145103,-2.4009614170827939,0.0],"spd_noise":[0.0,0.0,0.0]}
{"type":3,"rcvTime":25298.612358241207,"sendTime":25298.612247352256,"sender":1453,"messageID":5802559,"pos":[2810.230892603755,5459.946337935908,1.895],"pos_noise":[0.0,0.0,0.0],"spd":[10.398380779406628,-3.6574481951744546,0.0],"spd_noise":[0.0,0.0,0.0],"RSSI":4.029405401099725e-9}
{"type":2,"rcvTime":25298.7,"pos":[2330.8271401378408,5563.72964482268,1.895],"noise":[0.0,0.0,0.0],"spd":[12.514120301507623,-2.410396956309818,0.0],"spd_noise":[0.0,0.0,0.0]}
{"type":2,"rcvTime":25298.8,"pos":[2332.075180039924,5563.4892546467149,1.895],"noise":[0.0,0.0,0.0],"spd":[12.48040758973618,-2.403903410146673,0.0],"spd_noise":[0.0,0.0,0.0]}
{"type":2,"rcvTime":25298.899999999998,"pos":[2333.321316465816,5563.249231107245,1.895],"noise":[0.0,0.0,0.0],"spd":[12.461372814750286,-2.400237042670698,0.0],"spd_noise":[0.0,0.0,0.0]}
{"type":3,"rcvTime":25298.91363158024,"sendTime":25298.91351961312,"sender":1657,"messageID":5826611,"pos":[2820.2702673664418,5449.419944389249,1.895],"pos_noise":[0.0,0.0,0.0],"spd":[13.2741407964026,-4.667004442462581,0.0],"spd_noise":[0.0,0.0,0.0],"RSSI":3.177598372343758e-9}
{"type":3,"rcvTime":25298.976181583064,"sendTime":25298.976066087464,"sender":1477,"messageID":5829831,"pos":[2808.1261256908258,5457.187082913821,1.895],"pos_noise":[0.0,0.0,0.0],"spd":[9.634485603823892,-3.3883995979554104,0.0],"spd_noise":[0.0,0.0,0.0],"RSSI":2.682431672886075e-9}
{"type":2,"rcvTime":25299.0,"pos":[2334.5765651915396,5563.007452409662,1.895],"noise":[0.0,0.0,0.0],"spd":[12.552495875633783,-2.4177886358561575,0.0],"spd_noise":[0.0,0.0,0.0]}
{"type":3,"rcvTime":25299.022344254623,"sendTime":25299.02223188849,"sender":343,"messageID":5836150,"pos":[2686.3053506875319,5478.185194478474,1.895],"pos_noise":[0.0,0.0,0.0],"spd":[-12.668622662340365,3.485644901008225,0.0],"spd_noise":[0.0,0.0,0.0],"RSSI":4.128038386226281e-9}
{"type":2,"rcvTime":25299.1,"pos":[2335.8203217903248,5562.767887258627,1.895],"noise":[0.0,0.0,0.0],"spd":[12.437574527341532,-2.3956531551777404,0.0],"spd_noise":[0.0,0.0,0.0]}
{"type":3,"rcvTime":25299.17308625428,"sendTime":25299.172967205755,"sender":655,"messageID":5845812,"pos":[2678.6455319384047,5487.136727027035,1.895],"pos_noise":[0.0,0.0,0.0],"spd":[-13.62425575327518,3.7491118067275046,0.0],"spd_noise":[0.0,0.0,0.0],"RSSI":1.1689378243370634e-8}
{"type":2,"rcvTime":25299.2,"pos":[2337.0708911597337,5562.527009871399,1.895],"noise":[0.0,0.0,0.0],"spd":[12.505702280356509,-2.4087755261116166,0.0],"spd_noise":[0.0,0.0,0.0]}
{"type":3,"rcvTime":25299.208726844037,"sendTime":25299.208619850873,"sender":2221,"messageID":5848310,"pos":[7142.3930296860639,5410.6239575194199,1.895],"pos_noise":[0.0,0.0,0.0],"spd":[15.07255616209984,-3.687086703509738,0.0],"spd_noise":[0.0,0.0,0.0],"RSSI":4.556718233189572e-9}
{"type":2,"rcvTime":25299.3,"pos":[2338.326466242377,5562.285168312847,1.895],"noise":[0.0,0.0,0.0],"spd":[12.555759447075382,-2.4184172459763459,0.0],"spd_noise":[0.0,0.0,0.0]}
{"type":3,"rcvTime":25299.38292625211,"sendTime":25299.38281535278,"sender":2659,"messageID":5858046,"pos":[2354.07738829822,5545.807043031813,1.895],"pos_noise":[0.0,0.0,0.0],"spd":[-10.767472227013567,2.0740545288635094,0.0],"spd_noise":[0.0,0.0,0.0],"RSSI":4.902135048288535e-7}
{"type":2,"rcvTime":25299.399999999998,"pos":[2339.581192169187,5562.043490313746,1.895],"noise":[0.0,0.0,0.0],"spd":[12.547267882905082,-2.416781650350185,0.0],"spd_noise":[0.0,0.0,0.0]}
{"type":3,"rcvTime":25299.401939831194,"sendTime":25299.40183129604,"sender":1117,"messageID":5860550,"pos":[9314.706624289975,4289.4809829303999,1.895],"pos_noise":[0.0,0.0,0.0],"spd":[-10.948086698380669,3.0122566275069579,0.0],"spd_noise":[0.0,0.0,0.0],"RSSI":1.5464551795672228e-9}
{"type":2,"rcvTime":25299.5,"pos":[2340.8246532631826,5561.803982081123,1.895],"noise":[0.0,0.0,0.0],"spd":[12.434619477418451,-2.3950839706727509,0.0],"spd_noise":[0.0,0.0,0.0]}
{"type":3,"rcvTime":25299.587048828478,"sendTime":25299.58693523542,"sender":1075,"messageID":5871934,"pos":[2692.293917122054,5479.955657926286,1.895],"pos_noise":[0.0,0.0,0.0],"spd":[-11.004764918486613,3.0275818834377499,0.0],"spd_noise":[0.0,0.0,0.0],"RSSI":1.6943689679231495e-9}
{"type":2,"rcvTime":25299.6,"pos":[2342.079843041497,5561.562214737646,1.895],"noise":[0.0,0.0,0.0],"spd":[12.551906401136128,-2.4176750947096279,0.0],"spd_noise":[0.0,0.0,0.0]}
{"type":3,"rcvTime":25299.61235469148,"sendTime":25299.612247352256,"sender":1453,"messageID":5873906,"pos":[2820.72178984371,5456.256348697197,1.895],"pos_noise":[0.0,0.0,0.0],"spd":[10.40168996880225,-3.6586121445468877,0.0],"spd_noise":[0.0,0.0,0.0],"RSSI":3.6511415316281574e-9}
{"type":2,"rcvTime":25299.7,"pos":[2343.331129728181,5561.321199184944,1.895],"noise":[0.0,0.0,0.0],"spd":[12.512875458036039,-2.4101571818093556,0.0],"spd_noise":[0.0,0.0,0.0]}
{"type":2,"rcvTime":25299.8,"pos":[2344.58256384492,5561.080155235122,1.895],"noise":[0.0,0.0,0.0],"spd":[12.514349759593682,-2.410441153189735,0.0],"spd_noise":[0.0,0.0,0.0]}
{"type":2,"rcvTime":25299.899999999998,"pos":[2345.831823790915,5560.839530061406,1.895],"noise":[0.0,0.0,0.0],"spd":[12.492608037230323,-2.406253389276098,0.0],"spd_noise":[0.0,0.0,0.0]}
{"type":3,"rcvTime":25299.976172794297,"sendTime":25299.976066087464,"sender":1477,"messageID":5902108,"pos":[2817.781038288674,5453.791499245934,1.895],"pos_noise":[0.0,0.0,0.0],"spd":[9.623345062193689,-3.384481526108826,0.0],"spd_noise":[0.0,0.0,0.0],"RSSI":1.5216864144355837e-9}
{"type":2,"rcvTime":25300.0,"pos":[2347.076740192904,5560.599741515834,1.895],"noise":[0.0,0.0,0.0],"spd":[12.449172567342002,-2.3978871020827356,0.0],"spd_noise":[0.0,0.0,0.0]}
