{"type":2,"rcvTime":25200.0,"pos":[3593.0171541652146,6017.138740274056,1.895],"noise":[0.0,0.0,0.0],"spd":[3.664950947201772,34.683192237045819,0.0],"spd_noise":[0.0,0.0,0.0]}
{"type":3,"rcvTime":25200.02322590703,"sendTime":25200.023117568577,"sender":37,"messageID":2172,"pos":[3584.6294336008597,5745.347547393717,1.895],"pos_noise":[0.0,0.0,0.0],"spd":[-1.48474499827311,35.52451258138804,0.0],"spd_noise":[0.0,0.0,0.0],"RSSI":2.1652338493438668e-9}
{"type":3,"rcvTime":25200.06388527286,"sendTime":25200.063769801753,"sender":49,"messageID":3811,"pos":[3595.9556834717416,5516.44384737271,1.895],"pos_noise":[0.0,0.0,0.0],"spd":[-2.590864690647637,31.626819389486756,0.0],"spd_noise":[0.0,0.0,0.0],"RSSI":2.5390917916876745e-9}
{"type":2,"rcvTime":25200.1,"pos":[3593.384272450767,6020.612957052121,1.895],"noise":[0.0,0.0,0.0],"spd":[3.6711879831774305,34.742216306085079,0.0],"spd_noise":[0.0,0.0,0.0]}
{"type":3,"rcvTime":25200.125694274746,"sendTime":25200.125585315982,"sender":7,"messageID":6384,"pos":[1033.2808267045767,6820.329568581656,1.895],"pos_noise":[0.0,0.0,0.0],"spd":[2.2288550538138058,29.93363885745763,0.0],"spd_noise":[0.0,0.0,0.0],"RSSI":5.8062897500561778e-8}
{"type":3,"rcvTime":25200.18968715983,"sendTime":25200.189578738995,"sender":913,"messageID":10187,"pos":[3588.627190787615,5728.701085968223,1.895],"pos_noise":[0.0,0.0,0.0],"spd":[-1.4256334712520343,34.1450379042872,0.0],"spd_noise":[0.0,0.0,0.0],"RSSI":1.0273408459959955e-8}
{"type":2,"rcvTime":25200.2,"pos":[3593.751863603493,6024.091648799514,1.895],"noise":[0.0,0.0,0.0],"spd":[3.67591666151534,34.786966061861779,0.0],"spd_noise":[0.0,0.0,0.0]}
{"type":3,"rcvTime":25200.215694161692,"sendTime":25200.21557701239,"sender":13,"messageID":11933,"pos":[3587.621480988563,5872.106633403607,1.895],"pos_noise":[0.0,0.0,0.0],"spd":[-0.02922103486023715,30.117895853020579,0.0],"spd_noise":[0.0,0.0,0.0],"RSSI":2.246440788729679e-9}
{"type":2,"rcvTime":25200.3,"pos":[3594.119550424088,6027.571245897933,1.895],"noise":[0.0,0.0,0.0],"spd":[3.676873341544984,34.79601958477532,0.0],"spd_noise":[0.0,0.0,0.0]}
{"type":2,"rcvTime":25200.399999999998,"pos":[3594.486501891936,6031.04388399988,1.895],"noise":[0.0,0.0,0.0],"spd":[3.669519803794976,34.726429522839939,0.0],"spd_noise":[0.0,0.0,0.0]}
{"type":3,"rcvTime":25200.485200851566,"sendTime":25200.485094223404,"sender":103,"messageID":21976,"pos":[4423.870539702475,6432.8636166173969,1.895],"pos_noise":[0.0,0.0,0.0],"spd":[-3.4776207376739487,-30.21326957109097,0.0],"spd_noise":[0.0,0.0,0.0],"RSSI":2.9615913001997649e-7}
{"type":2,"rcvTime":25200.5,"pos":[3594.8530892213605,6034.51307608492,1.895],"noise":[0.0,0.0,0.0],"spd":[3.66587841448014,34.691969305654009,0.0],"spd_noise":[0.0,0.0,0.0]}
{"type":3,"rcvTime":25200.50303352553,"sendTime":25200.502923427615,"sender":751,"messageID":22761,"pos":[3601.856239689175,5608.6885021090579,1.895],"pos_noise":[0.0,0.0,0.0],"spd":[3.2589850484642,-38.712576933702397,0.0],"spd_noise":[0.0,0.0,0.0],"RSSI":2.1045507096432514e-9}
{"type":3,"rcvTime":25200.508266525794,"sendTime":25200.50815743138,"sender":247,"messageID":23071,"pos":[3210.80848518759,5130.366103257984,1.895],"pos_noise":[0.0,0.0,0.0],"spd":[-1.9867198573522945,-29.936608788005797,0.0],"spd_noise":[0.0,0.0,0.0],"RSSI":9.721900718093694e-9}
{"type":3,"rcvTime":25200.521715527128,"sendTime":25200.5216043368,"sender":61,"messageID":23560,"pos":[3594.107571403534,5991.0155185386579,1.895],"pos_noise":[0.0,0.0,0.0],"spd":[2.2214546625257096,29.834251219004068,0.0],"spd_noise":[0.0,0.0,0.0],"RSSI":1.9598326594219597e-7}
{"type":2,"rcvTime":25200.6,"pos":[3595.220060312812,6037.98589989447,1.895],"noise":[0.0,0.0,0.0],"spd":[3.669716040116491,34.72828660147113,0.0],"spd_noise":[0.0,0.0,0.0]}
{"type":3,"rcvTime":25200.626009793963,"sendTime":25200.625897793565,"sender":865,"messageID":27904,"pos":[3581.0867282230967,5804.831549883534,1.895],"pos_noise":[0.0,0.0,0.0],"spd":[-0.029767265875669487,30.74500607072672,0.0],"spd_noise":[0.0,0.0,0.0],"RSSI":3.471281782923153e-9}
{"type":3,"rcvTime":25200.632763793994,"sendTime":25200.632655769587,"sender":235,"messageID":28687,"pos":[11355.526435505599,4285.910557839088,1.895],"pos_noise":[0.0,0.0,0.0],"spd":[1.274218518358541,29.927964895656694,0.0],"spd_noise":[0.0,0.0,0.0],"RSSI":4.3210870336006169e-9}
{"type":3,"rcvTime":25200.650589868896,"sendTime":25200.650476861745,"sender":67,"messageID":30056,"pos":[4833.767176233232,1779.4034805847333,1.895],"pos_noise":[0.0,0.0,0.0],"spd":[-1.4476420043288019,34.67215950409401,0.0],"spd_noise":[0.0,0.0,0.0],"RSSI":5.682120873380945e-9}
{"type":3,"rcvTime":25200.673893426105,"sendTime":25200.673775574192,"sender":877,"messageID":31460,"pos":[3594.445325334705,5575.241208752025,1.895],"pos_noise":[0.0,0.0,0.0],"spd":[-2.5644980015884757,31.305358487840068,0.0],"spd_noise":[0.0,0.0,0.0],"RSSI":2.3488888779922406e-9}
{"type":3,"rcvTime":25200.681726426308,"sendTime":25200.68161178147,"sender":79,"messageID":32249,"pos":[3591.2205164971176,5850.644906609608,1.895],"pos_noise":[0.0,0.0,0.0],"spd":[-0.017268262467265224,-29.669033450942718,0.0],"spd_noise":[0.0,0.0,0.0],"RSSI":3.786203835231736e-9}
{"type":3,"rcvTime":25200.691210428027,"sendTime":25200.69109292212,"sender":55,"messageID":33099,"pos":[3597.776847867084,6030.762218781072,1.895],"pos_noise":[0.0,0.0,0.0],"spd":[3.137892677221738,29.715021621803428,0.0],"spd_noise":[0.0,0.0,0.0],"RSSI":0.000004004148838604128}
{"type":2,"rcvTime":25200.7,"pos":[3595.587457315371,6041.4627543055189,1.895],"noise":[0.0,0.0,0.0],"spd":[3.673975157129671,34.76859267275457,0.0],"spd_noise":[0.0,0.0,0.0]}
{"type":3,"rcvTime":25200.793064419842,"sendTime":25200.792944951678,"sender":883,"messageID":39227,"pos":[4611.133864670992,9317.719796788879,1.895],"pos_noise":[0.0,0.0,0.0],"spd":[-3.5627328567853167,30.87701809211844,0.0],"spd_noise":[0.0,0.0,0.0],"RSSI":2.097467323484544e-9}
{"type":2,"rcvTime":25200.8,"pos":[3595.953951803879,6044.931067792346,1.895],"noise":[0.0,0.0,0.0],"spd":[3.6649500040194926,34.6831833112586,0.0],"spd_noise":[0.0,0.0,0.0]}
{"type":3,"rcvTime":25200.817680421456,"sendTime":25200.81757072732,"sender":25,"messageID":40910,"pos":[3589.4241853478417,5709.612442205839,1.895],"pos_noise":[0.0,0.0,0.0],"spd":[-1.4279373961112215,34.200218708686097,0.0],"spd_noise":[0.0,0.0,0.0],"RSSI":3.036274178834085e-9}
{"type":3,"rcvTime":25200.860652423442,"sendTime":25200.860533911735,"sender":43,"messageID":43623,"pos":[3585.458986178769,5725.499390959318,1.895],"pos_noise":[0.0,0.0,0.0],"spd":[-1.491152437253632,35.67781914038825,0.0],"spd_noise":[0.0,0.0,0.0],"RSSI":2.0934425016134306e-9}
{"type":2,"rcvTime":25200.899999999998,"pos":[3596.321544893056,6048.409777865303,1.895],"noise":[0.0,0.0,0.0],"spd":[3.675936026049891,34.78714931775909,0.0],"spd_noise":[0.0,0.0,0.0]}
{"type":3,"rcvTime":25200.902948425624,"sendTime":25200.90283410251,"sender":31,"messageID":45917,"pos":[3584.339137893502,5853.946418035029,1.895],"pos_noise":[0.0,0.0,0.0],"spd":[-0.029338141558555045,30.2701917473177,0.0],"spd_noise":[0.0,0.0,0.0],"RSSI":7.480210464634936e-9}
{"type":2,"rcvTime":25201.0,"pos":[3596.688907821676,6051.886309818295,1.895],"noise":[0.0,0.0,0.0],"spd":[3.6736344172676418,34.76536808767612,0.0],"spd_noise":[0.0,0.0,0.0]}
{"type":3,"rcvTime":25201.0232305961,"sendTime":25201.023117568577,"sender":37,"messageID":52687,"pos":[3584.410226274486,5780.5996138709319,1.895],"pos_noise":[0.0,0.0,0.0],"spd":[-0.03384042889187487,34.91551328580383,0.0],"spd_noise":[0.0,0.0,0.0],"RSSI":7.684130965718577e-9}
{"type":3,"rcvTime":25201.063888621975,"sendTime":25201.063769801753,"sender":49,"messageID":54332,"pos":[3593.3656153192034,5548.060943380291,1.895],"pos_noise":[0.0,0.0,0.0],"spd":[-2.5870017404448508,31.5796641564331,0.0],"spd_noise":[0.0,0.0,0.0],"RSSI":2.807260358044071e-9}
{"type":2,"rcvTime":25201.1,"pos":[3597.0565346621317,6055.365339295827,1.895],"noise":[0.0,0.0,0.0],