{"type":2,"rcvTime":18097.8,"pos":[3645.3284633948785,5182.833286991054,1.895],"noise":[0.0,0.0,0.0],"spd":[-5.205658526004842,33.37135925419984,0.0],"spd_noise":[0.0,0.0,0.0]}
{"type":3,"rcvTime":18097.855931322203,"sendTime":18097.855817367465,"sender":487,"messageID":242194,"pos":[3653.75352573091,5206.178032546428,1.895],"pos_noise":[0.0,0.0,0.0],"spd":[6.2614472470876409,-39.775349312322067,0.0],"spd_noise":[0.0,0.0,0.0],"RSSI":4.7023159943776309e-7}
{"type":2,"rcvTime":18097.899999999998,"pos":[3644.8096754220475,5186.159025652479,1.895],"noise":[0.0,0.0,0.0],"spd":[-5.194112909116727,33.29734500085839,0.0],"spd_noise":[0.0,0.0,0.0]}
{"type":3,"rcvTime":18097.984151671582,"sendTime":18097.984042235417,"sender":133,"messageID":242660,"pos":[3598.694906425122,5210.980805984537,1.895],"pos_noise":[0.0,0.0,0.0],"spd":[12.221482161304638,1.6213337935427954,0.0],"spd_noise":[0.0,0.0,0.0],"RSSI":4.326302718151791e-8}
{"type":2,"rcvTime":18098.0,"pos":[3644.2895540435099,5189.493312235486,1.895],"noise":[0.0,0.0,0.0],"spd":[-5.20746298690751,33.38292691902885,0.0],"spd_noise":[0.0,0.0,0.0]}
{"type":3,"rcvTime":18098.085754810807,"sendTime":18098.0856404779,"sender":493,"messageID":243037,"pos":[3812.5968250071666,5245.185221421639,1.895],"pos_noise":[0.0,0.0,0.0],"spd":[1.825721440305368e-14,4.2013700752946777e-14,0.0],"spd_noise":[0.0,0.0,0.0],"RSSI":3.68440896518493e-9}
{"type":2,"rcvTime":18098.1,"pos":[3643.7704817051264,5192.820873848793,1.895],"noise":[0.0,0.0,0.0],"spd":[-5.196959981260585,33.31559642224162,0.0],"spd_noise":[0.0,0.0,0.0]}
{"type":3,"rcvTime":18098.12963813431,"sendTime":18098.129528415247,"sender":403,"messageID":243275,"pos":[4011.8686354082094,5265.12269656963,1.895],"pos_noise":[0.0,0.0,0.0],"spd":[13.294639336041469,1.8287538006559803,0.0],"spd_noise":[0.0,0.0,0.0],"RSSI":7.209875960689844e-9}
{"type":2,"rcvTime":18098.2,"pos":[3643.2515053085187,5196.147820418401,1.895],"noise":[0.0,0.0,0.0],"spd":[-5.195999410772608,33.309438595583738,0.0],"spd_noise":[0.0,0.0,0.0]}
{"type":3,"rcvTime":18098.21061574432,"sendTime":18098.210499397013,"sender":529,"messageID":243392,"pos":[3826.801740985457,5728.205115198246,1.895],"pos_noise":[0.0,0.0,0.0],"spd":[-2.9745221707815618,36.31107154833373,0.0],"spd_noise":[0.0,0.0,0.0],"RSSI":8.902346757366773e-9}
{"type":3,"rcvTime":18098.249908754708,"sendTime":18098.24979627505,"sender":109,"messageID":243629,"pos":[3652.75082205292,5224.8344149723229,1.895],"pos_noise":[0.0,0.0,0.0],"spd":[13.775861496683462,1.8335926760633339,0.0],"spd_noise":[0.0,0.0,0.0],"RSSI":4.636131987557171e-7}
{"type":2,"rcvTime":18098.3,"pos":[3642.732019754086,5199.47803099171,1.895],"noise":[0.0,0.0,0.0],"spd":[-5.20109710649584,33.34211784922644,0.0],"spd_noise":[0.0,0.0,0.0]}
{"type":2,"rcvTime":18098.399999999998,"pos":[3642.212020532282,5202.811534477588,1.895],"noise":[0.0,0.0,0.0],"spd":[-5.206239951868887,33.37508653890814,0.0],"spd_noise":[0.0,0.0,0.0]}
{"type":3,"rcvTime":18098.405024260497,"sendTime":18098.404908440538,"sender":415,"messageID":243769,"pos":[4033.177146009225,5265.486531261569,1.895],"pos_noise":[0.0,0.0,0.0],"spd":[14.383639862407734,2.4426972511742006,0.0],"spd_noise":[0.0,0.0,0.0],"RSSI":6.179311184119851e-9}
{"type":2,"rcvTime":18098.5,"pos":[3641.6933625993149,5206.136439506345,1.895],"noise":[0.0,0.0,0.0],"spd":[-5.192810948067505,33.288998658176989,0.0],"spd_noise":[0.0,0.0,0.0]}
{"type":3,"rcvTime":18098.599044492767,"sendTime":18098.598932405326,"sender":511,"messageID":244523,"pos":[3610.2961847244048,5472.72886297302,1.895],"pos_noise":[0.0,0.0,0.0],"spd":[4.619215692009485,-37.30356150278413,0.0],"spd_noise":[0.0,0.0,0.0],"RSSI":5.022675369953835e-9}
{"type":2,"rcvTime":18098.6,"pos":[3641.1748645126929,5209.4603198252029,1.895],"noise":[0.0,0.0,0.0],"spd":[-5.191210564073896,33.278739247403738,0.0],"spd_noise":[0.0,0.0,0.0]}
{"type":3,"rcvTime":18098.64410126036,"sendTime":18098.64399019652,"sender":115,"messageID":244735,"pos":[3735.9005527241436,5243.880967564112,1.895],"pos_noise":[0.0,0.0,0.0],"spd":[-14.18732934058179,-5.708761433617651,0.0],"spd_noise":[0.0,0.0,0.0],"RSSI":1.0280734294226756e-7}
{"type":2,"rcvTime":18098.7,"pos":[3640.6552875073186,5212.791116653298,1.895],"noise":[0.0,0.0,0.0],"spd":[-5.202012714685988,33.34798744088268,0.0],"spd_noise":[0.0,0.0,0.0]}
{"type":2,"rcvTime":18098.8,"pos":[3640.137013054551,5216.113563346483,1.895],"noise":[0.0,0.0,0.0],"spd":[-5.188971538590077,33.264385765816999,0.0],"spd_noise":[0.0,0.0,0.0]}
{"type":2,"rcvTime":18098.899999999998,"pos":[3639.6172511581037,5219.4455454360399,1.895],"noise":[0.0,0.0,0.0],"spd":[-5.203863846866882,33.35985429629148,0.0],"spd_noise":[0.0,0.0,0.0]}
{"type":3,"rcvTime":18098.98415645795,"sendTime":18098.984042235417,"sender":133,"messageID":245693,"pos":[3610.8024689878386,5212.593692821091,1.895],"pos_noise":[0.0,0.0,0.0],"spd":[12.239129486959028,1.6304132841074777,0.0],"spd_noise":[0.0,0.0,0.0],"RSSI":5.896087389883909e-8}
{"type":2,"rcvTime":18099.0,"pos":[3639.097738425659,5222.77593023653,1.895],"noise":[0.0,0.0,0.0],"spd":[-5.201369213160257,33.343862214364559,0.0],"spd_noise":[0.0,0.0,0.0]}
{"type":3,"rcvTime":18099.069258135907,"sendTime":18099.06914698216,"sender":589,"messageID":246052,"pos":[3645.3775805704678,5182.518416758218,1.895],"pos_noise":[0.0,0.0,0.0],"spd":[-5.194265671297724,33.298324297060208,0.0],"spd_noise":[0.0,0.0,0.0],"RSSI":1.3146191900813199e-7}
{"type":3,"rcvTime":18099.085750179205,"sendTime":18099.0856404779,"sender":493,"messageID":246142,"pos":[3812.5968250071666,5245.185221421639,1.895],"pos_noise":[0.0,0.0,0.0],"spd":[1.8381486246471999e-14,4.2299676473345887e-14,0.0],"spd_noise":[0.0,0.0,0.0],"RSSI":2.8096154960362775e-9}
{"type":2,"rcvTime":18099.1,"pos":[3638.5775690352477,5226.11052460413,1.895],"noise":[0.0,0.0,0.0],"spd":[-5.207943682500863,33.386008462946779,0.0],"spd_noise":[0.0,0.0,0.0]}
{"type":3,"rcvTime":18099.129646600348,"sendTime":18099.129528415247,"sender":403,"messageID":246365,"pos":[4025.063344439746,5267.46445991125,1.895],"pos_noise":[0.0,0.0,0.0],"spd":[13.180285795054222,2.284858584365796,0.0],"spd_noise":[0.0,0.0,0.0],"RSSI":8.02931516727881e-9}
{"type":2,"rcvTime":18099.2,"pos":[3638.0573718046859,5229.445297443608,1.895],"noise":[0.0,0.0,0.0],"spd":[-5.208222418500514,33.387795326056409,0.0],"spd_noise":[0.0,0.0,0.0]}
{"type":3,"rcvTime":18099.249904347616,"sendTime":18099.24979627505,"sender":109,"messageID":246669,"pos":[3666.2321121066727,5228.570800551727,1.895],"pos_noise":[0.0,0.0,0.0],"spd":[13.284266639432131,3.8893428677582344,0.0],"spd_noise":[0.0,0.0,0.0],"RSSI":1.7014216268514857e-7}
{"type":2,"rcvTime":18099.3,"pos":[3637.537816801976,5232.775953221572,1.895],"noise":[0.0,0.0,0.0],"spd":[-5.201792423681884,33.3465752448788,0.0],"spd_noise":[0.0,0.0,0.0]}
{"type":2,"rcvTime":18099.399999999998,"pos":[3637.0178748879454,5236.109089330627,1.895],"noise":[0.0,0.0,0.0],"spd":[-5.205666185588456,33.37140835668075,0.0],"spd_noise":[0.0,0.0,0.0]}
{"type":3,"rcvTime":18099.448167190603,"sendTime":18099.448051155403,"sender":505,"messageID":246887,"pos":[3483.2242293428664,5027.4195225522639,1.895],"pos_noise":[0.0,0.0,0.0],"spd":[5.097592660168432,-37.78633796984823,0.0],"spd_noise":[0.0,0.0,0.0],"RSSI":4.7488426778236337e-8}
{"type":2,"rcvTime":18099.5,"pos":[3636.4982594233977,5239.440132704841,1.895],"noise":[0.0,0.0,0.0],"spd":[-5.202397768505362,33.35045586428664,0.0],"spd_noise":[0.0,0.0,0.0]}
{"type":2,"rcvTime":18099.6,"pos":[3635.978457440618,5242.772371771565,1.895],"noise":[0.0,0.0,0.0],"spd":[-5.204265191818417,33.362427155516808,0.0],"spd_noise":[0.0,0.0,0.0]}
{"type":3,"rcvTime":18099.644105365263,"sendTime":18099.64399019652,"sender":115,"messageID":247750,"pos":[3721.591409575385,5238.129463115447,1.895],"pos_noise":[0.0,0.0,0.0],"spd":[-14.143456276123079,-5.683905346031149,0.0],"spd_noise":[0.0,0.0,0.0],"RSSI":8.125837148118335e-8}
{"type":2,"rcvTime":18099.7,