{"type":2,"rcvTime":18000.0,"pos":[3581.011595308178,5882.4322920841009,1.895],"noise":[0.0,0.0,0.0],"spd":[-0.03403707835979442,35.15506547083663,0.0],"spd_noise":[0.0,0.0,0.0]}
{"type":2,"rcvTime":18000.1,"pos":[3581.0896934437648,5885.942583954515,1.895],"noise":[0.0,0.0,0.0],"spd":[0.4420224939721416,35.0750924024564,0.0],"spd_noise":[0.0,0.0,0.0]}
{"type":2,"rcvTime":18000.2,"pos":[3581.239782198174,5889.45043720456,1.895],"noise":[0.0,0.0,0.0],"spd":[1.3379608761334188,35.04301501483085,0.0],"spd_noise":[0.0,0.0,0.0]}
{"type":2,"rcvTime":18000.3,"pos":[3581.390038722144,5892.962211541154,1.895],"noise":[0.0,0.0,0.0],"spd":[1.5007644643622833,35.07565589824143,0.0],"spd_noise":[0.0,0.0,0.0]}
{"type":2,"rcvTime":18000.4,"pos":[3581.540401802633,5896.476476301732,1.895],"noise":[0.0,0.0,0.0],"spd":[1.5018287525134915,35.100530291162389,0.0],"spd_noise":[0.0,0.0,0.0]}
{"type":3,"rcvTime":18000.437700100854,"sendTime":18000.437587209977,"sender":7,"messageID":663,"pos":[3622.092275067307,5336.812999549771,1.895],"pos_noise":[0.0,0.0,0.0],"spd":[-3.426125113851055,29.687009630117779,0.0],"spd_noise":[0.0,0.0,0.0],"RSSI":2.846336896095254e-9}
{"type":2,"rcvTime":18000.5,"pos":[3581.6906941931267,5899.989088905687,1.895],"noise":[0.0,0.0,0.0],"spd":[1.501122699757651,35.08402852549699,0.0],"spd_noise":[0.0,0.0,0.0]}
{"type":3,"rcvTime":18000.582131389907,"sendTime":18000.58201979124,"sender":25,"messageID":1096,"pos":[3594.5251758813794,5858.606253402613,1.895],"pos_noise":[0.0,0.0,0.0],"spd":[-0.017445645387627448,-29.94326960149808,0.0],"spd_noise":[0.0,0.0,0.0],"RSSI":3.0353390485286618e-8}
{"type":2,"rcvTime":18000.6,"pos":[3581.840844727934,5903.498386078494,1.895],"noise":[0.0,0.0,0.0],"spd":[1.4997058429848445,35.05091394836533,0.0],"spd_noise":[0.0,0.0,0.0]}
{"type":2,"rcvTime":18000.7,"pos":[3581.990890633731,5907.005237876796,1.895],"noise":[0.0,0.0,0.0],"spd":[1.4986608068280126,35.026489510342468,0.0],"spd_noise":[0.0,0.0,0.0]}
{"type":2,"rcvTime":18000.8,"pos":[3582.1411701641015,5910.517549915751,1.895],"noise":[0.0,0.0,0.0],"spd":[1.5009942526451486,35.08102647766219,0.0],"spd_noise":[0.0,0.0,0.0]}
{"type":3,"rcvTime":18000.87012747623,"sendTime":18000.870012145257,"sender":19,"messageID":1552,"pos":[3592.194236881011,5908.545300937698,1.895],"pos_noise":[0.0,0.0,0.0],"spd":[-1.1673795390920956,-29.881046434347398,0.0],"spd_noise":[0.0,0.0,0.0],"RSSI":0.0000010269555384396719}
{"type":2,"rcvTime":18000.9,"pos":[3582.2916354582719,5914.034203600107,1.895],"noise":[0.0,0.0,0.0],"spd":[1.5028496643292409,35.1243908984742,0.0],"spd_noise":[0.0,0.0,0.0]}
{"type":2,"rcvTime":18001.0,"pos":[3582.441894210266,5917.546030009792,1.895],"noise":[0.0,0.0,0.0],"spd":[1.5007867179122774,35.07617600508074,0.0],"spd_noise":[0.0,0.0,0.0]}
{"type":2,"rcvTime":18001.1,"pos":[3582.592214613271,5921.059297318213,1.895],"noise":[0.0,0.0,0.0],"spd":[1.5014024891466167,35.09056772372854,0.0],"spd_noise":[0.0,0.0,0.0]}
{"type":2,"rcvTime":18001.2,"pos":[3582.7423823660735,5924.56899690757,1.895],"noise":[0.0,0.0,0.0],"spd":[1.4998778165807368,35.05493329104558,0.0],"spd_noise":[0.0,0.0,0.0]}
{"type":2,"rcvTime":18001.3,"pos":[3582.8928380463164,5928.085425896565,1.895],"noise":[0.0,0.0,0.0],"spd":[1.5027536402738347,35.12214663776217,0.0],"spd_noise":[0.0,0.0,0.0]}
{"type":2,"rcvTime":18001.4,"pos":[3583.0745624139265,5931.594210196544,1.895],"noise":[0.0,0.0,0.0],"spd":[1.6845235011214793,35.05583937942911,0.0],"spd_noise":[0.0,0.0,0.0]}
{"type":3,"rcvTime":18001.43769703586,"sendTime":18001.437587209977,"sender":7,"messageID":2350,"pos":[3618.6658725310319,5366.502413015689,1.895],"pos_noise":[0.0,0.0,0.0],"spd":[-3.429627556819554,29.717357925839499,0.0],"spd_noise":[0.0,0.0,0.0],"RSSI":1.6057626352977568e-9}
{"type":2,"rcvTime":18001.5,"pos":[3583.335172782065,5935.104123237555,1.895],"noise":[0.0,0.0,0.0],"spd":[2.3320026565987557,35.07613282877853,0.0],"spd_noise":[0.0,0.0,0.0]}
{"type":3,"rcvTime":18001.582128749844,"sendTime":18001.58201979124,"sender":25,"messageID":2848,"pos":[3594.5077314417169,5828.665053276496,1.895],"pos_noise":[0.0,0.0,0.0],"spd":[-0.017444695971404905,-29.941640047229155,0.0],"spd_noise":[0.0,0.0,0.0],"RSSI":2.04337167429074e-8}
{"type":2,"rcvTime":18001.6,"pos":[3583.5949482101416,5938.60279126543,1.895],"noise":[0.0,0.0,0.0],"spd":[2.594640957159437,34.94474988587867,0.0],"spd_noise":[0.0,0.0,0.0]}
{"type":2,"rcvTime":18001.7,"pos":[3583.855270663579,5942.108826657326,1.895],"noise":[0.0,0.0,0.0],"spd":[2.6001046548512094,35.01833523064783,0.0],"spd_noise":[0.0,0.0,0.0]}
{"type":2,"rcvTime":18001.8,"pos":[3584.1157943191426,5945.617571849176,1.895],"noise":[0.0,0.0,0.0],"spd":[2.602114264764676,35.04540075410949,0.0],"spd_noise":[0.0,0.0,0.0]}
{"type":3,"rcvTime":18001.870124814493,"sendTime":18001.870012145257,"sender":19,"messageID":3425,"pos":[3591.23677703228,5878.5825385853809,1.895],"pos_noise":[0.0,0.0,0.0],"spd":[-0.2592333135134295,-29.963863947749343,0.0],"spd_noise":[0.0,0.0,0.0],"RSSI":3.545226098019057e-8}
{"type":2,"rcvTime":18001.9,"pos":[3584.376049216162,5949.122697387961,1.895],"noise":[0.0,0.0,0.0],"spd":[2.5994299003101308,35.00924760382185,0.0],"spd_noise":[0.0,0.0,0.0]}
{"type":2,"rcvTime":18002.0,"pos":[3584.6361886454917,5952.6262678023199,1.895],"noise":[0.0,0.0,0.0],"spd":[2.5982766072575576,34.99371499721742,0.0],"spd_noise":[0.0,0.0,0.0]}
{"type":2,"rcvTime":18002.1,"pos":[3584.896304379702,5956.129519089671,1.895],"noise":[0.0,0.0,0.0],"spd":[2.598039940043497,34.990527551769499,0.0],"spd_noise":[0.0,0.0,0.0]}
{"type":2,"rcvTime":18002.2,"pos":[3585.1569169393317,5959.639461645784,1.895],"noise":[0.0,0.0,0.0],"spd":[2.6030022399401875,35.05736004672034,0.0],"spd_noise":[0.0,0.0,0.0]}
{"type":2,"rcvTime":18002.3,"pos":[3585.4167851156269,5963.139378811153,1.895],"noise":[0.0,0.0,0.0],"spd":[2.595567327789536,34.95722629032342,0.0],"spd_noise":[0.0,0.0,0.0]}
{"type":2,"rcvTime":18002.4,"pos":[3585.676546526733,5966.637858057801,1.895],"noise":[0.0,0.0,0.0],"spd":[2.5945009554479547,34.94286433609409,0.0],"spd_noise":[0.0,0.0,0.0]}
{"type":2,"rcvTime":18002.5,"pos":[3585.9368672225657,5970.143869778179,1.895],"noise":[0.0,0.0,0.0],"spd":[2.6000870998605838,35.018098799149019,0.0],"spd_noise":[0.0,0.0,0.0]}
{"type":3,"rcvTime":18002.582136959325,"sendTime":18002.58201979124,"sender":25,"messageID":4759,"pos":[3594.4903028889386,5798.751121001798,1.895],"pos_noise":[0.0,0.0,0.0],"spd":[-0.017417080586293027,-29.894241690608845,0.0],"spd_noise":[0.0,0.0,0.0],"RSSI":8.732081291592779e-9}
{"type":2,"rcvTime":18002.6,"pos":[3586.196821947221,5973.644952581055,1.895],"noise":[0.0,0.0,0.0],"spd":[2.5964317741420355,34.96886869560284,0.0],"spd_noise":[0.0,0.0,0.0]}
{"type":2,"rcvTime":18002.7,"pos":[3586.4569060627388,5977.147778026315,1.895],"noise":[0.0,0.0,0.0],"spd":[2.597724132052689,34.98627423444098,0.0],"spd_noise":[0.0,0.0,0.0]}
{"type":2,"rcvTime":18002.8,"pos":[3586.717201358157,5980.653447652692,1.895],"noise":[0.0,0.0,0.0],"spd":[2.599833400139163,35.014681959032198,0.0],"spd_noise":[0.0,0.0,0.0]}
{"type":2,"rcvTime":18002.9,"pos":[3586.9772531192559,5984.155837347076,1.895],"noise":[0.0,0.0,0.0],"spd":[2.59740097562262,34.9819219480132,0.0],"spd_noise":[0.0,0.0,0.0]}
{"type":2,"rcvTime":18003.0,"pos":[3587.2374146047425,5987.659704814821,1.895],"noise":[0.0,0.0,0.0],"spd":[2.598496904490243,34.99668197100063,0.0],"spd_noise":[0.0,0.0,0.0]}
{"type":2,"rcvTime":18003.1,"pos":[3587.4973266346466,5991.16021260272,1.895],"noise":[0.0,0.0,0.0],"spd":[2.5960053383072698,34.96312543719417,0.0],"spd_noise":[0.0,0.0,0.0]}
{"type":2,"rcvTime":18003.2,"pos":[3587.7575921770669,5994.665481514279,1.895],"noise":[0.0,0.0,0.0],"spd":[2.599536226737581,35.01067961328861,0.0],"spd_noise":[0.0,0.0,0.0]}
{"type":2,"rcvTime":18003.3,"pos":[3588.018236507548,5998.175851961761,1.895],"noise":[0.0,0.0,0.0],"spd":[2.6033195676945617,35.06163383226198,0.0],"spd_noise":[0.0,0.0,0.0]}
{"type":3,