{"type":2,"rcvTime":18096.0,"pos":[3606.0902759511029,6076.370571103751,1.895],"noise":[0.0,0.0,0.0],"spd":[-4.4835666795374859,-38.90566895107119,0.0],"spd_noise":[0.0,0.0,0.0]}
{"type":2,"rcvTime":18096.1,"pos":[3605.641704075608,6072.478136768289,1.895],"noise":[0.0,0.0,0.0],"spd":[-4.480792970137224,-38.88160038523682,0.0],"spd_noise":[0.0,0.0,0.0]}
{"type":2,"rcvTime":18096.2,"pos":[3605.194012977407,6068.593345283323,1.895],"noise":[0.0,0.0,0.0],"spd":[-4.471994869042995,-38.805255806713017,0.0],"spd_noise":[0.0,0.0,0.0]}
{"type":3,"rcvTime":18096.210606530647,"sendTime":18096.210499397013,"sender":529,"messageID":237385,"pos":[3839.282997860948,5346.606589282459,1.895],"pos_noise":[0.0,0.0,0.0],"spd":[-2.971216557025305,36.270718721647778,0.0],"spd_noise":[0.0,0.0,0.0],"RSSI":3.121357996548682e-9}
{"type":2,"rcvTime":18096.3,"pos":[3604.7462580347134,6064.7079997946179,1.895],"noise":[0.0,0.0,0.0],"spd":[-4.472632612895653,-38.810789760582618,0.0],"spd_noise":[0.0,0.0,0.0]}
{"type":2,"rcvTime":18096.399999999998,"pos":[3604.2976718249594,6060.8154410751599,1.895],"noise":[0.0,0.0,0.0],"spd":[-4.480936155320516,-38.882842859337369,0.0],"spd_noise":[0.0,0.0,0.0]}
{"type":2,"rcvTime":18096.5,"pos":[3603.849882429993,6056.929796630558,1.895],"noise":[0.0,0.0,0.0],"spd":[-4.472976757293688,-38.813776036690359,0.0],"spd_noise":[0.0,0.0,0.0]}
{"type":3,"rcvTime":18096.599043371432,"sendTime":18096.598932405326,"sender":511,"messageID":238441,"pos":[3603.6807794626608,5547.717706963892,1.895],"pos_noise":[0.0,0.0,0.0],"spd":[3.1535209872788716,-37.46236470377619,0.0],"spd_noise":[0.0,0.0,0.0],"RSSI":2.1628757494981209e-9}
{"type":2,"rcvTime":18096.6,"pos":[3603.402219597967,6053.0452504222889,1.895],"noise":[0.0,0.0,0.0],"spd":[-4.4717125176908099,-38.80280573313963,0.0],"spd_noise":[0.0,0.0,0.0]}
{"type":2,"rcvTime":18096.7,"pos":[3602.95404246643,6049.156241435183,1.895],"noise":[0.0,0.0,0.0],"spd":[-4.476849865251777,-38.847384515564318,0.0],"spd_noise":[0.0,0.0,0.0]}
{"type":3,"rcvTime":18096.74702932573,"sendTime":18096.746913973708,"sender":469,"messageID":238997,"pos":[3596.8626487715275,6022.104992838232,1.895],"pos_noise":[0.0,0.0,0.0],"spd":[3.5205250762818665,33.3384502029553,0.0],"spd_noise":[0.0,0.0,0.0],"RSSI":1.1521891593668513e-7}
{"type":2,"rcvTime":18096.8,"pos":[3602.5058311382069,6045.266935709999,1.895],"noise":[0.0,0.0,0.0],"spd":[-4.477191456599469,-38.85034863784457,0.0],"spd_noise":[0.0,0.0,0.0]}
{"type":2,"rcvTime":18096.899999999998,"pos":[3602.05689526336,6041.371342809201,1.895],"noise":[0.0,0.0,0.0],"spd":[-4.484428966565847,-38.91315135427726,0.0],"spd_noise":[0.0,0.0,0.0]}
{"type":2,"rcvTime":18097.0,"pos":[3601.6088331089779,6037.483331524025,1.895],"noise":[0.0,0.0,0.0],"spd":[-4.475701356274345,-38.837418452071919,0.0],"spd_noise":[0.0,0.0,0.0]}
{"type":3,"rcvTime":18097.062885029794,"sendTime":18097.062771255336,"sender":541,"messageID":239955,"pos":[3595.3778542385855,5905.450000800995,1.895],"pos_noise":[0.0,0.0,0.0],"spd":[-1.3100559199450579,-33.46071004365459,0.0],"spd_noise":[0.0,0.0,0.0],"RSSI":2.632289776791283e-9}
{"type":2,"rcvTime":18097.1,"pos":[3601.1611593742397,6033.598690708641,1.895],"noise":[0.0,0.0,0.0],"spd":[-4.47182142508889,-38.80375076540499,0.0],"spd_noise":[0.0,0.0,0.0]}
{"type":2,"rcvTime":18097.2,"pos":[3600.713290529905,6029.712356850667,1.895],"noise":[0.0,0.0,0.0],"spd":[-4.473770378542219,-38.82066259994312,0.0],"spd_noise":[0.0,0.0,0.0]}
{"type":2,"rcvTime":18097.3,"pos":[3600.26481358867,6025.820746297065,1.895],"noise":[0.0,0.0,0.0],"spd":[-4.479844670008657,-38.87337161261721,0.0],"spd_noise":[0.0,0.0,0.0]}
{"type":2,"rcvTime":18097.399999999998,"pos":[3599.816541717972,6021.930915221046,1.895],"noise":[0.0,0.0,0.0],"spd":[-4.477796216533302,-38.85559637730342,0.0],"spd_noise":[0.0,0.0,0.0]}
{"type":2,"rcvTime":18097.5,"pos":[3599.3676766249375,6018.035936521834,1.895],"noise":[0.0,0.0,0.0],"spd":[-4.483721925700615,-38.90701608299993,0.0],"spd_noise":[0.0,0.0,0.0]}
{"type":3,"rcvTime":18097.599050594537,"sendTime":18097.598932405326,"sender":511,"messageID":241307,"pos":[3606.838754031545,5510.202435779107,1.895],"pos_noise":[0.0,0.0,0.0],"spd":[3.158891153347345,-37.526159782502578,0.0],"spd_noise":[0.0,0.0,0.0],"RSSI":1.7492077348723348e-9}
{"type":2,"rcvTime":18097.6,"pos":[3598.9199415367936,6014.150763318855,1.895],"noise":[0.0,0.0,0.0],"spd":[-4.472434285418435,-38.809068795178777,0.0],"spd_noise":[0.0,0.0,0.0]}
{"type":2,"rcvTime":18097.7,"pos":[3598.471397708893,6010.258572363388,1.895],"noise":[0.0,0.0,0.0],"spd":[-4.480512802178123,-38.87916925785341,0.0],"spd_noise":[0.0,0.0,0.0]}
{"type":3,"rcvTime":18097.747030162165,"sendTime":18097.746913973708,"sender":469,"messageID":241863,"pos":[3600.379623953174,6055.409826468948,1.895],"pos_noise":[0.0,0.0,0.0],"spd":[3.5145165435533967,33.281550972067709,0.0],"spd_noise":[0.0,0.0,0.0],"RSSI":7.65573689295742e-8}
{"type":2,"rcvTime":18097.8,"pos":[3598.088956079933,6006.35848457255,1.895],"noise":[0.0,0.0,0.0],"spd":[-3.9648258031872758,-38.95411763987513,0.0],"spd_noise":[0.0,0.0,0.0]}
{"type":2,"rcvTime":18097.899999999998,"pos":[3597.829565360808,6002.450937832988,1.895],"noise":[0.0,0.0,0.0],"spd":[-2.591058811901586,-39.0325584763621,0.0],"spd_noise":[0.0,0.0,0.0]}
{"type":2,"rcvTime":18098.0,"pos":[3597.5703687049065,5998.546314525368,1.895],"noise":[0.0,0.0,0.0],"spd":[-2.589120310688318,-39.00335625925463,0.0],"spd_noise":[0.0,0.0,0.0]}
{"type":3,"rcvTime":18098.06288000711,"sendTime":18098.062771255336,"sender":541,"messageID":242965,"pos":[3594.5329376049655,5871.92828172238,1.895],"pos_noise":[0.0,0.0,0.0],"spd":[-0.019538937697264767,-33.53614419361222,0.0],"spd_noise":[0.0,0.0,0.0],"RSSI":5.888336149476097e-9}
{"type":2,"rcvTime":18098.1,"pos":[3597.3109766166815,5994.638747161232,1.895],"noise":[0.0,0.0,0.0],"spd":[-2.5910724878704856,-39.032764495629468,0.0],"spd_noise":[0.0,0.0,0.0]}
{"type":2,"rcvTime":18098.2,"pos":[3597.0520239427767,5990.737799278316,1.895],"noise":[0.0,0.0,0.0],"spd":[-2.5866831698931325,-38.96664237218798,0.0],"spd_noise":[0.0,0.0,0.0]}
{"type":3,"rcvTime":18098.210615900454,"sendTime":18098.210499397013,"sender":529,"messageID":243392,"pos":[3826.801740985457,5728.205115198246,1.895],"pos_noise":[0.0,0.0,0.0],"spd":[-2.9745221707815618,36.31107154833373,0.0],"spd_noise":[0.0,0.0,0.0],"RSSI":2.2002882097381269e-9}
{"type":2,"rcvTime":18098.3,"pos":[3596.7926719963986,5986.830836624104,1.895],"noise":[0.0,0.0,0.0],"spd":[-2.590671510201592,-39.02672403671775,0.0],"spd_noise":[0.0,0.0,0.0]}
{"type":2,"rcvTime":18098.399999999998,"pos":[3596.533293114677,5982.923468207054,1.895],"noise":[0.0,0.0,0.0],"spd":[-2.590940567857433,-39.03077720941128,0.0],"spd_noise":[0.0,0.0,0.0]}
{"type":2,"rcvTime":18098.5,"pos":[3596.2742424920236,5979.021044792112,1.895],"noise":[0.0,0.0,0.0],"spd":[-2.5876615817973209,-38.9813814895817,0.0],"spd_noise":[0.0,0.0,0.0]}
{"type":3,"rcvTime":18098.599045286825,"sendTime":18098.598932405326,"sender":511,"messageID":244523,"pos":[3610.2961847244048,5472.72886297302,1.895],"pos_noise":[0.0,0.0,0.0],"spd":[4.619215692009485,-37.30356150278413,0.0],"spd_noise":[0.0,0.0,0.0],"RSSI":2.9569741607023959e-9}
{"type":2,"rcvTime":18098.6,"pos":[3596.015009845265,5975.115879306446,1.895],"noise":[0.0,0.0,0.0],"spd":[-2.589479824034584,-39.00877208603815,0.0],"spd_noise":[0.0,0.0,0.0]}
{"type":2,"rcvTime":18098.7,"pos":[3595.755893265638,5971.212462294053,1.895],"noise":[0.0,0.0,0.0],"spd":[-2.588320427262242,-38.99130655336729,0.0],"spd_noise":[0.0,0.0,0.0]}
{"type":2,"rcvTime":18098.8,"pos":[3595.496324009961,5967.3022260214,1.895],"noise":[0.0,0.0,0.0],"spd":[-2.5928422169066045,-39.059424273396768,0.0],"spd_noise":[0.0,0.0,0.0]}
{"type":2,"rcvTime":18098.899999999998,"pos":[3595.236813557447,5963.392875578851,1.895],"noise":[0.0,0.0,0.0],"spd":[-2.5922548309975235,-39.05057569970207,0.0],"spd_noise":[0.0,0.0,0.0]}
{"type":2,"rcvTime":18099.0,