{"type":2,"rcvTime":18098.1,"pos":[6129.373849869892,5822.030023172647,1.895],"noise":[0.0,0.0,0.0],"spd":[-0.0,-0.0,0.0],"spd_noise":[0.0,0.0,0.0]}
{"type":2,"rcvTime":18098.2,"pos":[6129.350901381057,5822.0277112502449,1.895],"noise":[0.0,0.0,0.0],"spd":[-0.22949875045856159,-0.023120620548710115,0.0],"spd_noise":[0.0,0.0,0.0]}
{"type":3,"rcvTime":18098.2218477693,"sendTime":18098.221737487147,"sender":295,"messageID":318694,"pos":[6153.717885336791,5738.39877810646,1.895],"pos_noise":[0.0,0.0,0.0],"spd":[14.69924877581317,0.7523184386769563,0.0],"spd_noise":[0.0,0.0,0.0],"RSSI":6.86148487749853e-9}
{"type":2,"rcvTime":18098.3,"pos":[6129.304662327157,5822.023052943315,1.895],"noise":[0.0,0.0,0.0],"spd":[-0.46241846985130966,-0.046585883168283579,0.0],"spd_noise":[0.0,0.0,0.0]}
{"type":2,"rcvTime":18098.399999999998,"pos":[6129.237796126415,5822.016316575244,1.895],"noise":[0.0,0.0,0.0],"spd":[-0.6687023981588692,-0.06736774983283701,0.0],"spd_noise":[0.0,0.0,0.0]}
{"type":3,"rcvTime":18098.42048921919,"sendTime":18098.42037310917,"sender":349,"messageID":319316,"pos":[6168.627200671741,5732.556336484052,1.895],"pos_noise":[0.0,0.0,0.0],"spd":[14.926302712348483,0.7648890544101543,0.0],"spd_noise":[0.0,0.0,0.0],"RSSI":4.347757004121855e-8}
{"type":3,"rcvTime":18098.485172042467,"sendTime":18098.485053766286,"sender":157,"messageID":319545,"pos":[6299.415528344784,5845.45543358662,1.895],"pos_noise":[0.0,0.0,0.0],"spd":[13.282013708455855,0.8730346921445944,0.0],"spd_noise":[0.0,0.0,0.0],"RSSI":3.0991020480542666e-9}
{"type":2,"rcvTime":18098.5,"pos":[6129.149079305641,5822.007378888457,1.895],"noise":[0.0,0.0,0.0],"spd":[-0.8872217974144079,-0.08938226669893555,0.0],"spd_noise":[0.0,0.0,0.0]}
{"type":3,"rcvTime":18098.542926915346,"sendTime":18098.54281297079,"sender":391,"messageID":319993,"pos":[5869.026200089667,5712.299327913567,1.895],"pos_noise":[0.0,0.0,0.0],"spd":[4.359618048961836,0.48479080052928188,0.0],"spd_noise":[0.0,0.0,0.0],"RSSI":1.864476548556735e-8}
{"type":2,"rcvTime":18098.6,"pos":[6129.041802552954,5821.996571400017,1.895],"noise":[0.0,0.0,0.0],"spd":[-1.0728323277263994,-0.10808141269695505,0.0],"spd_noise":[0.0,0.0,0.0]}
{"type":3,"rcvTime":18098.64296913622,"sendTime":18098.642854139114,"sender":379,"messageID":320150,"pos":[5934.337800750028,5735.623303128778,1.895],"pos_noise":[0.0,0.0,0.0],"spd":[13.905325310978098,0.7232673630672187,0.0],"spd_noise":[0.0,0.0,0.0],"RSSI":9.815389824099312e-8}
{"type":2,"rcvTime":18098.7,"pos":[6128.912206128956,5821.983515338763,1.895],"noise":[0.0,0.0,0.0],"spd":[-1.296042523118992,-0.1305684990970686,0.0],"spd_noise":[0.0,0.0,0.0]}
{"type":3,"rcvTime":18098.719117249384,"sendTime":18098.719010197463,"sender":529,"messageID":320369,"pos":[6101.23989767381,5739.689822660743,1.895],"pos_noise":[0.0,0.0,0.0],"spd":[2.3606169568840385e-15,-4.710755979501266e-14,0.0],"spd_noise":[0.0,0.0,0.0],"RSSI":8.492985864379023e-9}
{"type":2,"rcvTime":18098.8,"pos":[6128.760527919379,5821.968234670254,1.895],"noise":[0.0,0.0,0.0],"spd":[-1.5168737174823264,-0.15281591543372095,0.0],"spd_noise":[0.0,0.0,0.0]}
{"type":3,"rcvTime":18098.869016013927,"sendTime":18098.868899835692,"sender":595,"messageID":320862,"pos":[6120.643845848564,6061.134784344394,1.895],"pos_noise":[0.0,0.0,0.0],"spd":[15.22966650031935,-5.200373926939453,0.0],"spd_noise":[0.0,0.0,0.0],"RSSI":2.2152715588774837e-9}
{"type":2,"rcvTime":18098.899999999998,"pos":[6128.58787303541,5821.950840727803,1.895],"noise":[0.0,0.0,0.0],"spd":[-1.726653132420242,-0.1739499313794231,0.0],"spd_noise":[0.0,0.0,0.0]}
{"type":3,"rcvTime":18098.96257762973,"sendTime":18098.962459575614,"sender":85,"messageID":321228,"pos":[5989.935747653626,5399.042931418046,1.895],"pos_noise":[0.0,0.0,0.0],"spd":[-6.748598788216037,-13.565250673455852,0.0],"spd_noise":[0.0,0.0,0.0],"RSSI":2.145273785280163e-9}
{"type":2,"rcvTime":18099.0,"pos":[6128.393671576565,5821.931276097359,1.895],"noise":[0.0,0.0,0.0],"spd":[-1.9421318964531445,-0.19565812251139065,0.0],"spd_noise":[0.0,0.0,0.0]}
{"type":2,"rcvTime":18099.1,"pos":[6128.179555449765,5821.909705183743,1.895],"noise":[0.0,0.0,0.0],"spd":[-2.141290605529969,-0.21572216613800319,0.0],"spd_noise":[0.0,0.0,0.0]}
{"type":2,"rcvTime":18099.2,"pos":[6127.948446604455,5821.886422355809,1.895],"noise":[0.0,0.0,0.0],"spd":[-2.311228055135259,-0.2328423434007507,0.0],"spd_noise":[0.0,0.0,0.0]}
{"type":3,"rcvTime":18099.221851187842,"sendTime":18099.221737487147,"sender":295,"messageID":322157,"pos":[6168.397458421579,5739.150089528699,1.895],"pos_noise":[0.0,0.0,0.0],"spd":[14.617881983039338,0.7481540259632852,0.0],"spd_noise":[0.0,0.0,0.0],"RSSI":7.341293242544313e-8}
{"type":3,"rcvTime":18099.223444366376,"sendTime":18099.223327212407,"sender":559,"messageID":322240,"pos":[6100.737965562744,5749.706185911102,1.895],"pos_noise":[0.0,0.0,0.0],"spd":[0.17999984738789027,-3.592007398386411,0.0],"spd_noise":[0.0,0.0,0.0],"RSSI":1.3452161319203765e-8}
{"type":2,"rcvTime":18099.3,"pos":[6127.698405976775,5821.861232264522,1.895],"noise":[0.0,0.0,0.0],"spd":[-2.500557314640764,-0.2519161290272456,0.0],"spd_noise":[0.0,0.0,0.0]}
{"type":2,"rcvTime":18099.399999999998,"pos":[6127.427696834294,5821.833959944522,1.895],"noise":[0.0,0.0,0.0],"spd":[-2.707254947522453,-0.27273967394202727,0.0],"spd_noise":[0.0,0.0,0.0]}
{"type":3,"rcvTime":18099.42048527546,"sendTime":18099.42037310917,"sender":349,"messageID":322727,"pos":[6183.541841040188,5733.320627908939,1.895],"pos_noise":[0.0,0.0,0.0],"spd":[14.877383616259376,0.7623822259057158,0.0],"spd_noise":[0.0,0.0,0.0],"RSSI":2.762681708788427e-8}
{"type":3,"rcvTime":18099.44906690104,"sendTime":18099.44894918101,"sender":469,"messageID":322871,"pos":[6180.999470081794,5628.401946109084,1.895],"pos_noise":[0.0,0.0,0.0],"spd":[-15.248059967711301,-1.319437484533046,0.0],"spd_noise":[0.0,0.0,0.0],"RSSI":2.9338224053401219e-9}
{"type":3,"rcvTime":18099.48516307429,"sendTime":18099.485053766286,"sender":157,"messageID":322959,"pos":[6310.914733371386,5846.21128319954,1.895],"pos_noise":[0.0,0.0,0.0],"spd":[10.015102952913419,0.6582986974145236,0.0],"spd_noise":[0.0,0.0,0.0],"RSSI":6.533797208177754e-9}
{"type":2,"rcvTime":18099.5,"pos":[6127.139866216387,5821.804962738717,1.895],"noise":[0.0,0.0,0.0],"spd":[-2.8784800440645394,-0.28998957389855636,0.0],"spd_noise":[0.0,0.0,0.0]}
{"type":3,"rcvTime":18099.54293089846,"sendTime":18099.54281297079,"sender":391,"messageID":323417,"pos":[5874.542913837982,5712.935529579704,1.895],"pos_noise":[0.0,0.0,0.0],"spd":[6.486786778616761,0.7480729914055393,0.0],"spd_noise":[0.0,0.0,0.0],"RSSI":8.521226824755478e-9}
{"type":2,"rcvTime":18099.6,"pos":[6126.839535100096,5821.774706182789,1.895],"noise":[0.0,0.0,0.0],"spd":[-3.003492578877554,-0.30258383585239409,0.0],"spd_noise":[0.0,0.0,0.0]}
{"type":3,"rcvTime":18099.642960176006,"sendTime":18099.642854139114,"sender":379,"messageID":323574,"pos":[6387.958669716108,5852.372048048301,1.895],"pos_noise":[0.0,0.0,0.0],"spd":[13.971835946239441,0.7150889113341651,0.0],"spd_noise":[0.0,0.0,0.0],"RSSI":3.87002695718782e-8}
{"type":2,"rcvTime":18099.7,"pos":[6126.515507235096,5821.74206232177,1.895],"noise":[0.0,0.0,0.0],"spd":[-3.2404743800668736,-0.32645832881227079,0.0],"spd_noise":[0.0,0.0,0.0]}
{"type":3,"rcvTime":18099.71912132775,"sendTime":18099.719010197463,"sender":529,"messageID":323791,"pos":[6101.23989767381,5739.689822660743,1.895],"pos_noise":[0.0,0.0,0.0],"spd":[2.3019687026933764e-15,-4.593719789741513e-14,0.0],"spd_noise":[0.0,0.0,0.0],"RSSI":6.822405030363197e-9}
{"type":2,"rcvTime":18099.8,"pos":[6126.170525033889,5821.707307437248,1.895],"noise":[0.0,0.0,0.0],"spd":[-3.450030399667627,-0.34756983901961327,0.0],"spd_noise":[0.0,0.0,0.0]}
{"type":3,"rcvTime":18099.86900688563,"sendTime":18099.868899835692,"sender":595,"messageID":324285,"pos":[6136.032439489266,6055.912447882363,1.895],"pos_noise":[0.0,0.0,0.0],"spd":[15.318190842406488,-5.192542871786911,0.0],"spd_noise":[0.0,0.0,0.0],