{"type":2,"rcvTime":25297.899999999998,"pos":[4597.5295973438319,5180.1544865925729,1.895],"noise":[0.0,0.0,0.0],"spd":[-4.06558958291262,5.939895288933024,0.0],"spd_noise":[0.0,0.0,0.0]}
{"type":3,"rcvTime":25297.94354352374,"sendTime":25297.94343597833,"sender":2869,"messageID":5929381,"pos":[4551.947020614011,5207.875596461152,1.895],"pos_noise":[0.0,0.0,0.0],"spd":[-10.499156083576472,7.497491383699241,0.0],"spd_noise":[0.0,0.0,0.0],"RSSI":3.56961161807689e-8}
{"type":3,"rcvTime":25297.99846841932,"sendTime":25297.99835561509,"sender":1453,"messageID":5932310,"pos":[4603.095949017919,5269.807541836131,1.895],"pos_noise":[0.0,0.0,0.0],"spd":[-1.444271677896964,-12.979327184739525,0.0],"spd_noise":[0.0,0.0,0.0],"RSSI":1.1605042768626453e-7}
{"type":2,"rcvTime":25298.0,"pos":[4597.470032105849,5180.866514952464,1.895],"noise":[0.0,0.0,0.0],"spd":[-3.7468517452076237,6.424048766777983,0.0],"spd_noise":[0.0,0.0,0.0]}
{"type":3,"rcvTime":25298.018646941422,"sendTime":25298.01852959348,"sender":265,"messageID":5933166,"pos":[4470.444237543942,5276.338993295386,1.895],"pos_noise":[0.0,0.0,0.0],"spd":[9.739387424473803,-7.57569084006424,0.0],"spd_noise":[0.0,0.0,0.0],"RSSI":1.7670593819268569e-9}
{"type":2,"rcvTime":25298.1,"pos":[4597.524004614322,5181.630307723886,1.895],"noise":[0.0,0.0,0.0],"spd":[-3.162913689593242,6.966703738742024,0.0],"spd_noise":[0.0,0.0,0.0]}
{"type":3,"rcvTime":25298.117661946326,"sendTime":25298.11755508403,"sender":2821,"messageID":5941745,"pos":[4534.297113829082,5220.162106938064,1.895],"pos_noise":[0.0,0.0,0.0],"spd":[-10.625984095190719,7.351953232298902,0.0],"spd_noise":[0.0,0.0,0.0],"RSSI":3.424931466025404e-9}
{"type":3,"rcvTime":25298.15479734773,"sendTime":25298.154680446023,"sender":1837,"messageID":5943019,"pos":[4417.660942137955,5293.307071592028,1.895],"pos_noise":[0.0,0.0,0.0],"spd":[-4.317742716069144,-0.5309959347995786,0.0],"spd_noise":[0.0,0.0,0.0],"RSSI":9.87145125976359e-9}
{"type":3,"rcvTime":25298.176670348068,"sendTime":25298.17656490444,"sender":2809,"messageID":5943946,"pos":[4524.783244310467,5223.036335320755,1.895],"pos_noise":[0.0,0.0,0.0],"spd":[-10.929371856908955,8.023881966044819,0.0],"spd_noise":[0.0,0.0,0.0],"RSSI":1.811204746407858e-8}
{"type":2,"rcvTime":25298.2,"pos":[4597.579040155148,5182.409144013752,1.895],"noise":[0.0,0.0,0.0],"spd":[-2.445060864815804,7.4087323936173619,0.0],"spd_noise":[0.0,0.0,0.0]}
{"type":3,"rcvTime":25298.225427405272,"sendTime":25298.22531177872,"sender":823,"messageID":5949214,"pos":[4601.181768503972,5204.6218825742639,1.895],"pos_noise":[0.0,0.0,0.0],"spd":[0.9392723233742147,-5.981113355274635,0.0],"spd_noise":[0.0,0.0,0.0],"RSSI":3.304168287836098e-8}
{"type":3,"rcvTime":25298.23592574667,"sendTime":25298.235816442037,"sender":2815,"messageID":5949931,"pos":[4572.455319807408,5197.014525965542,1.895],"pos_noise":[0.0,0.0,0.0],"spd":[-9.892183672206113,6.842662222912696,0.0],"spd_noise":[0.0,0.0,0.0],"RSSI":8.413040379780289e-9}
{"type":3,"rcvTime":25298.254622248747,"sendTime":25298.254515060828,"sender":1783,"messageID":5951250,"pos":[4404.267386298124,5297.845392853587,1.895],"pos_noise":[0.0,0.0,0.0],"spd":[-8.947086255700033,0.6966797831109031,0.0],"spd_noise":[0.0,0.0,0.0],"RSSI":8.701306527211382e-9}
{"type":2,"rcvTime":25298.3,"pos":[4597.635427927246,5183.20711642497,1.895],"noise":[0.0,0.0,0.0],"spd":[-1.646299654898387,7.822092724474905,0.0],"spd_noise":[0.0,0.0,0.0]}
{"type":3,"rcvTime":25298.3466432524,"sendTime":25298.346531334057,"sender":2911,"messageID":5959218,"pos":[4563.36391282313,5199.5891471537,1.895],"pos_noise":[0.0,0.0,0.0],"spd":[-10.292182447738515,7.5485682268341069,0.0],"spd_noise":[0.0,0.0,0.0],"RSSI":5.3020564884440839e-8}
{"type":2,"rcvTime":25298.399999999998,"pos":[4597.692913260875,5184.020620994807,1.895],"noise":[0.0,0.0,0.0],"spd":[-0.7762700225823854,8.11199354939959,0.0],"spd_noise":[0.0,0.0,0.0]}
{"type":3,"rcvTime":25298.40533276959,"sendTime":25298.40522200093,"sender":2767,"messageID":5962595,"pos":[4497.803619430113,5242.8699006687479,1.895],"pos_noise":[0.0,0.0,0.0],"spd":[-11.77085581951707,8.712322779414065,0.0],"spd_noise":[0.0,0.0,0.0],"RSSI":3.637311659505597e-9}
{"type":3,"rcvTime":25298.4244757696,"sendTime":25298.424367195927,"sender":2875,"messageID":5965234,"pos":[4556.779498523396,5208.477792249952,1.895],"pos_noise":[0.0,0.0,0.0],"spd":[-9.649755117647338,7.009696571433809,0.0],"spd_noise":[0.0,0.0,0.0],"RSSI":5.123408030392063e-9}
{"type":2,"rcvTime":25298.5,"pos":[4597.752075925687,5184.857862342295,1.895],"noise":[0.0,0.0,0.0],"spd":[0.13063535424460358,8.385810107428787,0.0],"spd_noise":[0.0,0.0,0.0]}
{"type":3,"rcvTime":25298.538700797693,"sendTime":25298.538589714095,"sender":2899,"messageID":5972879,"pos":[4552.02376774161,5203.761458461772,1.895],"pos_noise":[0.0,0.0,0.0],"spd":[-10.87799085121295,7.841682689430274,0.0],"spd_noise":[0.0,0.0,0.0],"RSSI":9.468782212840675e-8}
{"type":3,"rcvTime":25298.594069847208,"sendTime":25298.59395606676,"sender":739,"messageID":5976717,"pos":[4428.340500543609,5301.593115471097,1.895],"pos_noise":[0.0,0.0,0.0],"spd":[10.08888430413422,-4.9743475741398319,0.0],"spd_noise":[0.0,0.0,0.0],"RSSI":9.716936107759551e-9}
{"type":2,"rcvTime":25298.6,"pos":[4597.9912558937089,5185.6823923168599,1.895],"noise":[0.0,0.0,0.0],"spd":[0.9171466770411777,8.55841159960319,0.0],"spd_noise":[0.0,0.0,0.0]}
{"type":3,"rcvTime":25298.689360959535,"sendTime":25298.68925187504,"sender":319,"messageID":5981750,"pos":[4462.986809626137,5286.320911443367,1.895],"pos_noise":[0.0,0.0,0.0],"spd":[9.448237607590848,-7.3492137738342289,0.0],"spd_noise":[0.0,0.0,0.0],"RSSI":4.975939613229283e-9}
{"type":2,"rcvTime":25298.7,"pos":[4598.264213464275,5186.523248188604,1.895],"noise":[0.0,0.0,0.0],"spd":[1.318150667731277,8.734792746468689,0.0],"spd_noise":[0.0,0.0,0.0]}
{"type":3,"rcvTime":25298.705618060514,"sendTime":25298.705503025325,"sender":343,"messageID":5983087,"pos":[3825.9408666323399,5256.678335073853,1.895],"pos_noise":[0.0,0.0,0.0],"spd":[10.28788215406482,-4.975741782022664,0.0],"spd_noise":[0.0,0.0,0.0],"RSSI":8.038734072149555e-9}
{"type":3,"rcvTime":25298.754322448,"sendTime":25298.754207562797,"sender":2197,"messageID":5985398,"pos":[4383.194181579419,5610.258488802864,1.895],"pos_noise":[0.0,0.0,0.0],"spd":[4.646889825311621e-15,-4.69011670740893e-14,0.0],"spd_noise":[0.0,0.0,0.0],"RSSI":1.019494270563433e-8}
{"type":2,"rcvTime":25298.8,"pos":[4598.543236277995,5187.382788265768,1.895],"noise":[0.0,0.0,0.0],"spd":[1.740119817529536,8.860730575661233,0.0],"spd_noise":[0.0,0.0,0.0]}
{"type":3,"rcvTime":25298.821527422446,"sendTime":25298.82141708373,"sender":1105,"messageID":5990484,"pos":[4443.006195037598,5290.8320549211189,1.895],"pos_noise":[0.0,0.0,0.0],"spd":[-1.1898028215092185,-10.692475897745672,0.0],"spd_noise":[0.0,0.0,0.0],"RSSI":4.293326324215523e-7}
{"type":3,"rcvTime":25298.825108065783,"sendTime":25298.824998404223,"sender":2785,"messageID":5990737,"pos":[4522.33197042963,5233.021718697186,1.895],"pos_noise":[0.0,0.0,0.0],"spd":[-9.7055394244143,7.121075720397592,0.0],"spd_noise":[0.0,0.0,0.0],"RSSI":1.578995173906218e-8}
{"type":3,"rcvTime":25298.848697163245,"sendTime":25298.84859141391,"sender":2779,"messageID":5993080,"pos":[4508.862681676255,5238.820979248242,1.895],"pos_noise":[0.0,0.0,0.0],"spd":[-10.849899292520265,7.974582927693963,0.0],"spd_noise":[0.0,0.0,0.0],"RSSI":4.927131701650853e-9}
{"type":3,"rcvTime":25298.85617970475,"sendTime":25298.856061494676,"sender":1063,"messageID":5994487,"pos":[4447.320677365321,5292.413386056235,1.895],"pos_noise":[0.0,0.0,0.0],"spd":[11.056735811708928,-5.347570990329222,0.0],"spd_noise":[0.0,0.0,0.0],"RSSI":1.4675551394243316e-8}
{"type":3,"rcvTime":25298.861750711225,"sendTime":25298.861632797678,"sender":2857,"messageID":5995360,"pos":[4533.331601416011,5216.812349638314,1.895],"pos_noise":[0.0,0.0,0.0],"spd":[-11.022055890571412,7.620186788543528,0.0],"spd_noise":[0.0,0.0,0.0],