{"type":2,"rcvTime":25258.8,"pos":[2685.431299388564,5180.109795694873,1.895],"noise":[0.0,0.0,0.0],"spd":[-8.063106274944131,4.779037713155074,0.0],"spd_noise":[0.0,0.0,0.0]}
{"type":3,"rcvTime":25258.820215659438,"sendTime":25258.82010080414,"sender":1645,"messageID":3661749,"pos":[2742.7138937767897,5472.925796457284,1.895],"pos_noise":[0.0,0.0,0.0],"spd":[0.0,-0.0,0.0],"spd_noise":[0.0,0.0,0.0],"RSSI":7.924785248195646e-9}
{"type":2,"rcvTime":25258.899999999998,"pos":[2684.6019457520158,5180.6013571566049,1.895],"noise":[0.0,0.0,0.0],"spd":[-8.293603833803499,4.915654606076622,0.0],"spd_noise":[0.0,0.0,0.0]}
{"type":2,"rcvTime":25259.0,"pos":[2683.7504174537,5181.106061635586,1.895],"noise":[0.0,0.0,0.0],"spd":[-8.515352255390127,5.047085847766717,0.0],"spd_noise":[0.0,0.0,0.0]}
{"type":2,"rcvTime":25259.1,"pos":[2682.8816721374575,5181.620970715025,1.895],"noise":[0.0,0.0,0.0],"spd":[-8.6875238352722,5.1491326824872829,0.0],"spd_noise":[0.0,0.0,0.0]}
{"type":2,"rcvTime":25259.2,"pos":[2681.997062859615,5182.145282432626,1.895],"noise":[0.0,0.0,0.0],"spd":[-8.846164741808036,5.243159829017167,0.0],"spd_noise":[0.0,0.0,0.0]}
{"type":3,"rcvTime":25259.202013691694,"sendTime":25259.20189950266,"sender":349,"messageID":3684660,"pos":[3174.368526302271,5257.094638931849,1.895],"pos_noise":[0.0,0.0,0.0],"spd":[-0.0,0.0,0.0],"spd_noise":[0.0,0.0,0.0],"RSSI":1.544752017896689e-8}
{"type":3,"rcvTime":25259.269165691847,"sendTime":25259.269052158437,"sender":1951,"messageID":3690510,"pos":[2749.4843032840419,5436.3745765859789,1.895],"pos_noise":[0.0,0.0,0.0],"spd":[-1.7160234350785054,12.183089456730319,0.0],"spd_noise":[0.0,0.0,0.0],"RSSI":8.027266649572144e-9}
{"type":3,"rcvTime":25259.27669997146,"sendTime":25259.276584423147,"sender":1573,"messageID":3691498,"pos":[2363.8278238530635,5560.7298265171889,1.895],"pos_noise":[0.0,0.0,0.0],"spd":[0.0,-0.0,0.0],"spd_noise":[0.0,0.0,0.0],"RSSI":1.833492142292275e-9}
{"type":2,"rcvTime":25259.3,"pos":[2681.0872879324645,5182.684509938636,1.895],"noise":[0.0,0.0,0.0],"spd":[-9.097823282131057,5.392318926520147,0.0],"spd_noise":[0.0,0.0,0.0]}
{"type":2,"rcvTime":25259.399999999998,"pos":[2680.157210150898,5183.235771033642,1.895],"noise":[0.0,0.0,0.0],"spd":[-9.300853477935338,5.512655795409094,0.0],"spd_noise":[0.0,0.0,0.0]}
{"type":3,"rcvTime":25259.444324147797,"sendTime":25259.44420726276,"sender":1417,"messageID":3701621,"pos":[2743.5948766953567,5476.105587331986,1.895],"pos_noise":[0.0,0.0,0.0],"spd":[0.0,-0.0,0.0],"spd_noise":[0.0,0.0,0.0],"RSSI":4.1376525872661509e-9}
{"type":2,"rcvTime":25259.5,"pos":[2679.2107734010785,5183.796728159379,1.895],"noise":[0.0,0.0,0.0],"spd":[-9.464444491279304,5.609616891500043,0.0],"spd_noise":[0.0,0.0,0.0]}
{"type":2,"rcvTime":25259.6,"pos":[2678.2484789498146,5184.367084212857,1.895],"noise":[0.0,0.0,0.0],"spd":[-9.623022795749641,5.703606933514859,0.0],"spd_noise":[0.0,0.0,0.0]}
{"type":2,"rcvTime":25259.7,"pos":[2677.2727698313094,5184.945391197213,1.895],"noise":[0.0,0.0,0.0],"spd":[-9.757170559456851,5.783116889112225,0.0],"spd_noise":[0.0,0.0,0.0]}
{"type":2,"rcvTime":25259.8,"pos":[2676.282681119862,5185.532221028054,1.895],"noise":[0.0,0.0,0.0],"spd":[-9.900967658658967,5.868346047291528,0.0],"spd_noise":[0.0,0.0,0.0]}
{"type":3,"rcvTime":25259.82020745188,"sendTime":25259.82010080414,"sender":1645,"messageID":3719677,"pos":[2742.7138937767897,5472.925796457284,1.895],"pos_noise":[0.0,0.0,0.0],"spd":[0.0,-0.0,0.0],"spd_noise":[0.0,0.0,0.0],"RSSI":1.6144643363505708e-8}
{"type":2,"rcvTime":25259.899999999998,"pos":[2675.2745904894666,5186.129720673557,1.895],"noise":[0.0,0.0,0.0],"spd":[-10.080988312608439,5.97504506191878,0.0],"spd_noise":[0.0,0.0,0.0]}
{"type":2,"rcvTime":25260.0,"pos":[2674.24950764637,5186.737291676495,1.895],"noise":[0.0,0.0,0.0],"spd":[-10.250911821941097,6.075759455573236,0.0],"spd_noise":[0.0,0.0,0.0]}
{"type":3,"rcvTime":25260.074689487545,"sendTime":25260.07457790547,"sender":907,"messageID":3734245,"pos":[3188.548794422417,5246.508580150267,1.895],"pos_noise":[0.0,0.0,0.0],"spd":[-0.0,0.0,0.0],"spd_noise":[0.0,0.0,0.0],"RSSI":1.525389022664795e-8}
{"type":2,"rcvTime":25260.1,"pos":[2673.207508665227,5187.354888947094,1.895],"noise":[0.0,0.0,0.0],"spd":[-10.420074578546425,6.176022947820162,0.0],"spd_noise":[0.0,0.0,0.0]}
{"type":2,"rcvTime":25260.2,"pos":[2672.1512271308249,5187.98095154834,1.895],"noise":[0.0,0.0,0.0],"spd":[-10.562901273028454,6.260676942954779,0.0],"spd_noise":[0.0,0.0,0.0]}
{"type":3,"rcvTime":25260.26917048631,"sendTime":25260.269052158437,"sender":1951,"messageID":3748262,"pos":[2747.772244114202,5448.529521323334,1.895],"pos_noise":[0.0,0.0,0.0],"spd":[-1.7194509182312888,12.207423235052947,0.0],"spd_noise":[0.0,0.0,0.0],"RSSI":2.9015027992697279e-9}
{"type":3,"rcvTime":25260.27669168578,"sendTime":25260.276584423147,"sender":1573,"messageID":3749223,"pos":[2363.8278238530635,5560.7298265171889,1.895],"pos_noise":[0.0,0.0,0.0],"spd":[0.0,-0.0,0.0],"spd_noise":[0.0,0.0,0.0],"RSSI":8.062248003216427e-9}
{"type":2,"rcvTime":25260.3,"pos":[2671.0702258652415,5188.621665640407,1.895],"noise":[0.0,0.0,0.0],"spd":[-10.810100595802356,6.40719304306543,0.0],"spd_noise":[0.0,0.0,0.0]}
{"type":2,"rcvTime":25260.399999999998,"pos":[2669.965019970487,5189.276725920122,1.895],"noise":[0.0,0.0,0.0],"spd":[-11.052148856569989,6.550656086610701,0.0],"spd_noise":[0.0,0.0,0.0]}
{"type":3,"rcvTime":25260.4443157723,"sendTime":25260.44420726276,"sender":1417,"messageID":3759457,"pos":[2743.5948766953567,5476.105587331986,1.895],"pos_noise":[0.0,0.0,0.0],"spd":[0.0,-0.0,0.0],"spd_noise":[0.0,0.0,0.0],"RSSI":2.2806394102484705e-9}
{"type":2,"rcvTime":25260.5,"pos":[2668.834131277837,5189.947008504434,1.895],"noise":[0.0,0.0,0.0],"spd":[-11.308978924836478,6.7028803709329669,0.0],"spd_noise":[0.0,0.0,0.0]}
{"type":2,"rcvTime":25260.6,"pos":[2667.6841848231235,5190.628586706158,1.895],"noise":[0.0,0.0,0.0],"spd":[-11.49955809582711,6.815837463950121,0.0],"spd_noise":[0.0,0.0,0.0]}
{"type":2,"rcvTime":25260.7,"pos":[2666.5128395968029,5191.322848051702,1.895],"noise":[0.0,0.0,0.0],"spd":[-11.713547552702526,6.942669933935173,0.0],"spd_noise":[0.0,0.0,0.0]}
{"type":2,"rcvTime":25260.8,"pos":[2665.3191725189719,5192.03033965449,1.895],"noise":[0.0,0.0,0.0],"spd":[-11.93676788369383,7.074973582652719,0.0],"spd_noise":[0.0,0.0,0.0]}
{"type":2,"rcvTime":25260.899999999998,"pos":[2664.107882397647,5192.748276510832,1.895],"noise":[0.0,0.0,0.0],"spd":[-12.112999752281715,7.1794269679274829,0.0],"spd_noise":[0.0,0.0,0.0]}
{"type":2,"rcvTime":25261.0,"pos":[2662.9378743298086,5192.142485825651,1.895],"noise":[0.0,0.0,0.0],"spd":[-13.573256040373212,3.44810155739133,0.0],"spd_noise":[0.0,0.0,0.0]}
{"type":3,"rcvTime":25261.07469402242,"sendTime":25261.07457790547,"sender":907,"messageID":3792050,"pos":[3188.548794422417,5246.508580150267,1.895],"pos_noise":[0.0,0.0,0.0],"spd":[-0.0,0.0,0.0],"spd_noise":[0.0,0.0,0.0],"RSSI":4.7411210882137038e-9}
{"type":2,"rcvTime":25261.1,"pos":[2661.762936491095,5191.359842353616,1.895],"noise":[0.0,0.0,0.0],"spd":[-13.983023943828073,-1.9440311112287586,0.0],"spd_noise":[0.0,0.0,0.0]}
{"type":2,"rcvTime":25261.2,"pos":[2660.5939231008876,5190.581145244356,1.895],"noise":[0.0,0.0,0.0],"spd":[-12.36814812819396,-6.657947984539208,0.0],"spd_noise":[0.0,0.0,0.0]}
{"type":3,"rcvTime":25261.202010029923,"sendTime":25261.20189950266,"sender":349,"messageID":3800251,"pos":[3174.368526302271,5257.094638931849,1.895],"pos_noise":[0.0,0.0,0.0],"spd":[-0.0,0.0,0.0],"spd_noise":[0.0,0.0,0.0],"RSSI":1.1846647392991944e-8}
{"type":3,"rcvTime":25261.26916204492,"sendTime":25261.269052158437,"sender":1951,"messageID":3806069,"pos":[2745.1553436431215,5460.38536964306,1.895],"pos_noise":[0.0,0.0,0.0],"spd":[-4.001881549953837,11.642498167552148,0.0],"spd_noise":[0.0,0.0,0.0],"RSSI":4.0805350146751118e-9}
{"type":2,"rcvTime":25261.3,"pos":[2659.419733648121,5189.799000283269,1.895],"noise":[0.0,0.0,0.0],