{"type":2,"rcvTime":25299.8,"pos":[6323.693212178408,5732.701697200113,1.895],"noise":[0.0,0.0,0.0],"spd":[-14.052004702644077,-0.8936900806944143,0.0],"spd_noise":[0.0,0.0,0.0]}
{"type":3,"rcvTime":25299.812890580488,"sendTime":25299.812772759746,"sender":2851,"messageID":6058876,"pos":[6141.445037168099,5823.24612278337,1.895],"pos_noise":[0.0,0.0,0.0],"spd":[-11.171328454061716,-1.1254442374752718,0.0],"spd_noise":[0.0,0.0,0.0],"RSSI":9.81151488757961e-9}
{"type":3,"rcvTime":25299.833489859655,"sendTime":25299.833372853274,"sender":2671,"messageID":6060025,"pos":[6098.867636606706,5787.029747819708,1.895],"pos_noise":[0.0,0.0,0.0],"spd":[0.2827229509769547,-5.6419099590597299,0.0],"spd_noise":[0.0,0.0,0.0],"RSSI":1.860014581528401e-8}
{"type":3,"rcvTime":25299.88488043048,"sendTime":25299.88476399919,"sender":2329,"messageID":6065814,"pos":[6101.23989767381,5739.689822660743,1.895],"pos_noise":[0.0,0.0,0.0],"spd":[2.2790605295313729e-15,-4.5480051245991946e-14,0.0],"spd_noise":[0.0,0.0,0.0],"RSSI":1.6146629500611806e-9}
{"type":2,"rcvTime":25299.899999999998,"pos":[6322.292077815698,5732.611832890371,1.895],"noise":[0.0,0.0,0.0],"spd":[-14.012720680210748,-0.8941158916805618,0.0],"spd_noise":[0.0,0.0,0.0]}
{"type":3,"rcvTime":25299.91348766045,"sendTime":25299.913380975744,"sender":2971,"messageID":6067433,"pos":[6155.172324689053,5824.629064543623,1.895],"pos_noise":[0.0,0.0,0.0],"spd":[-1.8364713446933454,-0.1850134566062452,0.0],"spd_noise":[0.0,0.0,0.0],"RSSI":5.4932068035749779e-9}
{"type":3,"rcvTime":25299.923569876595,"sendTime":25299.923462144983,"sender":2773,"messageID":6068192,"pos":[6120.301793562507,5821.116067993979,1.895],"pos_noise":[0.0,0.0,0.0],"spd":[-12.598270294138965,-1.269200056463863,0.0],"spd_noise":[0.0,0.0,0.0],"RSSI":1.171805146979159e-8}
{"type":3,"rcvTime":25299.968987594373,"sendTime":25299.96887476267,"sender":2011,"messageID":6069222,"pos":[5856.6800605704279,5806.900075013366,1.895],"pos_noise":[0.0,0.0,0.0],"spd":[-15.145070016406505,-0.051403229950368469,0.0],"spd_noise":[0.0,0.0,0.0],"RSSI":1.3441259398437536e-9}
{"type":3,"rcvTime":25299.986167700394,"sendTime":25299.986051925454,"sender":1819,"messageID":6070427,"pos":[5943.08370338725,5718.230680476389,1.895],"pos_noise":[0.0,0.0,0.0],"spd":[12.201389160115678,1.5555492207548659,0.0],"spd_noise":[0.0,0.0,0.0],"RSSI":5.041120267062854e-9}
{"type":2,"rcvTime":25300.0,"pos":[6320.886455033775,5732.521680707672,1.895],"noise":[0.0,0.0,0.0],"spd":[-14.057421952265257,-0.8999111956698246,0.0],"spd_noise":[0.0,0.0,0.0]}
