{"type":2,"rcvTime":25291.0,"pos":[2991.0390555056867,5180.625896001541,1.895],"noise":[0.0,0.0,0.0],"spd":[7.646976754702908,11.889620131105247,0.0],"spd_noise":[0.0,0.0,0.0]}
{"type":2,"rcvTime":25291.1,"pos":[2991.8018440627927,5181.811889692285,1.895],"noise":[0.0,0.0,0.0],"spd":[7.627947624272611,11.860033388590619,0.0],"spd_noise":[0.0,0.0,0.0]}
{"type":2,"rcvTime":25291.2,"pos":[2992.568255958628,5183.003516997787,1.895],"noise":[0.0,0.0,0.0],"spd":[7.664181306329339,11.916369994470938,0.0],"spd_noise":[0.0,0.0,0.0]}
{"type":2,"rcvTime":25291.3,"pos":[2993.3334090679379,5184.193187125428,1.895],"noise":[0.0,0.0,0.0],"spd":[7.651593338672287,11.896798056638433,0.0],"spd_noise":[0.0,0.0,0.0]}
{"type":2,"rcvTime":25291.399999999998,"pos":[2994.100391256523,5185.385701129605,1.895],"noise":[0.0,0.0,0.0],"spd":[7.669884280217156,11.925237053353705,0.0],"spd_noise":[0.0,0.0,0.0]}
{"type":2,"rcvTime":25291.5,"pos":[2994.864426913928,5186.573633828312,1.895],"noise":[0.0,0.0,0.0],"spd":[7.640418728717746,11.879423625964725,0.0],"spd_noise":[0.0,0.0,0.0]}
{"type":2,"rcvTime":25291.6,"pos":[2995.6279313792458,5187.760740622569,1.895],"noise":[0.0,0.0,0.0],"spd":[7.635106764629242,11.871164514269604,0.0],"spd_noise":[0.0,0.0,0.0]}
{"type":2,"rcvTime":25291.7,"pos":[2996.3958939246874,5188.954778898494,1.895],"noise":[0.0,0.0,0.0],"spd":[7.679687928536714,11.940479894829139,0.0],"spd_noise":[0.0,0.0,0.0]}
{"type":2,"rcvTime":25291.8,"pos":[2997.7153599050418,5189.326115147567,1.895],"noise":[0.0,0.0,0.0],"spd":[9.763029681018312,10.151382515593229,0.0],"spd_noise":[0.0,0.0,0.0]}
{"type":2,"rcvTime":25291.899999999998,"pos":[2999.0978340199915,5189.61042859023,1.895],"noise":[0.0,0.0,0.0],"spd":[11.880644667838148,7.619737831655934,0.0],"spd_noise":[0.0,0.0,0.0]}
{"type":2,"rcvTime":25292.0,"pos":[3000.484591583851,5189.895424682839,1.895],"noise":[0.0,0.0,0.0],"spd":[13.355474958668202,4.697501386823368,0.0],"spd_noise":[0.0,0.0,0.0]}
{"type":2,"rcvTime":25292.1,"pos":[3001.8685716147817,5190.177845471255,1.895],"noise":[0.0,0.0,0.0],"spd":[13.836920125837498,2.8388572290344329,0.0],"spd_noise":[0.0,0.0,0.0]}
{"type":2,"rcvTime":25292.2,"pos":[3003.2551632839306,5190.460799201554,1.895],"noise":[0.0,0.0,0.0],"spd":[13.86425921642255,2.8382215995717767,0.0],"spd_noise":[0.0,0.0,0.0]}
{"type":2,"rcvTime":25292.3,"pos":[3004.639194400893,5190.743230414801,1.895],"noise":[0.0,0.0,0.0],"spd":[13.839877788352766,2.8270092850760299,0.0],"spd_noise":[0.0,0.0,0.0]}
{"type":2,"rcvTime":25292.399999999998,"pos":[3006.025857324508,5191.026198685586,1.895],"noise":[0.0,0.0,0.0],"spd":[13.866742041839377,2.829705727457316,0.0],"spd_noise":[0.0,0.0,0.0]}
{"type":2,"rcvTime":25292.5,"pos":[3007.412528308421,5191.309168601189,1.895],"noise":[0.0,0.0,0.0],"spd":[13.866822645477717,2.829722175774642,0.0],"spd_noise":[0.0,0.0,0.0]}
{"type":2,"rcvTime":25292.6,"pos":[3008.800928285459,5191.592491342406,1.895],"noise":[0.0,0.0,0.0],"spd":[13.884112717379765,2.833250460600127,0.0],"spd_noise":[0.0,0.0,0.0]}
{"type":2,"rcvTime":25292.7,"pos":[3010.184013661157,5191.87472956371,1.895],"noise":[0.0,0.0,0.0],"spd":[13.830966271640865,2.8224051732609864,0.0],"spd_noise":[0.0,0.0,0.0]}
{"type":2,"rcvTime":25292.8,"pos":[3011.5740388589299,5192.158383954307,1.895],"noise":[0.0,0.0,0.0],"spd":[13.900365056938967,2.8365669813924234,0.0],"spd_noise":[0.0,0.0,0.0]}
{"type":2,"rcvTime":25292.899999999998,"pos":[3012.958857849795,5192.440975944418,1.895],"noise":[0.0,0.0,0.0],"spd":[13.848302564339749,2.8259428900941789,0.0],"spd_noise":[0.0,0.0,0.0]}
{"type":2,"rcvTime":25293.0,"pos":[3014.3498145103314,5192.724820413226,1.895],"noise":[0.0,0.0,0.0],"spd":[13.90967976034789,2.8384677789627958,0.0],"spd_noise":[0.0,0.0,0.0]}
{"type":2,"rcvTime":25293.1,"pos":[3015.7286414991956,5193.006189650195,1.895],"noise":[0.0,0.0,0.0],"spd":[13.78838205687407,2.813715259213627,0.0],"spd_noise":[0.0,0.0,0.0]}
{"type":2,"rcvTime":25293.2,"pos":[3017.1144381207348,5193.288981139734,1.895],"noise":[0.0,0.0,0.0],"spd":[13.858078950609237,2.827937900609371,0.0],"spd_noise":[0.0,0.0,0.0]}
{"type":2,"rcvTime":25293.3,"pos":[3018.502095104051,5193.5721522625249,1.895],"noise":[0.0,0.0,0.0],"spd":[13.876682719721272,2.8317342640125249,0.0],"spd_noise":[0.0,0.0,0.0]}
{"type":3,"rcvTime":25293.308841918166,"sendTime":25293.308733780217,"sender":2419,"messageID":5611661,"pos":[3569.6173174310295,5197.568005176226,1.895],"pos_noise":[0.0,0.0,0.0],"spd":[-14.42783011737224,-1.67059085569491,0.0],"spd_noise":[0.0,0.0,0.0],"RSSI":2.672027888536524e-9}
{"type":2,"rcvTime":25293.399999999998,"pos":[3019.8899971016755,5193.855373383966,1.895],"noise":[0.0,0.0,0.0],"spd":[13.879132882733611,2.83223425458883,0.0],"spd_noise":[0.0,0.0,0.0]}
{"type":3,"rcvTime":25293.48372891933,"sendTime":25293.48361853673,"sender":589,"messageID":5623429,"pos":[2505.3380872421969,5533.414526653261,1.895],"pos_noise":[0.0,0.0,0.0],"spd":[12.553693747077475,-0.5973639418213249,0.0],"spd_noise":[0.0,0.0,0.0],"RSSI":1.7255403671474398e-9}
{"type":2,"rcvTime":25293.5,"pos":[3021.281018291532,5194.139231020899,1.895],"noise":[0.0,0.0,0.0],"spd":[13.910325058802112,2.8385994612831388,0.0],"spd_noise":[0.0,0.0,0.0]}
{"type":2,"rcvTime":25293.6,"pos":[3022.666424730599,5194.421942888161,1.895],"noise":[0.0,0.0,0.0],"spd":[13.854177094148833,2.827141671362414,0.0],"spd_noise":[0.0,0.0,0.0]}
{"type":3,"rcvTime":25293.60948763326,"sendTime":25293.609371944982,"sender":1999,"messageID":5631280,"pos":[3346.488599092594,5195.118459101978,1.895],"pos_noise":[0.0,0.0,0.0],"spd":[-11.119563272906138,2.2324055015982768,0.0],"spd_noise":[0.0,0.0,0.0],"RSSI":1.2547936995534437e-8}
{"type":2,"rcvTime":25293.7,"pos":[3024.0473669044979,5194.703743758689,1.895],"noise":[0.0,0.0,0.0],"spd":[13.80953407929105,2.818031629911172,0.0],"spd_noise":[0.0,0.0,0.0]}
{"type":2,"rcvTime":25293.8,"pos":[3025.428649727093,5194.985614143422,1.895],"noise":[0.0,0.0,0.0],"spd":[13.812940593972242,2.8187267776278768,0.0],"spd_noise":[0.0,0.0,0.0]}
{"type":2,"rcvTime":25293.899999999998,"pos":[3026.819091714361,5195.269353585838,1.895],"noise":[0.0,0.0,0.0],"spd":[13.904532985795937,2.8374175064944806,0.0],"spd_noise":[0.0,0.0,0.0]}
{"type":3,"rcvTime":25293.964474046603,"sendTime":25293.964366835542,"sender":355,"messageID":5652119,"pos":[3455.557530839134,5193.281775326109,1.895],"pos_noise":[0.0,0.0,0.0],"spd":[13.822770940116146,-0.528090580327995,0.0],"spd_noise":[0.0,0.0,0.0],"RSSI":5.314382574583415e-9}
{"type":2,"rcvTime":25294.0,"pos":[3028.2093853581616,5195.553062756661,1.895],"noise":[0.0,0.0,0.0],"spd":[13.903049539055712,2.8371147881111069,0.0],"spd_noise":[0.0,0.0,0.0]}
{"type":2,"rcvTime":25294.1,"pos":[3029.5900148030834,5195.834799810397,1.895],"noise":[0.0,0.0,0.0],"spd":[13.806406764083804,2.8173934568087715,0.0],"spd_noise":[0.0,0.0,0.0]}
{"type":2,"rcvTime":25294.2,"pos":[3030.979730656036,5196.1183910747899,1.895],"noise":[0.0,0.0,0.0],"spd":[13.89727158357342,2.835935714203774,0.0],"spd_noise":[0.0,0.0,0.0]}
{"type":2,"rcvTime":25294.3,"pos":[3032.3688846500829,5196.401867683889,1.895],"noise":[0.0,0.0,0.0],"spd":[13.891652948810544,2.834789151950234,0.0],"spd_noise":[0.0,0.0,0.0]}
{"type":2,"rcvTime":25294.399999999998,"pos":[3033.7522148215505,5196.684155859248,1.895],"noise":[0.0,0.0,0.0],"spd":[13.833414249245024,2.8229047178685557,0.0],"spd_noise":[0.0,0.0,0.0]}
{"type":3,"rcvTime":25294.419157213742,"sendTime":25294.419042639154,"sender":2863,"messageID":5687023,"pos":[3644.942964544724,5185.304563306303,1.895],"pos_noise":[0.0,0.0,0.0],"spd":[-4.656508758248444,29.85098347608292,0.0],"spd_noise":[0.0,0.0,0.0],"RSSI":1.6792884250057926e-9}
{"type":2,"rcvTime":25294.5,"pos":[3035.142393565626,5196.96784158315,1.895],"noise":[0.0,0.0,0.0],"spd":[13.901900532461653,2.8368803169906435,0.0],"spd_noise":[0.0,0.0,0.0]}
{"type":2,"rcvTime":25294.6,"pos":[3036.5229647676135,5197.249566751589,1.895],"noise":[0.0,0.0,0.0],