{"type":2,"rcvTime":18059.1,"pos":[3569.9647038349828,5185.8660463957,1.895],"noise":[0.0,0.0,0.0],"spd":[-0.0,-0.0,0.0],"spd_noise":[0.0,0.0,0.0]}
{"type":2,"rcvTime":18059.2,"pos":[3569.9627521532095,5185.840729048896,1.895],"noise":[0.0,0.0,0.0],"spd":[-0.09967771119961944,-0.23352662082378826,0.0],"spd_noise":[0.0,0.0,0.0]}
{"type":3,"rcvTime":18059.262540897824,"sendTime":18059.262427347945,"sender":181,"messageID":204181,"pos":[3182.9695001218935,5248.738499548382,1.895],"pos_noise":[0.0,0.0,0.0],"spd":[-0.0,0.0,0.0],"spd_noise":[0.0,0.0,0.0],"RSSI":3.595294316485144e-9}
{"type":2,"rcvTime":18059.3,"pos":[3569.958814147239,5185.789644971453,1.895],"noise":[0.0,0.0,0.0],"spd":[-0.19811067743516923,-0.4724734802365191,0.0],"spd_noise":[0.0,0.0,0.0]}
{"type":3,"rcvTime":18059.36156344572,"sendTime":18059.361456135473,"sender":415,"messageID":204479,"pos":[3602.55727181336,5214.820969575115,1.895],"pos_noise":[0.0,0.0,0.0],"spd":[12.69333311679204,1.6924444155719265,0.0],"spd_noise":[0.0,0.0,0.0],"RSSI":5.4325708345929098e-8}
{"type":2,"rcvTime":18059.4,"pos":[3569.953112660691,5185.715684905728,1.895],"noise":[0.0,0.0,0.0],"spd":[-0.2804864894880888,-0.6866761642025118,0.0],"spd_noise":[0.0,0.0,0.0]}
{"type":3,"rcvTime":18059.45421574045,"sendTime":18059.454099798575,"sender":421,"messageID":204909,"pos":[3605.5418678429657,5211.892911446229,1.895],"pos_noise":[0.0,0.0,0.0],"spd":[15.19298544268579,2.0239058110610319,0.0],"spd_noise":[0.0,0.0,0.0],"RSSI":4.20439610964723e-9}
{"type":2,"rcvTime":18059.5,"pos":[3569.9454764621075,5185.616627625776,1.895],"noise":[0.0,0.0,0.0],"spd":[-0.3642399548550774,-0.9242736962523898,0.0],"spd_noise":[0.0,0.0,0.0]}
{"type":3,"rcvTime":18059.511003166226,"sendTime":18059.510887687513,"sender":427,"messageID":205233,"pos":[3594.7000305277276,5741.1505618475089,1.895],"pos_noise":[0.0,0.0,0.0],"spd":[1.3276734452827426,-33.191909331135288,0.0],"spd_noise":[0.0,0.0,0.0],"RSSI":2.449148156942722e-9}
{"type":2,"rcvTime":18059.6,"pos":[3569.935938669693,5185.492902743167,1.895],"noise":[0.0,0.0,0.0],"spd":[-0.437024684791516,-1.1613417768889463,0.0],"spd_noise":[0.0,0.0,0.0]}
{"type":3,"rcvTime":18059.65337256386,"sendTime":18059.653265502537,"sender":391,"messageID":205622,"pos":[3651.9221967724045,5217.811405176733,1.895],"pos_noise":[0.0,0.0,0.0],"spd":[5.470907348590115,-34.75350701818397,0.0],"spd_noise":[0.0,0.0,0.0],"RSSI":1.0535477937928337e-7}
{"type":2,"rcvTime":18059.7,"pos":[3569.9248040388094,5185.348463564891,1.895],"noise":[0.0,0.0,0.0],"spd":[-0.48563257166687598,-1.3647660392770518,0.0],"spd_noise":[0.0,0.0,0.0]}
{"type":2,"rcvTime":18059.8,"pos":[3569.911927937813,5185.181433919562,1.895],"noise":[0.0,0.0,0.0],"spd":[-0.5285650310316431,-1.589580863558286,0.0],"spd_noise":[0.0,0.0,0.0]}
{"type":2,"rcvTime":18059.9,"pos":[3569.897310551985,5184.991816210668,1.895],"noise":[0.0,0.0,0.0],"spd":[-0.5572867519699051,-1.818205630578046,0.0],"spd_noise":[0.0,0.0,0.0]}
{"type":3,"rcvTime":18059.97919155508,"sendTime":18059.979077254888,"sender":193,"messageID":206573,"pos":[3962.5114859701836,5245.226630001627,1.895],"pos_noise":[0.0,0.0,0.0],"spd":[-0.0,-0.0,0.0],"spd_noise":[0.0,0.0,0.0],"RSSI":2.152363792447355e-9}
{"type":2,"rcvTime":18060.0,"pos":[3569.8812417936949,5184.783371200893,1.895],"noise":[0.0,0.0,0.0],"spd":[-0.5607701274802239,-2.0138989909139068,0.0],"spd_noise":[0.0,0.0,0.0]}
{"type":3,"rcvTime":18060.00635327804,"sendTime":18060.006246306144,"sender":397,"messageID":206744,"pos":[7283.788531273603,9890.434982953593,1.895],"pos_noise":[0.0,0.0,0.0],"spd":[5.462486004778899,-34.70001109645832,0.0],"spd_noise":[0.0,0.0,0.0],"RSSI":4.2688664056533157e-8}
{"type":3,"rcvTime":18060.048645265975,"sendTime":18060.04852849161,"sender":487,"messageID":207051,"pos":[3771.74246950561,5186.616514387625,1.895],"pos_noise":[0.0,0.0,0.0],"spd":[18.4413325574518,10.335786387983408,0.0],"spd_noise":[0.0,0.0,0.0],"RSSI":2.6890976021629399e-9}
{"type":3,"rcvTime":18060.076612841818,"sendTime":18060.076496280726,"sender":187,"messageID":207136,"pos":[3479.622397154866,5187.67211783684,1.895],"pos_noise":[0.0,0.0,0.0],"spd":[-0.0,-0.0,0.0],"spd_noise":[0.0,0.0,0.0],"RSSI":5.511224231902407e-9}
{"type":2,"rcvTime":18060.1,"pos":[3569.8639873902686,5184.559545922926,1.895],"noise":[0.0,0.0,0.0],"spd":[-0.5422663324230358,-2.1782830791778595,0.0],"spd_noise":[0.0,0.0,0.0]}
{"type":3,"rcvTime":18060.154558214905,"sendTime":18060.154447131834,"sender":433,"messageID":207331,"pos":[720.04134837538,3696.639559115283,1.895],"pos_noise":[0.0,0.0,0.0],"spd":[1.4404603499221052,-33.512750998153688,0.0],"spd_noise":[0.0,0.0,0.0],"RSSI":1.973785090086989e-9}
{"type":2,"rcvTime":18060.2,"pos":[3569.8448859469388,5184.3117607195049,1.895],"noise":[0.0,0.0,0.0],"spd":[-0.5269829647389308,-2.428542572396704,0.0],"spd_noise":[0.0,0.0,0.0]}
{"type":3,"rcvTime":18060.262541933298,"sendTime":18060.262427347945,"sender":181,"messageID":207557,"pos":[3182.8980963894885,5248.767038026442,1.895],"pos_noise":[0.0,0.0,0.0],"spd":[-0.4752306084701813,0.18993906672133693,0.0],"spd_noise":[0.0,0.0,0.0],"RSSI":7.161208978501511e-9}
{"type":2,"rcvTime":18060.3,"pos":[3569.82419770822,5184.043391499925,1.895],"noise":[0.0,0.0,0.0],"spd":[-0.4850612824381579,-2.647430860655936,0.0],"spd_noise":[0.0,0.0,0.0]}
{"type":3,"rcvTime":18060.361562322494,"sendTime":18060.361456135473,"sender":415,"messageID":207873,"pos":[3615.2515654965347,5216.513542066205,1.895],"pos_noise":[0.0,0.0,0.0],"spd":[12.708740474580216,1.6944987299462718,0.0],"spd_noise":[0.0,0.0,0.0],"RSSI":3.1275567079457589e-8}
{"type":2,"rcvTime":18060.4,"pos":[3569.802499460319,5183.761920373526,1.895],"noise":[0.0,0.0,0.0],"spd":[-0.4151518753161409,-2.792206534350492,0.0],"spd_noise":[0.0,0.0,0.0]}
{"type":3,"rcvTime":18060.454214716843,"sendTime":18060.454099798575,"sender":421,"messageID":208319,"pos":[3620.650521375231,5213.905583135846,1.895],"pos_noise":[0.0,0.0,0.0],"spd":[15.267686343179513,2.033856955105333,0.0],"spd_noise":[0.0,0.0,0.0],"RSSI":3.976558835125462e-8}
{"type":2,"rcvTime":18060.5,"pos":[3569.7794484727539,5183.4629014175129,1.895],"noise":[0.0,0.0,0.0],"spd":[-0.33658287919426729,-2.9799413696681205,0.0],"spd_noise":[0.0,0.0,0.0]}
{"type":2,"rcvTime":18060.6,"pos":[3569.7550634623428,5183.14657742771,1.895],"noise":[0.0,0.0,0.0],"spd":[-0.24383614394567575,-3.1630588058183677,0.0],"spd_noise":[0.0,0.0,0.0]}
{"type":3,"rcvTime":18060.650589384182,"sendTime":18060.650476861745,"sender":67,"messageID":209025,"pos":[9954.434685437009,11371.97933299467,1.895],"pos_noise":[0.0,0.0,0.0],"spd":[-8.170291548130358,-1.4246784183932813,0.0],"spd_noise":[0.0,0.0,0.0],"RSSI":4.724717181519634e-9}
{"type":3,"rcvTime":18060.653381954966,"sendTime":18060.653265502537,"sender":391,"messageID":209103,"pos":[3657.3821447163516,5183.1275169113309,1.895],"pos_noise":[0.0,0.0,0.0],"spd":[5.474706543894585,-34.77764110641914,0.0],"spd_noise":[0.0,0.0,0.0],"RSSI":8.296111885872755e-8}
{"type":2,"rcvTime":18060.7,"pos":[3569.7287045243945,5182.804647517564,1.895],"noise":[0.0,0.0,0.0],"spd":[-0.2635742892649785,-3.4191033501284484,0.0],"spd_noise":[0.0,0.0,0.0]}
{"type":2,"rcvTime":18060.8,"pos":[3569.700426102804,5182.437817936933,1.895],"noise":[0.0,0.0,0.0],"spd":[-0.2827680268005002,-3.668085800174463,0.0],"spd_noise":[0.0,0.0,0.0]}
{"type":2,"rcvTime":18060.9,"pos":[3569.670626377072,5182.051253896992,1.895],"noise":[0.0,0.0,0.0],"spd":[-0.2979801972849827,-3.8654190955050526,0.0],"spd_noise":[0.0,0.0,0.0]}
{"type":3,"rcvTime":18060.91942197267,"sendTime":18060.919305898344,"sender":469,"messageID":209780,"pos":[5974.40879676491,2432.086245971732,1.895],"pos_noise":[0.0,0.0,0.0],"spd":[8.095860477821934,18.633393731856754,0.0],"spd_noise":[0.0,0.0,0.0],"RSSI":1.7297710846296966e-9}
{"type":3,"rcvTime":18060.97918402855,"sendTime":18060.979077254888,"sender":193,"messageID":210074,"pos":[3962.5114859701836,5245.226630001627,1.895],"pos_noise":[0.0,0.0,0.0],