{"type":2,"rcvTime":18095.7,"pos":[3645.6687897736367,5180.651593014685,1.895],"noise":[0.0,0.0,0.0],"spd":[-5.3732702549746549,34.44584986759169,0.0],"spd_noise":[0.0,0.0,0.0]}
{"type":2,"rcvTime":18095.8,"pos":[3645.13372716434,5184.081661750296,1.895],"noise":[0.0,0.0,0.0],"spd":[-5.357054811748575,34.341899257159258,0.0],"spd_noise":[0.0,0.0,0.0]}
{"type":2,"rcvTime":18095.899999999998,"pos":[3644.596948486398,5187.522731503935,1.895],"noise":[0.0,0.0,0.0],"spd":[-5.374236116582352,34.45204161346578,0.0],"spd_noise":[0.0,0.0,0.0]}
{"type":3,"rcvTime":18095.978665373263,"sendTime":18095.97855315683,"sender":529,"messageID":310186,"pos":[3631.1831993148227,5357.767477450831,1.895],"pos_noise":[0.0,0.0,0.0],"spd":[5.172317511222752,-41.75001825516994,0.0],"spd_noise":[0.0,0.0,0.0],"RSSI":1.1540830105059825e-8}
{"type":3,"rcvTime":18095.979193551182,"sendTime":18095.979077254888,"sender":193,"messageID":310266,"pos":[3777.5621390756039,5257.88713145213,1.895],"pos_noise":[0.0,0.0,0.0],"spd":[-15.119024758753615,-5.805170784867002,0.0],"spd_noise":[0.0,0.0,0.0],"RSSI":3.3474005727751317e-9}
{"type":2,"rcvTime":18096.0,"pos":[3644.061331321554,5190.956355269582,1.895],"noise":[0.0,0.0,0.0],"spd":[-5.362607030149395,34.37749227081992,0.0],"spd_noise":[0.0,0.0,0.0]}
{"type":3,"rcvTime":18096.039031439028,"sendTime":18096.038918097736,"sender":109,"messageID":310461,"pos":[4117.56342953756,5288.311177150587,1.895],"pos_noise":[0.0,0.0,0.0],"spd":[11.014957612392499,2.773479470503518,0.0],"spd_noise":[0.0,0.0,0.0],"RSSI":2.57056402101112e-9}
{"type":2,"rcvTime":18096.1,"pos":[3643.5252765114285,5194.392784601106,1.895],"noise":[0.0,0.0,0.0],"spd":[-5.3669887412264309,34.40558163815083,0.0],"spd_noise":[0.0,0.0,0.0]}
{"type":3,"rcvTime":18096.15320184652,"sendTime":18096.15308930236,"sender":199,"messageID":310756,"pos":[7531.793261729181,1718.1038850685582,1.895],"pos_noise":[0.0,0.0,0.0],"spd":[15.299785103283341,6.15024401178274,0.0],"spd_noise":[0.0,0.0,0.0],"RSSI":2.0709834791740538e-8}
{"type":2,"rcvTime":18096.2,"pos":[3642.990348619479,5197.821989718605,1.895],"noise":[0.0,0.0,0.0],"spd":[-5.355706019662237,34.33325269977746,0.0],"spd_noise":[0.0,0.0,0.0]}
{"type":2,"rcvTime":18096.3,"pos":[3642.4544099313995,5201.257674638926,1.895],"noise":[0.0,0.0,0.0],"spd":[-5.36582612556888,34.39812858209867,0.0],"spd_noise":[0.0,0.0,0.0]}
{"type":3,"rcvTime":18096.35124513179,"sendTime":18096.35113894916,"sender":601,"messageID":311211,"pos":[1977.8290716186166,8764.922582893632,1.895],"pos_noise":[0.0,0.0,0.0],"spd":[-5.3382461178556979,34.22132437162612,0.0],"spd_noise":[0.0,0.0,0.0],"RSSI":3.3472828794480329e-8}
{"type":3,"rcvTime":18096.360976417127,"sendTime":18096.360860213823,"sender":583,"messageID":311526,"pos":[3629.2715582075877,5285.767574524328,1.895],"pos_noise":[0.0,0.0,0.0],"spd":[-5.351171738837233,34.30418526986683,0.0],"spd_noise":[0.0,0.0,0.0],"RSSI":1.7594642545103514e-9}
{"type":2,"rcvTime":18096.399999999998,"pos":[3641.918733825584,5204.691676251164,1.895],"noise":[0.0,0.0,0.0],"spd":[-5.363197148030354,34.38127527651377,0.0],"spd_noise":[0.0,0.0,0.0]}
{"type":3,"rcvTime":18096.442701455173,"sendTime":18096.442587704816,"sender":523,"messageID":311759,"pos":[7103.649091152474,9196.762285428122,1.895],"pos_noise":[0.0,0.0,0.0],"spd":[6.270626094920088,-39.82915977327937,0.0],"spd_noise":[0.0,0.0,0.0],"RSSI":3.994661848694705e-8}
{"type":3,"rcvTime":18096.454212943576,"sendTime":18096.454099798575,"sender":421,"messageID":311850,"pos":[4013.1058628549287,5261.960529084711,1.895],"pos_noise":[0.0,0.0,0.0],"spd":[15.17228450699705,2.0863840630715435,0.0],"spd_noise":[0.0,0.0,0.0],"RSSI":3.3553854345702066e-9}
{"type":3,"rcvTime":18096.460169106314,"sendTime":18096.46005880819,"sender":541,"messageID":311937,"pos":[6555.950201004744,337.0879802387208,1.895],"pos_noise":[0.0,0.0,0.0],"spd":[3.136149703854313,-37.250894447543689,0.0],"spd_noise":[0.0,0.0,0.0],"RSSI":3.042637050490718e-9}
{"type":2,"rcvTime":18096.5,"pos":[3641.3832795132395,5208.124256035679,1.895],"noise":[0.0,0.0,0.0],"spd":[-5.360976548498946,34.36703991618312,0.0],"spd_noise":[0.0,0.0,0.0]}
{"type":3,"rcvTime":18096.52040508426,"sendTime":18096.52029059152,"sender":517,"messageID":312307,"pos":[3645.120912388876,5239.785454257026,1.895],"pos_noise":[0.0,0.0,0.0],"spd":[6.088759663017995,-38.67746195032254,0.0],"spd_noise":[0.0,0.0,0.0],"RSSI":2.7224453775307817e-7}
{"type":3,"rcvTime":18096.59920033522,"sendTime":18096.59908813769,"sender":571,"messageID":312536,"pos":[3591.2324158438148,5871.0894716538209,1.895],"pos_noise":[0.0,0.0,0.0],"spd":[-0.02105343774186554,-36.17243771947787,0.0],"spd_noise":[0.0,0.0,0.0],"RSSI":1.9408221123390647e-9}
{"type":2,"rcvTime":18096.6,"pos":[3640.8464893515617,5211.565399406878,1.895],"noise":[0.0,0.0,0.0],"spd":[-5.374351091918898,34.45277867357875,0.0],"spd_noise":[0.0,0.0,0.0]}
{"type":3,"rcvTime":18096.650594941668,"sendTime":18096.650476861745,"sender":67,"messageID":312682,"pos":[8192.860056972131,9486.418790416792,1.895],"pos_noise":[0.0,0.0,0.0],"spd":[-15.364827871969224,-2.1719209639581398,0.0],"spd_noise":[0.0,0.0,0.0],"RSSI":7.089280456548852e-9}
{"type":2,"rcvTime":18096.7,"pos":[3640.3099089032145,5215.005198391219,1.895],"noise":[0.0,0.0,0.0],"spd":[-5.3722514389262498,34.43931865233901,0.0],"spd_noise":[0.0,0.0,0.0]}
{"type":2,"rcvTime":18096.8,"pos":[3639.7751974467448,5218.433016028899,1.895],"noise":[0.0,0.0,0.0],"spd":[-5.353539064416259,34.31936123115335,0.0],"spd_noise":[0.0,0.0,0.0]}
{"type":2,"rcvTime":18096.899999999998,"pos":[3639.239887282841,5221.864671736398,1.895],"noise":[0.0,0.0,0.0],"spd":[-5.359533332159958,34.35778804333444,0.0],"spd_noise":[0.0,0.0,0.0]}
{"type":3,"rcvTime":18096.919422965584,"sendTime":18096.919305898344,"sender":469,"messageID":313595,"pos":[3211.7688024882229,5904.351090779528,1.895],"pos_noise":[0.0,0.0,0.0],"spd":[14.217752464483562,2.978422453033931,0.0],"spd_noise":[0.0,0.0,0.0],"RSSI":2.1416605010677588e-9}
{"type":3,"rcvTime":18096.97867126343,"sendTime":18096.97855315683,"sender":529,"messageID":313810,"pos":[3636.4537268827536,5316.073638955748,1.895],"pos_noise":[0.0,0.0,0.0],"spd":[6.042222968180738,-41.62219763574046,0.0],"spd_noise":[0.0,0.0,0.0],"RSSI":4.8225796379074649e-8}
{"type":3,"rcvTime":18096.97919177484,"sendTime":18096.979077254888,"sender":193,"messageID":313901,"pos":[3762.7031883655047,5251.496032308754,1.895],"pos_noise":[0.0,0.0,0.0],"spd":[-14.857863629406,-6.390631570624481,0.0],"spd_noise":[0.0,0.0,0.0],"RSSI":1.4098255953951453e-9}
{"type":2,"rcvTime":18097.0,"pos":[3638.7030548668406,5225.306085982873,1.895],"noise":[0.0,0.0,0.0],"spd":[-5.3747741428275079,34.45549068087232,0.0],"spd_noise":[0.0,0.0,0.0]}
{"type":3,"rcvTime":18097.04864680146,"sendTime":18097.04852849161,"sender":487,"messageID":314175,"pos":[3335.0620392497678,5197.412498393937,1.895],"pos_noise":[0.0,0.0,0.0],"spd":[-14.823642142041905,2.9760503591243885,0.0],"spd_noise":[0.0,0.0,0.0],"RSSI":7.949870138397657e-9}
{"type":2,"rcvTime":18097.1,"pos":[3638.1677471858599,5228.7377257733619,1.895],"noise":[0.0,0.0,0.0],"spd":[-5.359508473096591,34.35762868199135,0.0],"spd_noise":[0.0,0.0,0.0]}
{"type":3,"rcvTime":18097.153200266064,"sendTime":18097.15308930236,"sender":199,"messageID":314391,"pos":[10384.239563271403,1800.803630729206,1.895],"pos_noise":[0.0,0.0,0.0],"spd":[15.272178139836145,6.139146498943877,0.0],"spd_noise":[0.0,0.0,0.0],"RSSI":2.0647801230532438e-9}
{"type":2,"rcvTime":18097.2,"pos":[3637.630868658357,5232.179435621917,1.895],"noise":[0.0,0.0,0.0],"spd":[-5.37523581187016,34.4584502533072,0.0],"spd_noise":[0.0,0.0,0.0]}
{"type":2,"rcvTime":18097.3,"pos":[3637.094185462616,5235.619893278003,1.895],"noise":[0.0,0.0,0.0],"spd":[-5.37328014735889,34.44591328364998,0.0],"spd_noise":[0.0,0.0,0.0]}
{"type":3,"rcvTime":18097.351256550748,"sendTime":18097.35113894916,"sender":601,"messageID":314845,"pos":[7547.797340089455,4120.8476750180129,1.895],