{"type":2,"rcvTime":25258.8,"pos":[2685.431299388564,5180.109795694873,1.895],"noise":[0.0,0.0,0.0],"spd":[-8.063106274944131,4.779037713155074,0.0],"spd_noise":[0.0,0.0,0.0]}
{"type":2,"rcvTime":25258.899999999998,"pos":[2684.6019457520158,5180.6013571566049,1.895],"noise":[0.0,0.0,0.0],"spd":[-8.293603833803499,4.915654606076622,0.0],"spd_noise":[0.0,0.0,0.0]}
{"type":2,"rcvTime":25259.0,"pos":[2683.7504174537,5181.106061635586,1.895],"noise":[0.0,0.0,0.0],"spd":[-8.515352255390127,5.047085847766717,0.0],"spd_noise":[0.0,0.0,0.0]}
{"type":3,"rcvTime":25259.07468827628,"sendTime":25259.07457790547,"sender":907,"messageID":3679506,"pos":[5560.0,5820.0,1.895],"pos_noise":[0.0,0.0,0.0],"spd":[-0.0,0.0,0.0],"spd_noise":[0.0,0.0,0.0],"RSSI":9.181546222762395e-9}
{"type":2,"rcvTime":25259.1,"pos":[2682.8816721374575,5181.620970715025,1.895],"noise":[0.0,0.0,0.0],"spd":[-8.6875238352722,5.1491326824872829,0.0],"spd_noise":[0.0,0.0,0.0]}
{"type":2,"rcvTime":25259.2,"pos":[2681.997062859615,5182.145282432626,1.895],"noise":[0.0,0.0,0.0],"spd":[-8.846164741808036,5.243159829017167,0.0],"spd_noise":[0.0,0.0,0.0]}
{"type":2,"rcvTime":25259.3,"pos":[2681.0872879324645,5182.684509938636,1.895],"noise":[0.0,0.0,0.0],"spd":[-9.097823282131057,5.392318926520147,0.0],"spd_noise":[0.0,0.0,0.0]}
{"type":2,"rcvTime":25259.399999999998,"pos":[2680.157210150898,5183.235771033642,1.895],"noise":[0.0,0.0,0.0],"spd":[-9.300853477935338,5.512655795409094,0.0],"spd_noise":[0.0,0.0,0.0]}
{"type":3,"rcvTime":25259.42026836348,"sendTime":25259.420158942976,"sender":1417,"messageID":3699144,"pos":[2743.5948766953567,5476.105587331986,1.895],"pos_noise":[0.0,0.0,0.0],"spd":[0.0,-0.0,0.0],"spd_noise":[0.0,0.0,0.0],"RSSI":1.0486782595278032e-8}
{"type":3,"rcvTime":25259.48430455218,"sendTime":25259.48418625635,"sender":1645,"messageID":3702380,"pos":[5560.0,5820.0,1.895],"pos_noise":[0.0,0.0,0.0],"spd":[0.0,-0.0,0.0],"spd_noise":[0.0,0.0,0.0],"RSSI":1.2484602847462226e-8}
{"type":2,"rcvTime":25259.5,"pos":[2679.2107734010785,5183.796728159379,1.895],"noise":[0.0,0.0,0.0],"spd":[-9.464444491279304,5.609616891500043,0.0],"spd_noise":[0.0,0.0,0.0]}
{"type":2,"rcvTime":25259.6,"pos":[2678.2484789498146,5184.367084212857,1.895],"noise":[0.0,0.0,0.0],"spd":[-9.623022795749641,5.703606933514859,0.0],"spd_noise":[0.0,0.0,0.0]}
{"type":3,"rcvTime":25259.671337300944,"sendTime":25259.671220446704,"sender":1573,"messageID":3712797,"pos":[2744.4758020361998,5479.295160278009,1.895],"pos_noise":[0.0,0.0,0.0],"spd":[0.0,-0.0,0.0],"spd_noise":[0.0,0.0,0.0],"RSSI":1.3079073306407849e-8}
{"type":2,"rcvTime":25259.7,"pos":[2677.2727698313094,5184.945391197213,1.895],"noise":[0.0,0.0,0.0],"spd":[-9.757170559456851,5.783116889112225,0.0],"spd_noise":[0.0,0.0,0.0]}
{"type":3,"rcvTime":25259.76773518895,"sendTime":25259.76762296641,"sender":1951,"messageID":3718021,"pos":[2748.628576861933,5442.449896618288,1.895],"pos_noise":[0.0,0.0,0.0],"spd":[-1.7180919657226237,12.197775208325309,0.0],"spd_noise":[0.0,0.0,0.0],"RSSI":6.8843863519579349e-9}
{"type":2,"rcvTime":25259.8,"pos":[2676.282681119862,5185.532221028054,1.895],"noise":[0.0,0.0,0.0],"spd":[-9.900967658658967,5.868346047291528,0.0],"spd_noise":[0.0,0.0,0.0]}
{"type":2,"rcvTime":25259.899999999998,"pos":[2675.2745904894666,5186.129720673557,1.895],"noise":[0.0,0.0,0.0],"spd":[-10.080988312608439,5.97504506191878,0.0],"spd_noise":[0.0,0.0,0.0]}
{"type":2,"rcvTime":25260.0,"pos":[2674.24950764637,5186.737291676495,1.895],"noise":[0.0,0.0,0.0],"spd":[-10.250911821941097,6.075759455573236,0.0],"spd_noise":[0.0,0.0,0.0]}
{"type":3,"rcvTime":25260.07469441432,"sendTime":25260.07457790547,"sender":907,"messageID":3737209,"pos":[5560.0,5820.0,1.895],"pos_noise":[0.0,0.0,0.0],"spd":[-0.0,0.0,0.0],"spd_noise":[0.0,0.0,0.0],"RSSI":2.8397902740948738e-9}
{"type":2,"rcvTime":25260.1,"pos":[2673.207508665227,5187.354888947094,1.895],"noise":[0.0,0.0,0.0],"spd":[-10.420074578546425,6.176022947820162,0.0],"spd_noise":[0.0,0.0,0.0]}
{"type":2,"rcvTime":25260.2,"pos":[2672.1512271308249,5187.98095154834,1.895],"noise":[0.0,0.0,0.0],"spd":[-10.562901273028454,6.260676942954779,0.0],"spd_noise":[0.0,0.0,0.0]}
{"type":3,"rcvTime":25260.20201041234,"sendTime":25260.20189950266,"sender":349,"messageID":3743256,"pos":[5560.0,5820.0,1.895],"pos_noise":[0.0,0.0,0.0],"spd":[-0.0,0.0,0.0],"spd_noise":[0.0,0.0,0.0],"RSSI":9.949081766380842e-9}
{"type":2,"rcvTime":25260.3,"pos":[2671.0702258652415,5188.621665640407,1.895],"noise":[0.0,0.0,0.0],"spd":[-10.810100595802356,6.40719304306543,0.0],"spd_noise":[0.0,0.0,0.0]}
{"type":2,"rcvTime":25260.399999999998,"pos":[2669.965019970487,5189.276725920122,1.895],"noise":[0.0,0.0,0.0],"spd":[-11.052148856569989,6.550656086610701,0.0],"spd_noise":[0.0,0.0,0.0]}
{"type":3,"rcvTime":25260.42027449956,"sendTime":25260.420158942976,"sender":1417,"messageID":3756740,"pos":[2743.5948766953567,5476.105587331986,1.895],"pos_noise":[0.0,0.0,0.0],"spd":[0.0,-0.0,0.0],"spd_noise":[0.0,0.0,0.0],"RSSI":5.064900349557132e-9}
{"type":3,"rcvTime":25260.484303685134,"sendTime":25260.48418625635,"sender":1645,"messageID":3759956,"pos":[5560.0,5820.0,1.895],"pos_noise":[0.0,0.0,0.0],"spd":[0.0,-0.0,0.0],"spd_noise":[0.0,0.0,0.0],"RSSI":6.929808858412609e-9}
{"type":2,"rcvTime":25260.5,"pos":[2668.834131277837,5189.947008504434,1.895],"noise":[0.0,0.0,0.0],"spd":[-11.308978924836478,6.7028803709329669,0.0],"spd_noise":[0.0,0.0,0.0]}
{"type":2,"rcvTime":25260.6,"pos":[2667.6841848231235,5190.628586706158,1.895],"noise":[0.0,0.0,0.0],"spd":[-11.49955809582711,6.815837463950121,0.0],"spd_noise":[0.0,0.0,0.0]}
{"type":3,"rcvTime":25260.671336352494,"sendTime":25260.671220446704,"sender":1573,"messageID":3770661,"pos":[2744.4758020361998,5479.295160278009,1.895],"pos_noise":[0.0,0.0,0.0],"spd":[0.0,-0.0,0.0],"spd_noise":[0.0,0.0,0.0],"RSSI":4.806763692355298e-9}
{"type":2,"rcvTime":25260.7,"pos":[2666.5128395968029,5191.322848051702,1.895],"noise":[0.0,0.0,0.0],"spd":[-11.713547552702526,6.942669933935173,0.0],"spd_noise":[0.0,0.0,0.0]}
{"type":3,"rcvTime":25260.767734173474,"sendTime":25260.76762296641,"sender":1951,"messageID":3775858,"pos":[2746.9179560885766,5454.594629308025,1.895],"pos_noise":[0.0,0.0,0.0],"spd":[-1.7031733953279736,12.091859243553012,0.0],"spd_noise":[0.0,0.0,0.0],"RSSI":1.0268896866386531e-8}
{"type":2,"rcvTime":25260.8,"pos":[2665.3191725189719,5192.03033965449,1.895],"noise":[0.0,0.0,0.0],"spd":[-11.93676788369383,7.074973582652719,0.0],"spd_noise":[0.0,0.0,0.0]}
{"type":2,"rcvTime":25260.899999999998,"pos":[2664.107882397647,5192.748276510832,1.895],"noise":[0.0,0.0,0.0],"spd":[-12.112999752281715,7.1794269679274829,0.0],"spd_noise":[0.0,0.0,0.0]}
{"type":2,"rcvTime":25261.0,"pos":[2662.9378743298086,5192.142485825651,1.895],"noise":[0.0,0.0,0.0],"spd":[-13.573256040373212,3.44810155739133,0.0],"spd_noise":[0.0,0.0,0.0]}
{"type":3,"rcvTime":25261.07469325404,"sendTime":25261.07457790547,"sender":907,"messageID":3794944,"pos":[5560.0,5820.0,1.895],"pos_noise":[0.0,0.0,0.0],"spd":[-0.0,0.0,0.0],"spd_noise":[0.0,0.0,0.0],"RSSI":2.158834612844455e-9}
{"type":2,"rcvTime":25261.1,"pos":[2661.762936491095,5191.359842353616,1.895],"noise":[0.0,0.0,0.0],"spd":[-13.983023943828073,-1.9440311112287586,0.0],"spd_noise":[0.0,0.0,0.0]}
{"type":2,"rcvTime":25261.2,"pos":[2660.5939231008876,5190.581145244356,1.895],"noise":[0.0,0.0,0.0],"spd":[-12.36814812819396,-6.657947984539208,0.0],"spd_noise":[0.0,0.0,0.0]}
{"type":3,"rcvTime":25261.202009261542,"sendTime":25261.20189950266,"sender":349,"messageID":3801008,"pos":[5560.0,5820.0,1.895],"pos_noise":[0.0,0.0,0.0],"spd":[-0.0,0.0,0.0],"spd_noise":[0.0,0.0,0.0],"RSSI":9.542306401349505e-9}
{"type":2,"rcvTime":25261.3,"pos":[2659.419733648121,5189.799000283269,1.895],"noise":[0.0,0.0,0.0],"spd":[-11.741990048534153,-7.821513238729682,0.0],"spd_noise":[0.0,0.0,0.0]}
{"type":2,"rcvTime":25261.399999999998,"pos":[2658.2489334627036,5189.019112963291,1.895],"noise":[0.0,0.0,0.0],