{"type":2,"rcvTime":18098.1,"pos":[6115.603410779703,5820.642734150999,1.895],"noise":[0.0,0.0,0.0],"spd":[-0.0,-0.0,0.0],"spd_noise":[0.0,0.0,0.0]}
{"type":3,"rcvTime":18098.155943203332,"sendTime":18098.15583320949,"sender":307,"messageID":243232,"pos":[5866.210715043917,5711.974638912324,1.895],"pos_noise":[0.0,0.0,0.0],"spd":[2.7266884803228805,0.28703483229988538,0.0],"spd_noise":[0.0,0.0,0.0],"RSSI":3.8837699242230289e-9}
{"type":2,"rcvTime":18098.2,"pos":[6115.5802699777009,5820.6404028542,1.895],"noise":[0.0,0.0,0.0],"spd":[-0.23142199829923724,-0.023314376215992809,0.0],"spd_noise":[0.0,0.0,0.0]}
{"type":3,"rcvTime":18098.200365765715,"sendTime":18098.200248578472,"sender":301,"messageID":243451,"pos":[6126.485541761176,5737.00500659386,1.895],"pos_noise":[0.0,0.0,0.0],"spd":[12.296816017850164,0.685475770729392,0.0],"spd_noise":[0.0,0.0,0.0],"RSSI":5.094772555608908e-8}
{"type":3,"rcvTime":18098.239425199787,"sendTime":18098.23931369223,"sender":523,"messageID":243590,"pos":[6026.411577798571,5811.66603201619,1.895],"pos_noise":[0.0,0.0,0.0],"spd":[-13.112252065698599,-1.3203219126592736,0.0],"spd_noise":[0.0,0.0,0.0],"RSSI":1.5207444099631782e-7}
{"type":2,"rcvTime":18098.3,"pos":[6115.535143722635,5820.635856655068,1.895],"noise":[0.0,0.0,0.0],"spd":[-0.4512898093154818,-0.04546473746727326,0.0],"spd_noise":[0.0,0.0,0.0]}
{"type":2,"rcvTime":18098.399999999998,"pos":[6115.469346683402,5820.629227998596,1.895],"noise":[0.0,0.0,0.0],"spd":[-0.6580101372428364,-0.06629056877215225,0.0],"spd_noise":[0.0,0.0,0.0]}
{"type":3,"rcvTime":18098.445716521303,"sendTime":18098.445603095137,"sender":457,"messageID":243941,"pos":[6101.23989767381,5739.689822660743,1.895],"pos_noise":[0.0,0.0,0.0],"spd":[2.307857767654288e-15,-4.605471780210524e-14,0.0],"spd_noise":[0.0,0.0,0.0],"RSSI":3.271223002837074e-8}
{"type":2,"rcvTime":18098.5,"pos":[6115.380375159145,5820.620264651964,1.895],"noise":[0.0,0.0,0.0],"spd":[-0.8897689861005335,-0.08963888065853312,0.0],"spd_noise":[0.0,0.0,0.0]}
{"type":2,"rcvTime":18098.6,"pos":[6115.269727586743,5820.6091175736869,1.895],"noise":[0.0,0.0,0.0],"spd":[-1.1065425610351634,-0.11147751621098598,0.0],"spd_noise":[0.0,0.0,0.0]}
{"type":2,"rcvTime":18098.7,"pos":[6115.139341043369,5820.595981912651,1.895],"noise":[0.0,0.0,0.0],"spd":[-1.3039441941488286,-0.13136454498932968,0.0],"spd_noise":[0.0,0.0,0.0]}
{"type":3,"rcvTime":18098.73023583016,"sendTime":18098.73012202629,"sender":175,"messageID":245128,"pos":[6100.939533978045,5745.683764506012,1.895],"pos_noise":[0.0,0.0,0.0],"spd":[2.3615454158446295e-15,-4.712608776311295e-14,0.0],"spd_noise":[0.0,0.0,0.0],"RSSI":7.400758522839872e-9}
{"type":3,"rcvTime":18098.740800412026,"sendTime":18098.740686771598,"sender":565,"messageID":245210,"pos":[6131.891859621756,6057.316016926338,1.895],"pos_noise":[0.0,0.0,0.0],"spd":[15.600526374439362,-5.288248648620899,0.0],"spd_noise":[0.0,0.0,0.0],"RSSI":1.7801536766078248e-8}
{"type":3,"rcvTime":18098.791824081054,"sendTime":18098.79171693805,"sender":259,"messageID":245411,"pos":[6387.830855443688,5852.804218365283,1.895],"pos_noise":[0.0,0.0,0.0],"spd":[13.431191968012602,0.6874183521261302,0.0],"spd_noise":[0.0,0.0,0.0],"RSSI":5.764290914018487e-8}
{"type":2,"rcvTime":18098.8,"pos":[6114.990987876938,5820.5810362222659,1.895],"noise":[0.0,0.0,0.0],"spd":[-1.4836212775158786,-0.14946593184883157,0.0],"spd_noise":[0.0,0.0,0.0]}
{"type":2,"rcvTime":18098.899999999998,"pos":[6114.818956145973,5820.563705058736,1.895],"noise":[0.0,0.0,0.0],"spd":[-1.7204212259604548,-0.17332210423757317,0.0],"spd_noise":[0.0,0.0,0.0]}
{"type":2,"rcvTime":18099.0,"pos":[6114.6272596483699,5820.544392788091,1.895],"noise":[0.0,0.0,0.0],"spd":[-1.9170807709159504,-0.19313437209137236,0.0],"spd_noise":[0.0,0.0,0.0]}
{"type":2,"rcvTime":18099.1,"pos":[6114.420058655788,5820.523518532709,1.895],"noise":[0.0,0.0,0.0],"spd":[-2.072135086235963,-0.2087551629749762,0.0],"spd_noise":[0.0,0.0,0.0]}
{"type":2,"rcvTime":18099.2,"pos":[6114.18930385154,5820.500271372286,1.895],"noise":[0.0,0.0,0.0],"spd":[-2.3076874306511656,-0.23248564675186843,0.0],"spd_noise":[0.0,0.0,0.0]}
{"type":3,"rcvTime":18099.200363656717,"sendTime":18099.200248578472,"sender":301,"messageID":246471,"pos":[6138.836618148087,5737.637143830607,1.895],"pos_noise":[0.0,0.0,0.0],"spd":[12.332920628531483,0.6312080115856364,0.0],"spd_noise":[0.0,0.0,0.0],"RSSI":4.579589202618466e-9}
{"type":3,"rcvTime":18099.23942875391,"sendTime":18099.23931369223,"sender":523,"messageID":246600,"pos":[6013.297275972086,5810.345503705416,1.895],"pos_noise":[0.0,0.0,0.0],"spd":[-13.14856709234564,-1.323978609098913,0.0],"spd_noise":[0.0,0.0,0.0],"RSSI":6.04221569335342e-8}
{"type":2,"rcvTime":18099.3,"pos":[6113.942106463822,5820.475367720346,1.895],"noise":[0.0,0.0,0.0],"spd":[-2.4721231975544066,-0.24905156252970393,0.0],"spd_noise":[0.0,0.0,0.0]}
{"type":2,"rcvTime":18099.399999999998,"pos":[6113.676806263772,5820.448640318805,1.895],"noise":[0.0,0.0,0.0],"spd":[-2.6531622559235834,-0.26729016018949777,0.0],"spd_noise":[0.0,0.0,0.0]}
{"type":3,"rcvTime":18099.445720064527,"sendTime":18099.445603095137,"sender":457,"messageID":246926,"pos":[6101.23989767381,5739.689822660743,1.895],"pos_noise":[0.0,0.0,0.0],"spd":[2.2846783628575795e-15,-4.5592158557036076e-14,0.0],"spd_noise":[0.0,0.0,0.0],"RSSI":5.593155920460923e-9}
{"type":2,"rcvTime":18099.5,"pos":[6113.388934773562,5820.419638995361,1.895],"noise":[0.0,0.0,0.0],"spd":[-2.8788887917946535,-0.29003075277713616,0.0],"spd_noise":[0.0,0.0,0.0]}
{"type":2,"rcvTime":18099.6,"pos":[6113.07798453409,5820.388312626559,1.895],"noise":[0.0,0.0,0.0],"spd":[-3.1096902251968627,-0.3132826108078498,0.0],"spd_noise":[0.0,0.0,0.0]}
{"type":2,"rcvTime":18099.7,"pos":[6112.750775420693,5820.355348273874,1.895],"noise":[0.0,0.0,0.0],"spd":[-3.2722887856793729,-0.32966343907454129,0.0],"spd_noise":[0.0,0.0,0.0]}
{"type":3,"rcvTime":18099.730239461907,"sendTime":18099.73012202629,"sender":175,"messageID":248137,"pos":[6100.939533978045,5745.683764506012,1.895],"pos_noise":[0.0,0.0,0.0],"spd":[2.350827667259902e-15,-4.691220851394077e-14,0.0],"spd_noise":[0.0,0.0,0.0],"RSSI":1.48290478856623e-8}
{"type":3,"rcvTime":18099.740797024533,"sendTime":18099.740686771598,"sender":565,"messageID":248216,"pos":[6147.547294198113,6052.009155558015,1.895],"pos_noise":[0.0,0.0,0.0],"spd":[15.58717410988944,-5.28372251320294,0.0],"spd_noise":[0.0,0.0,0.0],"RSSI":1.1131628686761407e-8}
{"type":3,"rcvTime":18099.791829624937,"sendTime":18099.79171693805,"sender":259,"messageID":248417,"pos":[6403.048616777118,5489.577439448319,1.895],"pos_noise":[0.0,0.0,0.0],"spd":[13.361770989792995,0.6838653350472981,0.0],"spd_noise":[0.0,0.0,0.0],"RSSI":3.0103044461008395e-9}
{"type":2,"rcvTime":18099.8,"pos":[6112.410744518793,5820.321092203016,1.895],"noise":[0.0,0.0,0.0],"spd":[-3.40051441574795,-0.34258140107438075,0.0],"spd_noise":[0.0,0.0,0.0]}
{"type":3,"rcvTime":18099.837056196357,"sendTime":18099.83694033348,"sender":553,"messageID":248566,"pos":[6200.832241571907,6033.946684832468,1.895],"pos_noise":[0.0,0.0,0.0],"spd":[16.027394363203699,-5.4329478729014168,0.0],"spd_noise":[0.0,0.0,0.0],"RSSI":6.571250357052723e-9}
{"type":2,"rcvTime":18099.899999999998,"pos":[6112.05646605961,5820.2854007763439,1.895],"noise":[0.0,0.0,0.0],"spd":[-3.5429985948594626,-0.3569358262416149,0.0],"spd_noise":[0.0,0.0,0.0]}
{"type":2,"rcvTime":18100.0,"pos":[6111.683185534846,5820.247795005706,1.895],"noise":[0.0,0.0,0.0],"spd":[-3.733030728924121,-0.3760804222578933,0.0],"spd_noise":[0.0,0.0,0.0]}
