{"type":2,"rcvTime":10894.1,"pos":[3645.2802919343096,5183.142094629591,1.895],"noise":[0.0,0.0,0.0],"spd":[-5.284439200448894,33.87639011169073,0.0],"spd_noise":[0.0,0.0,0.0]}
{"type":2,"rcvTime":10894.199999999999,"pos":[3644.7524623089786,5186.5257956472319,1.895],"noise":[0.0,0.0,0.0],"spd":[-5.284638068581825,33.877664974395447,0.0],"spd_noise":[0.0,0.0,0.0]}
{"type":3,"rcvTime":10894.212957991957,"sendTime":10894.212847451632,"sender":217,"messageID":34949,"pos":[3811.6688717746599,5559.500598006637,1.895],"pos_noise":[0.0,0.0,0.0],"spd":[-3.0369775930042248,37.07348755154066,0.0],"spd_noise":[0.0,0.0,0.0],"RSSI":5.3521119934595038e-9}
{"type":2,"rcvTime":10894.3,"pos":[3644.2257179955215,5189.902539171934,1.895],"noise":[0.0,0.0,0.0],"spd":[-5.273771909943065,33.808006451494687,0.0],"spd_noise":[0.0,0.0,0.0]}
{"type":3,"rcvTime":10894.395727664723,"sendTime":10894.395617034752,"sender":175,"messageID":35036,"pos":[3996.695183493648,5433.841638345361,1.895],"pos_noise":[0.0,0.0,0.0],"spd":[14.368104637523932,3.6177754508456516,0.0],"spd_noise":[0.0,0.0,0.0],"RSSI":2.6777978184666015e-9}
{"type":2,"rcvTime":10894.4,"pos":[3643.699326185569,5193.277022940055,1.895],"noise":[0.0,0.0,0.0],"spd":[-5.270242639597978,33.78538173494772,0.0],"spd_noise":[0.0,0.0,0.0]}
{"type":3,"rcvTime":10894.498428232202,"sendTime":10894.498320203042,"sender":205,"messageID":35103,"pos":[3622.8247755200538,5398.39963892184,1.895],"pos_noise":[0.0,0.0,0.0],"spd":[4.010500218253526,-32.37989109414534,0.0],"spd_noise":[0.0,0.0,0.0],"RSSI":8.805656152348484e-9}
{"type":2,"rcvTime":10894.5,"pos":[3643.1730539682237,5196.650740048624,1.895],"noise":[0.0,0.0,0.0],"spd":[-5.269045276643337,33.77770592810841,0.0],"spd_noise":[0.0,0.0,0.0]}
{"type":2,"rcvTime":10894.6,"pos":[3642.6463042225379,5200.027518397132,1.895],"noise":[0.0,0.0,0.0],"spd":[-5.273826297491945,33.8083551079468,0.0],"spd_noise":[0.0,0.0,0.0]}
{"type":2,"rcvTime":10894.699999999999,"pos":[3642.118492782725,5203.411102834813,1.895],"noise":[0.0,0.0,0.0],"spd":[-5.284455994902909,33.87649777410378,0.0],"spd_noise":[0.0,0.0,0.0]}
{"type":2,"rcvTime":10894.8,"pos":[3641.592477164783,5206.783174988985,1.895],"noise":[0.0,0.0,0.0],"spd":[-5.2664761995910729,33.76123662017464,0.0],"spd_noise":[0.0,0.0,0.0]}
{"type":2,"rcvTime":10894.9,"pos":[3641.0656881228835,5210.160205249535,1.895],"noise":[0.0,0.0,0.0],"spd":[-5.274219731771817,33.810877255074,0.0],"spd_noise":[0.0,0.0,0.0]}
{"type":2,"rcvTime":10895.0,"pos":[3640.5379756160098,5213.543155468387,1.895],"noise":[0.0,0.0,0.0],"spd":[-5.283465476843885,33.87014796574998,0.0],"spd_noise":[0.0,0.0,0.0]}
{"type":2,"rcvTime":10895.1,"pos":[3640.0104421916764,5216.924957661921,1.895],"noise":[0.0,0.0,0.0],"spd":[-5.28167249978285,33.858653919158289,0.0],"spd_noise":[0.0,0.0,0.0]}
{"type":2,"rcvTime":10895.199999999999,"pos":[3639.483717294763,5220.301576715055,1.895],"noise":[0.0,0.0,0.0],"spd":[-5.273577511209304,33.80676024028999,0.0],"spd_noise":[0.0,0.0,0.0]}
{"type":2,"rcvTime":10895.3,"pos":[3638.9567341548797,5223.6798512588279,1.895],"noise":[0.0,0.0,0.0],"spd":[-5.276163043681266,33.82333503722572,0.0],"spd_noise":[0.0,0.0,0.0]}
{"type":3,"rcvTime":10895.39573144265,"sendTime":10895.395617034752,"sender":175,"messageID":35313,"pos":[3851.0595740557585,5143.512228046024,1.895],"pos_noise":[0.0,0.0,0.0],"spd":[14.431386242161649,3.633709259898695,0.0],"spd_noise":[0.0,0.0,0.0],"RSSI":4.396067511526514e-9}
{"type":2,"rcvTime":10895.4,"pos":[3638.4304950755729,5227.053355932908,1.895],"noise":[0.0,0.0,0.0],"spd":[-5.268713498101053,33.77557903083459,0.0],"spd_noise":[0.0,0.0,0.0]}
{"type":3,"rcvTime":10895.498437879844,"sendTime":10895.498320203042,"sender":205,"messageID":35372,"pos":[3626.8351593972618,5366.020687139559,1.895],"pos_noise":[0.0,0.0,0.0],"spd":[4.016363766832683,-32.4272320875351,0.0],"spd_noise":[0.0,0.0,0.0],"RSSI":1.565116899820879e-9}
{"type":2,"rcvTime":10895.5,"pos":[3637.9042259487257,5230.427053229548,1.895],"noise":[0.0,0.0,0.0],"spd":[-5.269014334525287,33.777507570776219,0.0],"spd_noise":[0.0,0.0,0.0]}
{"type":2,"rcvTime":10895.6,"pos":[3637.376470985534,5233.810275618584,1.895],"noise":[0.0,0.0,0.0],"spd":[-5.283890550129613,33.87287293767361,0.0],"spd_noise":[0.0,0.0,0.0]}
{"type":2,"rcvTime":10895.699999999999,"pos":[3636.850457892032,5237.182331589597,1.895],"noise":[0.0,0.0,0.0],"spd":[-5.266450924861244,33.761074594162959,0.0],"spd_noise":[0.0,0.0,0.0]}
{"type":2,"rcvTime":10895.8,"pos":[3636.3243952318555,5240.554705312401,1.895],"noise":[0.0,0.0,0.0],"spd":[-5.266947187147575,33.76425592981122,0.0],"spd_noise":[0.0,0.0,0.0]}
{"type":2,"rcvTime":10895.9,"pos":[3635.7976842698515,5243.931235034501,1.895],"noise":[0.0,0.0,0.0],"spd":[-5.2734379946924438,33.80586585665288,0.0],"spd_noise":[0.0,0.0,0.0]}
{"type":2,"rcvTime":10896.0,"pos":[3635.2711081665436,5247.30690023236,1.895],"noise":[0.0,0.0,0.0],"spd":[-5.272087787422442,33.797210227081759,0.0],"spd_noise":[0.0,0.0,0.0]}
{"type":2,"rcvTime":10896.1,"pos":[3634.7442005918298,5250.684690358566,1.895],"noise":[0.0,0.0,0.0],"spd":[-5.275406484072901,33.81848504132955,0.0],"spd_noise":[0.0,0.0,0.0]}
{"type":2,"rcvTime":10896.199999999999,"pos":[3634.217451842265,5254.061462321348,1.895],"noise":[0.0,0.0,0.0],"spd":[-5.273816324315646,33.80829117397043,0.0],"spd_noise":[0.0,0.0,0.0]}
{"type":3,"rcvTime":10896.212960591189,"sendTime":10896.212847451632,"sender":217,"messageID":35492,"pos":[3373.3829650678637,5666.032388656666,1.895],"pos_noise":[0.0,0.0,0.0],"spd":[-1.5491867182506046,37.10423491188324,0.0],"spd_noise":[0.0,0.0,0.0],"RSSI":7.053048968850859e-9}
{"type":2,"rcvTime":10896.3,"pos":[3633.6904362149059,5257.439945129108,1.895],"noise":[0.0,0.0,0.0],"spd":[-5.276488308765706,33.82542017937084,0.0],"spd_noise":[0.0,0.0,0.0]}
{"type":3,"rcvTime":10896.33475626116,"sendTime":10896.334645692445,"sender":235,"messageID":35559,"pos":[3645.7576335720898,5180.082051562654,1.895],"pos_noise":[0.0,0.0,0.0],"spd":[-5.862363468293337,37.581227505006427,0.0],"spd_noise":[0.0,0.0,0.0],"RSSI":8.108770601168045e-9}
{"type":2,"rcvTime":10896.4,"pos":[3633.1625825677745,5260.823800140742,1.895],"noise":[0.0,0.0,0.0],"spd":[-5.284878575205239,33.879206764544999,0.0],"spd_noise":[0.0,0.0,0.0]}
{"type":3,"rcvTime":10896.498433768378,"sendTime":10896.498320203042,"sender":205,"messageID":35676,"pos":[3630.8482141164715,5333.620171570107,1.895],"pos_noise":[0.0,0.0,0.0],"spd":[4.009214139156343,-32.36950757615213,0.0],"spd_noise":[0.0,0.0,0.0],"RSSI":3.2476823504565857e-9}
{"type":2,"rcvTime":10896.5,"pos":[3632.635515653505,5264.202611728021,1.895],"noise":[0.0,0.0,0.0],"spd":[-5.277001794073717,33.82871192480512,0.0],"spd_noise":[0.0,0.0,0.0]}
{"type":2,"rcvTime":10896.6,"pos":[3632.109594614034,5267.574077578087,1.895],"noise":[0.0,0.0,0.0],"spd":[-5.265529278530277,33.75516629444211,0.0],"spd_noise":[0.0,0.0,0.0]}
{"type":2,"rcvTime":10896.699999999999,"pos":[3631.581879849146,5270.957042272151,1.895],"noise":[0.0,0.0,0.0],"spd":[-5.283488084117168,33.87029289178282,0.0],"spd_noise":[0.0,0.0,0.0]}
{"type":2,"rcvTime":10896.8,"pos":[3631.054033789348,5274.340848644474,1.895],"noise":[0.0,0.0,0.0],"spd":[-5.284802610710086,33.87871978704734,0.0],"spd_noise":[0.0,0.0,0.0]}
{"type":2,"rcvTime":10896.9,"pos":[3630.5274341607475,5277.716664653415,1.895],"noise":[0.0,0.0,0.0],"spd":[-5.272323323002672,33.79872014987552,0.0],"spd_noise":[0.0,0.0,0.0]}
{"type":2,"rcvTime":10897.0,"pos":[3630.000354143391,5281.095560239254,1.895],"noise":[0.0,0.0,0.0],"spd":[-5.2771329823749719,33.82955291963973,0.0],"spd_noise":[0.0,0.0,0.0]}
{"type":2,"rcvTime":10897.1,"pos":[3629.4744108790584,5284.467168563869,1.895],"noise":[0.0,0.0,0.0],"spd":[-5.265751794178531,33.75659275174822,0.0],"spd_noise":[0.0,0.0,0.0]}
{"type":2,"rcvTime":10897.199999999999,"pos":[3628.9474080469487,5287.845569346491,1.895],"noise":[0.0,0.0,0.0],"spd":[-5.276360202539896,33.82459894246818,0.0],"spd_noise":[0.0,0.0,0.0]}
{"type":3,