{"type":2,"rcvTime":10800.0,"pos":[3588.7068547221977,5909.702166495473,1.895],"noise":[0.0,0.0,0.0],"spd":[1.4293769912517172,33.57221999249793,0.0],"spd_noise":[0.0,0.0,0.0]}
{"type":3,"rcvTime":10800.034289062456,"sendTime":10800.03417131002,"sender":37,"messageID":63,"pos":[3606.5953101555976,5591.6890194890379,1.895],"pos_noise":[0.0,0.0,0.0],"spd":[3.5686822257635439,-42.38847550720671,0.0],"spd_noise":[0.0,0.0,0.0],"RSSI":3.482107689583104e-9}
{"type":2,"rcvTime":10800.1,"pos":[3588.849839450718,5913.060493088684,1.895],"noise":[0.0,0.0,0.0],"spd":[1.4315652310902969,33.62361585916346,0.0],"spd_noise":[0.0,0.0,0.0]}
{"type":3,"rcvTime":10800.186377832692,"sendTime":10800.18626021128,"sender":7,"messageID":177,"pos":[3587.6439736065747,5848.923665039186,1.895],"pos_noise":[0.0,0.0,0.0],"spd":[-0.032622645566685207,33.623909841893077,0.0],"spd_noise":[0.0,0.0,0.0],"RSSI":1.4826442221068352e-8}
{"type":3,"rcvTime":10800.198216515792,"sendTime":10800.198101483284,"sender":19,"messageID":221,"pos":[3377.8638692622027,5553.766666377435,1.895],"pos_noise":[0.0,0.0,0.0],"spd":[-2.850520818661387,34.79734204480685,0.0],"spd_noise":[0.0,0.0,0.0],"RSSI":2.7771241704234606e-9}
{"type":2,"rcvTime":10800.199999999999,"pos":[3588.992845157793,5916.419312411716,1.895],"noise":[0.0,0.0,0.0],"spd":[1.431775268697447,33.62854907747417,0.0],"spd_noise":[0.0,0.0,0.0]}
{"type":2,"rcvTime":10800.3,"pos":[3589.135504574487,5919.769998305338,1.895],"noise":[0.0,0.0,0.0],"spd":[1.4283082042435547,33.54711706109302,0.0],"spd_noise":[0.0,0.0,0.0]}
{"type":2,"rcvTime":10800.4,"pos":[3589.2780884634037,5923.118910254666,1.895],"noise":[0.0,0.0,0.0],"spd":[1.427552019012351,33.529356304413578,0.0],"spd_noise":[0.0,0.0,0.0]}
{"type":3,"rcvTime":10800.448002513062,"sendTime":10800.447893524542,"sender":43,"messageID":325,"pos":[3610.098910037126,5474.322001055437,1.895],"pos_noise":[0.0,0.0,0.0],"spd":[3.521585636959962,-29.682754835313089,0.0],"spd_noise":[0.0,0.0,0.0],"RSSI":2.27849269228543e-9}
{"type":2,"rcvTime":10800.5,"pos":[3589.4206833771925,5926.468081148575,1.895],"noise":[0.0,0.0,0.0],"spd":[1.427662400194347,33.53194886141406,0.0],"spd_noise":[0.0,0.0,0.0]}
{"type":3,"rcvTime":10800.589412811061,"sendTime":10800.589305537287,"sender":55,"messageID":415,"pos":[3593.9175322751309,5682.515167476551,1.895],"pos_noise":[0.0,0.0,0.0],"spd":[1.5406475745645272,-35.84363744902269,0.0],"spd_noise":[0.0,0.0,0.0],"RSSI":2.187587596194651e-8}
{"type":2,"rcvTime":10800.6,"pos":[3589.5635427936269,5929.823464498032,1.895],"noise":[0.0,0.0,0.0],"spd":[1.4303106046240693,33.59414805886277,0.0],"spd_noise":[0.0,0.0,0.0]}
{"type":2,"rcvTime":10800.699999999999,"pos":[3589.800015625851,5933.164821254953,1.895],"noise":[0.0,0.0,0.0],"spd":[1.9528675920609636,33.482213733897378,0.0],"spd_noise":[0.0,0.0,0.0]}
{"type":2,"rcvTime":10800.8,"pos":[3590.048980002757,5936.5084257365119,1.895],"noise":[0.0,0.0,0.0],"spd":[2.492635048847682,33.47621785808341,0.0],"spd_noise":[0.0,0.0,0.0]}
{"type":3,"rcvTime":10800.829257149986,"sendTime":10800.829146910692,"sender":25,"messageID":511,"pos":[3628.791380804706,5323.366561991694,1.895],"pos_noise":[0.0,0.0,0.0],"spd":[3.92648351717333,-31.709240082886244,0.0],"spd_noise":[0.0,0.0,0.0],"RSSI":1.3853605286239019e-9}
{"type":2,"rcvTime":10800.9,"pos":[3590.2984205205846,5939.858424815311,1.895],"noise":[0.0,0.0,0.0],"spd":[2.4974021788388627,33.54024066086649,0.0],"spd_noise":[0.0,0.0,0.0]}
{"type":3,"rcvTime":10800.957997172567,"sendTime":10800.957889531972,"sender":31,"messageID":609,"pos":[3591.2178397484328,5846.045917776017,1.895],"pos_noise":[0.0,0.0,0.0],"spd":[-0.01892171362302063,-32.50986921533479,0.0],"spd_noise":[0.0,0.0,0.0],"RSSI":2.447350655282105e-8}
{"type":2,"rcvTime":10801.0,"pos":[3590.5477951107925,5943.207538482767,1.895],"noise":[0.0,0.0,0.0],"spd":[2.4967421105321625,33.53137590930708,0.0],"spd_noise":[0.0,0.0,0.0]}
{"type":2,"rcvTime":10801.1,"pos":[3590.797274944183,5946.558065571617,1.895],"noise":[0.0,0.0,0.0],"spd":[2.4977958068432466,33.54552710536059,0.0],"spd_noise":[0.0,0.0,0.0]}
{"type":3,"rcvTime":10801.137582419016,"sendTime":10801.137474702671,"sender":67,"messageID":717,"pos":[3803.0035595488377,5262.202771591735,1.895],"pos_noise":[0.0,0.0,0.0],"spd":[-2.7996380904725335,34.17532708789984,0.0],"spd_noise":[0.0,0.0,0.0],"RSSI":3.2932985389840117e-9}
{"type":3,"rcvTime":10801.198217093488,"sendTime":10801.198101483284,"sender":19,"messageID":803,"pos":[3513.0672727676608,5520.007801033855,1.895],"pos_noise":[0.0,0.0,0.0],"spd":[-2.856031150679697,34.86460866733506,0.0],"spd_noise":[0.0,0.0,0.0],"RSSI":1.3215273171749584e-8}
{"type":2,"rcvTime":10801.199999999999,"pos":[3591.0465172433325,5949.905402563307,1.895],"noise":[0.0,0.0,0.0],"spd":[2.4954176104857708,33.51358780509128,0.0],"spd_noise":[0.0,0.0,0.0]}
{"type":2,"rcvTime":10801.3,"pos":[3591.2961024724866,5953.257345122723,1.895],"noise":[0.0,0.0,0.0],"spd":[2.4988510307947457,33.55969881773826,0.0],"spd_noise":[0.0,0.0,0.0]}
{"type":2,"rcvTime":10801.4,"pos":[3591.545714527413,5956.609647953656,1.895],"noise":[0.0,0.0,0.0],"spd":[2.49911961083114,33.5633058615431,0.0],"spd_noise":[0.0,0.0,0.0]}
{"type":2,"rcvTime":10801.5,"pos":[3591.794843810141,5959.955467128944,1.895],"noise":[0.0,0.0,0.0],"spd":[2.4942860883887869,33.49839140466653,0.0],"spd_noise":[0.0,0.0,0.0]}
{"type":3,"rcvTime":10801.589420256023,"sendTime":10801.589305537287,"sender":55,"messageID":987,"pos":[3595.461702778396,5646.589568012832,1.895],"pos_noise":[0.0,0.0,0.0],"spd":[1.544326071238647,-35.92921880020955,0.0],"spd_noise":[0.0,0.0,0.0],"RSSI":6.260526230723683e-9}
{"type":2,"rcvTime":10801.6,"pos":[3592.0445408545585,5963.3089113731389,1.895],"noise":[0.0,0.0,0.0],"spd":[2.4999705268757328,33.574733708106169,0.0],"spd_noise":[0.0,0.0,0.0]}
{"type":2,"rcvTime":10801.699999999999,"pos":[3592.2934356167654,5966.651580925681,1.895],"noise":[0.0,0.0,0.0],"spd":[2.491938065440502,33.466857334841268,0.0],"spd_noise":[0.0,0.0,0.0]}
{"type":2,"rcvTime":10801.8,"pos":[3592.542147793333,5969.991798343624,1.895],"noise":[0.0,0.0,0.0],"spd":[2.4901100152982216,33.442306526717519,0.0],"spd_noise":[0.0,0.0,0.0]}
{"type":2,"rcvTime":10801.9,"pos":[3592.790920320536,5973.332826273728,1.895],"noise":[0.0,0.0,0.0],"spd":[2.4907142467584659,33.450421386535939,0.0],"spd_noise":[0.0,0.0,0.0]}
{"type":3,"rcvTime":10801.958006659512,"sendTime":10801.957889531972,"sender":31,"messageID":1177,"pos":[3591.1989089689325,5813.520472246499,1.895],"pos_noise":[0.0,0.0,0.0],"spd":[-0.01891516193494291,-32.49861260047277,0.0],"spd_noise":[0.0,0.0,0.0],"RSSI":6.052407620578999e-9}
{"type":2,"rcvTime":10802.0,"pos":[3593.0401122182295,5976.6794863712489,1.895],"noise":[0.0,0.0,0.0],"spd":[2.494912990354948,33.5068107305882,0.0],"spd_noise":[0.0,0.0,0.0]}
{"type":2,"rcvTime":10802.1,"pos":[3593.2895886597077,5980.02996790654,1.895],"noise":[0.0,0.0,0.0],"spd":[2.497761846966465,33.54507102245584,0.0],"spd_noise":[0.0,0.0,0.0]}
{"type":3,"rcvTime":10802.186374720442,"sendTime":10802.18626021128,"sender":7,"messageID":1331,"pos":[3588.9733794415499,5915.962115106851,1.895],"pos_noise":[0.0,0.0,0.0],"spd":[1.4297153988271295,33.580168276002307,0.0],"spd_noise":[0.0,0.0,0.0],"RSSI":7.22877647911443e-9}
{"type":3,"rcvTime":10802.198213385313,"sendTime":10802.198101483284,"sender":19,"messageID":1365,"pos":[3430.252281257691,5467.192114176968,1.895],"pos_noise":[0.0,0.0,0.0],"spd":[-1.4557965624954775,34.86746755725468,0.0],"spd_noise":[0.0,0.0,0.0],"RSSI":1.640262875386596e-8}
{"type":2,"rcvTime":10802.199999999999,"pos":[3593.5389976287676,5983.379543283758,1.895],"noise":[0.0,0.0,0.0],"spd":[2.4970863121099708,33.5359985543262,0.0],"spd_noise":[0.0,0.0,0.0]}
{"type":2,"rcvTime":10802.3,"pos":[3593.78805421803,5986.724386182043,1.895],"noise":[0.0,0.0,0.0],"spd":[2.4935582803337734,33.48861690477744,0.0],"spd_noise":[0.0,0.0,0.0]}
{"type":2,"rcvTime":10802.4,"pos":[3594.0368739066427,5990.06604749232,1.895],