{"type":2,"rcvTime":18092.7,"pos":[2325.7152386638356,5564.714269507198,1.895],"noise":[0.0,0.0,0.0],"spd":[14.304584203494,-2.7552656834548627,0.0],"spd_noise":[0.0,0.0,0.0]}
{"type":2,"rcvTime":18092.8,"pos":[2327.139816724387,5564.439875579503,1.895],"noise":[0.0,0.0,0.0],"spd":[14.24579038650862,-2.7439411609077779,0.0],"spd_noise":[0.0,0.0,0.0]}
{"type":3,"rcvTime":18092.865051407865,"sendTime":18092.864933292847,"sender":145,"messageID":228660,"pos":[3476.3454474367315,5183.691366259912,1.895],"pos_noise":[0.0,0.0,0.0],"spd":[-9.796558254853999,4.239586335230191,0.0],"spd_noise":[0.0,0.0,0.0],"RSSI":1.6807347793461118e-9}
{"type":2,"rcvTime":18092.899999999998,"pos":[2328.5680779544688,5564.164772221148,1.895],"noise":[0.0,0.0,0.0],"spd":[14.282622107096446,-2.7510354723781806,0.0],"spd_noise":[0.0,0.0,0.0]}
{"type":2,"rcvTime":18093.0,"pos":[2329.995042148895,5563.889918690245,1.895],"noise":[0.0,0.0,0.0],"spd":[14.269651741645646,-2.748537196139177,0.0],"spd_noise":[0.0,0.0,0.0]}
{"type":2,"rcvTime":18093.1,"pos":[2331.422386760767,5563.614991885551,1.895],"noise":[0.0,0.0,0.0],"spd":[14.273455918701025,-2.7492699345635396,0.0],"spd_noise":[0.0,0.0,0.0]}
{"type":2,"rcvTime":18093.2,"pos":[2332.8558838162869,5563.338880032999,1.895],"noise":[0.0,0.0,0.0],"spd":[14.334980397427044,-2.7611204212689754,0.0],"spd_noise":[0.0,0.0,0.0]}
{"type":2,"rcvTime":18093.3,"pos":[2334.2926844013247,5563.062131873835,1.895],"noise":[0.0,0.0,0.0],"spd":[14.368015715289572,-2.7674834917611896,0.0],"spd_noise":[0.0,0.0,0.0]}
{"type":2,"rcvTime":18093.399999999998,"pos":[2335.715815274197,5562.788016695001,1.895],"noise":[0.0,0.0,0.0],"spd":[14.231318499782141,-2.7411536703869019,0.0],"spd_noise":[0.0,0.0,0.0]}
{"type":2,"rcvTime":18093.5,"pos":[2337.1393116616898,5562.513831112869,1.895],"noise":[0.0,0.0,0.0],"spd":[14.234973648490602,-2.7418577038394709,0.0],"spd_noise":[0.0,0.0,0.0]}
{"type":3,"rcvTime":18093.551221285845,"sendTime":18093.55111104846,"sender":289,"messageID":230163,"pos":[2758.244226607035,5475.798552948512,1.895],"pos_noise":[0.0,0.0,0.0],"spd":[7.443391470465112,-1.8659205232753367,0.0],"spd_noise":[0.0,0.0,0.0],"RSSI":1.6020258241959828e-9}
{"type":3,"rcvTime":18093.559275298965,"sendTime":18093.55915856389,"sender":421,"messageID":230208,"pos":[2370.8274752903778,5552.662832528845,1.895],"pos_noise":[0.0,0.0,0.0],"spd":[7.774456369665069,-1.93400960084737,0.0],"spd_noise":[0.0,0.0,0.0],"RSSI":1.8414529153615652e-9}
{"type":2,"rcvTime":18093.6,"pos":[2338.5674694079145,5562.238747686973,1.895],"noise":[0.0,0.0,0.0],"spd":[14.281587267817889,-2.7508361476646838,0.0],"spd_noise":[0.0,0.0,0.0]}
{"type":2,"rcvTime":18093.7,"pos":[2340.002909585222,5561.962261561621,1.895],"noise":[0.0,0.0,0.0],"spd":[14.354411628646148,-2.764863151837278,0.0],"spd_noise":[0.0,0.0,0.0]}
{"type":2,"rcvTime":18093.8,"pos":[2341.433431523211,5561.686722758878,1.895],"noise":[0.0,0.0,0.0],"spd":[14.305229201692061,-2.7553899192505857,0.0],"spd_noise":[0.0,0.0,0.0]}
{"type":2,"rcvTime":18093.899999999998,"pos":[2342.8600904495235,5561.4119280269419,1.895],"noise":[0.0,0.0,0.0],"spd":[14.266599058404495,-2.747949206075492,0.0],"spd_noise":[0.0,0.0,0.0]}
{"type":2,"rcvTime":18094.0,"pos":[2344.2897883947018,5561.136547936893,1.895],"noise":[0.0,0.0,0.0],"spd":[14.296989267926167,-2.7538027912068627,0.0],"spd_noise":[0.0,0.0,0.0]}
{"type":2,"rcvTime":18094.1,"pos":[2345.7197465088927,5560.861117734606,1.895],"noise":[0.0,0.0,0.0],"spd":[14.299590959842595,-2.7543039139489386,0.0],"spd_noise":[0.0,0.0,0.0]}
{"type":2,"rcvTime":18094.2,"pos":[2347.1447946918108,5560.586633254679,1.895],"noise":[0.0,0.0,0.0],"spd":[14.250491613400076,-2.7448466838464316,0.0],"spd_noise":[0.0,0.0,0.0]}
{"type":2,"rcvTime":18094.3,"pos":[2348.575679185718,5560.311024618527,1.895],"noise":[0.0,0.0,0.0],"spd":[14.308854763363712,-2.7560882538204725,0.0],"spd_noise":[0.0,0.0,0.0]}
{"type":2,"rcvTime":18094.399999999998,"pos":[2350.006566236567,5560.035415489871,1.895],"noise":[0.0,0.0,0.0],"spd":[14.308880332797383,-2.7560931788558409,0.0],"spd_noise":[0.0,0.0,0.0]}
{"type":2,"rcvTime":18094.5,"pos":[2351.433704311902,5559.760528467042,1.895],"noise":[0.0,0.0,0.0],"spd":[14.271390551922999,-2.748872115646034,0.0],"spd_noise":[0.0,0.0,0.0]}
{"type":3,"rcvTime":18094.55122926204,"sendTime":18094.55111104846,"sender":289,"messageID":232851,"pos":[2766.980971420318,5473.664693616236,1.895],"pos_noise":[0.0,0.0,0.0],"spd":[9.601866137269124,-2.345156245507619,0.0],"spd_noise":[0.0,0.0,0.0],"RSSI":2.248605969643557e-9}
{"type":2,"rcvTime":18094.6,"pos":[2352.8653432665098,5559.484774511064,1.895],"noise":[0.0,0.0,0.0],"spd":[14.316399375546715,-2.757541453070942,0.0],"spd_noise":[0.0,0.0,0.0]}
{"type":2,"rcvTime":18094.7,"pos":[2354.3014968321147,5559.208150977014,1.895],"noise":[0.0,0.0,0.0],"spd":[14.361545516518453,-2.766237239763537,0.0],"spd_noise":[0.0,0.0,0.0]}
{"type":2,"rcvTime":18094.8,"pos":[2355.724442470873,5558.934071476896,1.895],"noise":[0.0,0.0,0.0],"spd":[14.229466157364673,-2.7407968829802717,0.0],"spd_noise":[0.0,0.0,0.0]}
{"type":2,"rcvTime":18094.899999999998,"pos":[2357.1539416508014,5558.658729671853,1.895],"noise":[0.0,0.0,0.0],"spd":[14.295001614064328,-2.753419940898304,0.0],"spd_noise":[0.0,0.0,0.0]}
{"type":2,"rcvTime":18095.0,"pos":[2358.5814146141935,5558.383778144836,1.895],"noise":[0.0,0.0,0.0],"spd":[14.274739434791126,-2.749517157956471,0.0],"spd_noise":[0.0,0.0,0.0]}
{"type":2,"rcvTime":18095.1,"pos":[2360.0095279352697,5558.108703275851,1.895],"noise":[0.0,0.0,0.0],"spd":[14.281143016029258,-2.7507505784729746,0.0],"spd_noise":[0.0,0.0,0.0]}
{"type":2,"rcvTime":18095.2,"pos":[2361.444260481272,5557.832353450321,1.895],"noise":[0.0,0.0,0.0],"spd":[14.347335310734936,-2.763500152701573,0.0],"spd_noise":[0.0,0.0,0.0]}
{"type":2,"rcvTime":18095.3,"pos":[2362.867418482256,5557.5582330462279,1.895],"noise":[0.0,0.0,0.0],"spd":[14.231589781085665,-2.741205923011342,0.0],"spd_noise":[0.0,0.0,0.0]}
{"type":2,"rcvTime":18095.399999999998,"pos":[2364.2992212240617,5557.282447542514,1.895],"noise":[0.0,0.0,0.0],"spd":[14.318037248651315,-2.757856930644608,0.0],"spd_noise":[0.0,0.0,0.0]}
{"type":2,"rcvTime":18095.5,"pos":[2365.7218781947669,5557.008423643954,1.895],"noise":[0.0,0.0,0.0],"spd":[14.226579474855387,-2.7402408670108668,0.0],"spd_noise":[0.0,0.0,0.0]}
{"type":3,"rcvTime":18095.55122411138,"sendTime":18095.55111104846,"sender":289,"messageID":235570,"pos":[2777.6691859468635,5471.0542080406289,1.895],"pos_noise":[0.0,0.0,0.0],"spd":[11.506855007651568,-2.810430024909682,0.0],"spd_noise":[0.0,0.0,0.0],"RSSI":6.762622452475744e-9}
{"type":3,"rcvTime":18095.559265130316,"sendTime":18095.55915856389,"sender":421,"messageID":235619,"pos":[2370.8274752903778,5552.662832528845,1.895],"pos_noise":[0.0,0.0,0.0],"spd":[12.470815172730865,-3.0506422607283625,0.0],"spd_noise":[0.0,0.0,0.0],"RSSI":5.659123783142537e-9}
{"type":2,"rcvTime":18095.6,"pos":[2367.1478646030138,5556.73375844853,1.895],"noise":[0.0,0.0,0.0],"spd":[14.259873873129543,-2.746653840062796,0.0],"spd_noise":[0.0,0.0,0.0]}
{"type":2,"rcvTime":18095.7,"pos":[2368.583847043836,5556.457167875539,1.895],"noise":[0.0,0.0,0.0],"spd":[14.359834267517844,-2.7659076289492585,0.0],"spd_noise":[0.0,0.0,0.0]}
{"type":2,"rcvTime":18095.8,"pos":[2370.0173763130894,5556.181049818166,1.895],"noise":[0.0,0.0,0.0],"spd":[14.335302534979173,-2.7611824695277789,0.0],"spd_noise":[0.0,0.0,0.0]}
{"type":3,"rcvTime":18095.865045813694,"sendTime":18095.864933292847,"sender":145,"messageID":236816,"pos":[3476.3454474367315,5183.691366259912,1.895],"pos_noise":[0.0,0.0,0.0],"spd":[-9.714347211791236,4.542554024649906,0.0],"spd_noise":[0.0,0.0,0.0],"RSSI":1.3291155553961886e-9}
{"type":2,"rcvTime":18095.899999999998,"pos":[2371.44387774911,5555.906285421092,1.895],"noise":[0.0,0.0,0.0],"spd":[14.265024154408199,-2.7476458572387845,0.0],"spd_noise":[0.0,0.0,0.0]}
{"type":2,"rcvTime":18096.0,