{"type":2,"rcvTime":18059.1,"pos":[3569.9647038349828,5185.8660463957,1.895],"noise":[0.0,0.0,0.0],"spd":[-0.0,-0.0,0.0],"spd_noise":[0.0,0.0,0.0]}
{"type":3,"rcvTime":18059.10622644615,"sendTime":18059.106112627265,"sender":415,"messageID":204567,"pos":[3600.0129624220928,5214.481728322946,1.895],"pos_noise":[0.0,0.0,0.0],"spd":[12.675202010818954,1.6900269347755155,0.0],"spd_noise":[0.0,0.0,0.0],"RSSI":9.421407651463297e-8}
{"type":2,"rcvTime":18059.2,"pos":[3569.9627521532095,5185.840729048896,1.895],"noise":[0.0,0.0,0.0],"spd":[-0.09967771119961944,-0.23352662082378826,0.0],"spd_noise":[0.0,0.0,0.0]}
{"type":3,"rcvTime":18059.262534292688,"sendTime":18059.262427347945,"sender":181,"messageID":205175,"pos":[3182.9695001218935,5248.738499548382,1.895],"pos_noise":[0.0,0.0,0.0],"spd":[-0.0,0.0,0.0],"spd_noise":[0.0,0.0,0.0],"RSSI":1.8943871800258598e-9}
{"type":2,"rcvTime":18059.3,"pos":[3569.958814147239,5185.789644971453,1.895],"noise":[0.0,0.0,0.0],"spd":[-0.19811067743516923,-0.4724734802365191,0.0],"spd_noise":[0.0,0.0,0.0]}
{"type":3,"rcvTime":18059.371121461674,"sendTime":18059.371013808763,"sender":421,"messageID":205417,"pos":[3604.034441885859,5211.692102450141,1.895],"pos_noise":[0.0,0.0,0.0],"spd":[15.202202634069332,2.0251336623792066,0.0],"spd_noise":[0.0,0.0,0.0],"RSSI":1.7103909964125476e-8}
{"type":2,"rcvTime":18059.4,"pos":[3569.953112660691,5185.715684905728,1.895],"noise":[0.0,0.0,0.0],"spd":[-0.2804864894880888,-0.6866761642025118,0.0],"spd_noise":[0.0,0.0,0.0]}
{"type":2,"rcvTime":18059.5,"pos":[3569.9454764621075,5185.616627625776,1.895],"noise":[0.0,0.0,0.0],"spd":[-0.3642399548550774,-0.9242736962523898,0.0],"spd_noise":[0.0,0.0,0.0]}
{"type":3,"rcvTime":18059.55097896432,"sendTime":18059.550864404624,"sender":469,"messageID":205961,"pos":[3795.6200295764167,5198.25156591452,1.895],"pos_noise":[0.0,0.0,0.0],"spd":[14.900679814037329,13.830887417130605,0.0],"spd_noise":[0.0,0.0,0.0],"RSSI":2.4446481144527716e-9}
{"type":2,"rcvTime":18059.6,"pos":[3569.935938669693,5185.492902743167,1.895],"noise":[0.0,0.0,0.0],"spd":[-0.437024684791516,-1.1613417768889463,0.0],"spd_noise":[0.0,0.0,0.0]}
{"type":3,"rcvTime":18059.64795299157,"sendTime":18059.64783773827,"sender":391,"messageID":206275,"pos":[3651.9221967724045,5217.811405176733,1.895],"pos_noise":[0.0,0.0,0.0],"spd":[5.470907348590115,-34.75350701818397,0.0],"spd_noise":[0.0,0.0,0.0],"RSSI":6.484897386949046e-8}
{"type":3,"rcvTime":18059.69151074001,"sendTime":18059.691395999722,"sender":487,"messageID":206746,"pos":[3781.0942987485057,4962.007860368215,1.895],"pos_noise":[0.0,0.0,0.0],"spd":[18.43558024142909,10.332562395928513,0.0],"spd_noise":[0.0,0.0,0.0],"RSSI":3.1998676123787556e-9}
{"type":2,"rcvTime":18059.7,"pos":[3569.9248040388094,5185.348463564891,1.895],"noise":[0.0,0.0,0.0],"spd":[-0.48563257166687598,-1.3647660392770518,0.0],"spd_noise":[0.0,0.0,0.0]}
{"type":3,"rcvTime":18059.715706444258,"sendTime":18059.71559119732,"sender":427,"messageID":206881,"pos":[3861.264515693875,5939.946170813656,1.895],"pos_noise":[0.0,0.0,0.0],"spd":[1.4264067371782346,-33.21582597528569,0.0],"spd_noise":[0.0,0.0,0.0],"RSSI":2.5978910122420519e-9}
{"type":2,"rcvTime":18059.8,"pos":[3569.911927937813,5185.181433919562,1.895],"noise":[0.0,0.0,0.0],"spd":[-0.5285650310316431,-1.589580863558286,0.0],"spd_noise":[0.0,0.0,0.0]}
{"type":2,"rcvTime":18059.9,"pos":[3569.897310551985,5184.991816210668,1.895],"noise":[0.0,0.0,0.0],"spd":[-0.5572867519699051,-1.818205630578046,0.0],"spd_noise":[0.0,0.0,0.0]}
{"type":3,"rcvTime":18059.979187308632,"sendTime":18059.979077254888,"sender":193,"messageID":207338,"pos":[3962.5114859701836,5245.226630001627,1.895],"pos_noise":[0.0,0.0,0.0],"spd":[-0.0,-0.0,0.0],"spd_noise":[0.0,0.0,0.0],"RSSI":3.562493466876346e-9}
{"type":2,"rcvTime":18060.0,"pos":[3569.8812417936949,5184.783371200893,1.895],"noise":[0.0,0.0,0.0],"spd":[-0.5607701274802239,-2.0138989909139068,0.0],"spd_noise":[0.0,0.0,0.0]}
{"type":3,"rcvTime":18060.049973387777,"sendTime":18060.04985689642,"sender":397,"messageID":207558,"pos":[3647.408751139579,5246.4827122346,1.895],"pos_noise":[0.0,0.0,0.0],"spd":[5.462486004778899,-34.70001109645832,0.0],"spd_noise":[0.0,0.0,0.0],"RSSI":4.5541236215164168e-9}
{"type":3,"rcvTime":18060.076606775976,"sendTime":18060.076496280726,"sender":187,"messageID":207804,"pos":[3479.622397154866,5187.67211783684,1.895],"pos_noise":[0.0,0.0,0.0],"spd":[-0.0,-0.0,0.0],"spd_noise":[0.0,0.0,0.0],"RSSI":7.88509932272472e-8}
{"type":2,"rcvTime":18060.1,"pos":[3569.8639873902686,5184.559545922926,1.895],"noise":[0.0,0.0,0.0],"spd":[-0.5422663324230358,-2.1782830791778595,0.0],"spd_noise":[0.0,0.0,0.0]}
{"type":3,"rcvTime":18060.106228102104,"sendTime":18060.106112627265,"sender":415,"messageID":207978,"pos":[3612.7096921972727,5216.174625626303,1.895],"pos_noise":[0.0,0.0,0.0],"spd":[12.700269378229607,1.6933692504302687,0.0],"spd_noise":[0.0,0.0,0.0],"RSSI":9.619456256784028e-8}
{"type":2,"rcvTime":18060.2,"pos":[3569.8448859469388,5184.3117607195049,1.895],"noise":[0.0,0.0,0.0],"spd":[-0.5269829647389308,-2.428542572396704,0.0],"spd_noise":[0.0,0.0,0.0]}
{"type":3,"rcvTime":18060.254540683745,"sendTime":18060.25443068459,"sender":445,"messageID":208551,"pos":[3594.501417986808,5817.82879710771,1.895],"pos_noise":[0.0,0.0,0.0],"spd":[-0.0203294981493818,-34.89304238826558,0.0],"spd_noise":[0.0,0.0,0.0],"RSSI":1.3544808609132583e-9}
{"type":3,"rcvTime":18060.262535867456,"sendTime":18060.262427347945,"sender":181,"messageID":208634,"pos":[3182.8980963894885,5248.767038026442,1.895],"pos_noise":[0.0,0.0,0.0],"spd":[-0.4752306084701813,0.18993906672133693,0.0],"spd_noise":[0.0,0.0,0.0],"RSSI":2.9334404170396667e-9}
{"type":2,"rcvTime":18060.3,"pos":[3569.82419770822,5184.043391499925,1.895],"noise":[0.0,0.0,0.0],"spd":[-0.4850612824381579,-2.647430860655936,0.0],"spd_noise":[0.0,0.0,0.0]}
{"type":3,"rcvTime":18060.37112313132,"sendTime":18060.371013808763,"sender":421,"messageID":208879,"pos":[3619.1356837032355,5213.703786801693,1.895],"pos_noise":[0.0,0.0,0.0],"spd":[15.158827878169778,2.019355573480903,0.0],"spd_noise":[0.0,0.0,0.0],"RSSI":1.0919927842627891e-7}
{"type":2,"rcvTime":18060.4,"pos":[3569.802499460319,5183.761920373526,1.895],"noise":[0.0,0.0,0.0],"spd":[-0.4151518753161409,-2.792206534350492,0.0],"spd_noise":[0.0,0.0,0.0]}
{"type":3,"rcvTime":18060.41868742667,"sendTime":18060.41858047647,"sender":433,"messageID":208965,"pos":[3592.341053434279,5719.192430304534,1.895],"pos_noise":[0.0,0.0,0.0],"spd":[1.4428554130141068,-33.56847287417162,0.0],"spd_noise":[0.0,0.0,0.0],"RSSI":1.6248966230022815e-9}
{"type":2,"rcvTime":18060.5,"pos":[3569.7794484727539,5183.4629014175129,1.895],"noise":[0.0,0.0,0.0],"spd":[-0.33658287919426729,-2.9799413696681205,0.0],"spd_noise":[0.0,0.0,0.0]}
{"type":3,"rcvTime":18060.550978000465,"sendTime":18060.550864404624,"sender":469,"messageID":209434,"pos":[3803.8774853478596,5216.844910194949,1.895],"pos_noise":[0.0,0.0,0.0],"spd":[8.093756527909506,18.62855129080706,0.0],"spd_noise":[0.0,0.0,0.0],"RSSI":1.6693120567177386e-8}
{"type":2,"rcvTime":18060.6,"pos":[3569.7550634623428,5183.14657742771,1.895],"noise":[0.0,0.0,0.0],"spd":[-0.24383614394567575,-3.1630588058183677,0.0],"spd_noise":[0.0,0.0,0.0]}
{"type":3,"rcvTime":18060.647952004736,"sendTime":18060.64783773827,"sender":391,"messageID":209764,"pos":[3657.3821447163516,5183.1275169113309,1.895],"pos_noise":[0.0,0.0,0.0],"spd":[5.474706543894585,-34.77764110641914,0.0],"spd_noise":[0.0,0.0,0.0],"RSSI":1.7118967649443414e-8}
{"type":3,"rcvTime":18060.69150984227,"sendTime":18060.691395999722,"sender":487,"messageID":210229,"pos":[3653.7261476727064,5160.840381278881,1.895],"pos_noise":[0.0,0.0,0.0],"spd":[18.39937779545395,10.312272064567921,0.0],"spd_noise":[0.0,0.0,0.0],"RSSI":8.365285308664897e-9}
{"type":2,"rcvTime":18060.7,"pos":[3569.7287045243945,5182.804647517564,1.895],"noise":[0.0,0.0,0.0],"spd":[-0.2635742892649785,-3.4191033501284484,0.0],