{"type":2,"rcvTime":25254.2,"pos":[4589.459996441241,5180.348654277553,1.895],"noise":[0.0,0.0,0.0],"spd":[-12.160126259326706,7.009266520115714,0.0],"spd_noise":[0.0,0.0,0.0]}
{"type":3,"rcvTime":25254.234212008047,"sendTime":25254.234106829623,"sender":2095,"messageID":3493745,"pos":[4561.385858687073,5201.039906181555,1.895],"pos_noise":[0.0,0.0,0.0],"spd":[-10.817322663010101,7.933720429851814,0.0],"spd_noise":[0.0,0.0,0.0],"RSSI":1.757516607655064e-7}
{"type":3,"rcvTime":25254.253780398463,"sendTime":25254.253670625854,"sender":811,"messageID":3495210,"pos":[4883.85281287895,5223.563820483184,1.895],"pos_noise":[0.0,0.0,0.0],"spd":[2.103653587692395,-10.791026912555859,0.0],"spd_noise":[0.0,0.0,0.0],"RSSI":5.518212773697118e-9}
{"type":3,"rcvTime":25254.266758785936,"sendTime":25254.266641669346,"sender":1405,"messageID":3495720,"pos":[5560.0,5820.0,1.895],"pos_noise":[0.0,0.0,0.0],"spd":[1.5726265844022905,-13.616876605364232,0.0],"spd_noise":[0.0,0.0,0.0],"RSSI":1.0349158896852982e-8}
