{"type":2,"rcvTime":25299.5,"pos":[3645.5293369618118,5181.545568264728,1.895],"noise":[0.0,0.0,0.0],"spd":[-4.474546561465586,28.6844978510241,0.0],"spd_noise":[0.0,0.0,0.0]}
{"type":3,"rcvTime":25299.5123935093,"sendTime":25299.512277775815,"sender":2539,"messageID":6372816,"pos":[5560.0,5820.0,1.895],"pos_noise":[0.0,0.0,0.0],"spd":[-0.03141859084984561,32.45057071840655,0.0],"spd_noise":[0.0,0.0,0.0],"RSSI":1.3625472257951919e-9}
{"type":3,"rcvTime":25299.51772802084,"sendTime":25299.517619534534,"sender":2863,"messageID":6373588,"pos":[3622.5747956744646,5285.890122396946,1.895],"pos_noise":[0.0,0.0,0.0],"spd":[-4.981397575628763,31.93619961377125,0.0],"spd_noise":[0.0,0.0,0.0],"RSSI":5.233490392185745e-8}
{"type":3,"rcvTime":25299.520998426342,"sendTime":25299.520880293334,"sender":853,"messageID":6374574,"pos":[5560.0,5820.0,1.895],"pos_noise":[0.0,0.0,0.0],"spd":[-14.331851776443412,-5.755082758969876,0.0],"spd_noise":[0.0,0.0,0.0],"RSSI":6.293902715929849e-8}
{"type":3,"rcvTime":25299.54690143237,"sendTime":25299.546787248924,"sender":1033,"messageID":6376742,"pos":[3730.1239500337617,5238.004204219175,1.895],"pos_noise":[0.0,0.0,0.0],"spd":[-14.689674982752666,-5.9033273295190489,0.0],"spd_noise":[0.0,0.0,0.0],"RSSI":3.5132108228621158e-8}
{"type":3,"rcvTime":25299.56323650171,"sendTime":25299.563121320494,"sender":2491,"messageID":6377774,"pos":[3651.066180853899,5223.249178718835,1.895],"pos_noise":[0.0,0.0,0.0],"spd":[5.699721491474431,-36.2070307965679,0.0],"spd_noise":[0.0,0.0,0.0],"RSSI":1.0410911364548778e-7}
{"type":2,"rcvTime":25299.6,"pos":[3645.0825820686379,5184.409532154062,1.895],"noise":[0.0,0.0,0.0],"spd":[-4.472916642960872,28.674049106512464,0.0],"spd_noise":[0.0,0.0,0.0]}
{"type":3,"rcvTime":25299.606802543447,"sendTime":25299.60668848548,"sender":433,"messageID":6380666,"pos":[3970.1397088750229,5259.506326368047,1.895],"pos_noise":[0.0,0.0,0.0],"spd":[10.549084329734573,1.3457144680156037,0.0],"spd_noise":[0.0,0.0,0.0],"RSSI":8.335705659012238e-9}
{"type":3,"rcvTime":25299.626465767968,"sendTime":25299.62635293775,"sender":1921,"messageID":6381876,"pos":[4003.5627650016147,5263.986054506393,1.895],"pos_noise":[0.0,0.0,0.0],"spd":[13.025260598469855,1.7688625504111267,0.0],"spd_noise":[0.0,0.0,0.0],"RSSI":3.6356051963867356e-9}
{"type":3,"rcvTime":25299.68912703044,"sendTime":25299.689011317725,"sender":2917,"messageID":6383531,"pos":[3639.305882722688,5221.441601817145,1.895],"pos_noise":[0.0,0.0,0.0],"spd":[-4.456546511560793,28.569106853136544,0.0],"spd_noise":[0.0,0.0,0.0],"RSSI":4.6863712012433079e-8}
{"type":2,"rcvTime":25299.7,"pos":[3644.633325703724,5187.289531961172,1.895],"noise":[0.0,0.0,0.0],"spd":[-4.497961415270642,28.834600954086445,0.0],"spd_noise":[0.0,0.0,0.0]}
{"type":3,"rcvTime":25299.713058568115,"sendTime":25299.712946311804,"sender":511,"messageID":6385407,"pos":[3801.3843568304125,5261.875525339599,1.895],"pos_noise":[0.0,0.0,0.0],"spd":[-13.241836882026407,3.6997199403256189,0.0],"spd_noise":[0.0,0.0,0.0],"RSSI":5.528440408398477e-9}
{"type":3,"rcvTime":25299.7197606987,"sendTime":25299.719654728422,"sender":577,"messageID":6386106,"pos":[5560.0,5820.0,1.895],"pos_noise":[0.0,0.0,0.0],"spd":[-5.467226555332821,-12.58127220446083,0.0],"spd_noise":[0.0,0.0,0.0],"RSSI":1.6042703459489457e-9}
{"type":3,"rcvTime":25299.731097002,"sendTime":25299.730987746498,"sender":2461,"messageID":6387374,"pos":[3630.412728055256,5311.984485410916,1.895],"pos_noise":[0.0,0.0,0.0],"spd":[4.659244166013127,-29.594139006498275,0.0],"spd_noise":[0.0,0.0,0.0],"RSSI":6.025729248795336e-9}
{"type":2,"rcvTime":25299.8,"pos":[3644.185322163608,5190.161500418127,1.895],"noise":[0.0,0.0,0.0],"spd":[-4.485418114740087,28.75419095674017,0.0],"spd_noise":[0.0,0.0,0.0]}
{"type":3,"rcvTime":25299.858810543865,"sendTime":25299.85870006969,"sender":2575,"messageID":6394700,"pos":[5560.0,5820.0,1.895],"pos_noise":[0.0,0.0,0.0],"spd":[-1.2505948405652754,29.952725644480304,0.0],"spd_noise":[0.0,0.0,0.0],"RSSI":3.057644088787104e-9}
{"type":3,"rcvTime":25299.88889354658,"sendTime":25299.888779789304,"sender":2719,"messageID":6396692,"pos":[5560.0,5820.0,1.895],"pos_noise":[0.0,0.0,0.0],"spd":[-2.747173871952948,33.53489365672901,0.0],"spd_noise":[0.0,0.0,0.0],"RSSI":8.660978963070344e-9}
{"type":2,"rcvTime":25299.899999999998,"pos":[3643.736616031086,5193.037972909196,1.895],"noise":[0.0,0.0,0.0],"spd":[-4.4924524803682079,28.799285413349606,0.0],"spd_noise":[0.0,0.0,0.0]}
{"type":3,"rcvTime":25299.945144182486,"sendTime":25299.945030443974,"sender":2455,"messageID":6399383,"pos":[3812.5968250071666,5245.185221421639,1.895],"pos_noise":[0.0,0.0,0.0],"spd":[1.895808816500988e-14,4.362655909214088e-14,0.0],"spd_noise":[0.0,0.0,0.0],"RSSI":3.541270732140369e-9}
{"type":2,"rcvTime":25300.0,"pos":[3643.287111066361,5195.91956638857,1.895],"noise":[0.0,0.0,0.0],"spd":[-4.500450400285613,28.850556824530437,0.0],"spd_noise":[0.0,0.0,0.0]}
