{"type":2,"rcvTime":18098.1,"pos":[6149.52938423305,5824.060572188865,1.895],"noise":[0.0,0.0,0.0],"spd":[-0.0,-0.0,0.0],"spd_noise":[0.0,0.0,0.0]}
{"type":3,"rcvTime":18098.14069407636,"sendTime":18098.14058372369,"sender":313,"messageID":305758,"pos":[11441.43805326894,2844.943727250211,1.895],"pos_noise":[0.0,0.0,0.0],"spd":[12.891666764888612,0.6598050526543371,0.0],"spd_noise":[0.0,0.0,0.0],"RSSI":3.468892243538081e-8}
{"type":2,"rcvTime":18098.2,"pos":[6149.505765538336,5824.058192747246,1.895],"noise":[0.0,0.0,0.0],"spd":[-0.23620121409073359,-0.02379585349909151,0.0],"spd_noise":[0.0,0.0,0.0]}
{"type":3,"rcvTime":18098.249337306384,"sendTime":18098.249225275824,"sender":469,"messageID":306282,"pos":[6096.425080066196,5647.4875793105179,1.895],"pos_noise":[0.0,0.0,0.0],"spd":[-1.0127980426465489,-14.767542683005399,0.0],"spd_noise":[0.0,0.0,0.0],"RSSI":5.990456130097903e-9}
{"type":2,"rcvTime":18098.3,"pos":[6149.459297371261,5824.053511358539,1.895],"noise":[0.0,0.0,0.0],"spd":[-0.46470973999504758,-0.04681671487206386,0.0],"spd_noise":[0.0,0.0,0.0]}
{"type":2,"rcvTime":18098.399999999998,"pos":[6149.389231445753,5824.046452637419,1.895],"noise":[0.0,0.0,0.0],"spd":[-0.7007015786303825,-0.07059147505159805,0.0],"spd_noise":[0.0,0.0,0.0]}
{"type":2,"rcvTime":18098.5,"pos":[6149.299864848984,5824.037449489604,1.895],"noise":[0.0,0.0,0.0],"spd":[-0.8937199498641808,-0.09003691652496793,0.0],"spd_noise":[0.0,0.0,0.0]}
{"type":3,"rcvTime":18098.579739336186,"sendTime":18098.579622226207,"sender":565,"messageID":307357,"pos":[6100.699974927726,5750.464312343062,1.895],"pos_noise":[0.0,0.0,0.0],"spd":[0.3326887884438103,-6.639008903602051,0.0],"spd_noise":[0.0,0.0,0.0],"RSSI":5.920935210249548e-8}
{"type":3,"rcvTime":18098.589412902238,"sendTime":18098.589305537287,"sender":55,"messageID":307435,"pos":[6002.772128383094,5424.88090102653,1.895],"pos_noise":[0.0,0.0,0.0],"spd":[-5.799459943302142,-11.725139518818559,0.0],"spd_noise":[0.0,0.0,0.0],"RSSI":1.5413627340082054e-9}
{"type":2,"rcvTime":18098.6,"pos":[6149.190739739702,5824.02645579034,1.895],"noise":[0.0,0.0,0.0],"spd":[-1.091317010188584,-0.10994363342067382,0.0],"spd_noise":[0.0,0.0,0.0]}
{"type":2,"rcvTime":18098.7,"pos":[6149.060906910013,5824.013375912633,1.895],"noise":[0.0,0.0,0.0],"spd":[-1.2984067228233676,-0.1308066780157004,0.0],"spd_noise":[0.0,0.0,0.0]}
{"type":3,"rcvTime":18098.729038530244,"sendTime":18098.728932337322,"sender":229,"messageID":307673,"pos":[6077.128897270433,5733.8051801469769,1.895],"pos_noise":[0.0,0.0,0.0],"spd":[12.119843239523325,0.938260417134225,0.0],"spd_noise":[0.0,0.0,0.0],"RSSI":8.550149731085114e-9}
{"type":2,"rcvTime":18098.8,"pos":[6148.914165178454,5823.998592564631,1.895],"noise":[0.0,0.0,0.0],"spd":[-1.4675059554036192,-0.14784240994804782,0.0],"spd_noise":[0.0,0.0,0.0]}
{"type":3,"rcvTime":18098.854976991915,"sendTime":18098.854862590226,"sender":355,"messageID":308135,"pos":[6434.598449356854,1059.2677615350113,1.895],"pos_noise":[0.0,0.0,0.0],"spd":[-0.9653628070446992,-14.075892584001443,0.0],"spd_noise":[0.0,0.0,0.0],"RSSI":2.1688940536052714e-9}
{"type":3,"rcvTime":18098.85616889485,"sendTime":18098.856057057717,"sender":559,"messageID":308217,"pos":[4303.595282835886,4476.14535712637,1.895],"pos_noise":[0.0,0.0,0.0],"spd":[4.897098742024482,9.843579992372373,0.0],"spd_noise":[0.0,0.0,0.0],"RSSI":1.7037425466425628e-9}
{"type":2,"rcvTime":18098.899999999998,"pos":[6148.745656462065,5823.981616323657,1.895],"noise":[0.0,0.0,0.0],"spd":[-1.6851889521136355,-0.16977266428181662,0.0],"spd_noise":[0.0,0.0,0.0]}
{"type":2,"rcvTime":18099.0,"pos":[6148.560071719138,5823.962919775584,1.895],"noise":[0.0,0.0,0.0],"spd":[-1.8559595323239138,-0.18697677444814984,0.0],"spd_noise":[0.0,0.0,0.0]}
{"type":3,"rcvTime":18099.023343128476,"sendTime":18099.023227771417,"sender":589,"messageID":308591,"pos":[5968.9513251744679,5364.272327577585,1.895],"pos_noise":[0.0,0.0,0.0],"spd":[7.112371865520801,14.296465128001993,0.0],"spd_noise":[0.0,0.0,0.0],"RSSI":1.5696467458295906e-9}
{"type":3,"rcvTime":18099.05394284386,"sendTime":18099.05383442794,"sender":403,"messageID":308665,"pos":[5870.263328323978,5712.441996734137,1.895],"pos_noise":[0.0,0.0,0.0],"spd":[4.89211981347102,0.5567668944720436,0.0],"spd_noise":[0.0,0.0,0.0],"RSSI":2.4777544966694966e-9}
{"type":3,"rcvTime":18099.084409024832,"sendTime":18099.084296716283,"sender":367,"messageID":308739,"pos":[6135.716265708387,5737.477441881796,1.895],"pos_noise":[0.0,0.0,0.0],"spd":[12.273866570421716,0.6281855811568071,0.0],"spd_noise":[0.0,0.0,0.0],"RSSI":4.842474524136578e-8}
{"type":2,"rcvTime":18099.1,"pos":[6148.3603152961109,5823.942795515867,1.895],"noise":[0.0,0.0,0.0],"spd":[-1.9976848937771135,-0.2012547532940336,0.0],"spd_noise":[0.0,0.0,0.0]}
{"type":3,"rcvTime":18099.140701290497,"sendTime":18099.14058372369,"sender":313,"messageID":309069,"pos":[835.1800787635148,3689.4731811480598,1.895],"pos_noise":[0.0,0.0,0.0],"spd":[12.865629598728719,0.6584724512080085,0.0],"spd_noise":[0.0,0.0,0.0],"RSSI":1.2185744793015892e-8}
{"type":2,"rcvTime":18099.2,"pos":[6148.142454493065,5823.920847348612,1.895],"noise":[0.0,0.0,0.0],"spd":[-2.1787396299691768,-0.21949493040072105,0.0],"spd_noise":[0.0,0.0,0.0]}
{"type":3,"rcvTime":18099.249331614126,"sendTime":18099.249225275824,"sender":469,"messageID":309595,"pos":[6095.249912010961,5632.693054557924,1.895],"pos_noise":[0.0,0.0,0.0],"spd":[-1.5392147483976322,-14.746416004120304,0.0],"spd_noise":[0.0,0.0,0.0],"RSSI":3.488673493900856e-9}
{"type":2,"rcvTime":18099.3,"pos":[6147.903983372716,5823.896822815693,1.895],"noise":[0.0,0.0,0.0],"spd":[-2.384855252732655,-0.24025984129262555,0.0],"spd_noise":[0.0,0.0,0.0]}
{"type":2,"rcvTime":18099.399999999998,"pos":[6147.642307503942,5823.870460543757,1.895],"noise":[0.0,0.0,0.0],"spd":[-2.616916753872145,-0.26363864357795127,0.0],"spd_noise":[0.0,0.0,0.0]}
{"type":2,"rcvTime":18099.5,"pos":[6147.364056048176,5823.842428380997,1.895],"noise":[0.0,0.0,0.0],"spd":[-2.7826826363386094,-0.2803385605094441,0.0],"spd_noise":[0.0,0.0,0.0]}
{"type":3,"rcvTime":18099.589420200144,"sendTime":18099.589305537287,"sender":55,"messageID":310730,"pos":[5996.980754355209,5413.203986905597,1.895],"pos_noise":[0.0,0.0,0.0],"spd":[-5.825097960217685,-11.708936404065203,0.0],"spd_noise":[0.0,0.0,0.0],"RSSI":2.600324778257265e-9}
{"type":2,"rcvTime":18099.6,"pos":[6147.06649983494,5823.812451379884,1.895],"noise":[0.0,0.0,0.0],"spd":[-2.9757418721402137,-0.29978811884194209,0.0],"spd_noise":[0.0,0.0,0.0]}
{"type":2,"rcvTime":18099.7,"pos":[6146.748466924386,5823.780411474515,1.895],"noise":[0.0,0.0,0.0],"spd":[-3.18052121433663,-0.32041840749402059,0.0],"spd_noise":[0.0,0.0,0.0]}
{"type":3,"rcvTime":18099.729045744152,"sendTime":18099.728932337322,"sender":229,"messageID":311013,"pos":[6089.226734394505,5735.1070857877489,1.895],"pos_noise":[0.0,0.0,0.0],"spd":[12.089401681140924,1.9356549148101594,0.0],"spd_noise":[0.0,0.0,0.0],"RSSI":5.3146030281731189e-8}
{"type":2,"rcvTime":18099.8,"pos":[6146.413331913826,5823.7466486353,1.895],"noise":[0.0,0.0,0.0],"spd":[-3.3515525449647316,-0.33764878669866607,0.0],"spd_noise":[0.0,0.0,0.0]}
{"type":3,"rcvTime":18099.85497132563,"sendTime":18099.854862590226,"sender":355,"messageID":311487,"pos":[6686.265107849613,149.19851871673019,1.895],"pos_noise":[0.0,0.0,0.0],"spd":[-0.9710177821917903,-14.158347410513086,0.0],"spd_noise":[0.0,0.0,0.0],"RSSI":8.712594619243333e-9}
{"type":3,"rcvTime":18099.85617606336,"sendTime":18099.856057057717,"sender":559,"messageID":311570,"pos":[13167.904073828831,9009.802494198084,1.895],"pos_noise":[0.0,0.0,0.0],"spd":[4.927314612309926,9.904316430794882,0.0],"spd_noise":[0.0,0.0,0.0],"RSSI":3.265638950641034e-9}
{"type":2,"rcvTime":18099.899999999998,"pos":[6146.058386736527,5823.710890040782,1.895],"noise":[0.0,0.0,0.0],"spd":[-3.5496661787586776,-0.357607545268478,0.0],"spd_noise":[0.0,0.0,0.0]}
{"type":2,"rcvTime":18100.0,