{"type":2,"rcvTime":18094.2,"pos":[3612.871027410298,6077.597907840299,1.895],"noise":[0.0,0.0,0.0],"spd":[-3.1230795891874338,-27.13304659645558,0.0],"spd_noise":[0.0,0.0,0.0]}
{"type":2,"rcvTime":18094.3,"pos":[3612.5591962956339,6074.88874596248,1.895],"noise":[0.0,0.0,0.0],"spd":[-3.121735757688249,-27.121371504090495,0.0],"spd_noise":[0.0,0.0,0.0]}
{"type":3,"rcvTime":18094.35306188233,"sendTime":18094.352949336775,"sender":625,"messageID":293228,"pos":[3603.17710287354,5983.271930199618,1.895],"pos_noise":[0.0,0.0,0.0],"spd":[-2.3432290842714078,-35.31810255788166,0.0],"spd_noise":[0.0,0.0,0.0],"RSSI":7.283846205800234e-8}
{"type":2,"rcvTime":18094.399999999998,"pos":[3612.246822452961,6072.1748689104529,1.895],"noise":[0.0,0.0,0.0],"spd":[-3.1271689981504928,-27.168575029464046,0.0],"spd_noise":[0.0,0.0,0.0]}
{"type":2,"rcvTime":18094.5,"pos":[3611.9349832991736,6069.465637189423,1.895],"noise":[0.0,0.0,0.0],"spd":[-3.1218162372103999,-27.12207070324451,0.0],"spd_noise":[0.0,0.0,0.0]}
{"type":3,"rcvTime":18094.531428890026,"sendTime":18094.53131741504,"sender":631,"messageID":293554,"pos":[3601.1092020270709,6001.993366482126,1.895],"pos_noise":[0.0,0.0,0.0],"spd":[-2.429400641111631,-36.607081926140789,0.0],"spd_noise":[0.0,0.0,0.0],"RSSI":1.842681485960659e-8}
{"type":3,"rcvTime":18094.57048913883,"sendTime":18094.57037356659,"sender":601,"messageID":293713,"pos":[3591.199725826137,5814.923935031508,1.895],"pos_noise":[0.0,0.0,0.0],"spd":[-0.02338305408966446,-40.17500980903969,0.0],"spd_noise":[0.0,0.0,0.0],"RSSI":3.9627170221484838e-9}
{"type":2,"rcvTime":18094.6,"pos":[3611.623211762053,6066.75699291618,1.895],"noise":[0.0,0.0,0.0],"spd":[-3.1211393279508159,-27.1161897738742,0.0],"spd_noise":[0.0,0.0,0.0]}
{"type":2,"rcvTime":18094.7,"pos":[3611.3104221759724,6064.039503921215,1.895],"noise":[0.0,0.0,0.0],"spd":[-3.131330998034969,-27.204734126136765,0.0],"spd_noise":[0.0,0.0,0.0]}
{"type":2,"rcvTime":18094.8,"pos":[3610.9981044969256,6061.3261148139349,1.895],"noise":[0.0,0.0,0.0],"spd":[-3.126606745087235,-27.163690223256354,0.0],"spd_noise":[0.0,0.0,0.0]}
{"type":2,"rcvTime":18094.899999999998,"pos":[3610.6851876019475,6058.6075197702289,1.895],"noise":[0.0,0.0,0.0],"spd":[-3.132605485149314,-27.21580676046788,0.0],"spd_noise":[0.0,0.0,0.0]}
{"type":2,"rcvTime":18095.0,"pos":[3610.3720190870515,6055.886738674341,1.895],"noise":[0.0,0.0,0.0],"spd":[-3.1351244476826509,-27.23769129008744,0.0],"spd_noise":[0.0,0.0,0.0]}
{"type":2,"rcvTime":18095.1,"pos":[3610.060106807381,6053.17687164194,1.895],"noise":[0.0,0.0,0.0],"spd":[-3.1225482991216739,-27.128430794110188,0.0],"spd_noise":[0.0,0.0,0.0]}
{"type":3,"rcvTime":18095.192608924932,"sendTime":18095.19249887094,"sender":577,"messageID":295936,"pos":[3594.3453020877457,5672.562971836132,1.895],"pos_noise":[0.0,0.0,0.0],"spd":[1.681653394082681,-39.124181005168768,0.0],"spd_noise":[0.0,0.0,0.0],"RSSI":9.846904428451503e-9}
{"type":2,"rcvTime":18095.2,"pos":[3609.748080314883,6050.466012338321,1.895],"noise":[0.0,0.0,0.0],"spd":[-3.123691681718082,-27.13836440367087,0.0],"spd_noise":[0.0,0.0,0.0]}
{"type":2,"rcvTime":18095.3,"pos":[3609.436166119965,6047.756128666418,1.895],"noise":[0.0,0.0,0.0],"spd":[-3.122567472628425,-27.128597371880418,0.0],"spd_noise":[0.0,0.0,0.0]}
{"type":3,"rcvTime":18095.353062339196,"sendTime":18095.352949336775,"sender":625,"messageID":296667,"pos":[3600.8434349089554,5948.0979367294989,1.895],"pos_noise":[0.0,0.0,0.0],"spd":[-2.333882092457439,-35.17722089256628,0.0],"spd_noise":[0.0,0.0,0.0],"RSSI":2.7653398756349506e-8}
{"type":2,"rcvTime":18095.399999999998,"pos":[3609.123002732956,6045.035392121171,1.895],"noise":[0.0,0.0,0.0],"spd":[-3.135073112496483,-27.2372452944096,0.0],"spd_noise":[0.0,0.0,0.0]}
{"type":2,"rcvTime":18095.5,"pos":[3608.811051729033,6042.325188655793,1.895],"noise":[0.0,0.0,0.0],"spd":[-3.1229359669320129,-27.13179881867104,0.0],"spd_noise":[0.0,0.0,0.0]}
{"type":3,"rcvTime":18095.531429346647,"sendTime":18095.53131741504,"sender":631,"messageID":296989,"pos":[3598.683903575063,5965.448097815645,1.895],"pos_noise":[0.0,0.0,0.0],"spd":[-2.428746812222854,-36.59722979747493,0.0],"spd_noise":[0.0,0.0,0.0],"RSSI":7.2127854502580758e-9}
{"type":3,"rcvTime":18095.57048961988,"sendTime":18095.57037356659,"sender":601,"messageID":297142,"pos":[3591.1762720489357,5774.627414077772,1.895],"pos_noise":[0.0,0.0,0.0],"spd":[-0.02345352313474746,-40.29608443011658,0.0],"spd_noise":[0.0,0.0,0.0],"RSSI":1.977353512500674e-8}
{"type":2,"rcvTime":18095.6,"pos":[3608.498742308788,6039.6118713002729,1.895],"noise":[0.0,0.0,0.0],"spd":[-3.1265240663676745,-27.162971917658849,0.0],"spd_noise":[0.0,0.0,0.0]}
{"type":2,"rcvTime":18095.7,"pos":[3608.186196599921,6036.896501089546,1.895],"noise":[0.0,0.0,0.0],"spd":[-3.1288895475720737,-27.18352301471197,0.0],"spd_noise":[0.0,0.0,0.0]}
{"type":2,"rcvTime":18095.8,"pos":[3607.873691863139,6034.181486840763,1.895],"noise":[0.0,0.0,0.0],"spd":[-3.1284793767604786,-27.17995948601355,0.0],"spd_noise":[0.0,0.0,0.0]}
{"type":2,"rcvTime":18095.899999999998,"pos":[3607.5616049444577,6031.470102559669,1.895],"noise":[0.0,0.0,0.0],"spd":[-3.1242966071643458,-27.143619943868339,0.0],"spd_noise":[0.0,0.0,0.0]}
{"type":2,"rcvTime":18096.0,"pos":[3607.2494977610247,6028.758542220157,1.895],"noise":[0.0,0.0,0.0],"spd":[-3.1244994772328629,-27.14538246155798,0.0],"spd_noise":[0.0,0.0,0.0]}
{"type":2,"rcvTime":18096.1,"pos":[3606.9376724712844,6026.049430948781,1.895],"noise":[0.0,0.0,0.0],"spd":[-3.1216774444732957,-27.12086488389932,0.0],"spd_noise":[0.0,0.0,0.0]}
{"type":2,"rcvTime":18096.2,"pos":[3606.624928637243,6023.3323394435969,1.895],"noise":[0.0,0.0,0.0],"spd":[-3.1308729751785817,-27.200754862998644,0.0],"spd_noise":[0.0,0.0,0.0]}
{"type":3,"rcvTime":18096.27016557309,"sendTime":18096.270051980533,"sender":613,"messageID":299718,"pos":[3600.980924069056,5462.251745344008,1.895],"pos_noise":[0.0,0.0,0.0],"spd":[-4.250042090118896,36.84122564197331,0.0],"spd_noise":[0.0,0.0,0.0],"RSSI":2.4120008868890595e-9}
{"type":2,"rcvTime":18096.3,"pos":[3606.3122738543836,6020.61602160741,1.895],"noise":[0.0,0.0,0.0],"spd":[-3.12998148538163,-27.193009676387765,0.0],"spd_noise":[0.0,0.0,0.0]}
{"type":3,"rcvTime":18096.314039433953,"sendTime":18096.31393371387,"sender":619,"messageID":299793,"pos":[3594.530274469151,5867.357341989447,1.895],"pos_noise":[0.0,0.0,0.0],"spd":[-0.020141836488155843,-34.57094459992697,0.0],"spd_noise":[0.0,0.0,0.0],"RSSI":3.819702819165703e-9}
{"type":3,"rcvTime":18096.353059433997,"sendTime":18096.352949336775,"sender":625,"messageID":300080,"pos":[3598.97768120232,5912.975156830401,1.895],"pos_noise":[0.0,0.0,0.0],"spd":[-1.3805102627148845,-35.1839438779257,0.0],"spd_noise":[0.0,0.0,0.0],"RSSI":2.0654959093803e-8}
{"type":2,"rcvTime":18096.399999999998,"pos":[3605.999236858063,6017.896383133584,1.895],"noise":[0.0,0.0,0.0],"spd":[-3.133807817554162,-27.22625252088914,0.0],"spd_noise":[0.0,0.0,0.0]}
{"type":2,"rcvTime":18096.5,"pos":[3605.687280478145,6015.186132962029,1.895],"noise":[0.0,0.0,0.0],"spd":[-3.1229897859181667,-27.132266393389324,0.0],"spd_noise":[0.0,0.0,0.0]}
{"type":3,"rcvTime":18096.53142644147,"sendTime":18096.53131741504,"sender":631,"messageID":300409,"pos":[3596.295748156828,5928.894329994561,1.895],"pos_noise":[0.0,0.0,0.0],"spd":[-2.1471367989959146,-36.510187176065439,0.0],"spd_noise":[0.0,0.0,0.0],"RSSI":1.4440020968229125e-8}
{"type":3,"rcvTime":18096.57048673895,"sendTime":18096.57037356659,"sender":601,"messageID":300562,"pos":[3591.6893847913495,5734.353700772693,1.895],"pos_noise":[0.0,0.0,0.0],"spd":[1.726309895052146,-40.163128170560117,0.0],"spd_noise":[0.0,0.0,0.0],"RSSI":1.1119302012736379e-8}
{"type":2,"rcvTime":18096.6,"pos":[3605.3742897552235,6012.466896507506,1.895],"noise":[0.0,0.0,0.0],"spd":[-3.1333445753831734,-27.222227912783617,0.0],"spd_noise":[0.0,0.0,0.0]}
{"type":2,"rcvTime":18096.7,"pos":[3605.062203524608,6009.755518204269,1.895],