{"type":2,"rcvTime":18059.1,"pos":[3569.9647420129297,5185.866541642584,1.895],"noise":[0.0,0.0,0.0],"spd":[-0.0,-0.0,0.0],"spd_noise":[0.0,0.0,0.0]}
{"type":2,"rcvTime":18059.2,"pos":[3569.962752191255,5185.840729542425,1.895],"noise":[0.0,0.0,0.0],"spd":[-0.1016256346669056,-0.23809020804482557,0.0],"spd_noise":[0.0,0.0,0.0]}
{"type":3,"rcvTime":18059.20861061283,"sendTime":18059.208502494497,"sender":199,"messageID":195765,"pos":[3479.622397154866,5187.67211783684,1.895],"pos_noise":[0.0,0.0,0.0],"spd":[-0.0,-0.0,0.0],"spd_noise":[0.0,0.0,0.0],"RSSI":4.1678603345811369e-8}
{"type":2,"rcvTime":18059.3,"pos":[3569.958791868186,5185.789355966079,1.895],"noise":[0.0,0.0,0.0],"spd":[-0.19921621795126749,-0.47515823841762985,0.0],"spd_noise":[0.0,0.0,0.0]}
{"type":3,"rcvTime":18059.325957681463,"sendTime":18059.325846266467,"sender":205,"messageID":196144,"pos":[3177.115140579926,5259.262671355736,1.895],"pos_noise":[0.0,0.0,0.0],"spd":[0.0,-0.0,0.0],"spd_noise":[0.0,0.0,0.0],"RSSI":3.046723373589108e-9}
{"type":3,"rcvTime":18059.38565920415,"sendTime":18059.385545677458,"sender":445,"messageID":196492,"pos":[3624.6896821631519,5217.771957621754,1.895],"pos_noise":[0.0,0.0,0.0],"spd":[15.657602996314156,2.087680399508875,0.0],"spd_noise":[0.0,0.0,0.0],"RSSI":8.335851093277379e-9}
{"type":2,"rcvTime":18059.4,"pos":[3569.9531001145835,5185.715522156775,1.895],"noise":[0.0,0.0,0.0],"spd":[-0.27999371807807219,-0.6855096472588437,0.0],"spd_noise":[0.0,0.0,0.0]}
{"type":2,"rcvTime":18059.5,"pos":[3569.9457511527168,5185.620190930774,1.895],"noise":[0.0,0.0,0.0],"spd":[-0.35093549579592239,-0.8893506593810955,0.0],"spd_noise":[0.0,0.0,0.0]}
{"type":2,"rcvTime":18059.6,"pos":[3569.9367249973477,5185.503103038221,1.895],"noise":[0.0,0.0,0.0],"spd":[-0.41498294541068289,-1.0985152985966598,0.0],"spd_noise":[0.0,0.0,0.0]}
{"type":2,"rcvTime":18059.7,"pos":[3569.9260506261068,5185.36463437888,1.895],"noise":[0.0,0.0,0.0],"spd":[-0.4682008652133899,-1.3074090026552257,0.0],"spd_noise":[0.0,0.0,0.0]}
{"type":2,"rcvTime":18059.8,"pos":[3569.9137997547697,5185.205715254611,1.895],"noise":[0.0,0.0,0.0],"spd":[-0.507476331018616,-1.5108653435074227,0.0],"spd_noise":[0.0,0.0,0.0]}
{"type":3,"rcvTime":18059.896484779612,"sendTime":18059.896373876367,"sender":109,"messageID":198070,"pos":[3948.69952651302,5260.042832103142,1.895],"pos_noise":[0.0,0.0,0.0],"spd":[4.6435725122088309e-14,6.56328157288624e-15,0.0],"spd_noise":[0.0,0.0,0.0],"RSSI":3.3646008351138684e-9}
{"type":2,"rcvTime":18059.9,"pos":[3569.8996106950878,5185.021653821194,1.895],"noise":[0.0,0.0,0.0],"spd":[-0.5474990720558159,-1.7629091404900024,0.0],"spd_noise":[0.0,0.0,0.0]}
{"type":3,"rcvTime":18059.916053408728,"sendTime":18059.915935608464,"sender":475,"messageID":198143,"pos":[3606.669368241776,5412.941820671453,1.895],"pos_noise":[0.0,0.0,0.0],"spd":[-4.1682600877834459,36.13230343893777,0.0],"spd_noise":[0.0,0.0,0.0],"RSSI":3.611941373521979e-9}
{"type":3,"rcvTime":18059.95957249325,"sendTime":18059.95945695294,"sender":355,"messageID":198225,"pos":[3834.1382489838199,5239.120555774318,1.895],"pos_noise":[0.0,0.0,0.0],"spd":[-1.072678927992147,0.686817744707283,0.0],"spd_noise":[0.0,0.0,0.0],"RSSI":1.06081527259827e-8}
{"type":2,"rcvTime":18060.0,"pos":[3569.8839405232295,5184.818379301335,1.895],"noise":[0.0,0.0,0.0],"spd":[-0.5553608840882904,-1.9615572512783628,0.0],"spd_noise":[0.0,0.0,0.0]}
{"type":2,"rcvTime":18060.1,"pos":[3569.867059366485,5184.599395804354,1.895],"noise":[0.0,0.0,0.0],"spd":[-0.5409678005440857,-2.1285384824419095,0.0],"spd_noise":[0.0,0.0,0.0]}
{"type":2,"rcvTime":18060.2,"pos":[3569.8483785049727,5184.357066416463,1.895],"noise":[0.0,0.0,0.0],"spd":[-0.5284796054380511,-2.3721896299195235,0.0],"spd_noise":[0.0,0.0,0.0]}
{"type":3,"rcvTime":18060.208619989,"sendTime":18060.208502494497,"sender":199,"messageID":199076,"pos":[3479.622397154866,5187.67211783684,1.895],"pos_noise":[0.0,0.0,0.0],"spd":[-0.0,-0.0,0.0],"spd_noise":[0.0,0.0,0.0],"RSSI":2.696041022666192e-9}
{"type":2,"rcvTime":18060.3,"pos":[3569.8279931386016,5184.0926260772789,1.895],"noise":[0.0,0.0,0.0],"spd":[-0.49341558679603239,-2.6057937887734599,0.0],"spd_noise":[0.0,0.0,0.0]}
{"type":3,"rcvTime":18060.385654834776,"sendTime":18060.385545677458,"sender":445,"messageID":199823,"pos":[3640.409416415069,5219.867922188676,1.895],"pos_noise":[0.0,0.0,0.0],"spd":[15.759773680294506,2.101303157370513,0.0],"spd_noise":[0.0,0.0,0.0],"RSSI":1.478053899801647e-8}
{"type":2,"rcvTime":18060.4,"pos":[3569.806287204159,5183.811055240546,1.895],"noise":[0.0,0.0,0.0],"spd":[-0.43157853021038719,-2.7907266452794965,0.0],"spd_noise":[0.0,0.0,0.0]}
{"type":2,"rcvTime":18060.5,"pos":[3569.782852118966,5183.507053744352,1.895],"noise":[0.0,0.0,0.0],"spd":[-0.35777977332067775,-3.0277946614969366,0.0],"spd_noise":[0.0,0.0,0.0]}
{"type":2,"rcvTime":18060.6,"pos":[3569.7581361413565,5183.186436425867,1.895],"noise":[0.0,0.0,0.0],"spd":[-0.25882884060691449,-3.205067570282145,0.0],"spd_noise":[0.0,0.0,0.0]}
{"type":2,"rcvTime":18060.7,"pos":[3569.732349125302,5182.85192552487,1.895],"noise":[0.0,0.0,0.0],"spd":[-0.25785539774524937,-3.344917505945181,0.0],"spd_noise":[0.0,0.0,0.0]}
{"type":2,"rcvTime":18060.8,"pos":[3569.7049661216708,5182.496711366029,1.895],"noise":[0.0,0.0,0.0],"spd":[-0.27381435983002319,-3.5519382319875216,0.0],"spd_noise":[0.0,0.0,0.0]}
{"type":2,"rcvTime":18060.9,"pos":[3569.6756495090419,5182.116414301651,1.895],"noise":[0.0,0.0,0.0],"spd":[-0.2931493428290719,-3.802752927646843,0.0],"spd_noise":[0.0,0.0,0.0]}
{"type":3,"rcvTime":18060.91604298184,"sendTime":18060.915935608464,"sender":475,"messageID":201502,"pos":[3602.5014025760499,5449.071571931098,1.895],"pos_noise":[0.0,0.0,0.0],"spd":[-4.1586875500343709,36.04932449056456,0.0],"spd_noise":[0.0,0.0,0.0],"RSSI":8.456505803445785e-9}
{"type":3,"rcvTime":18060.95957502512,"sendTime":18060.95945695294,"sender":355,"messageID":201597,"pos":[3833.4283934236825,5239.575063998689,1.895],"pos_noise":[0.0,0.0,0.0],"spd":[-0.43760035057661886,0.2801879276484305,0.0],"spd_noise":[0.0,0.0,0.0],"RSSI":1.0658157325777326e-8}
{"type":2,"rcvTime":18061.0,"pos":[3569.645110511144,5181.720260373614,1.895],"noise":[0.0,0.0,0.0],"spd":[-0.3053724957180391,-3.9613124863563775,0.0],"spd_noise":[0.0,0.0,0.0]}
{"type":3,"rcvTime":18061.082420769693,"sendTime":18061.08230241095,"sender":331,"messageID":202003,"pos":[4093.0472025782585,5268.761521014269,1.895],"pos_noise":[0.0,0.0,0.0],"spd":[-10.845190032025473,-2.4660147567945205,0.0],"spd_noise":[0.0,0.0,0.0],"RSSI":2.109267208081517e-9}
{"type":2,"rcvTime":18061.1,"pos":[3569.612864832615,5181.301967270014,1.895],"noise":[0.0,0.0,0.0],"spd":[-0.3224383249735713,-4.182691567532292,0.0],"spd_noise":[0.0,0.0,0.0]}
{"type":2,"rcvTime":18061.2,"pos":[3569.5792906586159,5180.866440834112,1.895],"noise":[0.0,0.0,0.0],"spd":[-0.3357225191270558,-4.355015024651715,0.0],"spd_noise":[0.0,0.0,0.0]}
{"type":2,"rcvTime":18061.3,"pos":[3569.5442183835909,5180.411480931273,1.895],"noise":[0.0,0.0,0.0],"spd":[-0.35070267173592759,-4.549338568555327,0.0],"spd_noise":[0.0,0.0,0.0]}
{"type":3,"rcvTime":18061.37310788806,"sendTime":18061.372996971244,"sender":451,"messageID":203030,"pos":[3596.523115909061,5698.697532717649,1.895],"pos_noise":[0.0,0.0,0.0],"spd":[1.5136798348244336,-35.24809906272579,0.0],"spd_noise":[0.0,0.0,0.0],"RSSI":3.0701871124641247e-9}
{"type":3,"rcvTime":18061.38565280193,"sendTime":18061.385545677458,"sender":445,"messageID":203198,"pos":[3656.0483729401896,5222.15983871179,1.895],"pos_noise":[0.0,0.0,0.0],"spd":[15.678433611929787,2.639347194153929,0.0],"spd_noise":[0.0,0.0,0.0],"RSSI":1.0689836202050875e-7}
