{"type":2,"rcvTime":18059.1,"pos":[3569.9647038349828,5185.8660463957,1.895],"noise":[0.0,0.0,0.0],"spd":[-0.0,-0.0,0.0],"spd_noise":[0.0,0.0,0.0]}
{"type":3,"rcvTime":18059.182803095504,"sendTime":18059.182696761563,"sender":391,"messageID":204926,"pos":[3649.1907240026287,5235.162870304147,1.895],"pos_noise":[0.0,0.0,0.0],"spd":[5.471025106005096,-34.754255062845647,0.0],"spd_noise":[0.0,0.0,0.0],"RSSI":7.46629547213893e-9}
{"type":2,"rcvTime":18059.2,"pos":[3569.9627521532095,5185.840729048896,1.895],"noise":[0.0,0.0,0.0],"spd":[-0.09967771119961944,-0.23352662082378826,0.0],"spd_noise":[0.0,0.0,0.0]}
{"type":3,"rcvTime":18059.208563101874,"sendTime":18059.20845684223,"sender":421,"messageID":205011,"pos":[3602.5261014124059,5211.491171628427,1.895],"pos_noise":[0.0,0.0,0.0],"spd":[15.257814104741027,2.0325418428897907,0.0],"spd_noise":[0.0,0.0,0.0],"RSSI":8.761156307896955e-8}
{"type":3,"rcvTime":18059.29626811689,"sendTime":18059.29616276496,"sender":415,"messageID":205413,"pos":[3601.287941400084,5214.6517255200119,1.895],"pos_noise":[0.0,0.0,0.0],"spd":[12.749818892927245,1.6999758523899523,0.0],"spd_noise":[0.0,0.0,0.0],"RSSI":2.3825821401836885e-8}
{"type":2,"rcvTime":18059.3,"pos":[3569.958814147239,5185.789644971453,1.895],"noise":[0.0,0.0,0.0],"spd":[-0.19811067743516923,-0.4724734802365191,0.0],"spd_noise":[0.0,0.0,0.0]}
{"type":3,"rcvTime":18059.31234435541,"sendTime":18059.31223616479,"sender":469,"messageID":205497,"pos":[3775.3620154778648,5184.857275418507,1.895],"pos_noise":[0.0,0.0,0.0],"spd":[16.221394377279784,12.321072386607672,0.0],"spd_noise":[0.0,0.0,0.0],"RSSI":1.4644326955031116e-9}
{"type":2,"rcvTime":18059.4,"pos":[3569.953112660691,5185.715684905728,1.895],"noise":[0.0,0.0,0.0],"spd":[-0.2804864894880888,-0.6866761642025118,0.0],"spd_noise":[0.0,0.0,0.0]}
{"type":2,"rcvTime":18059.5,"pos":[3569.9454764621075,5185.616627625776,1.895],"noise":[0.0,0.0,0.0],"spd":[-0.3642399548550774,-0.9242736962523898,0.0],"spd_noise":[0.0,0.0,0.0]}
{"type":2,"rcvTime":18059.6,"pos":[3569.935938669693,5185.492902743167,1.895],"noise":[0.0,0.0,0.0],"spd":[-0.437024684791516,-1.1613417768889463,0.0],"spd_noise":[0.0,0.0,0.0]}
{"type":2,"rcvTime":18059.7,"pos":[3569.9248040388094,5185.348463564891,1.895],"noise":[0.0,0.0,0.0],"spd":[-0.48563257166687598,-1.3647660392770518,0.0],"spd_noise":[0.0,0.0,0.0]}
{"type":3,"rcvTime":18059.74359493972,"sendTime":18059.743488132815,"sender":487,"messageID":206724,"pos":[3766.2866728868045,5183.558712124553,1.895],"pos_noise":[0.0,0.0,0.0],"spd":[18.43677783580623,10.3332336098781,0.0],"spd_noise":[0.0,0.0,0.0],"RSSI":3.1819417527494199e-9}
{"type":3,"rcvTime":18059.752507056026,"sendTime":18059.752393806728,"sender":397,"messageID":206801,"pos":[3645.767997057533,5256.905473007578,1.895],"pos_noise":[0.0,0.0,0.0],"spd":[5.496457037466193,-34.9158093996977,0.0],"spd_noise":[0.0,0.0,0.0],"RSSI":6.652518301057535e-8}
{"type":3,"rcvTime":18059.76742814404,"sendTime":18059.767320908326,"sender":427,"messageID":207017,"pos":[3594.985091944801,5734.512518030843,1.895],"pos_noise":[0.0,0.0,0.0],"spd":[1.4264067371782346,-33.21582597528569,0.0],"spd_noise":[0.0,0.0,0.0],"RSSI":1.71429411301927e-9}
{"type":2,"rcvTime":18059.8,"pos":[3569.911927937813,5185.181433919562,1.895],"noise":[0.0,0.0,0.0],"spd":[-0.5285650310316431,-1.589580863558286,0.0],"spd_noise":[0.0,0.0,0.0]}
{"type":2,"rcvTime":18059.9,"pos":[3569.897310551985,5184.991816210668,1.895],"noise":[0.0,0.0,0.0],"spd":[-0.5572867519699051,-1.818205630578046,0.0],"spd_noise":[0.0,0.0,0.0]}
{"type":3,"rcvTime":18059.979184090414,"sendTime":18059.979077254888,"sender":193,"messageID":207447,"pos":[3962.5114859701836,5245.226630001627,1.895],"pos_noise":[0.0,0.0,0.0],"spd":[-0.0,-0.0,0.0],"spd_noise":[0.0,0.0,0.0],"RSSI":1.95029353635629e-9}
{"type":2,"rcvTime":18060.0,"pos":[3569.8812417936949,5184.783371200893,1.895],"noise":[0.0,0.0,0.0],"spd":[-0.5607701274802239,-2.0138989909139068,0.0],"spd_noise":[0.0,0.0,0.0]}
{"type":3,"rcvTime":18060.039030121337,"sendTime":18060.038918097736,"sender":109,"messageID":207607,"pos":[3948.69952651302,5260.042832103142,1.895],"pos_noise":[0.0,0.0,0.0],"spd":[4.668154138621798e-14,6.598025541079613e-15,0.0],"spd_noise":[0.0,0.0,0.0],"RSSI":7.625548861321432e-9}
{"type":3,"rcvTime":18060.07661054223,"sendTime":18060.076496280726,"sender":187,"messageID":207750,"pos":[3479.622397154866,5187.67211783684,1.895],"pos_noise":[0.0,0.0,0.0],"spd":[-0.0,-0.0,0.0],"spd_noise":[0.0,0.0,0.0],"RSSI":3.7733640773659657e-8}
{"type":2,"rcvTime":18060.1,"pos":[3569.8639873902686,5184.559545922926,1.895],"noise":[0.0,0.0,0.0],"spd":[-0.5422663324230358,-2.1782830791778595,0.0],"spd_noise":[0.0,0.0,0.0]}
{"type":3,"rcvTime":18060.101054422936,"sendTime":18060.100947367584,"sender":439,"messageID":207917,"pos":[3591.173132794781,5769.233783033181,1.895],"pos_noise":[0.0,0.0,0.0],"spd":[-0.019472472374191947,-33.45614159720112,0.0],"spd_noise":[0.0,0.0,0.0],"RSSI":1.7795530171498175e-9}
{"type":3,"rcvTime":18060.182805668082,"sendTime":18060.182696761563,"sender":391,"messageID":208313,"pos":[3654.6510502691169,5200.476578774669,1.895],"pos_noise":[0.0,0.0,0.0],"spd":[5.462688732130452,-34.70129890596209,0.0],"spd_noise":[0.0,0.0,0.0],"RSSI":7.574763592047948e-8}
{"type":2,"rcvTime":18060.2,"pos":[3569.8448859469388,5184.3117607195049,1.895],"noise":[0.0,0.0,0.0],"spd":[-0.5269829647389308,-2.428542572396704,0.0],"spd_noise":[0.0,0.0,0.0]}
{"type":3,"rcvTime":18060.20856570256,"sendTime":18060.20845684223,"sender":421,"messageID":208396,"pos":[3617.6316468100869,5213.503429273571,1.895],"pos_noise":[0.0,0.0,0.0],"spd":[15.202490294709812,2.0251719825639289,0.0],"spd_noise":[0.0,0.0,0.0],"RSSI":1.0078546878590526e-8}
{"type":3,"rcvTime":18060.26253963371,"sendTime":18060.262427347945,"sender":181,"messageID":208553,"pos":[3182.8980963894885,5248.767038026442,1.895],"pos_noise":[0.0,0.0,0.0],"spd":[-0.4752306084701813,0.18993906672133693,0.0],"spd_noise":[0.0,0.0,0.0],"RSSI":5.111286907575867e-9}
{"type":3,"rcvTime":18060.296270713112,"sendTime":18060.29616276496,"sender":415,"messageID":208801,"pos":[3613.980694350998,5216.344092580133,1.895],"pos_noise":[0.0,0.0,0.0],"spd":[12.710050559459356,1.6946734079275683,0.0],"spd_noise":[0.0,0.0,0.0],"RSSI":1.3798313994917602e-7}
{"type":2,"rcvTime":18060.3,"pos":[3569.82419770822,5184.043391499925,1.895],"noise":[0.0,0.0,0.0],"spd":[-0.4850612824381579,-2.647430860655936,0.0],"spd_noise":[0.0,0.0,0.0]}
{"type":3,"rcvTime":18060.31234693808,"sendTime":18060.31223616479,"sender":469,"messageID":208895,"pos":[3775.3620154778648,5184.857275418507,1.895],"pos_noise":[0.0,0.0,0.0],"spd":[8.139455953346703,18.733732869689086,0.0],"spd_noise":[0.0,0.0,0.0],"RSSI":1.3395571187010843e-8}
{"type":2,"rcvTime":18060.4,"pos":[3569.802499460319,5183.761920373526,1.895],"noise":[0.0,0.0,0.0],"spd":[-0.4151518753161409,-2.792206534350492,0.0],"spd_noise":[0.0,0.0,0.0]}
{"type":2,"rcvTime":18060.5,"pos":[3569.7794484727539,5183.4629014175129,1.895],"noise":[0.0,0.0,0.0],"spd":[-0.33658287919426729,-2.9799413696681205,0.0],"spd_noise":[0.0,0.0,0.0]}
{"type":2,"rcvTime":18060.6,"pos":[3569.7550634623428,5183.14657742771,1.895],"noise":[0.0,0.0,0.0],"spd":[-0.24383614394567575,-3.1630588058183677,0.0],"spd_noise":[0.0,0.0,0.0]}
{"type":3,"rcvTime":18060.6505954231,"sendTime":18060.650476861745,"sender":67,"messageID":209564,"pos":[4423.858428959977,5296.432639108286,1.895],"pos_noise":[0.0,0.0,0.0],"spd":[-8.170291548130358,-1.4246784183932813,0.0],"spd_noise":[0.0,0.0,0.0],"RSSI":2.3865305478731259e-9}
{"type":2,"rcvTime":18060.7,"pos":[3569.7287045243945,5182.804647517564,1.895],"noise":[0.0,0.0,0.0],"spd":[-0.2635742892649785,-3.4191033501284484,0.0],"spd_noise":[0.0,0.0,0.0]}
{"type":3,"rcvTime":18060.737421179256,"sendTime":18060.737304695696,"sender":433,"messageID":210099,"pos":[3598.5474479237007,6010.9184899451779,1.895],"pos_noise":[0.0,0.0,0.0],"spd":[1.442733084927925,-33.56562687379923,0.0],