{"type":2,"rcvTime":18093.8,"pos":[6096.08747097636,6078.558013222997,1.895],"noise":[0.0,0.0,0.0],"spd":[7.521784471142538,-14.97841379134444,0.0],"spd_noise":[0.0,0.0,0.0]}
{"type":2,"rcvTime":18093.899999999998,"pos":[6096.85410019123,6077.060308611917,1.895],"noise":[0.0,0.0,0.0],"spd":[7.629494489846776,-14.905157351181427,0.0],"spd_noise":[0.0,0.0,0.0]}
{"type":2,"rcvTime":18094.0,"pos":[6097.62106566356,6075.561947080467,1.895],"noise":[0.0,0.0,0.0],"spd":[7.632840924325134,-14.911695023176828,0.0],"spd_noise":[0.0,0.0,0.0]}
{"type":2,"rcvTime":18094.1,"pos":[6098.522555615151,6074.164122056776,1.895],"noise":[0.0,0.0,0.0],"spd":[8.190044590065444,-14.64366652173137,0.0],"spd_noise":[0.0,0.0,0.0]}
{"type":2,"rcvTime":18094.2,"pos":[6099.776566061694,6073.044379395418,1.895],"noise":[0.0,0.0,0.0],"spd":[10.092970798506027,-13.343978561982846,0.0],"spd_noise":[0.0,0.0,0.0]}
{"type":2,"rcvTime":18094.3,"pos":[6101.02938616274,6071.925699628423,1.895],"noise":[0.0,0.0,0.0],"spd":[11.819798838210885,-11.819094506914404,0.0],"spd_noise":[0.0,0.0,0.0]}
{"type":2,"rcvTime":18094.399999999998,"pos":[6102.286912667001,6070.802817376134,1.895],"noise":[0.0,0.0,0.0],"spd":[12.514904661858865,-11.174924970786913,0.0],"spd_noise":[0.0,0.0,0.0]}
{"type":2,"rcvTime":18094.5,"pos":[6103.567054650152,6069.722360978538,1.895],"noise":[0.0,0.0,0.0],"spd":[12.559390485520633,-10.983497277918943,0.0],"spd_noise":[0.0,0.0,0.0]}
{"type":2,"rcvTime":18094.6,"pos":[6104.916030634451,6068.711098036206,1.895],"noise":[0.0,0.0,0.0],"spd":[12.976238365779233,-10.636448088167724,0.0],"spd_noise":[0.0,0.0,0.0]}
{"type":2,"rcvTime":18094.7,"pos":[6106.264875584726,6067.69993332383,1.895],"noise":[0.0,0.0,0.0],"spd":[13.307880643949538,-10.215792416413647,0.0],"spd_noise":[0.0,0.0,0.0]}
{"type":2,"rcvTime":18094.8,"pos":[6107.611165106071,6066.6906842946159,1.895],"noise":[0.0,0.0,0.0],"spd":[13.398274270806449,-10.04404705419263,0.0],"spd_noise":[0.0,0.0,0.0]}
{"type":2,"rcvTime":18094.899999999998,"pos":[6108.955587576778,6065.682834904196,1.895],"noise":[0.0,0.0,0.0],"spd":[13.379693381530858,-10.030117847906757,0.0],"spd_noise":[0.0,0.0,0.0]}
{"type":2,"rcvTime":18095.0,"pos":[6110.294307997189,6064.679260068867,1.895],"noise":[0.0,0.0,0.0],"spd":[13.32294657294473,-9.98757747262704,0.0],"spd_noise":[0.0,0.0,0.0]}
{"type":2,"rcvTime":18095.1,"pos":[6111.879889374533,6064.127354847721,1.895],"noise":[0.0,0.0,0.0],"spd":[14.437244835475536,-8.440775606081275,0.0],"spd_noise":[0.0,0.0,0.0]}
{"type":2,"rcvTime":18095.2,"pos":[6113.467090673475,6063.585383672473,1.895],"noise":[0.0,0.0,0.0],"spd":[15.296619152417528,-6.679342178543217,0.0],"spd_noise":[0.0,0.0,0.0]}
{"type":2,"rcvTime":18095.3,"pos":[6115.054385749731,6063.043380475702,1.895],"noise":[0.0,0.0,0.0],"spd":[15.79676172413343,-5.3940161984831909,0.0],"spd_noise":[0.0,0.0,0.0]}
{"type":2,"rcvTime":18095.399999999998,"pos":[6116.640150724902,6062.501899752473,1.895],"noise":[0.0,0.0,0.0],"spd":[15.78153415703757,-5.388816541426068,0.0],"spd_noise":[0.0,0.0,0.0]}
{"type":2,"rcvTime":18095.5,"pos":[6118.22749959219,6061.959878188033,1.895],"noise":[0.0,0.0,0.0],"spd":[15.797297052507452,-5.3941989935410989,0.0],"spd_noise":[0.0,0.0,0.0]}
{"type":2,"rcvTime":18095.6,"pos":[6119.818192265987,6061.416714836005,1.895],"noise":[0.0,0.0,0.0],"spd":[15.8305746172573,-5.405562064431295,0.0],"spd_noise":[0.0,0.0,0.0]}
{"type":2,"rcvTime":18095.7,"pos":[6121.4039477289929,6060.875237360832,1.895],"noise":[0.0,0.0,0.0],"spd":[15.781439491967929,-5.388784216771504,0.0],"spd_noise":[0.0,0.0,0.0]}
{"type":2,"rcvTime":18095.8,"pos":[6122.9941773942059,6060.3322321092969,1.895],"noise":[0.0,0.0,0.0],"spd":[15.825966755499456,-5.403988648217928,0.0],"spd_noise":[0.0,0.0,0.0]}
{"type":3,"rcvTime":18095.895800429593,"sendTime":18095.895692189828,"sender":307,"messageID":310822,"pos":[6120.932320898633,5736.710179337868,1.895],"pos_noise":[0.0,0.0,0.0],"spd":[11.87727560241077,0.6893061733534608,0.0],"spd_noise":[0.0,0.0,0.0],"RSSI":8.300082197198364e-9}
{"type":2,"rcvTime":18095.899999999998,"pos":[6124.589210233366,6059.791460692312,1.895],"noise":[0.0,0.0,0.0],"spd":[15.866402672498209,-5.403435916611169,0.0],"spd_noise":[0.0,0.0,0.0]}
{"type":2,"rcvTime":18096.0,"pos":[6126.179734639895,6059.252306541898,1.895],"noise":[0.0,0.0,0.0],"spd":[15.825737132702914,-5.374984094520032,0.0],"spd_noise":[0.0,0.0,0.0]}
{"type":2,"rcvTime":18096.1,"pos":[6127.768661469957,6058.7136939361339,1.895],"noise":[0.0,0.0,0.0],"spd":[15.813000939153977,-5.360273034386857,0.0],"spd_noise":[0.0,0.0,0.0]}
{"type":2,"rcvTime":18096.2,"pos":[6129.359303530898,6058.174499903361,1.895],"noise":[0.0,0.0,0.0],"spd":[15.830070918081765,-5.3660593963871039,0.0],"spd_noise":[0.0,0.0,0.0]}
{"type":2,"rcvTime":18096.3,"pos":[6130.950967618035,6057.634959425312,1.895],"noise":[0.0,0.0,0.0],"spd":[15.840242123514244,-5.369507220011267,0.0],"spd_noise":[0.0,0.0,0.0]}
{"type":2,"rcvTime":18096.399999999998,"pos":[6132.5475857210899,6057.093739640595,1.895],"noise":[0.0,0.0,0.0],"spd":[15.889544493424927,-5.3862196811711648,0.0],"spd_noise":[0.0,0.0,0.0]}
{"type":3,"rcvTime":18096.46679146733,"sendTime":18096.466675138752,"sender":559,"messageID":312435,"pos":[6304.050572889617,5988.440454971324,1.895],"pos_noise":[0.0,0.0,0.0],"spd":[-1.3881449154299757,11.41148183195798,0.0],"spd_noise":[0.0,0.0,0.0],"RSSI":1.0972232265900155e-8}
{"type":3,"rcvTime":18096.494332487087,"sendTime":18096.49422037955,"sender":565,"messageID":312726,"pos":[6307.232367332357,5989.643872843156,1.895],"pos_noise":[0.0,0.0,0.0],"spd":[-1.7931541571146968,14.74049842058062,0.0],"spd_noise":[0.0,0.0,0.0],"RSSI":9.038523288065423e-9}
{"type":2,"rcvTime":18096.5,"pos":[6134.137217686669,6056.554888008797,1.895],"noise":[0.0,0.0,0.0],"spd":[15.820018448326396,-5.362651821647431,0.0],"spd_noise":[0.0,0.0,0.0]}
{"type":3,"rcvTime":18096.510324576953,"sendTime":18096.51021798109,"sender":505,"messageID":312773,"pos":[6154.97572736201,5824.60925854385,1.895],"pos_noise":[0.0,0.0,0.0],"spd":[2.347419054925882e-15,-4.6844187563507887e-14,0.0],"spd_noise":[0.0,0.0,0.0],"RSSI":1.238377747348418e-8}
{"type":3,"rcvTime":18096.514894750682,"sendTime":18096.51478615161,"sender":547,"messageID":312858,"pos":[6027.033310681477,5811.728636635519,1.895],"pos_noise":[0.0,0.0,0.0],"spd":[-14.205934642245709,-1.430448919378756,0.0],"spd_noise":[0.0,0.0,0.0],"RSSI":1.290093673714549e-8}
{"type":2,"rcvTime":18096.6,"pos":[6135.732861262592,6056.013998568176,1.895],"noise":[0.0,0.0,0.0],"spd":[15.879845998737786,-5.382932096493271,0.0],"spd_noise":[0.0,0.0,0.0]}
{"type":3,"rcvTime":18096.652331772944,"sendTime":18096.65221754727,"sender":379,"messageID":313507,"pos":[5864.218377421423,5711.7448773961809,1.895],"pos_noise":[0.0,0.0,0.0],"spd":[0.0,0.0,0.0],"spd_noise":[0.0,0.0,0.0],"RSSI":3.6802698917468516e-9}
{"type":2,"rcvTime":18096.7,"pos":[6137.323227124951,6055.474898160884,1.895],"noise":[0.0,0.0,0.0],"spd":[15.827322189582283,-5.365127635535628,0.0],"spd_noise":[0.0,0.0,0.0]}
{"type":2,"rcvTime":18096.8,"pos":[6138.919164547512,6054.933909112465,1.895],"noise":[0.0,0.0,0.0],"spd":[15.882770360681408,-5.383923393370534,0.0],"spd_noise":[0.0,0.0,0.0]}
{"type":3,"rcvTime":18096.887418190374,"sendTime":18096.88730217414,"sender":367,"messageID":314357,"pos":[5785.128653555165,5705.41052613562,1.895],"pos_noise":[0.0,0.0,0.0],"spd":[10.994818111623643,0.7120837422672475,0.0],"spd_noise":[0.0,0.0,0.0],"RSSI":2.218864981727609e-9}
{"type":2,"rcvTime":18096.899999999998,"pos":[6140.504911780893,6054.396374322759,1.895],"noise":[0.0,0.0,0.0],"spd":[15.781357590738307,-5.3495466082086209,0.0],"spd_noise":[0.0,0.0,0.0]}
{"type":2,"rcvTime":18097.0,"pos":[6142.0963996177429,6053.856893589832,1.895],"noise":[0.0,0.0,0.0],"spd":[15.838488080520805,-5.368912636520012,0.0],"spd_noise":[0.0,0.0,0.0]}
{"type":2,"rcvTime":18097.1,"pos":[6143.687927560556,6053.317399261832,1.895],"noise":[0.0,0.0,0.0],