{"type":2,"rcvTime":18094.6,"pos":[3606.503203467885,6079.953705339727,1.895],"noise":[0.0,0.0,0.0],"spd":[-4.490839402536444,-38.968777224784549,0.0],"spd_noise":[0.0,0.0,0.0]}
{"type":2,"rcvTime":18094.7,"pos":[3606.0541561709,6076.057145585275,1.895],"noise":[0.0,0.0,0.0],"spd":[-4.485541964418662,-38.922809273758939,0.0],"spd_noise":[0.0,0.0,0.0]}
{"type":2,"rcvTime":18094.8,"pos":[3605.603632986318,6072.1477789745099,1.895],"noise":[0.0,0.0,0.0],"spd":[-4.50028463360476,-39.050737204319549,0.0],"spd_noise":[0.0,0.0,0.0]}
{"type":2,"rcvTime":18094.899999999998,"pos":[3605.1541541336498,6068.247474441909,1.895],"noise":[0.0,0.0,0.0],"spd":[-4.489852782321928,-38.96021593369869,0.0],"spd_noise":[0.0,0.0,0.0]}
{"type":2,"rcvTime":18095.0,"pos":[3604.7038975842417,6064.340421529264,1.895],"noise":[0.0,0.0,0.0],"spd":[-4.497621209799531,-39.02762562992281,0.0],"spd_noise":[0.0,0.0,0.0]}
{"type":2,"rcvTime":18095.1,"pos":[3604.2534643561978,6060.431835506704,1.895],"noise":[0.0,0.0,0.0],"spd":[-4.49938605604457,-39.04293989392307,0.0],"spd_noise":[0.0,0.0,0.0]}
{"type":2,"rcvTime":18095.2,"pos":[3603.8043162439737,6056.534400938836,1.895],"noise":[0.0,0.0,0.0],"spd":[-4.486549009749504,-38.93154780156655,0.0],"spd_noise":[0.0,0.0,0.0]}
{"type":2,"rcvTime":18095.3,"pos":[3603.3538686012018,6052.625689834022,1.895],"noise":[0.0,0.0,0.0],"spd":[-4.499530045036803,-39.044189342951188,0.0],"spd_noise":[0.0,0.0,0.0]}
{"type":3,"rcvTime":18095.343657132322,"sendTime":18095.343547794546,"sender":535,"messageID":308075,"pos":[3582.663568237318,5713.393665205124,1.895],"pos_noise":[0.0,0.0,0.0],"spd":[-1.3492314081888808,32.24933512840833,0.0],"spd_noise":[0.0,0.0,0.0],"RSSI":1.8070877779837643e-9}
{"type":2,"rcvTime":18095.399999999998,"pos":[3602.90432776821,6048.724847473812,1.895],"noise":[0.0,0.0,0.0],"spd":[-4.490471904943047,-38.96558830387791,0.0],"spd_noise":[0.0,0.0,0.0]}
{"type":2,"rcvTime":18095.5,"pos":[3602.4549807182886,6044.825686645412,1.895],"noise":[0.0,0.0,0.0],"spd":[-4.4885362021819719,-38.948791450751567,0.0],"spd_noise":[0.0,0.0,0.0]}
{"type":3,"rcvTime":18095.598679442326,"sendTime":18095.598561696243,"sender":589,"messageID":309055,"pos":[3597.57497161792,5998.61565431439,1.895],"pos_noise":[0.0,0.0,0.0],"spd":[-2.596923180122898,-39.120901239735967,0.0],"spd_noise":[0.0,0.0,0.0],"RSSI":5.1390011503967758e-9}
{"type":2,"rcvTime":18095.6,"pos":[3602.005358759596,6040.924140325638,1.895],"noise":[0.0,0.0,0.0],"spd":[-4.491282271107952,-38.972620169311408,0.0],"spd_noise":[0.0,0.0,0.0]}
{"type":2,"rcvTime":18095.7,"pos":[3601.5552678659107,6037.018524872753,1.895],"noise":[0.0,0.0,0.0],"spd":[-4.495966471649761,-39.01326681712421,0.0],"spd_noise":[0.0,0.0,0.0]}
{"type":2,"rcvTime":18095.8,"pos":[3601.105293647177,6033.113921854257,1.895],"noise":[0.0,0.0,0.0],"spd":[-4.494801003336941,-39.00315359081458,0.0],"spd_noise":[0.0,0.0,0.0]}
{"type":2,"rcvTime":18095.899999999998,"pos":[3600.6545710558209,6029.202824912593,1.895],"noise":[0.0,0.0,0.0],"spd":[-4.502276511657283,-39.06802151247003,0.0],"spd_noise":[0.0,0.0,0.0]}
{"type":3,"rcvTime":18095.976577362297,"sendTime":18095.97646853188,"sender":529,"messageID":310820,"pos":[3631.1831993148227,5357.767477450831,1.895],"pos_noise":[0.0,0.0,0.0],"spd":[5.172317511222752,-41.75001825516994,0.0],"spd_noise":[0.0,0.0,0.0],"RSSI":1.3545684823737026e-9}
{"type":2,"rcvTime":18096.0,"pos":[3600.204444907027,6025.296903537297,1.895],"noise":[0.0,0.0,0.0],"spd":[-4.496318635587501,-39.01632268188647,0.0],"spd_noise":[0.0,0.0,0.0]}
{"type":2,"rcvTime":18096.1,"pos":[3599.754307691487,6021.39088613149,1.895],"noise":[0.0,0.0,0.0],"spd":[-4.49642918153158,-39.01728193248549,0.0],"spd_noise":[0.0,0.0,0.0]}
{"type":3,"rcvTime":18096.153782430316,"sendTime":18096.153674886657,"sender":541,"messageID":311235,"pos":[3610.2078896314098,5548.779136529242,1.895],"pos_noise":[0.0,0.0,0.0],"spd":[3.140951565708628,-37.30793051597099,0.0],"spd_noise":[0.0,0.0,0.0],"RSSI":2.4381451450534907e-9}
{"type":2,"rcvTime":18096.2,"pos":[3599.3042326906327,6017.4854085869469,1.895],"noise":[0.0,0.0,0.0],"spd":[-4.495807717853351,-39.01188924808391,0.0],"spd_noise":[0.0,0.0,0.0]}
{"type":2,"rcvTime":18096.3,"pos":[3598.8550574983798,6013.5877390350319,1.895],"noise":[0.0,0.0,0.0],"spd":[-4.486819512672246,-38.933895061664298,0.0],"spd_noise":[0.0,0.0,0.0]}
{"type":3,"rcvTime":18096.343654391352,"sendTime":18096.343547794546,"sender":535,"messageID":311669,"pos":[3581.3099503905489,5745.747845008082,1.895],"pos_noise":[0.0,0.0,0.0],"spd":[-1.3536823842815889,32.355722378802209,0.0],"spd_noise":[0.0,0.0,0.0],"RSSI":2.496252941259521e-8}
{"type":2,"rcvTime":18096.399999999998,"pos":[3598.4056663136027,6009.6881952311509,1.895],"noise":[0.0,0.0,0.0],"spd":[-4.488977066092288,-38.95261700008794,0.0],"spd_noise":[0.0,0.0,0.0]}
{"type":2,"rcvTime":18096.5,"pos":[3598.051002726242,6005.786742823386,1.895],"noise":[0.0,0.0,0.0],"spd":[-3.665945300334802,-38.97182180829652,0.0],"spd_noise":[0.0,0.0,0.0]}
{"type":3,"rcvTime":18096.598676700996,"sendTime":18096.598561696243,"sender":589,"messageID":312628,"pos":[3594.9766758837374,5959.474076470798,1.895],"pos_noise":[0.0,0.0,0.0],"spd":[-2.590970642059813,-39.031230256984489,0.0],"spd_noise":[0.0,0.0,0.0],"RSSI":1.6283373676358848e-8}
{"type":2,"rcvTime":18096.6,"pos":[3597.7909708199565,6001.869537030453,1.895],"noise":[0.0,0.0,0.0],"spd":[-2.5974636426108339,-39.12904294363622,0.0],"spd_noise":[0.0,0.0,0.0]}
{"type":3,"rcvTime":18096.602963712,"sendTime":18096.602855792735,"sender":553,"messageID":312695,"pos":[3639.337191865108,5221.240891641013,1.895],"pos_noise":[0.0,0.0,0.0],"spd":[-2.9554656476478655,36.07844165513605,0.0],"spd_noise":[0.0,0.0,0.0],"RSSI":2.822248626164692e-9}
{"type":2,"rcvTime":18096.7,"pos":[3597.531464471077,5997.960248406395,1.895],"noise":[0.0,0.0,0.0],"spd":[-2.592213839716772,-39.04995819361429,0.0],"spd_noise":[0.0,0.0,0.0]}
{"type":2,"rcvTime":18096.8,"pos":[3597.2710294376527,5994.0369697742239,1.895],"noise":[0.0,0.0,0.0],"spd":[-2.6014904872450748,-39.189704649947028,0.0],"spd_noise":[0.0,0.0,0.0]}
{"type":2,"rcvTime":18096.899999999998,"pos":[3597.0109635533447,5990.119252125234,1.895],"noise":[0.0,0.0,0.0],"spd":[-2.597803049721115,-39.13415588349636,0.0],"spd_noise":[0.0,0.0,0.0]}
{"type":3,"rcvTime":18096.976578376678,"sendTime":18096.97646853188,"sender":529,"messageID":314439,"pos":[3636.4537268827536,5316.073638955748,1.895],"pos_noise":[0.0,0.0,0.0],"spd":[6.042222968180738,-41.62219763574046,0.0],"spd_noise":[0.0,0.0,0.0],"RSSI":1.4289126594036142e-9}
{"type":2,"rcvTime":18097.0,"pos":[3596.7513127922286,5986.207788027949,1.895],"noise":[0.0,0.0,0.0],"spd":[-2.5936563762836757,-39.071689036926567,0.0],"spd_noise":[0.0,0.0,0.0]}
{"type":2,"rcvTime":18097.1,"pos":[3596.490784807908,5982.283109153038,1.895],"noise":[0.0,0.0,0.0],"spd":[-2.6024189755054176,-39.20369170122617,0.0],"spd_noise":[0.0,0.0,0.0]}
{"type":3,"rcvTime":18097.153782061047,"sendTime":18097.153674886657,"sender":541,"messageID":314845,"pos":[3613.3424965494625,5511.546567147958,1.895],"pos_noise":[0.0,0.0,0.0],"spd":[3.133029076800229,-37.21382792965234,0.0],"spd_noise":[0.0,0.0,0.0],"RSSI":3.3933205430288526e-9}
{"type":2,"rcvTime":18097.2,"pos":[3596.2308670019499,5978.36762220481,1.895],"noise":[0.0,0.0,0.0],"spd":[-2.596323892272046,-39.111873371289039,0.0],"spd_noise":[0.0,0.0,0.0]}
{"type":2,"rcvTime":18097.3,"pos":[3595.9707053596559,5974.448462026158,1.895],"noise":[0.0,0.0,0.0],"spd":[-2.598759578059098,-39.14856533963666,0.0],"spd_noise":[0.0,0.0,0.0]}
{"type":3,"rcvTime":18097.343661491843,"sendTime":18097.343547794546,"sender":535,"messageID":315299,"pos":[3581.112593139075,5778.117070894962,1.895],"pos_noise":[0.0,0.0,0.0],"spd":[-0.03124978031942506,32.27621541200722,0.0],"spd_noise":[0.0,0.0,0.0],"RSSI":4.877315220644945e-9}
{"type":2,"rcvTime":18097.399999999998,"pos":[3595.7107582218379,5970.532533213181,1.895],"noise":[0.0,0.0,0.0],