{"type":2,"rcvTime":18059.1,"pos":[3569.9647038349828,5185.8660463957,1.895],"noise":[0.0,0.0,0.0],"spd":[-0.0,-0.0,0.0],"spd_noise":[0.0,0.0,0.0]}
{"type":2,"rcvTime":18059.2,"pos":[3569.9627521532095,5185.840729048896,1.895],"noise":[0.0,0.0,0.0],"spd":[-0.09967771119961944,-0.23352662082378826,0.0],"spd_noise":[0.0,0.0,0.0]}
{"type":3,"rcvTime":18059.262541823435,"sendTime":18059.262427347945,"sender":181,"messageID":204155,"pos":[3182.9695001218935,5248.738499548382,1.895],"pos_noise":[0.0,0.0,0.0],"spd":[-0.0,0.0,0.0],"spd_noise":[0.0,0.0,0.0],"RSSI":2.2626086978549135e-9}
{"type":3,"rcvTime":18059.285932980456,"sendTime":18059.28582771793,"sender":415,"messageID":204271,"pos":[3601.287941400084,5214.6517255200119,1.895],"pos_noise":[0.0,0.0,0.0],"spd":[12.749818892927245,1.6999758523899523,0.0],"spd_noise":[0.0,0.0,0.0],"RSSI":3.751186654942717e-8}
{"type":2,"rcvTime":18059.3,"pos":[3569.958814147239,5185.789644971453,1.895],"noise":[0.0,0.0,0.0],"spd":[-0.19811067743516923,-0.4724734802365191,0.0],"spd_noise":[0.0,0.0,0.0]}
{"type":3,"rcvTime":18059.314150456557,"sendTime":18059.31403565444,"sender":397,"messageID":204428,"pos":[3643.575165462857,5270.835262594476,1.895],"pos_noise":[0.0,0.0,0.0],"spd":[5.473850407948581,-34.77220257040399,0.0],"spd_noise":[0.0,0.0,0.0],"RSSI":8.918449121562872e-9}
{"type":2,"rcvTime":18059.4,"pos":[3569.953112660691,5185.715684905728,1.895],"noise":[0.0,0.0,0.0],"spd":[-0.2804864894880888,-0.6866761642025118,0.0],"spd_noise":[0.0,0.0,0.0]}
{"type":2,"rcvTime":18059.5,"pos":[3569.9454764621075,5185.616627625776,1.895],"noise":[0.0,0.0,0.0],"spd":[-0.3642399548550774,-0.9242736962523898,0.0],"spd_noise":[0.0,0.0,0.0]}
{"type":2,"rcvTime":18059.6,"pos":[3569.935938669693,5185.492902743167,1.895],"noise":[0.0,0.0,0.0],"spd":[-0.437024684791516,-1.1613417768889463,0.0],"spd_noise":[0.0,0.0,0.0]}
{"type":3,"rcvTime":18059.62440004021,"sendTime":18059.62428905256,"sender":391,"messageID":205438,"pos":[3651.9221967724045,5217.811405176733,1.895],"pos_noise":[0.0,0.0,0.0],"spd":[5.470907348590115,-34.75350701818397,0.0],"spd_noise":[0.0,0.0,0.0],"RSSI":3.302516457331499e-8}
{"type":3,"rcvTime":18059.65058585476,"sendTime":18059.650476861745,"sender":67,"messageID":205601,"pos":[4411.224085807941,5300.613112751775,1.895],"pos_noise":[0.0,0.0,0.0],"spd":[-11.208030313944129,-2.123834732131367,0.0],"spd_noise":[0.0,0.0,0.0],"RSSI":2.7809706579227968e-9}
{"type":2,"rcvTime":18059.7,"pos":[3569.9248040388094,5185.348463564891,1.895],"noise":[0.0,0.0,0.0],"spd":[-0.48563257166687598,-1.3647660392770518,0.0],"spd_noise":[0.0,0.0,0.0]}
{"type":3,"rcvTime":18059.752213877367,"sendTime":18059.752104013227,"sender":421,"messageID":205878,"pos":[3610.075350271169,5212.496831029079,1.895],"pos_noise":[0.0,0.0,0.0],"spd":[15.191269722548345,2.023677254536086,0.0],"spd_noise":[0.0,0.0,0.0],"RSSI":1.9232503030078265e-8}
{"type":3,"rcvTime":18059.75962705568,"sendTime":18059.75951454015,"sender":427,"messageID":205971,"pos":[3594.985091944801,5734.512518030843,1.895],"pos_noise":[0.0,0.0,0.0],"spd":[1.4264067371782346,-33.21582597528569,0.0],"spd_noise":[0.0,0.0,0.0],"RSSI":1.4467012367940185e-9}
{"type":2,"rcvTime":18059.8,"pos":[3569.911927937813,5185.181433919562,1.895],"noise":[0.0,0.0,0.0],"spd":[-0.5285650310316431,-1.589580863558286,0.0],"spd_noise":[0.0,0.0,0.0]}
{"type":3,"rcvTime":18059.808447105457,"sendTime":18059.808340458523,"sender":469,"messageID":206179,"pos":[3798.1912921263658,5203.75759508845,1.895],"pos_noise":[0.0,0.0,0.0],"spd":[8.489921740070683,18.510434389971338,0.0],"spd_noise":[0.0,0.0,0.0],"RSSI":1.118970257551946e-8}
{"type":3,"rcvTime":18059.8756901216,"sendTime":18059.87557977075,"sender":487,"messageID":206321,"pos":[3768.103233041619,5184.576836908246,1.895],"pos_noise":[0.0,0.0,0.0],"spd":[18.43233649691986,10.330744379240177,0.0],"spd_noise":[0.0,0.0,0.0],"RSSI":2.0485240368880405e-9}
{"type":2,"rcvTime":18059.9,"pos":[3569.897310551985,5184.991816210668,1.895],"noise":[0.0,0.0,0.0],"spd":[-0.5572867519699051,-1.818205630578046,0.0],"spd_noise":[0.0,0.0,0.0]}
{"type":2,"rcvTime":18060.0,"pos":[3569.8812417936949,5184.783371200893,1.895],"noise":[0.0,0.0,0.0],"spd":[-0.5607701274802239,-2.0138989909139068,0.0],"spd_noise":[0.0,0.0,0.0]}
{"type":3,"rcvTime":18060.076606724084,"sendTime":18060.076496280726,"sender":187,"messageID":207110,"pos":[3479.622397154866,5187.67211783684,1.895],"pos_noise":[0.0,0.0,0.0],"spd":[-0.0,-0.0,0.0],"spd_noise":[0.0,0.0,0.0],"RSSI":9.412270182001073e-8}
{"type":2,"rcvTime":18060.1,"pos":[3569.8639873902686,5184.559545922926,1.895],"noise":[0.0,0.0,0.0],"spd":[-0.5422663324230358,-2.1782830791778595,0.0],"spd_noise":[0.0,0.0,0.0]}
{"type":2,"rcvTime":18060.2,"pos":[3569.8448859469388,5184.3117607195049,1.895],"noise":[0.0,0.0,0.0],"spd":[-0.5269829647389308,-2.428542572396704,0.0],"spd_noise":[0.0,0.0,0.0]}
{"type":3,"rcvTime":18060.285935830543,"sendTime":18060.28582771793,"sender":415,"messageID":207634,"pos":[3613.980694350998,5216.344092580133,1.895],"pos_noise":[0.0,0.0,0.0],"spd":[12.710050559459356,1.6946734079275683,0.0],"spd_noise":[0.0,0.0,0.0],"RSSI":2.060053517950923e-7}
{"type":2,"rcvTime":18060.3,"pos":[3569.82419770822,5184.043391499925,1.895],"noise":[0.0,0.0,0.0],"spd":[-0.4850612824381579,-2.647430860655936,0.0],"spd_noise":[0.0,0.0,0.0]}
{"type":3,"rcvTime":18060.314153103456,"sendTime":18060.31403565444,"sender":397,"messageID":207811,"pos":[3649.0529649343359,5236.037973909759,1.895],"pos_noise":[0.0,0.0,0.0],"spd":[5.497767014962704,-34.924130928325009,0.0],"spd_noise":[0.0,0.0,0.0],"RSSI":2.1905809677572036e-8}
{"type":2,"rcvTime":18060.4,"pos":[3569.802499460319,5183.761920373526,1.895],"noise":[0.0,0.0,0.0],"spd":[-0.4151518753161409,-2.792206534350492,0.0],"spd_noise":[0.0,0.0,0.0]}
{"type":2,"rcvTime":18060.5,"pos":[3569.7794484727539,5183.4629014175129,1.895],"noise":[0.0,0.0,0.0],"spd":[-0.33658287919426729,-2.9799413696681205,0.0],"spd_noise":[0.0,0.0,0.0]}
{"type":2,"rcvTime":18060.6,"pos":[3569.7550634623428,5183.14657742771,1.895],"noise":[0.0,0.0,0.0],"spd":[-0.24383614394567575,-3.1630588058183677,0.0],"spd_noise":[0.0,0.0,0.0]}
{"type":3,"rcvTime":18060.624405223152,"sendTime":18060.62428905256,"sender":391,"messageID":208905,"pos":[3657.3821447163516,5183.1275169113309,1.895],"pos_noise":[0.0,0.0,0.0],"spd":[5.474706543894585,-34.77764110641914,0.0],"spd_noise":[0.0,0.0,0.0],"RSSI":9.210090384570617e-8}
{"type":2,"rcvTime":18060.7,"pos":[3569.7287045243945,5182.804647517564,1.895],"noise":[0.0,0.0,0.0],"spd":[-0.2635742892649785,-3.4191033501284484,0.0],"spd_noise":[0.0,0.0,0.0]}
{"type":3,"rcvTime":18060.75221529707,"sendTime":18060.752104013227,"sender":421,"messageID":209323,"pos":[3625.164946604774,5214.506964048777,1.895],"pos_noise":[0.0,0.0,0.0],"spd":[15.164426892851857,2.0201014359971305,0.0],"spd_noise":[0.0,0.0,0.0],"RSSI":6.105445679111956e-8}
{"type":2,"rcvTime":18060.8,"pos":[3569.700426102804,5182.437817936933,1.895],"noise":[0.0,0.0,0.0],"spd":[-0.2827680268005002,-3.668085800174463,0.0],"spd_noise":[0.0,0.0,0.0]}
{"type":3,"rcvTime":18060.80845119495,"sendTime":18060.808340458523,"sender":469,"messageID":209624,"pos":[3806.31140076343,5222.446798267576,1.895],"pos_noise":[0.0,0.0,0.0],"spd":[8.125495309286242,18.70160111813328,0.0],"spd_noise":[0.0,0.0,0.0],"RSSI":6.178820641179079e-9}
{"type":3,"rcvTime":18060.875694232072,"sendTime":18060.87557977075,"sender":487,"messageID":209774,"pos":[3786.260079231396,5194.7531776424289,1.895],"pos_noise":[0.0,0.0,0.0],"spd":[18.400751983524697,10.31304225372273,0.0],"spd_noise":[0.0,0.0,0.0],"RSSI":2.871192902208705e-9}
{"type":2,"rcvTime":18060.9,"pos":[3569.670626377072,5182.051253896992,1.895],"noise":[0.0,0.0,0.0],"spd":[-0.2979801972849827,-3.8654190955050526,0.0],"spd_noise":[0.0,0.0,0.0]}
{"type":2,"rcvTime":18061.0,"pos":[3569.639780561891,5181.651119914583,1.895],"noise":[0.0,0.0,0.0],"spd":[-0.3084404929045001,-4.001110751534225,0.0],