{"type":2,"rcvTime":25297.5,"pos":[5872.761071739079,5180.879834757964,1.895],"noise":[0.0,0.0,0.0],"spd":[6.599843019590811,12.296618844203787,0.0],"spd_noise":[0.0,0.0,0.0]}
{"type":3,"rcvTime":25297.516592522454,"sendTime":25297.51647416125,"sender":2263,"messageID":6118683,"pos":[6072.111008203115,5357.877868023367,1.895],"pos_noise":[0.0,0.0,0.0],"spd":[3.0652322130118905,-4.516560393427085,0.0],"spd_noise":[0.0,0.0,0.0],"RSSI":4.554154683606544e-9}
{"type":2,"rcvTime":25297.6,"pos":[5873.419941052029,5182.107419230116,1.895],"noise":[0.0,0.0,0.0],"spd":[6.60626990215572,12.308593208597389,0.0],"spd_noise":[0.0,0.0,0.0]}
{"type":3,"rcvTime":25297.67690171907,"sendTime":25297.676784858297,"sender":1879,"messageID":6128154,"pos":[5929.011468808892,5276.296344589523,1.895],"pos_noise":[0.0,0.0,0.0],"spd":[-6.200434628498576,-12.693987818070012,0.0],"spd_noise":[0.0,0.0,0.0],"RSSI":3.1189209633375089e-8}
{"type":2,"rcvTime":25297.7,"pos":[5874.074538001656,5183.327043570007,1.895],"noise":[0.0,0.0,0.0],"spd":[6.563432294346326,12.228779532140843,0.0],"spd_noise":[0.0,0.0,0.0]}
{"type":2,"rcvTime":25297.8,"pos":[5874.7318257928159,5184.551681400762,1.895],"noise":[0.0,0.0,0.0],"spd":[6.590412493715221,12.279048186563673,0.0],"spd_noise":[0.0,0.0,0.0]}
{"type":2,"rcvTime":25297.899999999998,"pos":[5875.385657402833,5185.769879784089,1.895],"noise":[0.0,0.0,0.0],"spd":[6.555758481141336,12.214481926005883,0.0],"spd_noise":[0.0,0.0,0.0]}
{"type":3,"rcvTime":25297.969416256812,"sendTime":25297.96930186143,"sender":2533,"messageID":6146850,"pos":[6062.339598593296,5366.401843693119,1.895],"pos_noise":[0.0,0.0,0.0],"spd":[-8.616612420963462,12.694824929595699,0.0],"spd_noise":[0.0,0.0,0.0],"RSSI":2.5129442459797968e-9}
{"type":2,"rcvTime":25298.0,"pos":[5876.0399359584339,5186.988910902296,1.895],"noise":[0.0,0.0,0.0],"spd":[6.560239860224036,12.222831489825385,0.0],"spd_noise":[0.0,0.0,0.0]}
{"type":3,"rcvTime":25298.01989099155,"sendTime":25298.01977509912,"sender":619,"messageID":6148367,"pos":[6120.579713877402,5733.380363221315,1.895],"pos_noise":[0.0,0.0,0.0],"spd":[12.579269967533103,0.7234309361577234,0.0],"spd_noise":[0.0,0.0,0.0],"RSSI":1.4601837897107579e-9}
{"type":3,"rcvTime":25298.031874128155,"sendTime":25298.03176025222,"sender":2239,"messageID":6150115,"pos":[6085.652079996573,5598.385213101804,1.895],"pos_noise":[0.0,0.0,0.0],"spd":[-3.650772049239934e-14,2.916523315597389e-14,0.0],"spd_noise":[0.0,0.0,0.0],"RSSI":2.1676499173942358e-9}
{"type":3,"rcvTime":25298.09915049303,"sendTime":25298.09903290933,"sender":2425,"messageID":6154205,"pos":[6298.592290836447,5234.293566741579,1.895],"pos_noise":[0.0,0.0,0.0],"spd":[-6.445268437195293,9.49579143601559,0.0],"spd_noise":[0.0,0.0,0.0],"RSSI":4.381036252212573e-9}
{"type":2,"rcvTime":25298.1,"pos":[5876.696089730811,5188.211435865111,1.895],"noise":[0.0,0.0,0.0],"spd":[6.579042053473613,12.257863141806757,0.0],"spd_noise":[0.0,0.0,0.0]}
{"type":2,"rcvTime":25298.2,"pos":[5877.350905785551,5189.431468434719,1.895],"noise":[0.0,0.0,0.0],"spd":[6.565629190573362,12.232872719730903,0.0],"spd_noise":[0.0,0.0,0.0]}
{"type":3,"rcvTime":25298.248151878935,"sendTime":25298.248033559183,"sender":295,"messageID":6163861,"pos":[6112.000724680224,5719.6641156362979,1.895],"pos_noise":[0.0,0.0,0.0],"spd":[-0.0,-0.0,0.0],"spd_noise":[0.0,0.0,0.0],"RSSI":2.190592541587061e-9}
{"type":3,"rcvTime":25298.273851474143,"sendTime":25298.273736426374,"sender":949,"messageID":6166376,"pos":[5916.434698665862,5250.548251665125,1.895],"pos_noise":[0.0,0.0,0.0],"spd":[-6.529837080226017,-13.368364851290102,0.0],"spd_noise":[0.0,0.0,0.0],"RSSI":1.764049670680008e-8}
{"type":2,"rcvTime":25298.3,"pos":[5878.006928565586,5190.653749336746,1.895],"noise":[0.0,0.0,0.0],"spd":[6.5777286355536559,12.255416023072426,0.0],"spd_noise":[0.0,0.0,0.0]}
{"type":3,"rcvTime":25298.301562703302,"sendTime":25298.301445000663,"sender":2539,"messageID":6168043,"pos":[6075.949940851101,5348.938309551486,1.895],"pos_noise":[0.0,0.0,0.0],"spd":[-3.261992082944122,1.9616954525042814,0.0],"spd_noise":[0.0,0.0,0.0],"RSSI":1.2931676480012869e-8}
{"type":3,"rcvTime":25298.372032009305,"sendTime":25298.371922122078,"sender":763,"messageID":6171504,"pos":[6108.400635792852,5732.679947228736,1.895],"pos_noise":[0.0,0.0,0.0],"spd":[11.833701393926907,0.7144390312040716,0.0],"spd_noise":[0.0,0.0,0.0],"RSSI":1.4262567821949742e-9}
{"type":2,"rcvTime":25298.399999999998,"pos":[5878.663073442776,5191.876257726329,1.895],"noise":[0.0,0.0,0.0],"spd":[6.578952864302605,12.257696967363265,0.0],"spd_noise":[0.0,0.0,0.0]}
{"type":2,"rcvTime":25298.5,"pos":[5879.320772491423,5193.10166179903,1.895],"noise":[0.0,0.0,0.0],"spd":[6.594536039772421,12.286731047199082,0.0],"spd_noise":[0.0,0.0,0.0]}
{"type":3,"rcvTime":25298.51658386028,"sendTime":25298.51647416125,"sender":2263,"messageID":6183045,"pos":[6076.332022059185,5352.675348095623,1.895],"pos_noise":[0.0,0.0,0.0],"spd":[5.062805877713458,-5.797064736834743,0.0],"spd_noise":[0.0,0.0,0.0],"RSSI":2.9266665263396079e-9}
{"type":2,"rcvTime":25298.6,"pos":[5879.978414010179,5194.326958683861,1.895],"noise":[0.0,0.0,0.0],"spd":[6.593959206144682,12.285656309026601,0.0],"spd_noise":[0.0,0.0,0.0]}
{"type":3,"rcvTime":25298.676901159895,"sendTime":25298.676784858297,"sender":1879,"messageID":6192200,"pos":[5922.755275110944,5263.488202685375,1.895],"pos_noise":[0.0,0.0,0.0],"spd":[-6.289919995513135,-12.877188871996799,0.0],"spd_noise":[0.0,0.0,0.0],"RSSI":1.757450375985952e-8}
{"type":2,"rcvTime":25298.7,"pos":[5880.633967956654,5195.54836607002,1.895],"noise":[0.0,0.0,0.0],"spd":[6.573027792784278,12.246657561452956,0.0],"spd_noise":[0.0,0.0,0.0]}
{"type":3,"rcvTime":25298.773304414033,"sendTime":25298.77319380231,"sender":2509,"messageID":6199322,"pos":[6031.859663147135,5417.187446622427,1.895],"pos_noise":[0.0,0.0,0.0],"spd":[7.956003046833898,-11.72301664414741,0.0],"spd_noise":[0.0,0.0,0.0],"RSSI":1.616552218446232e-8}
{"type":2,"rcvTime":25298.8,"pos":[5881.288310510816,5196.767516428323,1.895],"noise":[0.0,0.0,0.0],"spd":[6.560881553134831,12.22402707177065,0.0],"spd_noise":[0.0,0.0,0.0]}
{"type":3,"rcvTime":25298.81815337106,"sendTime":25298.818046826684,"sender":2557,"messageID":6202923,"pos":[5995.79625586041,5418.23289413286,1.895],"pos_noise":[0.0,0.0,0.0],"spd":[5.13518562121016,10.322154626835932,0.0],"spd_noise":[0.0,0.0,0.0],"RSSI":2.0615929911352019e-8}
{"type":3,"rcvTime":25298.85759862019,"sendTime":25298.85748449806,"sender":727,"messageID":6205616,"pos":[6111.49895673935,5729.557414829137,1.895],"pos_noise":[0.0,0.0,0.0],"spd":[6.04640170797282,0.3479214390621215,0.0],"spd_noise":[0.0,0.0,0.0],"RSSI":2.056649372748304e-9}
{"type":2,"rcvTime":25298.899999999998,"pos":[5881.944608631986,5197.9903103372439,1.895],"noise":[0.0,0.0,0.0],"spd":[6.580489392218199,12.260559777594576,0.0],"spd_noise":[0.0,0.0,0.0]}
{"type":3,"rcvTime":25298.96941561006,"sendTime":25298.96930186143,"sender":2533,"messageID":6210813,"pos":[6053.740431679882,5379.070966217486,1.895],"pos_noise":[0.0,0.0,0.0],"spd":[-8.591768492354971,12.658222456507687,0.0],"spd_noise":[0.0,0.0,0.0],"RSSI":1.867079956182226e-8}
{"type":2,"rcvTime":25299.0,"pos":[5882.5994847304659,5199.21045477845,1.895],"noise":[0.0,0.0,0.0],"spd":[6.5662312297714549,12.233994420134592,0.0],"spd_noise":[0.0,0.0,0.0]}
{"type":3,"rcvTime":25299.019886061807,"sendTime":25299.01977509912,"sender":619,"messageID":6212363,"pos":[6134.1575215460429,5734.0893456754279,1.895],"pos_noise":[0.0,0.0,0.0],"spd":[14.400319276701172,0.738138724637174,0.0],"spd_noise":[0.0,0.0,0.0],"RSSI":2.0286195285699676e-9}
{"type":3,"rcvTime":25299.03187906475,"sendTime":25299.03176025222,"sender":2239,"messageID":6214185,"pos":[6085.652079996573,5598.385213101804,1.895],"pos_noise":[0.0,0.0,0.0],"spd":[-3.5879740686599648e-14,2.8663553587752027e-14,0.0],"spd_noise":[0.0,0.0,0.0],"RSSI":1.978830234695925e-9}
{"type":3,"rcvTime":25299.099149829282,"sendTime":25299.09903290933,