{"type":2,"rcvTime":25299.5,"pos":[6324.823425532998,5732.774185496505,1.895],"noise":[0.0,0.0,0.0],"spd":[-14.887036364524042,-0.9442911405554726,0.0],"spd_noise":[0.0,0.0,0.0]}
{"type":3,"rcvTime":25299.518766438894,"sendTime":25299.518649710666,"sender":1789,"messageID":6247803,"pos":[5784.559841551341,5705.368169728816,1.895],"pos_noise":[0.0,0.0,0.0],"spd":[6.1002692988273259,0.7034987981712606,0.0],"spd_noise":[0.0,0.0,0.0],"RSSI":1.7944307117440182e-9}
{"type":3,"rcvTime":25299.526144520452,"sendTime":25299.526027098484,"sender":2503,"messageID":6248215,"pos":[6098.311409543461,5798.129600154907,1.895],"pos_noise":[0.0,0.0,0.0],"spd":[0.27583926416886619,-5.504541765109794,0.0],"spd_noise":[0.0,0.0,0.0],"RSSI":4.416617002082488e-9}
{"type":3,"rcvTime":25299.580504701564,"sendTime":25299.580390007515,"sender":1675,"messageID":6252308,"pos":[6111.312053933853,5722.93517984071,1.895],"pos_noise":[0.0,0.0,0.0],"spd":[-0.0,-0.0,0.0],"spd_noise":[0.0,0.0,0.0],"RSSI":1.4703385525408659e-8}
{"type":2,"rcvTime":25299.6,"pos":[6323.336715001785,5732.678832603002,1.895],"noise":[0.0,0.0,0.0],"spd":[-14.868713305112449,-0.9464212022874526,0.0],"spd_noise":[0.0,0.0,0.0]}
{"type":3,"rcvTime":25299.647331996806,"sendTime":25299.647222079566,"sender":1339,"messageID":6255515,"pos":[6066.953108330957,5729.666045920358,1.895],"pos_noise":[0.0,0.0,0.0],"spd":[10.062948718899293,0.8708146382818274,0.0],"spd_noise":[0.0,0.0,0.0],"RSSI":5.655587753328647e-9}
{"type":3,"rcvTime":25299.673521001023,"sendTime":25299.673414370744,"sender":1237,"messageID":6256497,"pos":[6118.49045109458,5720.038173734048,1.895],"pos_noise":[0.0,0.0,0.0],"spd":[-4.5288076825986098e-14,-2.6103368288035789e-15,0.0],"spd_noise":[0.0,0.0,0.0],"RSSI":4.127281970644898e-9}
{"type":3,"rcvTime":25299.683070185623,"sendTime":25299.6829600296,"sender":2389,"messageID":6257181,"pos":[6097.562683261678,5747.256923840712,1.895],"pos_noise":[0.0,0.0,0.0],"spd":[0.07375472212987477,-1.471820734305085,0.0],"spd_noise":[0.0,0.0,0.0],"RSSI":2.6327965715672413e-8}
{"type":3,"rcvTime":25299.684013201022,"sendTime":25299.68389477599,"sender":2035,"messageID":6257981,"pos":[6100.539065728022,5753.675354153334,1.895],"pos_noise":[0.0,0.0,0.0],"spd":[0.000014190532584045482,-0.00028318078469892927,0.0],"spd_noise":[0.0,0.0,0.0],"RSSI":8.735270807436257e-9}
{"type":2,"rcvTime":25299.7,"pos":[6321.845394038868,5732.583184011045,1.895],"noise":[0.0,0.0,0.0],"spd":[-14.914612228825688,-0.9526555530127585,0.0],"spd_noise":[0.0,0.0,0.0]}
{"type":3,"rcvTime":25299.72494440876,"sendTime":25299.724827573074,"sender":2851,"messageID":6259586,"pos":[6131.276695538058,5822.221723443644,1.895],"pos_noise":[0.0,0.0,0.0],"spd":[-6.789323734089676,-0.683983583895716,0.0],"spd_noise":[0.0,0.0,0.0],"RSSI":5.246215648159004e-9}
{"type":3,"rcvTime":25299.72640757633,"sendTime":25299.726289417034,"sender":2635,"messageID":6259991,"pos":[6175.5110886283459,5826.678072839007,1.895],"pos_noise":[0.0,0.0,0.0],"spd":[-6.486063938726385,-0.6534319811428577,0.0],"spd_noise":[0.0,0.0,0.0],"RSSI":4.982756439899763e-9}
{"type":3,"rcvTime":25299.745441676347,"sendTime":25299.745334430598,"sender":163,"messageID":6262307,"pos":[6156.957971898211,5731.958354148151,1.895],"pos_noise":[0.0,0.0,0.0],"spd":[11.88691332969637,0.6091374449426846,0.0],"spd_noise":[0.0,0.0,0.0],"RSSI":5.510461467611959e-9}
{"type":3,"rcvTime":25299.747347146495,"sendTime":25299.74722872432,"sender":2449,"messageID":6263032,"pos":[6173.694459578246,5826.495058374391,1.895],"pos_noise":[0.0,0.0,0.0],"spd":[0.21823568859754534,-4.355027070369906,0.0],"spd_noise":[0.0,0.0,0.0],"RSSI":3.316282746075281e-9}
{"type":3,"rcvTime":25299.75164417549,"sendTime":25299.751527819782,"sender":307,"messageID":6263446,"pos":[6179.314542761736,5733.104002650478,1.895],"pos_noise":[0.0,0.0,0.0],"spd":[14.366732674998805,0.7362142375452454,0.0],"spd_noise":[0.0,0.0,0.0],"RSSI":1.3060389132126398e-9}
{"type":3,"rcvTime":25299.757631915712,"sendTime":25299.75752248233,"sender":1423,"messageID":6263845,"pos":[6068.492653093673,5726.485996176969,1.895],"pos_noise":[0.0,0.0,0.0],"spd":[5.100417205713579,0.44123168530570996,0.0],"spd_noise":[0.0,0.0,0.0],"RSSI":5.806060279074324e-9}
{"type":3,"rcvTime":25299.79048408838,"sendTime":25299.790373521857,"sender":301,"messageID":6265193,"pos":[6141.568897380407,5731.169750641774,1.895],"pos_noise":[0.0,0.0,0.0],"spd":[11.090766572929115,0.5683394019381095,0.0],"spd_noise":[0.0,0.0,0.0],"RSSI":2.4860163591604466e-9}
{"type":2,"rcvTime":25299.8,"pos":[6320.357870545485,5732.487778976729,1.895],"noise":[0.0,0.0,0.0],"spd":[-14.876423926888354,-0.953512309962957,0.0],"spd_noise":[0.0,0.0,0.0]}
{"type":3,"rcvTime":25299.855474674776,"sendTime":25299.85535641713,"sender":739,"messageID":6270629,"pos":[4643.572859627868,5838.5518642125939,1.895],"pos_noise":[0.0,0.0,0.0],"spd":[11.138187210962999,0.6487767338130125,0.0],"spd_noise":[0.0,0.0,0.0],"RSSI":3.70689998632117e-9}
{"type":3,"rcvTime":25299.857600676423,"sendTime":25299.85748449806,"sender":727,"messageID":6271052,"pos":[6117.544670964995,5729.90529670916,1.895],"pos_noise":[0.0,0.0,0.0],"spd":[6.04640170797282,0.3479214390621215,0.0],"spd_noise":[0.0,0.0,0.0],"RSSI":1.1880899395340242e-8}
{"type":3,"rcvTime":25299.87773255241,"sendTime":25299.87762687956,"sender":2959,"messageID":6271755,"pos":[6320.853033302244,5919.760088167317,1.895],"pos_noise":[0.0,0.0,0.0],"spd":[-3.5756974851971385,15.311320000711599,0.0],"spd_noise":[0.0,0.0,0.0],"RSSI":7.867826263862387e-9}
{"type":3,"rcvTime":25299.8888860649,"sendTime":25299.888771975413,"sender":2545,"messageID":6272065,"pos":[6097.678607001015,5810.757563162512,1.895],"pos_noise":[0.0,0.0,0.0],"spd":[0.2078488037133832,-5.89766375622562,0.0],"spd_noise":[0.0,0.0,0.0],"RSSI":4.928701792251527e-9}
{"type":2,"rcvTime":25299.899999999998,"pos":[6318.874305931267,5732.392627852354,1.895],"noise":[0.0,0.0,0.0],"spd":[-14.836792850528556,-0.9515847899854352,0.0],"spd_noise":[0.0,0.0,0.0]}
{"type":3,"rcvTime":25299.91124030393,"sendTime":25299.91112788464,"sender":1387,"messageID":6273412,"pos":[6093.750532911655,5728.4142050239329,1.895],"pos_noise":[0.0,0.0,0.0],"spd":[8.123089207633173,0.5559354039168969,0.0],"spd_noise":[0.0,0.0,0.0],"RSSI":1.6043445834116079e-8}
{"type":3,"rcvTime":25299.937592757695,"sendTime":25299.93748629941,"sender":2623,"messageID":6274845,"pos":[6302.753710599173,5737.979773767115,1.895],"pos_noise":[0.0,0.0,0.0],"spd":[-0.3552914647901786,-0.01988119276237427,0.0],"spd_noise":[0.0,0.0,0.0],"RSSI":2.7050800894503965e-8}
{"type":3,"rcvTime":25299.95719112491,"sendTime":25299.95707428567,"sender":2695,"messageID":6275934,"pos":[6116.803310316603,5820.763616821749,1.895],"pos_noise":[0.0,0.0,0.0],"spd":[-6.615693721819354,-0.6664914031254562,0.0],"spd_noise":[0.0,0.0,0.0],"RSSI":1.449696199449586e-9}
{"type":2,"rcvTime":25300.0,"pos":[6317.393341121782,5732.2976434712,1.895],"noise":[0.0,0.0,0.0],"spd":[-14.810792793702904,-0.9499172288847546,0.0],"spd_noise":[0.0,0.0,0.0]}
