{"type":2,"rcvTime":25299.6,"pos":[6324.8586047925359,5892.210587816943,1.895],"noise":[0.0,0.0,0.0],"spd":[-4.088139848457192,12.942381527361928,0.0],"spd_noise":[0.0,0.0,0.0]}
{"type":2,"rcvTime":25299.7,"pos":[6324.451705830375,5893.498763321347,1.895],"noise":[0.0,0.0,0.0],"spd":[-4.069144071856804,12.88224400827399,0.0],"spd_noise":[0.0,0.0,0.0]}
{"type":3,"rcvTime":25299.73338311316,"sendTime":25299.733271191828,"sender":2971,"messageID":6260787,"pos":[6321.845394038868,5732.583184011045,1.895],"pos_noise":[0.0,0.0,0.0],"spd":[-14.914612228825688,-0.9526555530127585,0.0],"spd_noise":[0.0,0.0,0.0],"RSSI":6.243248342556774e-9}
{"type":2,"rcvTime":25299.8,"pos":[6324.045246450567,5894.785547179986,1.895],"noise":[0.0,0.0,0.0],"spd":[-4.064748081485423,12.86832702238651,0.0],"spd_noise":[0.0,0.0,0.0]}
{"type":3,"rcvTime":25299.87773201172,"sendTime":25299.87762687956,"sender":2959,"messageID":6271755,"pos":[6320.853033302244,5919.760088167317,1.895],"pos_noise":[0.0,0.0,0.0],"spd":[-3.5756974851971385,15.311320000711599,0.0],"spd_noise":[0.0,0.0,0.0],"RSSI":1.8982107918902598e-7}
{"type":2,"rcvTime":25299.899999999998,"pos":[6323.638669776476,5896.0727023731219,1.895],"noise":[0.0,0.0,0.0],"spd":[-4.0659210688352849,12.872040508311308,0.0],"spd_noise":[0.0,0.0,0.0]}
{"type":2,"rcvTime":25300.0,"pos":[6323.259608248853,5897.3720973200829,1.895],"noise":[0.0,0.0,0.0],"spd":[-4.022735015384223,12.927495553219228,0.0],"spd_noise":[0.0,0.0,0.0]}
