{"type":2,"rcvTime":10897.4,"pos":[3645.3059329777686,5182.97772033023,1.895],"noise":[0.0,0.0,0.0],"spd":[-5.083106095545688,32.5857254743562,0.0],"spd_noise":[0.0,0.0,0.0]}
{"type":3,"rcvTime":10897.458386946852,"sendTime":10897.458278765436,"sender":127,"messageID":32734,"pos":[4149.077897962951,5295.554658466548,1.895],"pos_noise":[0.0,0.0,0.0],"spd":[14.439314359488192,3.0248366049531647,0.0],"spd_noise":[0.0,0.0,0.0],"RSSI":2.9288783246760868e-9}
{"type":2,"rcvTime":10897.5,"pos":[3644.7965405322026,5186.243228088268,1.895],"noise":[0.0,0.0,0.0],"spd":[-5.100044750232803,32.694312299269778,0.0],"spd_noise":[0.0,0.0,0.0]}
{"type":3,"rcvTime":10897.594358848048,"sendTime":10897.594250802089,"sender":205,"messageID":32784,"pos":[3627.4122529721646,5388.20587925112,1.895],"pos_noise":[0.0,0.0,0.0],"spd":[3.8262834662629956,-30.885073126179795,0.0],"spd_noise":[0.0,0.0,0.0],"RSSI":3.59691689934413e-9}
{"type":2,"rcvTime":10897.6,"pos":[3644.2891216571958,5189.49608408826,1.895],"noise":[0.0,0.0,0.0],"spd":[-5.080285332405898,32.56764270931737,0.0],"spd_noise":[0.0,0.0,0.0]}
{"type":2,"rcvTime":10897.699999999999,"pos":[3643.7812810062439,5192.751643922263,1.895],"noise":[0.0,0.0,0.0],"spd":[-5.084508159446596,32.59471353569384,0.0],"spd_noise":[0.0,0.0,0.0]}
{"type":2,"rcvTime":10897.8,"pos":[3643.272280233523,5196.014640825016,1.895],"noise":[0.0,0.0,0.0],"spd":[-5.09612331587605,32.66917357876837,0.0],"spd_noise":[0.0,0.0,0.0]}
{"type":3,"rcvTime":10897.839474955355,"sendTime":10897.839359519303,"sender":199,"messageID":32867,"pos":[3595.4654059308979,5907.686196787523,1.895],"pos_noise":[0.0,0.0,0.0],"spd":[7.064883557250036,-44.87806714207493,0.0],"spd_noise":[0.0,0.0,0.0],"RSSI":4.1498000660651166e-7}
{"type":2,"rcvTime":10897.9,"pos":[3642.7631290579467,5199.278601899294,1.895],"noise":[0.0,0.0,0.0],"spd":[-5.0976291515020029,32.67882687842967,0.0],"spd_noise":[0.0,0.0,0.0]}
{"type":3,"rcvTime":10897.996086694664,"sendTime":10897.995973472904,"sender":187,"messageID":32894,"pos":[3607.81603146844,6033.680538295759,1.895],"pos_noise":[0.0,0.0,0.0],"spd":[3.5031075712665578,-28.276455328390285,0.0],"spd_noise":[0.0,0.0,0.0],"RSSI":1.80335763715754e-9}
{"type":2,"rcvTime":10898.0,"pos":[3642.255649459171,5202.531847174666,1.895],"noise":[0.0,0.0,0.0],"spd":[-5.080893299682495,32.57154014021891,0.0],"spd_noise":[0.0,0.0,0.0]}
{"type":2,"rcvTime":10898.1,"pos":[3641.747988687628,5205.786253874949,1.895],"noise":[0.0,0.0,0.0],"spd":[-5.082707204122123,32.58316834372193,0.0],"spd_noise":[0.0,0.0,0.0]}
{"type":2,"rcvTime":10898.199999999999,"pos":[3641.2393734304375,5209.046779394458,1.895],"noise":[0.0,0.0,0.0],"spd":[-5.092263528646185,32.644430052927258,0.0],"spd_noise":[0.0,0.0,0.0]}
{"type":2,"rcvTime":10898.3,"pos":[3640.7300850011345,5212.311620346545,1.895],"noise":[0.0,0.0,0.0],"spd":[-5.099003337858431,32.68763622816305,0.0],"spd_noise":[0.0,0.0,0.0]}
{"type":2,"rcvTime":10898.4,"pos":[3640.22222276612,5215.567318547192,1.895],"noise":[0.0,0.0,0.0],"spd":[-5.084724259399577,32.59609886460203,0.0],"spd_noise":[0.0,0.0,0.0]}
{"type":2,"rcvTime":10898.5,"pos":[3639.7136059816327,5218.827853857579,1.895],"noise":[0.0,0.0,0.0],"spd":[-5.092278819961527,32.644528079329727,0.0],"spd_noise":[0.0,0.0,0.0]}
{"type":2,"rcvTime":10898.6,"pos":[3639.205671460125,5222.084015457533,1.895],"noise":[0.0,0.0,0.0],"spd":[-5.085447992849862,32.600738425358368,0.0],"spd_noise":[0.0,0.0,0.0]}
{"type":2,"rcvTime":10898.699999999999,"pos":[3638.697505003482,5225.341663899291,1.895],"noise":[0.0,0.0,0.0],"spd":[-5.087770130876758,32.61562470765028,0.0],"spd_noise":[0.0,0.0,0.0]}
{"type":2,"rcvTime":10898.8,"pos":[3638.189095077913,5228.600873121297,1.895],"noise":[0.0,0.0,0.0],"spd":[-5.090207745389718,32.631251262720869,0.0],"spd_noise":[0.0,0.0,0.0]}
{"type":2,"rcvTime":10898.9,"pos":[3637.680918939169,5231.8585836310689,1.895],"noise":[0.0,0.0,0.0],"spd":[-5.087867068221009,32.61624613352552,0.0],"spd_noise":[0.0,0.0,0.0]}
{"type":3,"rcvTime":10898.996087134425,"sendTime":10898.995973472904,"sender":187,"messageID":33109,"pos":[3607.81603146844,6033.680538295759,1.895],"pos_noise":[0.0,0.0,0.0],"spd":[4.433454318217146,-28.163168546932789,0.0],"spd_noise":[0.0,0.0,0.0],"RSSI":1.55685704630013e-8}
{"type":2,"rcvTime":10899.0,"pos":[3637.1717727167917,5235.1225129524,1.895],"noise":[0.0,0.0,0.0],"spd":[-5.097579559994923,32.6785089674506,0.0],"spd_noise":[0.0,0.0,0.0]}
{"type":3,"rcvTime":10899.032572408863,"sendTime":10899.0324659782,"sender":229,"messageID":33136,"pos":[3643.545296108022,5194.264447110909,1.895],"pos_noise":[0.0,0.0,0.0],"spd":[-5.120334528699325,32.824381815556098,0.0],"spd_noise":[0.0,0.0,0.0],"RSSI":1.1683916384575994e-7}
{"type":2,"rcvTime":10899.1,"pos":[3636.66431731373,5238.375603118891,1.895],"noise":[0.0,0.0,0.0],"spd":[-5.08065105183306,32.56998718779768,0.0],"spd_noise":[0.0,0.0,0.0]}
{"type":2,"rcvTime":10899.199999999999,"pos":[3636.154956505749,5241.640908061239,1.895],"noise":[0.0,0.0,0.0],"spd":[-5.099727994261233,32.692281705564479,0.0],"spd_noise":[0.0,0.0,0.0]}
{"type":2,"rcvTime":10899.3,"pos":[3635.647589825458,5244.89342946214,1.895],"noise":[0.0,0.0,0.0],"spd":[-5.079762758133747,32.564292698231188,0.0],"spd_noise":[0.0,0.0,0.0]}
{"type":2,"rcvTime":10899.4,"pos":[3635.1383896293325,5248.157704787218,1.895],"noise":[0.0,0.0,0.0],"spd":[-5.098119945971463,32.68197316212155,0.0],"spd_noise":[0.0,0.0,0.0]}
{"type":2,"rcvTime":10899.5,"pos":[3634.6294045117808,5251.420601331048,1.895],"noise":[0.0,0.0,0.0],"spd":[-5.0959665760888559,32.66816878372978,0.0],"spd_noise":[0.0,0.0,0.0]}
{"type":3,"rcvTime":10899.594362018363,"sendTime":10899.594250802089,"sender":205,"messageID":33308,"pos":[3634.980235237117,5327.11848524813,1.895],"pos_noise":[0.0,0.0,0.0],"spd":[3.756100960202442,-30.318572538612395,0.0],"spd_noise":[0.0,0.0,0.0],"RSSI":9.560976756598978e-9}
{"type":2,"rcvTime":10899.6,"pos":[3634.120921570997,5254.680278623895,1.895],"noise":[0.0,0.0,0.0],"spd":[-5.09093877480847,32.63593759495658,0.0],"spd_noise":[0.0,0.0,0.0]}
{"type":2,"rcvTime":10899.699999999999,"pos":[3633.611604812347,5257.9453011839,1.895],"noise":[0.0,0.0,0.0],"spd":[-5.09928697169824,32.689454489333588,0.0],"spd_noise":[0.0,0.0,0.0]}
{"type":2,"rcvTime":10899.8,"pos":[3633.103911691681,5261.199915261257,1.895],"noise":[0.0,0.0,0.0],"spd":[-5.083031084033756,32.58524460608105,0.0],"spd_noise":[0.0,0.0,0.0]}
{"type":2,"rcvTime":10899.9,"pos":[3632.5948024971078,5264.4636072123989,1.895],"noise":[0.0,0.0,0.0],"spd":[-5.097208837074013,32.67613241357912,0.0],"spd_noise":[0.0,0.0,0.0]}
{"type":3,"rcvTime":10899.996089102764,"sendTime":10899.995973472904,"sender":187,"messageID":33391,"pos":[3607.81603146844,6033.680538295759,1.895],"pos_noise":[0.0,0.0,0.0],"spd":[4.434869125368775,-28.172155997644098,0.0],"spd_noise":[0.0,0.0,0.0],"RSSI":6.023301844047143e-7}
{"type":2,"rcvTime":10900.0,"pos":[3632.0859725521179,5267.725509008059,1.895],"noise":[0.0,0.0,0.0],"spd":[-5.094412986090203,32.65820935024529,0.0],"spd_noise":[0.0,0.0,0.0]}
