{"type":2,"rcvTime":10899.9,"pos":[3645.296770866141,5183.036454900915,1.895],"noise":[0.0,0.0,0.0],"spd":[-5.1591688438304719,33.07333281284324,0.0],"spd_noise":[0.0,0.0,0.0]}
{"type":3,"rcvTime":10899.996089341876,"sendTime":10899.995973472904,"sender":187,"messageID":33391,"pos":[3607.81603146844,6033.680538295759,1.895],"pos_noise":[0.0,0.0,0.0],"spd":[4.434869125368775,-28.172155997644098,0.0],"spd_noise":[0.0,0.0,0.0],"RSSI":1.1750765654636013e-8}
{"type":2,"rcvTime":10900.0,"pos":[3644.782488824673,5186.333307869291,1.895],"noise":[0.0,0.0,0.0],"spd":[-5.148999457212502,33.00814101193508,0.0],"spd_noise":[0.0,0.0,0.0]}
