{"type":2,"rcvTime":25299.1,"pos":[6156.024789596521,5824.714945262438,1.895],"noise":[0.0,0.0,0.0],"spd":[-0.0,-0.0,0.0],"spd_noise":[0.0,0.0,0.0]}
{"type":3,"rcvTime":25299.14019483577,"sendTime":25299.140083164304,"sender":1789,"messageID":6015648,"pos":[5871.715080459919,5712.60941653691,1.895],"pos_noise":[0.0,0.0,0.0],"spd":[5.425901372408454,0.6257289485923052,0.0],"spd_noise":[0.0,0.0,0.0],"RSSI":9.062098637454707e-9}
{"type":3,"rcvTime":25299.154295059296,"sendTime":25299.15418200912,"sender":1759,"messageID":6017211,"pos":[6024.525355327596,5464.624105979655,1.895],"pos_noise":[0.0,0.0,0.0],"spd":[-5.483737168896114,-13.025602393626296,0.0],"spd_noise":[0.0,0.0,0.0],"RSSI":5.603890279041082e-9}
{"type":3,"rcvTime":25299.1657680705,"sendTime":25299.165657089834,"sender":2329,"messageID":6018149,"pos":[6101.23989767381,5739.689822660743,1.895],"pos_noise":[0.0,0.0,0.0],"spd":[2.3347803553693416e-15,-4.659197455899392e-14,0.0],"spd_noise":[0.0,0.0,0.0],"RSSI":4.7908512701916737e-8}
{"type":3,"rcvTime":25299.16872624111,"sendTime":25299.16861149729,"sender":1369,"messageID":6018549,"pos":[6167.180789932324,5739.0878195343489,1.895],"pos_noise":[0.0,0.0,0.0],"spd":[14.635102905074014,0.7490354055058013,0.0],"spd_noise":[0.0,0.0,0.0],"RSSI":4.0044894180116588e-8}
{"type":3,"rcvTime":25299.191730337967,"sendTime":25299.191620842226,"sender":1717,"messageID":6020497,"pos":[6140.2512884293359,5737.709547703313,1.895],"pos_noise":[0.0,0.0,0.0],"spd":[13.942429902880809,0.713583888257822,0.0],"spd_noise":[0.0,0.0,0.0],"RSSI":9.367541576227345e-9}
{"type":2,"rcvTime":25299.2,"pos":[6155.999150249667,5824.712362252254,1.895],"noise":[0.0,0.0,0.0],"spd":[-0.2564089560707748,-0.025831662119106086,0.0],"spd_noise":[0.0,0.0,0.0]}
{"type":3,"rcvTime":25299.22098766828,"sendTime":25299.220881219022,"sender":211,"messageID":6022921,"pos":[6078.530779340574,5727.292925833469,1.895],"pos_noise":[0.0,0.0,0.0],"spd":[3.892400893870972,0.3019105821531778,0.0],"spd_noise":[0.0,0.0,0.0],"RSSI":3.6377679132443034e-9}
{"type":3,"rcvTime":25299.259983641008,"sendTime":25299.25986758503,"sender":2005,"messageID":6024927,"pos":[5785.388109905935,5702.121146839644,1.895],"pos_noise":[0.0,0.0,0.0],"spd":[14.149790214942794,1.289729548802105,0.0],"spd_noise":[0.0,0.0,0.0],"RSSI":8.508379542385591e-9}
{"type":3,"rcvTime":25299.26035465506,"sendTime":25299.260247514583,"sender":1201,"messageID":6025289,"pos":[5043.478850601241,10488.520047743805,1.895],"pos_noise":[0.0,0.0,0.0],"spd":[11.520180429981755,1.1591288411717833,0.0],"spd_noise":[0.0,0.0,0.0],"RSSI":1.0474208242589347e-8}
{"type":3,"rcvTime":25299.297528656567,"sendTime":25299.297412230862,"sender":2827,"messageID":6027343,"pos":[6112.749035700439,5820.355173007509,1.895],"pos_noise":[0.0,0.0,0.0],"spd":[-12.249681669026831,-1.2340818463985122,0.0],"spd_noise":[0.0,0.0,0.0],"RSSI":1.8712594478414736e-7}
{"type":2,"rcvTime":25299.3,"pos":[6155.94772261717,5824.707181227197,1.895],"noise":[0.0,0.0,0.0],"spd":[-0.5143073899885482,-0.05181338018425698,0.0],"spd_noise":[0.0,0.0,0.0]}
{"type":3,"rcvTime":25299.310289250065,"sendTime":25299.310174942017,"sender":679,"messageID":6028126,"pos":[1227.7660070825369,3192.844638717361,1.895],"pos_noise":[0.0,0.0,0.0],"spd":[2.5880024865097295,-8.058476393369489,0.0],"spd_noise":[0.0,0.0,0.0],"RSSI":2.0206586396700299e-8}
{"type":3,"rcvTime":25299.33750526451,"sendTime":25299.33739219899,"sender":2389,"messageID":6028819,"pos":[6100.475244351777,5754.948948875634,1.895],"pos_noise":[0.0,0.0,0.0],"spd":[0.021566347925569316,-0.430369705470087,0.0],"spd_noise":[0.0,0.0,0.0],"RSSI":8.120175551622958e-9}
{"type":3,"rcvTime":25299.37820381468,"sendTime":25299.37809452922,"sender":2773,"messageID":6031258,"pos":[6127.59103083974,5821.850414864451,1.895],"pos_noise":[0.0,0.0,0.0],"spd":[-11.599869723722126,-1.168617196217078,0.0],"spd_noise":[0.0,0.0,0.0],"RSSI":3.953053425734431e-7}
{"type":2,"rcvTime":25299.399999999998,"pos":[6155.874210103606,5824.699775283032,1.895],"noise":[0.0,0.0,0.0],"spd":[-0.7351695411154333,-0.07406391522888258,0.0],"spd_noise":[0.0,0.0,0.0]}
{"type":3,"rcvTime":25299.40642851966,"sendTime":25299.40631312658,"sender":1489,"messageID":6032703,"pos":[6014.215980666095,5448.637052312664,1.895],"pos_noise":[0.0,0.0,0.0],"spd":[-5.349572548460277,-12.70691917682688,0.0],"spd_noise":[0.0,0.0,0.0],"RSSI":5.557241002279564e-9}
{"type":3,"rcvTime":25299.43554269199,"sendTime":25299.435432571823,"sender":2011,"messageID":6035484,"pos":[5864.238260454497,5806.925727974114,1.895],"pos_noise":[0.0,0.0,0.0],"spd":[-15.180638830200813,-0.05152395252956751,0.0],"spd_noise":[0.0,0.0,0.0],"RSSI":2.3626726611081855e-9}
{"type":3,"rcvTime":25299.446898692102,"sendTime":25299.446790336213,"sender":2545,"messageID":6037387,"pos":[5957.086954576502,5810.54126662324,1.895],"pos_noise":[0.0,0.0,0.0],"spd":[-15.362838806874047,-0.05224367419873636,0.0],"spd_noise":[0.0,0.0,0.0],"RSSI":1.6782240849763875e-9}
{"type":3,"rcvTime":25299.469882771693,"sendTime":25299.469773093424,"sender":2575,"messageID":6038057,"pos":[13012.104470124468,5751.93997239694,1.895],"pos_noise":[0.0,0.0,0.0],"spd":[0.36643443953868756,-7.31242407675742,0.0],"spd_noise":[0.0,0.0,0.0],"RSSI":8.841565384325736e-9}
{"type":3,"rcvTime":25299.482344476986,"sendTime":25299.482237440767,"sender":1909,"messageID":6039174,"pos":[6097.012299493439,5656.049787757756,1.895],"pos_noise":[0.0,0.0,0.0],"spd":[-0.9044371593488885,-13.187539659779113,0.0],"spd_noise":[0.0,0.0,0.0],"RSSI":1.979067827991765e-9}
{"type":3,"rcvTime":25299.484978675173,"sendTime":25299.484861658097,"sender":1969,"messageID":6039863,"pos":[5882.569607472344,5810.2878590302,1.895],"pos_noise":[0.0,0.0,0.0],"spd":[-13.482565240837462,-0.0458495174422872,0.0],"spd_noise":[0.0,0.0,0.0],"RSSI":1.2253279090335719e-8}
{"type":2,"rcvTime":25299.5,"pos":[6155.775576263018,5824.68983851607,1.895],"noise":[0.0,0.0,0.0],"spd":[-0.9863979859630826,-0.0993736719605292,0.0],"spd_noise":[0.0,0.0,0.0]}
{"type":3,"rcvTime":25299.506201782136,"sendTime":25299.506094112712,"sender":2467,"messageID":6040531,"pos":[6100.075731414967,5762.921474661649,1.895],"pos_noise":[0.0,0.0,0.0],"spd":[0.05078495132650639,-1.0134448641981227,0.0],"spd_noise":[0.0,0.0,0.0],"RSSI":3.809742630532283e-9}
{"type":3,"rcvTime":25299.525137874174,"sendTime":25299.525020093886,"sender":1819,"messageID":6041612,"pos":[9878.636148730293,2767.584019806236,1.895],"pos_noise":[0.0,0.0,0.0],"spd":[12.157897030793392,1.5500044301583263,0.0],"spd_noise":[0.0,0.0,0.0],"RSSI":7.506702073800833e-9}
{"type":3,"rcvTime":25299.54637398958,"sendTime":25299.54626678359,"sender":2953,"messageID":6044256,"pos":[6172.452016187717,5829.692093583811,1.895],"pos_noise":[0.0,0.0,0.0],"spd":[-2.453323315907539,-0.24742663198239399,0.0],"spd_noise":[0.0,0.0,0.0],"RSSI":9.591538927026968e-8}
{"type":3,"rcvTime":25299.584641147907,"sendTime":25299.58452441548,"sender":1627,"messageID":6046974,"pos":[6022.355105485867,5712.5643483747739,1.895],"pos_noise":[0.0,0.0,0.0],"spd":[-13.974278409953215,-1.2092152570517463,0.0],"spd_noise":[0.0,0.0,0.0],"RSSI":2.1323722177671714e-9}
{"type":2,"rcvTime":25299.6,"pos":[6155.657184543946,5824.677911261532,1.895],"noise":[0.0,0.0,0.0],"spd":[-1.1839887056187873,-0.11927975007214753,0.0],"spd_noise":[0.0,0.0,0.0]}
{"type":3,"rcvTime":25299.6144573306,"sendTime":25299.614339224296,"sender":943,"messageID":6049629,"pos":[6037.522625639387,5822.735749728311,1.895],"pos_noise":[0.0,0.0,0.0],"spd":[13.509851933728824,1.3599980389325957,0.0],"spd_noise":[0.0,0.0,0.0],"RSSI":3.022587317537067e-8}
{"type":3,"rcvTime":25299.656877709,"sendTime":25299.656763117575,"sender":2515,"messageID":6051575,"pos":[6097.266457368461,5753.168293297282,1.895],"pos_noise":[0.0,0.0,0.0],"spd":[0.26162956177583876,-5.220978435116465,0.0],"spd_noise":[0.0,0.0,0.0],"RSSI":3.234286636928933e-8}
{"type":3,"rcvTime":25299.66906618458,"sendTime":25299.668953020962,"sender":2089,"messageID":6053326,