{"type":2,"rcvTime":25200.0,"pos":[6310.557209245307,5745.082774269363,1.895],"noise":[0.0,0.0,0.0],"spd":[12.967958672840075,0.8326137189618155,0.0],"spd_noise":[0.0,0.0,0.0]}
{"type":3,"rcvTime":25200.000163698438,"sendTime":25200.000055350363,"sender":205,"messageID":1108,"pos":[6101.23989767381,5739.689822660743,1.895],"pos_noise":[0.0,0.0,0.0],"spd":[2.3851478574791589e-15,-4.759708896798594e-14,0.0],"spd_noise":[0.0,0.0,0.0],"RSSI":1.5683886865648959e-8}
{"type":3,"rcvTime":25200.008622003545,"sendTime":25200.008511588207,"sender":493,"messageID":1738,"pos":[5907.833897996257,5707.0851487409649,1.895],"pos_noise":[0.0,0.0,0.0],"spd":[-13.728974600515503,-1.750565828635771,0.0],"spd_noise":[0.0,0.0,0.0],"RSSI":1.7773940528373446e-9}
{"type":3,"rcvTime":25200.03247100531,"sendTime":25200.032356234035,"sender":937,"messageID":3985,"pos":[6091.062035233719,5714.0174156660709,1.895],"pos_noise":[0.0,0.0,0.0],"spd":[3.170168782331e-15,4.6298399029894518e-14,0.0],"spd_noise":[0.0,0.0,0.0],"RSSI":1.3412558468964115e-9}
{"type":3,"rcvTime":25200.05128866489,"sendTime":25200.051170434566,"sender":853,"messageID":5264,"pos":[5900.1075745343919,5816.947552864065,1.895],"pos_noise":[0.0,0.0,0.0],"spd":[14.284509980314676,0.04877297673012305,0.0],"spd_noise":[0.0,0.0,0.0],"RSSI":4.468817747295896e-9}
{"type":2,"rcvTime":25200.1,"pos":[6311.835139892691,5745.164824391185,1.895],"noise":[0.0,0.0,0.0],"spd":[12.779802460567245,0.8205330632780263,0.0],"spd_noise":[0.0,0.0,0.0]}
{"type":2,"rcvTime":25200.2,"pos":[6313.085211834672,5745.245085832083,1.895],"noise":[0.0,0.0,0.0],"spd":[12.501204594106627,0.8026455598136233,0.0],"spd_noise":[0.0,0.0,0.0]}
{"type":3,"rcvTime":25200.235942877116,"sendTime":25200.23583422345,"sender":943,"messageID":12073,"pos":[6082.349449168263,5827.248337459835,1.895],"pos_noise":[0.0,0.0,0.0],"spd":[0.5854467178355401,0.05893524163414722,0.0],"spd_noise":[0.0,0.0,0.0],"RSSI":6.9753057338760279e-9}
{"type":3,"rcvTime":25200.24080518825,"sendTime":25200.24069597921,"sender":1201,"messageID":12415,"pos":[6092.672865690427,5689.270382461804,1.895],"pos_noise":[0.0,0.0,0.0],"spd":[0.7798773353239468,11.391323045462363,0.0],"spd_noise":[0.0,0.0,0.0],"RSSI":9.148973833135797e-9}
{"type":3,"rcvTime":25200.266807574,"sendTime":25200.26669687568,"sender":577,"messageID":14561,"pos":[6119.694598471059,5821.054896735834,1.895],"pos_noise":[0.0,0.0,0.0],"spd":[-0.0,-0.0,0.0],"spd_noise":[0.0,0.0,0.0],"RSSI":1.723115432439734e-9}
{"type":2,"rcvTime":25200.3,"pos":[6314.307143886562,5745.323540538464,1.895],"noise":[0.0,0.0,0.0],"spd":[12.219794771614957,0.7845775134257288,0.0],"spd_noise":[0.0,0.0,0.0]}
{"type":3,"rcvTime":25200.34562260424,"sendTime":25200.345505659236,"sender":883,"messageID":19277,"pos":[6013.815662598298,5721.755947694526,1.895],"pos_noise":[0.0,0.0,0.0],"spd":[14.018451170569156,1.2127213492322669,0.0],"spd_noise":[0.0,0.0,0.0],"RSSI":2.40101592050858e-9}
{"type":3,"rcvTime":25200.359222238,"sendTime":25200.359110657126,"sender":805,"messageID":20325,"pos":[6133.554506482018,5822.451199213825,1.895],"pos_noise":[0.0,0.0,0.0],"spd":[-1.2612904573600317,-0.127067437221592,0.0],"spd_noise":[0.0,0.0,0.0],"RSSI":9.595126626871346e-9}
{"type":3,"rcvTime":25200.36802574181,"sendTime":25200.367917491123,"sender":847,"messageID":21638,"pos":[6113.699312168839,5820.450907653551,1.895],"pos_noise":[0.0,0.0,0.0],"spd":[-0.2487171423249738,-0.02505675808758923,0.0],"spd_noise":[0.0,0.0,0.0],"RSSI":7.893834697704577e-9}
{"type":2,"rcvTime":25200.399999999998,"pos":[6315.500876175358,5745.400184666156,1.895],"noise":[0.0,0.0,0.0],"spd":[11.937786195866398,0.766471023810928,0.0],"spd_noise":[0.0,0.0,0.0]}
{"type":3,"rcvTime":25200.40917056482,"sendTime":25200.409054094227,"sender":391,"messageID":24042,"pos":[6065.831741662514,5732.882224706585,1.895],"pos_noise":[0.0,0.0,0.0],"spd":[7.561287892938681,0.6545388978548885,0.0],"spd_noise":[0.0,0.0,0.0],"RSSI":7.731079832733758e-9}
{"type":3,"rcvTime":25200.446500567956,"sendTime":25200.44639441464,"sender":535,"messageID":27224,"pos":[6086.543494609845,5727.914424902431,1.895],"pos_noise":[0.0,0.0,0.0],"spd":[1.120168576130955,0.08688487032798455,0.0],"spd_noise":[0.0,0.0,0.0],"RSSI":3.3093540770023889e-9}
{"type":3,"rcvTime":25200.458625276617,"sendTime":25200.458514553728,"sender":301,"messageID":28473,"pos":[5832.019874279704,5698.980365670065,1.895],"pos_noise":[0.0,0.0,0.0],"spd":[-13.411326294269447,-0.9995354898532403,0.0],"spd_noise":[0.0,0.0,0.0],"RSSI":2.674796999297745e-9}
{"type":3,"rcvTime":25200.47539663648,"sendTime":25200.47528944444,"sender":325,"messageID":30360,"pos":[6069.652025682988,5729.899601392348,1.895],"pos_noise":[0.0,0.0,0.0],"spd":[2.177461139241799,0.18843035846728327,0.0],"spd_noise":[0.0,0.0,0.0],"RSSI":1.391268951308668e-8}
{"type":2,"rcvTime":25200.5,"pos":[6316.666527997527,5745.475025874642,1.895],"noise":[0.0,0.0,0.0],"spd":[11.65697063108803,0.7484411320113706,0.0],"spd_noise":[0.0,0.0,0.0]}
{"type":3,"rcvTime":25200.530646634357,"sendTime":25200.530537214596,"sender":487,"messageID":32641,"pos":[5963.391582622219,5720.704170522895,1.895],"pos_noise":[0.0,0.0,0.0],"spd":[13.641129725365543,1.3869456000851595,0.0],"spd_noise":[0.0,0.0,0.0],"RSSI":2.7371285639258889e-9}
{"type":3,"rcvTime":25200.58553975541,"sendTime":25200.585432071937,"sender":685,"messageID":35442,"pos":[6283.311699744778,5685.544059493037,1.895],"pos_noise":[0.0,0.0,0.0],"spd":[2.95143392189489,11.818402785950763,0.0],"spd_noise":[0.0,0.0,0.0],"RSSI":2.7406788625869334e-8}
{"type":2,"rcvTime":25200.6,"pos":[6317.803937085103,5745.548053745433,1.895],"noise":[0.0,0.0,0.0],"spd":[11.374532323670574,0.7303070512803983,0.0],"spd_noise":[0.0,0.0,0.0]}
{"type":3,"rcvTime":25200.60032078003,"sendTime":25200.60021286551,"sender":799,"messageID":36642,"pos":[6125.645711242551,5821.654435600238,1.895],"pos_noise":[0.0,0.0,0.0],"spd":[-0.42943854135840228,-0.043263353477520718,0.0],"spd_noise":[0.0,0.0,0.0],"RSSI":6.280245697966094e-9}
{"type":3,"rcvTime":25200.611859223678,"sendTime":25200.611748417607,"sender":445,"messageID":37540,"pos":[6080.218518716351,5730.73433745335,1.895],"pos_noise":[0.0,0.0,0.0],"spd":[0.4377646802241757,0.03393307258623761,0.0],"spd_noise":[0.0,0.0,0.0],"RSSI":5.596673756375843e-9}
{"type":2,"rcvTime":25200.7,"pos":[6318.913292456938,5745.619280414571,1.895],"noise":[0.0,0.0,0.0],"spd":[11.093984278133116,0.7122943356741402,0.0],"spd_noise":[0.0,0.0,0.0]}
{"type":3,"rcvTime":25200.72633737776,"sendTime":25200.726227186387,"sender":757,"messageID":45243,"pos":[6081.035079710472,5727.487169644211,1.895],"pos_noise":[0.0,0.0,0.0],"spd":[0.5612670244081566,0.043534173046982,0.0],"spd_noise":[0.0,0.0,0.0],"RSSI":3.483667776657811e-9}
{"type":3,"rcvTime":25200.784839170432,"sendTime":25200.784730568528,"sender":889,"messageID":49069,"pos":[6074.994735931127,5727.018655799788,1.895],"pos_noise":[0.0,0.0,0.0],"spd":[0.431354620274119,0.03444779118821325,0.0],"spd_noise":[0.0,0.0,0.0],"RSSI":4.035070295500729e-9}
{"type":3,"rcvTime":25200.794414176653,"sendTime":25200.79430566984,"sender":1297,"messageID":49979,"pos":[6105.719074679623,5719.302050750981,1.895],"pos_noise":[0.0,0.0,0.0],"spd":[-1.9512429103976328,-0.11246671503679863,0.0],"spd_noise":[0.0,0.0,0.0],"RSSI":1.929332218807783e-8}
{"type":2,"rcvTime":25200.8,"pos":[6319.994766524213,5745.688716951797,1.895],"noise":[0.0,0.0,0.0],"spd":[10.815160411329261,0.6943923217560081,0.0],"spd_noise":[0.0,0.0,0.0]}
{"type":3,"rcvTime":25200.82222854265,"sendTime":25200.822117734933,"sender":271,"messageID":51283,"pos":[6114.872408069669,5823.884979448003,1.895],"pos_noise":[0.0,0.0,0.0],"spd":[-1.6412626356139704,-0.1655273414210459,0.0],"spd_noise":[0.0,0.0,0.0],"RSSI":2.6473082109987427e-9}
{"type":3,"rcvTime":25200.840539902536,"sendTime":25200.84042853536,"sender":229,"messageID":51638,"pos":[6086.571656585842,5734.536193504087,1.895],"pos_noise":[0.0,0.0,0.0],"spd":[1.7847560726337808,0.1381672967298597,0.0],