{"type":2,"rcvTime":25263.5,"pos":[2685.316573867507,5180.177794003849,1.895],"noise":[0.0,0.0,0.0],"spd":[-11.867836202601997,7.034117479266303,0.0],"spd_noise":[0.0,0.0,0.0]}
{"type":3,"rcvTime":25263.588927382913,"sendTime":25263.588811703725,"sender":781,"messageID":4160803,"pos":[2754.8523725690367,5463.0423461191,1.895],"pos_noise":[0.0,0.0,0.0],"spd":[-0.0,0.0,0.0],"spd_noise":[0.0,0.0,0.0],"RSSI":8.120555158033165e-9}
{"type":2,"rcvTime":25263.6,"pos":[2684.1334181956738,5180.879055451165,1.895],"noise":[0.0,0.0,0.0],"spd":[-11.831652968610099,7.012671521105883,0.0],"spd_noise":[0.0,0.0,0.0]}
{"type":3,"rcvTime":25263.673366599054,"sendTime":25263.673254834208,"sender":1789,"messageID":4166218,"pos":[2743.5948766953567,5476.105587331986,1.895],"pos_noise":[0.0,0.0,0.0],"spd":[0.0,-0.0,0.0],"spd_noise":[0.0,0.0,0.0],"RSSI":4.760148409593287e-9}
{"type":2,"rcvTime":25263.7,"pos":[2682.949007745615,5181.581060610923,1.895],"noise":[0.0,0.0,0.0],"spd":[-11.844200852943907,7.02010870603273,0.0],"spd_noise":[0.0,0.0,0.0]}
{"type":2,"rcvTime":25263.8,"pos":[2681.7717970476257,5182.278798446712,1.895],"noise":[0.0,0.0,0.0],"spd":[-11.772202746544256,6.977435119200703,0.0],"spd_noise":[0.0,0.0,0.0]}
{"type":2,"rcvTime":25263.899999999998,"pos":[2680.589813036248,5182.9793654458439,1.895],"noise":[0.0,0.0,0.0],"spd":[-11.81993626874153,7.005726982778853,0.0],"spd_noise":[0.0,0.0,0.0]}
{"type":3,"rcvTime":25263.904553581393,"sendTime":25263.90443975595,"sender":1093,"messageID":4182290,"pos":[2755.8770404517438,5466.192501222908,1.895],"pos_noise":[0.0,0.0,0.0],"spd":[-0.4183402336254203,0.10226094599730547,0.0],"spd_noise":[0.0,0.0,0.0],"RSSI":8.106138885515784e-9}
{"type":2,"rcvTime":25264.0,"pos":[2679.40499134333,5183.68161435101,1.895],"noise":[0.0,0.0,0.0],"spd":[-11.848313314986875,7.022546179942263,0.0],"spd_noise":[0.0,0.0,0.0]}
{"type":2,"rcvTime":25264.1,"pos":[2678.2209825204897,5184.3833814645909,1.895],"noise":[0.0,0.0,0.0],"spd":[-11.840184548088813,7.017728224895833,0.0],"spd_noise":[0.0,0.0,0.0]}
{"type":3,"rcvTime":25264.119655917864,"sendTime":25264.119539681917,"sender":2029,"messageID":4200497,"pos":[2710.1037580126278,5485.32183650277,1.895],"pos_noise":[0.0,0.0,0.0],"spd":[12.12507175656832,-3.3366363059037216,0.0],"spd_noise":[0.0,0.0,0.0],"RSSI":1.2174599498127488e-8}
{"type":2,"rcvTime":25264.2,"pos":[2677.0424121698385,5185.0819251723519,1.895],"noise":[0.0,0.0,0.0],"spd":[-11.785799383773215,6.9854939044719839,0.0],"spd_noise":[0.0,0.0,0.0]}
{"type":3,"rcvTime":25264.266784031664,"sendTime":25264.266676552827,"sender":1657,"messageID":4208542,"pos":[2744.4758020361998,5479.295160278009,1.895],"pos_noise":[0.0,0.0,0.0],"spd":[0.0,-0.0,0.0],"spd_noise":[0.0,0.0,0.0],"RSSI":1.2164119928423257e-8}
{"type":2,"rcvTime":25264.3,"pos":[2675.8614790589856,5185.781869298229,1.895],"noise":[0.0,0.0,0.0],"spd":[-11.809427178001047,6.9994981995687939,0.0],"spd_noise":[0.0,0.0,0.0]}
{"type":2,"rcvTime":25264.399999999998,"pos":[2674.6731308020396,5186.486208413039,1.895],"noise":[0.0,0.0,0.0],"spd":[-11.883579242157296,7.043448446415278,0.0],"spd_noise":[0.0,0.0,0.0]}
{"type":3,"rcvTime":25264.437923046677,"sendTime":25264.437814252917,"sender":721,"messageID":4218849,"pos":[2754.0700849399806,5459.842522534191,1.895],"pos_noise":[0.0,0.0,0.0],"spd":[-0.0,0.0,0.0],"spd_noise":[0.0,0.0,0.0],"RSSI":6.664121624750812e-9}
{"type":3,"rcvTime":25264.447966137006,"sendTime":25264.447854163824,"sender":1807,"messageID":4220441,"pos":[2742.7138937767897,5472.925796457284,1.895],"pos_noise":[0.0,0.0,0.0],"spd":[0.0,-0.0,0.0],"spd_noise":[0.0,0.0,0.0],"RSSI":3.606792612934264e-9}
{"type":2,"rcvTime":25264.5,"pos":[2673.4906153762169,5187.187090383794,1.895],"noise":[0.0,0.0,0.0],"spd":[-11.825250456421367,7.0088767246384269,0.0],"spd_noise":[0.0,0.0,0.0]}
{"type":3,"rcvTime":25264.58891916652,"sendTime":25264.588811703725,"sender":781,"messageID":4228204,"pos":[2754.8523725690367,5463.0423461191,1.895],"pos_noise":[0.0,0.0,0.0],"spd":[-0.0,0.0,0.0],"spd_noise":[0.0,0.0,0.0],"RSSI":4.2247214936939918e-9}
{"type":2,"rcvTime":25264.6,"pos":[2672.3019719463657,5187.8916044488519,1.895],"noise":[0.0,0.0,0.0],"spd":[-11.886530995223943,7.045197963130305,0.0],"spd_noise":[0.0,0.0,0.0]}
{"type":3,"rcvTime":25264.673361255056,"sendTime":25264.673254834208,"sender":1789,"messageID":4233637,"pos":[2743.5948766953567,5476.105587331986,1.895],"pos_noise":[0.0,0.0,0.0],"spd":[0.0,-0.0,0.0],"spd_noise":[0.0,0.0,0.0],"RSSI":3.114767320227412e-9}
{"type":2,"rcvTime":25264.7,"pos":[2671.1169783250477,5188.593955256719,1.895],"noise":[0.0,0.0,0.0],"spd":[-11.850032612979693,7.023565215245489,0.0],"spd_noise":[0.0,0.0,0.0]}
{"type":2,"rcvTime":25264.8,"pos":[2669.9353139132356,5189.294332827816,1.895],"noise":[0.0,0.0,0.0],"spd":[-11.81674024708337,7.003832687019884,0.0],"spd_noise":[0.0,0.0,0.0]}
{"type":2,"rcvTime":25264.899999999998,"pos":[2668.746593968453,5189.998892243602,1.895],"noise":[0.0,0.0,0.0],"spd":[-11.887296150757653,7.045651474103583,0.0],"spd_noise":[0.0,0.0,0.0]}
{"type":3,"rcvTime":25264.904556188085,"sendTime":25264.90443975595,"sender":1093,"messageID":4249227,"pos":[2755.634570036896,5466.25177176876,1.895],"pos_noise":[0.0,0.0,0.0],"spd":[-1.2237569337488122e-8,2.9914058380543107e-9,0.0],"spd_noise":[0.0,0.0,0.0],"RSSI":1.9087220529184235e-9}
{"type":2,"rcvTime":25265.0,"pos":[2667.5648148405946,5190.699337807392,1.895],"noise":[0.0,0.0,0.0],"spd":[-11.817887416884279,7.004512619484216,0.0],"spd_noise":[0.0,0.0,0.0]}
{"type":2,"rcvTime":25265.1,"pos":[2666.3755543362037,5191.40421761518,1.895],"noise":[0.0,0.0,0.0],"spd":[-11.892701790814967,7.048855420178054,0.0],"spd_noise":[0.0,0.0,0.0]}
{"type":2,"rcvTime":25265.2,"pos":[2665.1967721970124,5192.1028868509179,1.895],"noise":[0.0,0.0,0.0],"spd":[-11.787917286402049,6.986749194454635,0.0],"spd_noise":[0.0,0.0,0.0]}
{"type":3,"rcvTime":25265.266789431655,"sendTime":25265.266676552827,"sender":1657,"messageID":4274834,"pos":[2744.4758020361998,5479.295160278009,1.895],"pos_noise":[0.0,0.0,0.0],"spd":[0.0,-0.0,0.0],"spd_noise":[0.0,0.0,0.0],"RSSI":1.1370318937293007e-8}
{"type":2,"rcvTime":25265.3,"pos":[2664.0180316902039,5192.801531410963,1.895],"noise":[0.0,0.0,0.0],"spd":[-11.787500959191459,6.986502435529978,0.0],"spd_noise":[0.0,0.0,0.0]}
{"type":2,"rcvTime":25265.399999999998,"pos":[2662.8701806123347,5192.097394039232,1.895],"noise":[0.0,0.0,0.0],"spd":[-13.418082887189599,3.1077630325996798,0.0],"spd_noise":[0.0,0.0,0.0]}
{"type":3,"rcvTime":25265.437928453695,"sendTime":25265.437814252917,"sender":721,"messageID":4285368,"pos":[2754.0700849399806,5459.842522534191,1.895],"pos_noise":[0.0,0.0,0.0],"spd":[-0.0,0.0,0.0],"spd_noise":[0.0,0.0,0.0],"RSSI":3.6618474228491615e-9}
{"type":3,"rcvTime":25265.447971541864,"sendTime":25265.447854163824,"sender":1807,"messageID":4286936,"pos":[2742.7138937767897,5472.925796457284,1.895],"pos_noise":[0.0,0.0,0.0],"spd":[0.0,-0.0,0.0],"spd_noise":[0.0,0.0,0.0],"RSSI":1.2565766638867384e-8}
{"type":2,"rcvTime":25265.5,"pos":[2661.728621446439,5191.336984594842,1.895],"noise":[0.0,0.0,0.0],"spd":[-13.563440155112847,-2.043070588569847,0.0],"spd_noise":[0.0,0.0,0.0]}
{"type":3,"rcvTime":25265.58892457827,"sendTime":25265.588811703725,"sender":781,"messageID":4294949,"pos":[2754.8523725690367,5463.0423461191,1.895],"pos_noise":[0.0,0.0,0.0],"spd":[-0.0,0.0,0.0],"spd_noise":[0.0,0.0,0.0],"RSSI":4.762602482476618e-9}
{"type":2,"rcvTime":25265.6,"pos":[2660.589501611966,5190.57820002519,1.895],"noise":[0.0,0.0,0.0],"spd":[-12.04419495409355,-6.501939550505834,0.0],"spd_noise":[0.0,0.0,0.0]}
{"type":3,"rcvTime":25265.673366669576,"sendTime":25265.673254834208,"sender":1789,"messageID":4300492,"pos":[2743.5948766953567,5476.105587331986,1.895],"pos_noise":[0.0,0.0,0.0],"spd":[0.0,-0.0,0.0],"spd_noise":[0.0,0.0,0.0],"RSSI":2.447800345205585e-9}
{"type":2,"rcvTime":25265.7,"pos":[2659.446079750277,5189.816549811581,1.895],"noise":[0.0,0.0,0.0],