{"type":2,"rcvTime":25299.6,"pos":[3606.1288489664768,6076.705284307288,1.895],"noise":[0.0,0.0,0.0],"spd":[-3.9875261842874538,-34.60133075920871,0.0],"spd_noise":[0.0,0.0,0.0]}
{"type":3,"rcvTime":25299.633688567843,"sendTime":25299.633573952084,"sender":3007,"messageID":6505824,"pos":[3597.762985156396,6001.447951829679,1.895],"pos_noise":[0.0,0.0,0.0],"spd":[-1.293443573207416,-33.10786781585008,0.0],"spd_noise":[0.0,0.0,0.0],"RSSI":5.510188804945822e-9}
{"type":3,"rcvTime":25299.6409382524,"sendTime":25299.64082752145,"sender":2821,"messageID":6506105,"pos":[3601.941219739956,5649.356149477839,1.895],"pos_noise":[0.0,0.0,0.0],"spd":[1.2920840232997986,-30.11527044737825,0.0],"spd_noise":[0.0,0.0,0.0],"RSSI":1.5298023458505448e-9}
{"type":2,"rcvTime":25299.7,"pos":[3605.7293649057944,6073.238804219665,1.895],"noise":[0.0,0.0,0.0],"spd":[-3.990453857172697,-34.62673532663987,0.0],"spd_noise":[0.0,0.0,0.0]}
{"type":3,"rcvTime":25299.757298425182,"sendTime":25299.757189016233,"sender":2587,"messageID":6515989,"pos":[3595.033783383121,6036.223071781656,1.895],"pos_noise":[0.0,0.0,0.0],"spd":[3.0504794545372859,28.86815317888387,0.0],"spd_noise":[0.0,0.0,0.0],"RSSI":2.828091077849897e-7}
{"type":3,"rcvTime":25299.776247074144,"sendTime":25299.776129716774,"sender":3025,"messageID":6517347,"pos":[3593.5822488120359,5938.467970408209,1.895],"pos_noise":[0.0,0.0,0.0],"spd":[-2.1937267282388315,-33.04701784760954,0.0],"spd_noise":[0.0,0.0,0.0],"RSSI":2.991209923902321e-9}
{"type":3,"rcvTime":25299.788320427542,"sendTime":25299.78821107764,"sender":3085,"messageID":6518400,"pos":[3600.904426038805,6031.370914727814,1.895],"pos_noise":[0.0,0.0,0.0],"spd":[-3.968844700721196,-34.43922418934739,0.0],"spd_noise":[0.0,0.0,0.0],"RSSI":1.7122091786107987e-7}
{"type":2,"rcvTime":25299.8,"pos":[3605.331394966361,6069.78546275678,1.895],"noise":[0.0,0.0,0.0],"spd":[-3.9753292712978749,-34.49549335499135,0.0],"spd_noise":[0.0,0.0,0.0]}
{"type":3,"rcvTime":25299.84214825076,"sendTime":25299.842035545502,"sender":2707,"messageID":6522018,"pos":[3622.8640470720295,5398.082569103397,1.895],"pos_noise":[0.0,0.0,0.0],"spd":[3.713262863327162,-29.98006247979631,0.0],"spd_noise":[0.0,0.0,0.0],"RSSI":1.5884059370955927e-9}
{"type":2,"rcvTime":25299.899999999998,"pos":[3604.9326830018,6066.325682450434,1.895],"noise":[0.0,0.0,0.0],"spd":[-3.982741374376126,-34.559811084425337,0.0],"spd_noise":[0.0,0.0,0.0]}
{"type":3,"rcvTime":25299.942715076522,"sendTime":25299.942605024247,"sender":2959,"messageID":6529233,"pos":[3612.0604996034314,5423.7372667341,1.895],"pos_noise":[0.0,0.0,0.0],"spd":[-3.4307751357163238,29.727301574905373,0.0],"spd_noise":[0.0,0.0,0.0],"RSSI":1.332054145748505e-9}
{"type":3,"rcvTime":25299.990822082513,"sendTime":25299.990705488297,"sender":2767,"messageID":6532374,"pos":[3584.362930705194,5829.397727018105,1.895],"pos_noise":[0.0,0.0,0.0],"spd":[-0.03378815793004567,34.86158171682926,0.0],"spd_noise":[0.0,0.0,0.0],"RSSI":2.0137183530167276e-8}
{"type":2,"rcvTime":25300.0,"pos":[3604.534716556949,6062.872371311415,1.895],"noise":[0.0,0.0,0.0],"spd":[-3.975294363850758,-34.49519044932952,0.0],"spd_noise":[0.0,0.0,0.0]}
