{"type":2,"rcvTime":25298.5,"pos":[6324.8734641091709,5904.042140580928,1.895],"noise":[0.0,0.0,0.0],"spd":[-3.1994821189453757,11.801368471519713,0.0],"spd_noise":[0.0,0.0,0.0]}
{"type":3,"rcvTime":25298.521344365232,"sendTime":25298.52123733577,"sender":2899,"messageID":6432958,"pos":[6130.171161573693,5822.110347537489,1.895],"pos_noise":[0.0,0.0,0.0],"spd":[-10.530617132472868,-1.0608964204690588,0.0],"spd_noise":[0.0,0.0,0.0],"RSSI":1.291569212322903e-8}
{"type":3,"rcvTime":25298.55071871175,"sendTime":25298.550600819337,"sender":2641,"messageID":6434725,"pos":[6099.437267636394,5775.662411109783,1.895],"pos_noise":[0.0,0.0,0.0],"spd":[0.021748718135426359,-0.4340090149049582,0.0],"spd_noise":[0.0,0.0,0.0],"RSSI":3.449607234649238e-9}
{"type":3,"rcvTime":25298.551050727532,"sendTime":25298.550935410938,"sender":2761,"messageID":6435112,"pos":[6154.5661393137,5824.567995008309,1.895],"pos_noise":[0.0,0.0,0.0],"spd":[0.04500532414100521,-0.8981088574686086,0.0],"spd_noise":[0.0,0.0,0.0],"RSSI":3.5794694121825219e-9}
{"type":3,"rcvTime":25298.58389277362,"sendTime":25298.583774760737,"sender":2839,"messageID":6437375,"pos":[6094.777541269949,5802.8361411848059,1.895],"pos_noise":[0.0,0.0,0.0],"spd":[0.5041180836435578,-10.059985674353762,0.0],"spd_noise":[0.0,0.0,0.0],"RSSI":1.0183201439080763e-8}
{"type":2,"rcvTime":25298.6,"pos":[6324.553450991257,5905.222516835528,1.895],"noise":[0.0,0.0,0.0],"spd":[-3.2076598395106794,11.831532194918572,0.0],"spd_noise":[0.0,0.0,0.0]}
{"type":3,"rcvTime":25298.612508499264,"sendTime":25298.61239776411,"sender":2773,"messageID":6439507,"pos":[6295.238332229305,6005.812535939087,1.895],"pos_noise":[0.0,0.0,0.0],"spd":[2.277678187916007,-0.598260783444417,0.0],"spd_noise":[0.0,0.0,0.0],"RSSI":6.407805588859858e-8}
{"type":3,"rcvTime":25298.66823818803,"sendTime":25298.668120187336,"sender":3061,"messageID":6443249,"pos":[6319.126341536785,5928.448923811667,1.895],"pos_noise":[0.0,0.0,0.0],"spd":[-2.4263078353808504,14.222544624375715,0.0],"spd_noise":[0.0,0.0,0.0],"RSSI":1.760765526956995e-7}
{"type":3,"rcvTime":25298.67719520381,"sendTime":25298.677081576316,"sender":193,"messageID":6444235,"pos":[6091.596566088957,5800.290927890602,1.895],"pos_noise":[0.0,0.0,0.0],"spd":[-0.3882073497028706,7.746915858441695,0.0],"spd_noise":[0.0,0.0,0.0],"RSSI":3.6704925700985334e-9}
{"type":2,"rcvTime":25298.7,"pos":[6324.23498198786,5906.397197585763,1.895],"noise":[0.0,0.0,0.0],"spd":[-3.192182367357331,11.774443158285124,0.0],"spd_noise":[0.0,0.0,0.0]}
{"type":2,"rcvTime":25298.8,"pos":[6323.915645810632,5907.575076927998,1.895],"noise":[0.0,0.0,0.0],"spd":[-3.2008745068827886,11.80650432866815,0.0],"spd_noise":[0.0,0.0,0.0]}
{"type":3,"rcvTime":25298.80183730805,"sendTime":25298.801719569976,"sender":2653,"messageID":6454383,"pos":[6100.489013460533,5754.674177861997,1.895],"pos_noise":[0.0,0.0,0.0],"spd":[0.0,-0.0,0.0],"spd_noise":[0.0,0.0,0.0],"RSSI":1.3147157978034847e-9}
{"type":3,"rcvTime":25298.80691705695,"sendTime":25298.806800815837,"sender":2863,"messageID":6455079,"pos":[6301.873305169273,6060.262360111924,1.895],"pos_noise":[0.0,0.0,0.0],"spd":[-1.98263306751137,14.157951315048694,0.0],"spd_noise":[0.0,0.0,0.0],"RSSI":5.5879472118578039e-9}
{"type":3,"rcvTime":25298.818848340714,"sendTime":25298.818733294633,"sender":3079,"messageID":6455549,"pos":[6142.474822951195,5823.349867515269,1.895],"pos_noise":[0.0,0.0,0.0],"spd":[-1.6482305749881539,-0.1660493297890961,0.0],"spd_noise":[0.0,0.0,0.0],"RSSI":8.738055329791947e-9}
{"type":3,"rcvTime":25298.824640692405,"sendTime":25298.82452199259,"sender":2869,"messageID":6456191,"pos":[6098.530341154223,5793.760685530752,1.895],"pos_noise":[0.0,0.0,0.0],"spd":[0.13874083709648053,-2.768658532442787,0.0],"spd_noise":[0.0,0.0,0.0],"RSSI":9.301891067722577e-9}
{"type":3,"rcvTime":25298.82885505776,"sendTime":25298.82873839419,"sender":2923,"messageID":6456559,"pos":[6304.4629307240679,6014.682209120589,1.895],"pos_noise":[0.0,0.0,0.0],"spd":[-1.55648883218954,14.838092231176569,0.0],"spd_noise":[0.0,0.0,0.0],"RSSI":9.614715101319106e-9}
{"type":3,"rcvTime":25298.876591600296,"sendTime":25298.87648371854,"sender":2563,"messageID":6459334,"pos":[6099.788181521171,5768.659709226346,1.895],"pos_noise":[0.0,0.0,0.0],"spd":[0.0,-0.0,0.0],"spd_noise":[0.0,0.0,0.0],"RSSI":5.567631431383725e-9}
{"type":3,"rcvTime":25298.88929549825,"sendTime":25298.889182439492,"sender":3037,"messageID":6460886,"pos":[6164.579641060118,5825.576795159856,1.895],"pos_noise":[0.0,0.0,0.0],"spd":[-4.695808754170421,-0.4730745250574985,0.0],"spd_noise":[0.0,0.0,0.0],"RSSI":2.3620543320927218e-9}
{"type":2,"rcvTime":25298.899999999998,"pos":[6323.59530218465,5908.756672269736,1.895],"noise":[0.0,0.0,0.0],"spd":[-3.210972695762977,11.843751746668853,0.0],"spd_noise":[0.0,0.0,0.0]}
{"type":3,"rcvTime":25298.987954351873,"sendTime":25298.98784277439,"sender":1795,"messageID":6467496,"pos":[5790.294718312314,5705.795215521499,1.895],"pos_noise":[0.0,0.0,0.0],"spd":[13.554526185144555,0.920885832903506,0.0],"spd_noise":[0.0,0.0,0.0],"RSSI":3.785285848880096e-9}
{"type":2,"rcvTime":25299.0,"pos":[6323.277235416517,5909.929869365306,1.895],"noise":[0.0,0.0,0.0],"spd":[-3.1881505516836619,11.759571707029786,0.0],"spd_noise":[0.0,0.0,0.0]}
{"type":2,"rcvTime":25299.1,"pos":[6322.957909353786,5911.107711399971,1.895],"noise":[0.0,0.0,0.0],"spd":[-3.2007731239584715,11.806130375258784,0.0],"spd_noise":[0.0,0.0,0.0]}
{"type":3,"rcvTime":25299.169851953262,"sendTime":25299.169741479167,"sender":2887,"messageID":6478872,"pos":[6301.606597339922,5998.763420330054,1.895],"pos_noise":[0.0,0.0,0.0],"spd":[-4.4719099554039369,12.444712889240492,0.0],"spd_noise":[0.0,0.0,0.0],"RSSI":1.1481418508178618e-8}
{"type":2,"rcvTime":25299.2,"pos":[6322.637852023141,5912.288250734318,1.895],"noise":[0.0,0.0,0.0],"spd":[-3.208103006981592,11.833166829032596,0.0],"spd_noise":[0.0,0.0,0.0]}
{"type":3,"rcvTime":25299.20668795357,"sendTime":25299.206579747097,"sender":2911,"messageID":6481084,"pos":[6304.910489903305,5981.3761904717789,1.895],"pos_noise":[0.0,0.0,0.0],"spd":[-1.549011276679128,12.746848132289387,0.0],"spd_noise":[0.0,0.0,0.0],"RSSI":1.3448674016878547e-8}
{"type":3,"rcvTime":25299.262491400543,"sendTime":25299.262385142316,"sender":2611,"messageID":6483096,"pos":[6097.9498976738109,5739.529822660743,1.895],"pos_noise":[0.0,0.0,0.0],"spd":[2.2828784363988316e-15,-4.555623992015818e-14,0.0],"spd_noise":[0.0,0.0,0.0],"RSSI":4.205019211713044e-9}
{"type":3,"rcvTime":25299.292996454787,"sendTime":25299.29288856522,"sender":775,"messageID":6484651,"pos":[6137.851881376102,5730.979274479555,1.895],"pos_noise":[0.0,0.0,0.0],"spd":[11.221515396826112,0.5750395437076001,0.0],"spd_noise":[0.0,0.0,0.0],"RSSI":4.969878134539039e-9}
{"type":2,"rcvTime":25299.3,"pos":[6322.323630286378,5913.462916466025,1.895],"noise":[0.0,0.0,0.0],"spd":[-3.1855227675003765,11.78820978203246,0.0],"spd_noise":[0.0,0.0,0.0]}
{"type":3,"rcvTime":25299.36327615676,"sendTime":25299.363161252113,"sender":409,"messageID":6490000,"pos":[6093.0373234143639,5771.539731446531,1.895],"pos_noise":[0.0,0.0,0.0],"spd":[-0.6597502117948759,13.165720283965284,0.0],"spd_noise":[0.0,0.0,0.0],"RSSI":2.580160569501296e-9}
{"type":3,"rcvTime":25299.396947456593,"sendTime":25299.39683169653,"sender":2497,"messageID":6491702,"pos":[6100.864455567172,5747.18200026137,1.895],"pos_noise":[0.0,0.0,0.0],"spd":[2.3670380564850228e-15,-4.723569677734182e-14,0.0],"spd_noise":[0.0,0.0,0.0],"RSSI":4.843391817555552e-9}
{"type":2,"rcvTime":25299.399999999998,"pos":[6322.051841412895,5914.626730360171,1.895],"noise":[0.0,0.0,0.0],"spd":[-3.0841454280261915,11.811243598519843,0.0],"spd_noise":[0.0,0.0,0.0]}
{"type":3,"rcvTime":25299.457014480893,"sendTime":25299.456896917287,"sender":2809,"messageID":6495022,"pos":[6097.62964799529,5745.92060149348,1.895],"pos_noise":[0.0,0.0,0.0],"spd":[0.02143774937652771,-0.42780344251792848,0.0],"spd_noise":[0.0,0.0,0.0],