{"type":2,"rcvTime":25263.5,"pos":[2685.316573867507,5180.177794003849,1.895],"noise":[0.0,0.0,0.0],"spd":[-11.867836202601997,7.034117479266303,0.0],"spd_noise":[0.0,0.0,0.0]}
{"type":2,"rcvTime":25263.6,"pos":[2684.1334181956738,5180.879055451165,1.895],"noise":[0.0,0.0,0.0],"spd":[-11.831652968610099,7.012671521105883,0.0],"spd_noise":[0.0,0.0,0.0]}
{"type":3,"rcvTime":25263.68288101741,"sendTime":25263.682765499918,"sender":1807,"messageID":4172228,"pos":[2742.7138937767897,5472.925796457284,1.895],"pos_noise":[0.0,0.0,0.0],"spd":[0.0,-0.0,0.0],"spd_noise":[0.0,0.0,0.0],"RSSI":1.0135759580172744e-8}
{"type":2,"rcvTime":25263.7,"pos":[2682.949007745615,5181.581060610923,1.895],"noise":[0.0,0.0,0.0],"spd":[-11.844200852943907,7.02010870603273,0.0],"spd_noise":[0.0,0.0,0.0]}
{"type":3,"rcvTime":25263.761932231486,"sendTime":25263.7618166015,"sender":1657,"messageID":4176915,"pos":[782.0416258834302,11269.892228301615,1.895],"pos_noise":[0.0,0.0,0.0],"spd":[0.0,-0.0,0.0],"spd_noise":[0.0,0.0,0.0],"RSSI":3.5897595951513239e-9}
{"type":2,"rcvTime":25263.8,"pos":[2681.7717970476257,5182.278798446712,1.895],"noise":[0.0,0.0,0.0],"spd":[-11.772202746544256,6.977435119200703,0.0],"spd_noise":[0.0,0.0,0.0]}
{"type":3,"rcvTime":25263.87676582234,"sendTime":25263.876648636302,"sender":2107,"messageID":4184450,"pos":[2643.9305847629927,5502.492818094122,1.895],"pos_noise":[0.0,0.0,0.0],"spd":[14.536742224880067,-3.111518647314739,0.0],"spd_noise":[0.0,0.0,0.0],"RSSI":4.444291618899699e-9}
{"type":2,"rcvTime":25263.899999999998,"pos":[2680.589813036248,5182.9793654458439,1.895],"noise":[0.0,0.0,0.0],"spd":[-11.81993626874153,7.005726982778853,0.0],"spd_noise":[0.0,0.0,0.0]}
{"type":3,"rcvTime":25263.904554116994,"sendTime":25263.90443975595,"sender":1093,"messageID":4186735,"pos":[2755.8770404517438,5466.192501222908,1.895],"pos_noise":[0.0,0.0,0.0],"spd":[-0.4183402336254203,0.10226094599730547,0.0],"spd_noise":[0.0,0.0,0.0],"RSSI":3.110968813859233e-9}
{"type":3,"rcvTime":25263.945667328197,"sendTime":25263.945549758475,"sender":2029,"messageID":4190212,"pos":[2707.6442959710186,5485.998643247157,1.895],"pos_noise":[0.0,0.0,0.0],"spd":[12.787496451696568,-3.518925560109478,0.0],"spd_noise":[0.0,0.0,0.0],"RSSI":5.3299480698903419e-9}
{"type":2,"rcvTime":25264.0,"pos":[2679.40499134333,5183.68161435101,1.895],"noise":[0.0,0.0,0.0],"spd":[-11.848313314986875,7.022546179942263,0.0],"spd_noise":[0.0,0.0,0.0]}
{"type":2,"rcvTime":25264.1,"pos":[2678.2209825204897,5184.3833814645909,1.895],"noise":[0.0,0.0,0.0],"spd":[-11.840184548088813,7.017728224895833,0.0],"spd_noise":[0.0,0.0,0.0]}
{"type":2,"rcvTime":25264.2,"pos":[2677.0424121698385,5185.0819251723519,1.895],"noise":[0.0,0.0,0.0],"spd":[-11.785799383773215,6.9854939044719839,0.0],"spd_noise":[0.0,0.0,0.0]}
{"type":2,"rcvTime":25264.3,"pos":[2675.8614790589856,5185.781869298229,1.895],"noise":[0.0,0.0,0.0],"spd":[-11.809427178001047,6.9994981995687939,0.0],"spd_noise":[0.0,0.0,0.0]}
{"type":2,"rcvTime":25264.399999999998,"pos":[2674.6731308020396,5186.486208413039,1.895],"noise":[0.0,0.0,0.0],"spd":[-11.883579242157296,7.043448446415278,0.0],"spd_noise":[0.0,0.0,0.0]}
{"type":3,"rcvTime":25264.437929335876,"sendTime":25264.437814252917,"sender":721,"messageID":4224410,"pos":[2754.0700849399806,5459.842522534191,1.895],"pos_noise":[0.0,0.0,0.0],"spd":[-0.0,0.0,0.0],"spd_noise":[0.0,0.0,0.0],"RSSI":2.8684201076045986e-9}
{"type":2,"rcvTime":25264.5,"pos":[2673.4906153762169,5187.187090383794,1.895],"noise":[0.0,0.0,0.0],"spd":[-11.825250456421367,7.0088767246384269,0.0],"spd_noise":[0.0,0.0,0.0]}
{"type":2,"rcvTime":25264.6,"pos":[2672.3019719463657,5187.8916044488519,1.895],"noise":[0.0,0.0,0.0],"spd":[-11.886530995223943,7.045197963130305,0.0],"spd_noise":[0.0,0.0,0.0]}
{"type":3,"rcvTime":25264.682872326783,"sendTime":25264.682765499918,"sender":1807,"messageID":4239327,"pos":[2742.7138937767897,5472.925796457284,1.895],"pos_noise":[0.0,0.0,0.0],"spd":[0.0,-0.0,0.0],"spd_noise":[0.0,0.0,0.0],"RSSI":2.2075374942226858e-9}
{"type":2,"rcvTime":25264.7,"pos":[2671.1169783250477,5188.593955256719,1.895],"noise":[0.0,0.0,0.0],"spd":[-11.850032612979693,7.023565215245489,0.0],"spd_noise":[0.0,0.0,0.0]}
{"type":2,"rcvTime":25264.8,"pos":[2669.9353139132356,5189.294332827816,1.895],"noise":[0.0,0.0,0.0],"spd":[-11.81674024708337,7.003832687019884,0.0],"spd_noise":[0.0,0.0,0.0]}
{"type":2,"rcvTime":25264.899999999998,"pos":[2668.746593968453,5189.998892243602,1.895],"noise":[0.0,0.0,0.0],"spd":[-11.887296150757653,7.045651474103583,0.0],"spd_noise":[0.0,0.0,0.0]}
{"type":2,"rcvTime":25265.0,"pos":[2667.5648148405946,5190.699337807392,1.895],"noise":[0.0,0.0,0.0],"spd":[-11.817887416884279,7.004512619484216,0.0],"spd_noise":[0.0,0.0,0.0]}
{"type":2,"rcvTime":25265.1,"pos":[2666.3755543362037,5191.40421761518,1.895],"noise":[0.0,0.0,0.0],"spd":[-11.892701790814967,7.048855420178054,0.0],"spd_noise":[0.0,0.0,0.0]}
{"type":2,"rcvTime":25265.2,"pos":[2665.1967721970124,5192.1028868509179,1.895],"noise":[0.0,0.0,0.0],"spd":[-11.787917286402049,6.986749194454635,0.0],"spd_noise":[0.0,0.0,0.0]}
{"type":3,"rcvTime":25265.21057679658,"sendTime":25265.210464920103,"sender":1789,"messageID":4275625,"pos":[2743.5948766953567,5476.105587331986,1.895],"pos_noise":[0.0,0.0,0.0],"spd":[0.0,-0.0,0.0],"spd_noise":[0.0,0.0,0.0],"RSSI":1.7136625681192016e-9}
{"type":2,"rcvTime":25265.3,"pos":[2664.0180316902039,5192.801531410963,1.895],"noise":[0.0,0.0,0.0],"spd":[-11.787500959191459,6.986502435529978,0.0],"spd_noise":[0.0,0.0,0.0]}
{"type":2,"rcvTime":25265.399999999998,"pos":[2662.8701806123347,5192.097394039232,1.895],"noise":[0.0,0.0,0.0],"spd":[-13.418082887189599,3.1077630325996798,0.0],"spd_noise":[0.0,0.0,0.0]}
{"type":3,"rcvTime":25265.437927821837,"sendTime":25265.437814252917,"sender":721,"messageID":4290720,"pos":[2754.0700849399806,5459.842522534191,1.895],"pos_noise":[0.0,0.0,0.0],"spd":[-0.0,0.0,0.0],"spd_noise":[0.0,0.0,0.0],"RSSI":4.490052543568405e-9}
{"type":2,"rcvTime":25265.5,"pos":[2661.728621446439,5191.336984594842,1.895],"noise":[0.0,0.0,0.0],"spd":[-13.563440155112847,-2.043070588569847,0.0],"spd_noise":[0.0,0.0,0.0]}
{"type":3,"rcvTime":25265.588925737968,"sendTime":25265.588811703725,"sender":781,"messageID":4298684,"pos":[2754.8523725690367,5463.0423461191,1.895],"pos_noise":[0.0,0.0,0.0],"spd":[-0.0,0.0,0.0],"spd_noise":[0.0,0.0,0.0],"RSSI":3.818921320695255e-9}
{"type":2,"rcvTime":25265.6,"pos":[2660.589501611966,5190.57820002519,1.895],"noise":[0.0,0.0,0.0],"spd":[-12.04419495409355,-6.501939550505834,0.0],"spd_noise":[0.0,0.0,0.0]}
{"type":3,"rcvTime":25265.682883812955,"sendTime":25265.682765499918,"sender":1807,"messageID":4306320,"pos":[2742.7138937767897,5472.925796457284,1.895],"pos_noise":[0.0,0.0,0.0],"spd":[0.0,-0.0,0.0],"spd_noise":[0.0,0.0,0.0],"RSSI":7.90720250224642e-9}
{"type":2,"rcvTime":25265.7,"pos":[2659.446079750277,5189.816549811581,1.895],"noise":[0.0,0.0,0.0],"spd":[-11.434311634802598,-7.616564096693858,0.0],"spd_noise":[0.0,0.0,0.0]}
{"type":3,"rcvTime":25265.761935025483,"sendTime":25265.7618166015,"sender":1657,"messageID":4311127,"pos":[4681.978896828368,7305.031042196788,1.895],"pos_noise":[0.0,0.0,0.0],"spd":[0.0,-0.0,0.0],"spd_noise":[0.0,0.0,0.0],"RSSI":1.089199214902652e-8}
{"type":2,"rcvTime":25265.8,"pos":[2658.301914312039,5189.054404290636,1.895],"noise":[0.0,0.0,0.0],"spd":[-11.441747460783088,-7.621517210357464,0.0],"spd_noise":[0.0,0.0,0.0]}
{"type":2,"rcvTime":25265.899999999998,"pos":[2657.156817278589,5188.291638220341,1.895],"noise":[0.0,0.0,0.0],"spd":[-11.451063488692398,-7.627722754332732,0.0],"spd_noise":[0.0,0.0,0.0]}
{"type":3,"rcvTime":25265.904556728416,"sendTime":25265.90443975595,"sender":1093,"messageID":4321386,"pos":[2755.6345700368858,5466.2517717687619,1.895],"pos_noise":[0.0,0.0,0.0],"spd":[-0.0,0.0,0.0],"spd_noise":[0.0,0.0,0.0],"RSSI":2.160520310521831e-9}
{"type":2,"rcvTime":25266.0,"pos":[2656.011926474529,5187.529009522494,1.895],