{"type":2,"rcvTime":25272.1,"pos":[3035.845782108621,5193.736695631797,1.895],"noise":[0.0,0.0,0.0],"spd":[-0.0,-0.0,0.0],"spd_noise":[0.0,0.0,0.0]}
{"type":2,"rcvTime":25272.2,"pos":[3035.820800602722,5193.731597800591,1.895],"noise":[0.0,0.0,0.0],"spd":[-0.24981160601108808,-0.05097760744246856,0.0],"spd_noise":[0.0,0.0,0.0]}
{"type":2,"rcvTime":25272.3,"pos":[3035.77271745888,5193.721785751941,1.895],"noise":[0.0,0.0,0.0],"spd":[-0.4808247923150568,-0.09811913026241795,0.0],"spd_noise":[0.0,0.0,0.0]}
{"type":2,"rcvTime":25272.399999999998,"pos":[3035.702688991952,5193.707495448324,1.895],"noise":[0.0,0.0,0.0],"spd":[-0.700274989863965,-0.14290106094394948,0.0],"spd_noise":[0.0,0.0,0.0]}
{"type":2,"rcvTime":25272.5,"pos":[3035.6083596019554,5193.688246196097,1.895],"noise":[0.0,0.0,0.0],"spd":[-0.9432808616511376,-0.19248986162440688,0.0],"spd_noise":[0.0,0.0,0.0]}
{"type":2,"rcvTime":25272.6,"pos":[3035.489547219539,5193.66400084142,1.895],"noise":[0.0,0.0,0.0],"spd":[-1.1881074017809055,-0.2424501955479629,0.0],"spd_noise":[0.0,0.0,0.0]}
{"type":2,"rcvTime":25272.7,"pos":[3035.347195136389,5193.6349518763649,1.895],"noise":[0.0,0.0,0.0],"spd":[-1.4235011554332294,-0.2904856353726079,0.0],"spd_noise":[0.0,0.0,0.0]}
{"type":2,"rcvTime":25272.8,"pos":[3035.1800535229824,5193.600844255459,1.895],"noise":[0.0,0.0,0.0],"spd":[-1.6713930315610719,-0.3410714946575545,0.0],"spd_noise":[0.0,0.0,0.0]}
{"type":2,"rcvTime":25272.899999999998,"pos":[3034.9896061419656,5193.561980761553,1.895],"noise":[0.0,0.0,0.0],"spd":[-1.9044474863159127,-0.38862956730644745,0.0],"spd_noise":[0.0,0.0,0.0]}
{"type":3,"rcvTime":25272.96907800816,"sendTime":25272.968971703667,"sender":415,"messageID":4807061,"pos":[3186.404902356814,5254.474809641724,1.895],"pos_noise":[0.0,0.0,0.0],"spd":[5.804604228073337,-2.7507376999966559,0.0],"spd_noise":[0.0,0.0,0.0],"RSSI":2.7138085021983155e-9}
{"type":2,"rcvTime":25273.0,"pos":[3034.7788689144779,5193.518976836203,1.895],"noise":[0.0,0.0,0.0],"spd":[-2.1073431465345218,-0.4300333094446195,0.0],"spd_noise":[0.0,0.0,0.0]}
{"type":2,"rcvTime":25273.1,"pos":[3034.551077058466,5193.472492671597,1.895],"noise":[0.0,0.0,0.0],"spd":[-2.2778870744653019,-0.4648352209673647,0.0],"spd_noise":[0.0,0.0,0.0]}
{"type":2,"rcvTime":25273.2,"pos":[3034.305971562872,5193.422475412848,1.895],"noise":[0.0,0.0,0.0],"spd":[-2.451021077180424,-0.5001656740487316,0.0],"spd_noise":[0.0,0.0,0.0]}
{"type":2,"rcvTime":25273.3,"pos":[3034.044798052686,5193.369179247433,1.895],"noise":[0.0,0.0,0.0],"spd":[-2.6116990021564208,-0.5329542874958345,0.0],"spd_noise":[0.0,0.0,0.0]}
{"type":2,"rcvTime":25273.399999999998,"pos":[3033.7674598215487,5193.312584441044,1.895],"noise":[0.0,0.0,0.0],"spd":[-2.7733439773701504,-0.5659402412839715,0.0],"spd_noise":[0.0,0.0,0.0]}
{"type":2,"rcvTime":25273.5,"pos":[3033.472329327218,5193.252358870565,1.895],"noise":[0.0,0.0,0.0],"spd":[-2.951264150028111,-0.6022473803424356,0.0],"spd_noise":[0.0,0.0,0.0]}
{"type":2,"rcvTime":25273.6,"pos":[3033.159734914695,5193.188569539458,1.895],"noise":[0.0,0.0,0.0],"spd":[-3.125900918074773,-0.6378844940404996,0.0],"spd_noise":[0.0,0.0,0.0]}
{"type":2,"rcvTime":25273.7,"pos":[3032.8326518105398,5193.121823584973,1.895],"noise":[0.0,0.0,0.0],"spd":[-3.2707858317510478,-0.667450319149736,0.0],"spd_noise":[0.0,0.0,0.0]}
{"type":2,"rcvTime":25273.8,"pos":[3032.4807670185489,5193.050016493711,1.895],"noise":[0.0,0.0,0.0],"spd":[-3.51879928199206,-0.7180609873597573,0.0],"spd_noise":[0.0,0.0,0.0]}
{"type":2,"rcvTime":25273.899999999998,"pos":[3032.114780108335,5192.975331664868,1.895],"noise":[0.0,0.0,0.0],"spd":[-3.6598185150104656,-0.7468379654097724,0.0],"spd_noise":[0.0,0.0,0.0]}
{"type":2,"rcvTime":25274.0,"pos":[3031.7321391698067,5192.897248344932,1.895],"noise":[0.0,0.0,0.0],"spd":[-3.826356496211815,-0.7808224065866105,0.0],"spd_noise":[0.0,0.0,0.0]}
{"type":2,"rcvTime":25274.1,"pos":[3031.3339515351165,5192.815992500763,1.895],"noise":[0.0,0.0,0.0],"spd":[-3.9818213089540737,-0.8125472104170809,0.0],"spd_noise":[0.0,0.0,0.0]}
{"type":2,"rcvTime":25274.2,"pos":[3030.9174813622369,5192.731005844925,1.895],"noise":[0.0,0.0,0.0],"spd":[-4.164644163810883,-0.8498548114330443,0.0],"spd_noise":[0.0,0.0,0.0]}
{"type":2,"rcvTime":25274.3,"pos":[3030.477642983206,5192.641250574614,1.895],"noise":[0.0,0.0,0.0],"spd":[-4.398322995343271,-0.8975402970343226,0.0],"spd_noise":[0.0,0.0,0.0]}
{"type":2,"rcvTime":25274.399999999998,"pos":[3030.0224912626329,5192.548370399394,1.895],"noise":[0.0,0.0,0.0],"spd":[-4.551454294142628,-0.9287889141902576,0.0],"spd_noise":[0.0,0.0,0.0]}
{"type":3,"rcvTime":25274.46316413033,"sendTime":25274.46304701972,"sender":1837,"messageID":4908519,"pos":[3515.5455392486985,5197.563107353341,1.895],"pos_noise":[0.0,0.0,0.0],"spd":[-14.349515683644992,-1.8074417345228633,0.0],"spd_noise":[0.0,0.0,0.0],"RSSI":2.0695186679587758e-9}
{"type":2,"rcvTime":25274.5,"pos":[3029.549518878303,5192.4518536645459,1.895],"noise":[0.0,0.0,0.0],"spd":[-4.729658468509316,-0.9651540078322594,0.0],"spd_noise":[0.0,0.0,0.0]}
{"type":2,"rcvTime":25274.6,"pos":[3029.0520396641325,5192.350335962883,1.895],"noise":[0.0,0.0,0.0],"spd":[-4.974723379563328,-1.0151629847303723,0.0],"spd_noise":[0.0,0.0,0.0]}
{"type":2,"rcvTime":25274.7,"pos":[3028.5343814934969,5192.244700458458,1.895],"noise":[0.0,0.0,0.0],"spd":[-5.176510155051271,-1.056340443184643,0.0],"spd_noise":[0.0,0.0,0.0]}
{"type":3,"rcvTime":25274.75010886914,"sendTime":25274.749999247724,"sender":157,"messageID":4928046,"pos":[3202.152678297676,5255.289822184202,1.895],"pos_noise":[0.0,0.0,0.0],"spd":[9.291483929455295,-3.7136047550784827,0.0],"spd_noise":[0.0,0.0,0.0],"RSSI":2.0281355993041475e-9}
{"type":2,"rcvTime":25274.8,"pos":[3027.993609747476,5192.134348300588,1.895],"noise":[0.0,0.0,0.0],"spd":[-5.407642714114966,-1.1035063257111784,0.0],"spd_noise":[0.0,0.0,0.0]}
{"type":2,"rcvTime":25274.899999999998,"pos":[3027.429116148614,5192.019155361612,1.895],"noise":[0.0,0.0,0.0],"spd":[-5.644857963671755,-1.1519134676545258,0.0],"spd_noise":[0.0,0.0,0.0]}
{"type":2,"rcvTime":25275.0,"pos":[3026.8406748600684,5191.899075556316,1.895],"noise":[0.0,0.0,0.0],"spd":[-5.884331550430127,-1.2007814553895214,0.0],"spd_noise":[0.0,0.0,0.0]}
{"type":2,"rcvTime":25275.1,"pos":[3026.227480442444,5191.773944523348,1.895],"noise":[0.0,0.0,0.0],"spd":[-6.131859419802565,-1.2512930339242277,0.0],"spd_noise":[0.0,0.0,0.0]}
{"type":2,"rcvTime":25275.2,"pos":[3025.5936132079848,5191.644594908393,1.895],"noise":[0.0,0.0,0.0],"spd":[-6.338584730744673,-1.2934782707029869,0.0],"spd_noise":[0.0,0.0,0.0]}
{"type":2,"rcvTime":25275.3,"pos":[3024.943680241467,5191.511966852555,1.895],"noise":[0.0,0.0,0.0],"spd":[-6.499239830695008,-1.3262622263793136,0.0],"spd_noise":[0.0,0.0,0.0]}
{"type":2,"rcvTime":25275.399999999998,"pos":[3024.280872941712,5191.376711606105,1.895],"noise":[0.0,0.0,0.0],"spd":[-6.627981383567517,-1.352533769357897,0.0],"spd_noise":[0.0,0.0,0.0]}
{"type":2,"rcvTime":25275.5,"pos":[3023.5945227311638,5191.236652094219,1.895],"noise":[0.0,0.0,0.0],"spd":[-6.86340723737201,-1.4005757596761493,0.0],"spd_noise":[0.0,0.0,0.0]}
{"type":2,"rcvTime":25275.6,"pos":[3022.890655452545,5191.093017975717,1.895],"noise":[0.0,0.0,0.0],"spd":[-7.038575496844129,-1.4363213317495199,0.0],"spd_noise":[0.0,0.0,0.0]}
{"type":3,"rcvTime":25275.66739408788,"sendTime":25275.66728484002,"sender":505,"messageID":4985828,"pos":[8614.365190435201,859.3462898861617,1.895],"pos_noise":[0.0,0.0,0.0],"spd":[9.074494018107812,-3.626878590269434,0.0],"spd_noise":[0.0,0.0,0.0],"RSSI":2.8938012623642895e-9}
{"type":3,"rcvTime":25275.69606344397,"sendTime":25275.69594686199,"sender":1045,"messageID":4988201,"pos":[3194.3715318693855,5251.291363723823,1.895],"pos_noise":[0.0,0.0,0.0],"spd":[8.448309883980194,-3.375924231306004,0.0],"spd_noise":[0.0,0.0,0.0],"RSSI":1.2392177912884017e-8}
{"type":2,"rcvTime":25275.7,"pos":[3022.1699057242615,5190.945938753501,1.895],