{"type":2,"rcvTime":25299.1,"pos":[6156.024789596521,5824.714945262438,1.895],"noise":[0.0,0.0,0.0],"spd":[-0.0,-0.0,0.0],"spd_noise":[0.0,0.0,0.0]}
{"type":3,"rcvTime":25299.134288660494,"sendTime":25299.13418132779,"sender":1969,"messageID":6020423,"pos":[5886.63608547027,5810.301687708242,1.895],"pos_noise":[0.0,0.0,0.0],"spd":[-13.486263325650642,-0.04586209334072268,0.0],"spd_noise":[0.0,0.0,0.0],"RSSI":7.616464800857258e-9}
{"type":3,"rcvTime":25299.152301014135,"sendTime":25299.15219207099,"sender":1369,"messageID":6021789,"pos":[6167.180789932324,5739.0878195343489,1.895],"pos_noise":[0.0,0.0,0.0],"spd":[14.635102905074014,0.7490354055058013,0.0],"spd_noise":[0.0,0.0,0.0],"RSSI":9.935815955737804e-9}
{"type":2,"rcvTime":25299.2,"pos":[6155.999150249667,5824.712362252254,1.895],"noise":[0.0,0.0,0.0],"spd":[-0.2564089560707748,-0.025831662119106086,0.0],"spd_noise":[0.0,0.0,0.0]}
{"type":3,"rcvTime":25299.2209868808,"sendTime":25299.220881219022,"sender":211,"messageID":6025618,"pos":[6078.530779340574,5727.292925833469,1.895],"pos_noise":[0.0,0.0,0.0],"spd":[3.892400893870972,0.3019105821531778,0.0],"spd_noise":[0.0,0.0,0.0],"RSSI":1.420273741852447e-9}
{"type":3,"rcvTime":25299.258511891032,"sendTime":25299.258404878387,"sender":2575,"messageID":6028187,"pos":[6096.35948810678,5771.267421409601,1.895],"pos_noise":[0.0,0.0,0.0],"spd":[0.38388786973370916,-7.660717985323311,0.0],"spd_noise":[0.0,0.0,0.0],"RSSI":1.1571202671193048e-8}
{"type":2,"rcvTime":25299.3,"pos":[6155.94772261717,5824.707181227197,1.895],"noise":[0.0,0.0,0.0],"spd":[-0.5143073899885482,-0.05181338018425698,0.0],"spd_noise":[0.0,0.0,0.0]}
{"type":3,"rcvTime":25299.31028519481,"sendTime":25299.310174942017,"sender":679,"messageID":6031208,"pos":[6097.48544195266,5719.5746892879619,1.895],"pos_noise":[0.0,0.0,0.0],"spd":[2.5880024865097295,-8.058476393369489,0.0],"spd_noise":[0.0,0.0,0.0],"RSSI":5.542536274746787e-9}
{"type":3,"rcvTime":25299.356624320262,"sendTime":25299.356509809615,"sender":397,"messageID":6033693,"pos":[6099.973310795771,5699.224101836892,1.895],"pos_noise":[0.0,0.0,0.0],"spd":[-0.7884662680731357,-11.496575602994973,0.0],"spd_noise":[0.0,0.0,0.0],"RSSI":2.1221413686137157e-9}
{"type":2,"rcvTime":25299.399999999998,"pos":[6155.874210103606,5824.699775283032,1.895],"noise":[0.0,0.0,0.0],"spd":[-0.7351695411154333,-0.07406391522888258,0.0],"spd_noise":[0.0,0.0,0.0]}
{"type":3,"rcvTime":25299.40267736228,"sendTime":25299.40257190359,"sender":2461,"messageID":6035495,"pos":[6099.630055391686,5771.815213162775,1.895],"pos_noise":[0.0,0.0,0.0],"spd":[0.1022928687329355,-2.0413169601204279,0.0],"spd_noise":[0.0,0.0,0.0],"RSSI":3.095449511959965e-8}
{"type":3,"rcvTime":25299.439436483848,"sendTime":25299.439324570863,"sender":2923,"messageID":6038824,"pos":[6300.612320488733,5691.211476946238,1.895],"pos_noise":[0.0,0.0,0.0],"spd":[-5.288325663556569,0.1029585527417802,0.0],"spd_noise":[0.0,0.0,0.0],"RSSI":1.8074654762308948e-9}
{"type":3,"rcvTime":25299.442070704874,"sendTime":25299.44195848987,"sender":2545,"messageID":6039132,"pos":[5957.086954576502,5810.54126662324,1.895],"pos_noise":[0.0,0.0,0.0],"spd":[-15.362838806874047,-0.05224367419873636,0.0],"spd_noise":[0.0,0.0,0.0],"RSSI":3.5913728507960658e-9}
{"type":3,"rcvTime":25299.444470331222,"sendTime":25299.444356734166,"sender":1909,"messageID":6039814,"pos":[6097.012299493439,5656.049787757756,1.895],"pos_noise":[0.0,0.0,0.0],"spd":[-0.9044371593488885,-13.187539659779113,0.0],"spd_noise":[0.0,0.0,0.0],"RSSI":6.065272012862359e-9}
{"type":3,"rcvTime":25299.46076790001,"sendTime":25299.4606590244,"sender":1603,"messageID":6040422,"pos":[6020.709350363673,5433.617216895074,1.895],"pos_noise":[0.0,0.0,0.0],"spd":[6.830452972885578,-10.455470336861679,0.0],"spd_noise":[0.0,0.0,0.0],"RSSI":3.713756954680616e-9}
{"type":3,"rcvTime":25299.498318916423,"sendTime":25299.498201839113,"sender":2413,"messageID":6043013,"pos":[6100.864455567172,5747.18200026137,1.895],"pos_noise":[0.0,0.0,0.0],"spd":[2.3558893325461965e-15,-4.701321715054161e-14,0.0],"spd_noise":[0.0,0.0,0.0],"RSSI":5.699378859882998e-9}
{"type":2,"rcvTime":25299.5,"pos":[6155.775576263018,5824.68983851607,1.895],"noise":[0.0,0.0,0.0],"spd":[-0.9863979859630826,-0.0993736719605292,0.0],"spd_noise":[0.0,0.0,0.0]}
{"type":3,"rcvTime":25299.51623997003,"sendTime":25299.516133019377,"sender":2227,"messageID":6044444,"pos":[6097.9498976738109,5739.529822660743,1.895],"pos_noise":[0.0,0.0,0.0],"spd":[2.3357308643876816e-15,-4.661094254971261e-14,0.0],"spd_noise":[0.0,0.0,0.0],"RSSI":3.2144114389997387e-8}
{"type":3,"rcvTime":25299.563241982454,"sendTime":25299.56313225948,"sender":2467,"messageID":6046575,"pos":[6100.075731414967,5762.921474661649,1.895],"pos_noise":[0.0,0.0,0.0],"spd":[0.05078495132650639,-1.0134448641981227,0.0],"spd_noise":[0.0,0.0,0.0],"RSSI":2.6790148315773435e-8}
{"type":3,"rcvTime":25299.570191033567,"sendTime":25299.570082055496,"sender":2965,"messageID":6046957,"pos":[6164.424517405977,5825.561167383503,1.895],"pos_noise":[0.0,0.0,0.0],"spd":[-1.9338403805864173,-0.19482280209355597,0.0],"spd_noise":[0.0,0.0,0.0],"RSSI":0.000004397612293026242}
{"type":3,"rcvTime":25299.583445092758,"sendTime":25299.583329714227,"sender":2953,"messageID":6048377,"pos":[6172.452016187717,5829.692093583811,1.895],"pos_noise":[0.0,0.0,0.0],"spd":[-2.453323315907539,-0.24742663198239399,0.0],"spd_noise":[0.0,0.0,0.0],"RSSI":1.467698397183844e-7}
{"type":2,"rcvTime":25299.6,"pos":[6155.657184543946,5824.677911261532,1.895],"noise":[0.0,0.0,0.0],"spd":[-1.1839887056187873,-0.11927975007214753,0.0],"spd_noise":[0.0,0.0,0.0]}
{"type":3,"rcvTime":25299.611714541126,"sendTime":25299.61160608246,"sender":2671,"messageID":6050381,"pos":[6098.810187298248,5788.176184019567,1.895],"pos_noise":[0.0,0.0,0.0],"spd":[0.3010440623923852,-6.007518978743853,0.0],"spd_noise":[0.0,0.0,0.0],"RSSI":9.184355464720223e-9}
{"type":3,"rcvTime":25299.61410209474,"sendTime":25299.613993729836,"sender":2011,"messageID":6050751,"pos":[6172.573765238907,5826.382155151524,1.895],"pos_noise":[0.0,0.0,0.0],"spd":[-15.185094762323138,-0.05153907621689804,0.0],"spd_noise":[0.0,0.0,0.0],"RSSI":4.9787959069676468e-9}
{"type":3,"rcvTime":25299.614451944584,"sendTime":25299.614339224296,"sender":943,"messageID":6051098,"pos":[6037.522625639387,5822.735749728311,1.895],"pos_noise":[0.0,0.0,0.0],"spd":[13.509851933728824,1.3599980389325957,0.0],"spd_noise":[0.0,0.0,0.0],"RSSI":3.6804191566336198e-8}
{"type":3,"rcvTime":25299.62253232248,"sendTime":25299.622420355445,"sender":769,"messageID":6052109,"pos":[6070.4597989335629,5726.656171878126,1.895],"pos_noise":[0.0,0.0,0.0],"spd":[3.5542138791936295,0.3074712747217598,0.0],"spd_noise":[0.0,0.0,0.0],"RSSI":3.052614087929367e-9}
{"type":3,"rcvTime":25299.627185374684,"sendTime":25299.627077571302,"sender":2635,"messageID":6052789,"pos":[6220.996954303305,6019.742125410196,1.895],"pos_noise":[0.0,0.0,0.0],"spd":[-16.825723493326554,5.944882782218607,0.0],"spd_noise":[0.0,0.0,0.0],"RSSI":3.820661640381812e-9}
{"type":3,"rcvTime":25299.6869562471,"sendTime":25299.68684296245,"sender":2515,"messageID":6056665,"pos":[6097.266457368461,5753.168293297282,1.895],"pos_noise":[0.0,0.0,0.0],"spd":[0.26162956177583876,-5.220978435116465,0.0],"spd_noise":[0.0,0.0,0.0],"RSSI":7.030643408263569e-9}
{"type":3,"rcvTime":25299.694633248146,"sendTime":25299.69451699024,"sender":2389,"messageID":6057563,"pos":[6100.48177217262,5754.818682205383,1.895],"pos_noise":[0.0,0.0,0.0],"spd":[0.021531598053390865,-0.42967625044911397,0.0],"spd_noise":[0.0,0.0,0.0],"RSSI":1.4410207783911208e-8}
{"type":2,"rcvTime":25299.7,"pos":[6155.5160078773919,5824.663688560401,1.895],"noise":[0.0,0.0,0.0],"spd":[-1.4118519437529014,-0.14223560257841157,0.0],"spd_noise":[0.0,0.0,0.0]}
{"type":3,"rcvTime":25299.708147511992,"sendTime":25299.70803922112,"sender":1195,"messageID":6058967,"pos":[6094.351206924258,5713.785169992024,1.895],"pos_noise":[0.0,0.0,0.0],