{"type":2,"rcvTime":25299.8,"pos":[6323.693212178408,5732.701697200113,1.895],"noise":[0.0,0.0,0.0],"spd":[-14.052004702644077,-0.8936900806944143,0.0],"spd_noise":[0.0,0.0,0.0]}
{"type":3,"rcvTime":25299.811574167874,"sendTime":25299.811465158127,"sender":2647,"messageID":6065538,"pos":[6094.8811413437019,5800.768738146445,1.895],"pos_noise":[0.0,0.0,0.0],"spd":[0.46719271791436625,-9.323117344711429,0.0],"spd_noise":[0.0,0.0,0.0],"RSSI":2.307277456083313e-9}
{"type":3,"rcvTime":25299.81263421041,"sendTime":25299.812517695827,"sender":487,"messageID":6065904,"pos":[6175.676740708174,5736.217558452616,1.895],"pos_noise":[0.0,0.0,0.0],"spd":[12.214720975792176,0.6261082403552044,0.0],"spd_noise":[0.0,0.0,0.0],"RSSI":1.5973155758185305e-9}
{"type":3,"rcvTime":25299.869803786594,"sendTime":25299.86969436044,"sender":2971,"messageID":6070791,"pos":[6155.355960730929,5824.647564771771,1.895],"pos_noise":[0.0,0.0,0.0],"spd":[-1.6005681416169778,-0.16124762592708748,0.0],"spd_noise":[0.0,0.0,0.0],"RSSI":6.181079321655381e-9}
{"type":2,"rcvTime":25299.899999999998,"pos":[6322.292077815698,5732.611832890371,1.895],"noise":[0.0,0.0,0.0],"spd":[-14.012720680210748,-0.8941158916805618,0.0],"spd_noise":[0.0,0.0,0.0]}
{"type":3,"rcvTime":25299.93620182572,"sendTime":25299.936094520286,"sender":2089,"messageID":6074147,"pos":[6228.598387919219,5742.231217685474,1.895],"pos_noise":[0.0,0.0,0.0],"spd":[14.53443581869445,0.7438831894719488,0.0],"spd_noise":[0.0,0.0,0.0],"RSSI":1.444703453908591e-7}
{"type":3,"rcvTime":25299.97324724664,"sendTime":25299.973138426943,"sender":1627,"messageID":6076772,"pos":[6016.773571868256,5712.081369904604,1.895],"pos_noise":[0.0,0.0,0.0],"spd":[-13.895906561281036,-1.2024336235134988,0.0],"spd_noise":[0.0,0.0,0.0],"RSSI":1.5820464709483153e-8}
{"type":2,"rcvTime":25300.0,"pos":[6320.886455033775,5732.521680707672,1.895],"noise":[0.0,0.0,0.0],"spd":[-14.057421952265257,-0.8999111956698246,0.0],"spd_noise":[0.0,0.0,0.0]}
