{"type":2,"rcvTime":25258.8,"pos":[2685.431299388564,5180.109795694873,1.895],"noise":[0.0,0.0,0.0],"spd":[-8.063106274944131,4.779037713155074,0.0],"spd_noise":[0.0,0.0,0.0]}
{"type":2,"rcvTime":25258.899999999998,"pos":[2684.6019457520158,5180.6013571566049,1.895],"noise":[0.0,0.0,0.0],"spd":[-8.293603833803499,4.915654606076622,0.0],"spd_noise":[0.0,0.0,0.0]}
{"type":2,"rcvTime":25259.0,"pos":[2683.7504174537,5181.106061635586,1.895],"noise":[0.0,0.0,0.0],"spd":[-8.515352255390127,5.047085847766717,0.0],"spd_noise":[0.0,0.0,0.0]}
{"type":3,"rcvTime":25259.074692911505,"sendTime":25259.07457790547,"sender":907,"messageID":3681354,"pos":[3186.7334992354396,5247.234113117826,1.895],"pos_noise":[0.0,0.0,0.0],"spd":[-0.0,0.0,0.0],"spd_noise":[0.0,0.0,0.0],"RSSI":2.682577177128488e-9}
{"type":2,"rcvTime":25259.1,"pos":[2682.8816721374575,5181.620970715025,1.895],"noise":[0.0,0.0,0.0],"spd":[-8.6875238352722,5.1491326824872829,0.0],"spd_noise":[0.0,0.0,0.0]}
{"type":2,"rcvTime":25259.2,"pos":[2681.997062859615,5182.145282432626,1.895],"noise":[0.0,0.0,0.0],"spd":[-8.846164741808036,5.243159829017167,0.0],"spd_noise":[0.0,0.0,0.0]}
{"type":3,"rcvTime":25259.202008909593,"sendTime":25259.20189950266,"sender":349,"messageID":3689281,"pos":[3174.368526302271,5257.094638931849,1.895],"pos_noise":[0.0,0.0,0.0],"spd":[-0.0,0.0,0.0],"spd_noise":[0.0,0.0,0.0],"RSSI":2.958019470720645e-9}
{"type":2,"rcvTime":25259.3,"pos":[2681.0872879324645,5182.684509938636,1.895],"noise":[0.0,0.0,0.0],"spd":[-9.097823282131057,5.392318926520147,0.0],"spd_noise":[0.0,0.0,0.0]}
{"type":3,"rcvTime":25259.31693202188,"sendTime":25259.316825185295,"sender":1951,"messageID":3695963,"pos":[2749.3125824298929,5437.593726910456,1.895],"pos_noise":[0.0,0.0,0.0],"spd":[-1.7171848060396618,12.19133473242226,0.0],"spd_noise":[0.0,0.0,0.0],"RSSI":4.689722377220106e-9}
{"type":3,"rcvTime":25259.347567272245,"sendTime":25259.347455068073,"sender":1417,"messageID":3697268,"pos":[2743.5948766953567,5476.105587331986,1.895],"pos_noise":[0.0,0.0,0.0],"spd":[0.0,-0.0,0.0],"spd_noise":[0.0,0.0,0.0],"RSSI":1.896667922039709e-9}
{"type":2,"rcvTime":25259.399999999998,"pos":[2680.157210150898,5183.235771033642,1.895],"noise":[0.0,0.0,0.0],"spd":[-9.300853477935338,5.512655795409094,0.0],"spd_noise":[0.0,0.0,0.0]}
{"type":2,"rcvTime":25259.5,"pos":[2679.2107734010785,5183.796728159379,1.895],"noise":[0.0,0.0,0.0],"spd":[-9.464444491279304,5.609616891500043,0.0],"spd_noise":[0.0,0.0,0.0]}
{"type":2,"rcvTime":25259.6,"pos":[2678.2484789498146,5184.367084212857,1.895],"noise":[0.0,0.0,0.0],"spd":[-9.623022795749641,5.703606933514859,0.0],"spd_noise":[0.0,0.0,0.0]}
{"type":3,"rcvTime":25259.63384545704,"sendTime":25259.633732196224,"sender":1645,"messageID":3713108,"pos":[2742.7138937767897,5472.925796457284,1.895],"pos_noise":[0.0,0.0,0.0],"spd":[0.0,-0.0,0.0],"spd_noise":[0.0,0.0,0.0],"RSSI":1.5098075342261224e-8}
{"type":2,"rcvTime":25259.7,"pos":[2677.2727698313094,5184.945391197213,1.895],"noise":[0.0,0.0,0.0],"spd":[-9.757170559456851,5.783116889112225,0.0],"spd_noise":[0.0,0.0,0.0]}
{"type":3,"rcvTime":25259.72452864013,"sendTime":25259.724410979543,"sender":1573,"messageID":3718496,"pos":[2744.4758020361998,5479.295160278009,1.895],"pos_noise":[0.0,0.0,0.0],"spd":[0.0,-0.0,0.0],"spd_noise":[0.0,0.0,0.0],"RSSI":2.672709330757496e-9}
{"type":2,"rcvTime":25259.8,"pos":[2676.282681119862,5185.532221028054,1.895],"noise":[0.0,0.0,0.0],"spd":[-9.900967658658967,5.868346047291528,0.0],"spd_noise":[0.0,0.0,0.0]}
{"type":2,"rcvTime":25259.899999999998,"pos":[2675.2745904894666,5186.129720673557,1.895],"noise":[0.0,0.0,0.0],"spd":[-10.080988312608439,5.97504506191878,0.0],"spd_noise":[0.0,0.0,0.0]}
{"type":2,"rcvTime":25260.0,"pos":[2674.24950764637,5186.737291676495,1.895],"noise":[0.0,0.0,0.0],"spd":[-10.250911821941097,6.075759455573236,0.0],"spd_noise":[0.0,0.0,0.0]}
{"type":3,"rcvTime":25260.07468660066,"sendTime":25260.07457790547,"sender":907,"messageID":3739008,"pos":[3186.7334992354396,5247.234113117826,1.895],"pos_noise":[0.0,0.0,0.0],"spd":[-0.0,0.0,0.0],"spd_noise":[0.0,0.0,0.0],"RSSI":9.535029089701337e-9}
{"type":2,"rcvTime":25260.1,"pos":[2673.207508665227,5187.354888947094,1.895],"noise":[0.0,0.0,0.0],"spd":[-10.420074578546425,6.176022947820162,0.0],"spd_noise":[0.0,0.0,0.0]}
{"type":2,"rcvTime":25260.2,"pos":[2672.1512271308249,5187.98095154834,1.895],"noise":[0.0,0.0,0.0],"spd":[-10.562901273028454,6.260676942954779,0.0],"spd_noise":[0.0,0.0,0.0]}
{"type":3,"rcvTime":25260.20201559868,"sendTime":25260.20189950266,"sender":349,"messageID":3746889,"pos":[3174.368526302271,5257.094638931849,1.895],"pos_noise":[0.0,0.0,0.0],"spd":[-0.0,0.0,0.0],"spd_noise":[0.0,0.0,0.0],"RSSI":1.2546477627111864e-8}
{"type":2,"rcvTime":25260.3,"pos":[2671.0702258652415,5188.621665640407,1.895],"noise":[0.0,0.0,0.0],"spd":[-10.810100595802356,6.40719304306543,0.0],"spd_noise":[0.0,0.0,0.0]}
{"type":3,"rcvTime":25260.3475647724,"sendTime":25260.347455068073,"sender":1417,"messageID":3755046,"pos":[2743.5948766953567,5476.105587331986,1.895],"pos_noise":[0.0,0.0,0.0],"spd":[0.0,-0.0,0.0],"spd_noise":[0.0,0.0,0.0],"RSSI":5.390930943077902e-9}
{"type":2,"rcvTime":25260.399999999998,"pos":[2669.965019970487,5189.276725920122,1.895],"noise":[0.0,0.0,0.0],"spd":[-11.052148856569989,6.550656086610701,0.0],"spd_noise":[0.0,0.0,0.0]}
{"type":2,"rcvTime":25260.5,"pos":[2668.834131277837,5189.947008504434,1.895],"noise":[0.0,0.0,0.0],"spd":[-11.308978924836478,6.7028803709329669,0.0],"spd_noise":[0.0,0.0,0.0]}
{"type":2,"rcvTime":25260.6,"pos":[2667.6841848231235,5190.628586706158,1.895],"noise":[0.0,0.0,0.0],"spd":[-11.49955809582711,6.815837463950121,0.0],"spd_noise":[0.0,0.0,0.0]}
{"type":3,"rcvTime":25260.633839408303,"sendTime":25260.633732196224,"sender":1645,"messageID":3770618,"pos":[2742.7138937767897,5472.925796457284,1.895],"pos_noise":[0.0,0.0,0.0],"spd":[0.0,-0.0,0.0],"spd_noise":[0.0,0.0,0.0],"RSSI":6.894113663925196e-9}
{"type":2,"rcvTime":25260.7,"pos":[2666.5128395968029,5191.322848051702,1.895],"noise":[0.0,0.0,0.0],"spd":[-11.713547552702526,6.942669933935173,0.0],"spd_noise":[0.0,0.0,0.0]}
{"type":3,"rcvTime":25260.724527860566,"sendTime":25260.724410979543,"sender":1573,"messageID":3776324,"pos":[2744.4758020361998,5479.295160278009,1.895],"pos_noise":[0.0,0.0,0.0],"spd":[0.0,-0.0,0.0],"spd_noise":[0.0,0.0,0.0],"RSSI":5.6864676293023638e-9}
{"type":2,"rcvTime":25260.8,"pos":[2665.3191725189719,5192.03033965449,1.895],"noise":[0.0,0.0,0.0],"spd":[-11.93676788369383,7.074973582652719,0.0],"spd_noise":[0.0,0.0,0.0]}
{"type":2,"rcvTime":25260.899999999998,"pos":[2664.107882397647,5192.748276510832,1.895],"noise":[0.0,0.0,0.0],"spd":[-12.112999752281715,7.1794269679274829,0.0],"spd_noise":[0.0,0.0,0.0]}
{"type":2,"rcvTime":25261.0,"pos":[2662.9378743298086,5192.142485825651,1.895],"noise":[0.0,0.0,0.0],"spd":[-13.573256040373212,3.44810155739133,0.0],"spd_noise":[0.0,0.0,0.0]}
{"type":3,"rcvTime":25261.0746857878,"sendTime":25261.07457790547,"sender":907,"messageID":3796792,"pos":[3186.7334992354396,5247.234113117826,1.895],"pos_noise":[0.0,0.0,0.0],"spd":[-0.0,0.0,0.0],"spd_noise":[0.0,0.0,0.0],"RSSI":1.3834922171723482e-8}
{"type":2,"rcvTime":25261.1,"pos":[2661.762936491095,5191.359842353616,1.895],"noise":[0.0,0.0,0.0],"spd":[-13.983023943828073,-1.9440311112287586,0.0],"spd_noise":[0.0,0.0,0.0]}
{"type":2,"rcvTime":25261.2,"pos":[2660.5939231008876,5190.581145244356,1.895],"noise":[0.0,0.0,0.0],"spd":[-12.36814812819396,-6.657947984539208,0.0],"spd_noise":[0.0,0.0,0.0]}
{"type":3,"rcvTime":25261.202014795304,"sendTime":25261.20189950266,"sender":349,"messageID":3804800,"pos":[3174.368526302271,5257.094638931849,1.895],"pos_noise":[0.0,0.0,0.0],"spd":[-0.0,0.0,0.0],"spd_noise":[0.0,0.0,0.0],"RSSI":9.24535734277936e-9}
{"type":2,"rcvTime":25261.3,"pos":[2659.419733648121,5189.799000283269,1.895],"noise":[0.0,0.0,0.0],"spd":[-11.741990048534153,-7.821513238729682,0.0],