{"type":2,"rcvTime":10897.5,"pos":[3645.681568403825,5180.569674414633,1.895],"noise":[0.0,0.0,0.0],"spd":[-5.800325239532428,37.18352565630988,0.0],"spd_noise":[0.0,0.0,0.0]}
{"type":2,"rcvTime":10897.6,"pos":[3645.1043291979246,5184.270120154493,1.895],"noise":[0.0,0.0,0.0],"spd":[-5.779327524990047,37.048917849821879,0.0],"spd_noise":[0.0,0.0,0.0]}
{"type":3,"rcvTime":10897.658509704146,"sendTime":10897.658401532144,"sender":175,"messageID":30480,"pos":[3637.361206842966,5267.8498060937749,1.895],"pos_noise":[0.0,0.0,0.0],"spd":[4.9898785483009508,-31.69423067826107,0.0],"spd_noise":[0.0,0.0,0.0],"RSSI":4.7396114276351496e-8}
{"type":2,"rcvTime":10897.699999999999,"pos":[3644.5258728111609,5187.978368745744,1.895],"noise":[0.0,0.0,0.0],"spd":[-5.791513957915221,37.12704011411964,0.0],"spd_noise":[0.0,0.0,0.0]}
{"type":2,"rcvTime":10897.8,"pos":[3643.9468265911639,5191.690398517919,1.895],"noise":[0.0,0.0,0.0],"spd":[-5.797419377029641,37.16489735385028,0.0],"spd_noise":[0.0,0.0,0.0]}
{"type":2,"rcvTime":10897.9,"pos":[3643.36786421038,5195.401890831003,1.895],"noise":[0.0,0.0,0.0],"spd":[-5.796579977577038,37.159516305417799,0.0],"spd_noise":[0.0,0.0,0.0]}
{"type":2,"rcvTime":10898.0,"pos":[3642.7895562320247,5199.109188036316,1.895],"noise":[0.0,0.0,0.0],"spd":[-5.790028090722107,37.11751482395761,0.0],"spd_noise":[0.0,0.0,0.0]}
{"type":3,"rcvTime":10898.083484114015,"sendTime":10898.083374900372,"sender":211,"messageID":30620,"pos":[3637.1659452695319,5235.159870346298,1.895],"pos_noise":[0.0,0.0,0.0],"spd":[-1.3329699682341512,31.925674451675609,0.0],"spd_noise":[0.0,0.0,0.0],"RSSI":4.802216269051491e-9}
{"type":2,"rcvTime":10898.1,"pos":[3642.2109432082577,5202.818440763677,1.895],"noise":[0.0,0.0,0.0],"spd":[-5.793082209924237,37.137093539816429,0.0],"spd_noise":[0.0,0.0,0.0]}
{"type":2,"rcvTime":10898.199999999999,"pos":[3641.6319704612299,5206.529999530533,1.895],"noise":[0.0,0.0,0.0],"spd":[-5.796683764567138,37.16018164158536,0.0],"spd_noise":[0.0,0.0,0.0]}
{"type":2,"rcvTime":10898.3,"pos":[3641.0537855253617,5210.236507960512,1.895],"noise":[0.0,0.0,0.0],"spd":[-5.7887961875095,37.10961759355804,0.0],"spd_noise":[0.0,0.0,0.0]}
{"type":3,"rcvTime":10898.353371381903,"sendTime":10898.353251760174,"sender":193,"messageID":30672,"pos":[3589.613628859393,5705.075121770336,1.895],"pos_noise":[0.0,0.0,0.0],"spd":[-1.3234066731462063,31.69662604628092,0.0],"spd_noise":[0.0,0.0,0.0],"RSSI":3.6910347476095459e-9}
{"type":2,"rcvTime":10898.4,"pos":[3640.47465501226,5213.949078101492,1.895],"noise":[0.0,0.0,0.0],"spd":[-5.798263320849446,37.170307534363129,0.0],"spd_noise":[0.0,0.0,0.0]}
{"type":3,"rcvTime":10898.46218845246,"sendTime":10898.462075267265,"sender":199,"messageID":30712,"pos":[3582.485946267068,5717.639186329236,1.895],"pos_noise":[0.0,0.0,0.0],"spd":[-1.361244794239456,32.53647913533894,0.0],"spd_noise":[0.0,0.0,0.0],"RSSI":3.233852443577628e-9}
{"type":3,"rcvTime":10898.492614027506,"sendTime":10898.4925018474,"sender":169,"messageID":30748,"pos":[3630.547971978961,5336.044260133972,1.895],"pos_noise":[0.0,0.0,0.0],"spd":[3.371241504277933,-27.2186577284685,0.0],"spd_noise":[0.0,0.0,0.0],"RSSI":1.2594618306581576e-8}
{"type":2,"rcvTime":10898.5,"pos":[3639.8961429595049,5217.657683544771,1.895],"noise":[0.0,0.0,0.0],"spd":[-5.792071286656068,37.13061292195969,0.0],"spd_noise":[0.0,0.0,0.0]}
{"type":2,"rcvTime":10898.6,"pos":[3639.318373926141,5221.361525792975,1.895],"noise":[0.0,0.0,0.0],"spd":[-5.784632165437781,37.08292374191997,0.0],"spd_noise":[0.0,0.0,0.0]}
{"type":3,"rcvTime":10898.658513983413,"sendTime":10898.658401532144,"sender":175,"messageID":30784,"pos":[3642.3452320254698,5236.192754261448,1.895],"pos_noise":[0.0,0.0,0.0],"spd":[4.982028125932466,-31.644367120469508,0.0],"spd_noise":[0.0,0.0,0.0],"RSSI":3.7381698580321639e-7}
{"type":2,"rcvTime":10898.699999999999,"pos":[3638.7411011637698,5225.062186649718,1.895],"noise":[0.0,0.0,0.0],"spd":[-5.779663492870573,37.051071603246537,0.0],"spd_noise":[0.0,0.0,0.0]}
{"type":2,"rcvTime":10898.8,"pos":[3638.162819385837,5228.769315894779,1.895],"noise":[0.0,0.0,0.0],"spd":[-5.789765771698466,37.11583320341062,0.0],"spd_noise":[0.0,0.0,0.0]}
{"type":2,"rcvTime":10898.9,"pos":[3637.5848969202727,5232.4741417344089,1.895],"noise":[0.0,0.0,0.0],"spd":[-5.786168330919242,37.09277147393323,0.0],"spd_noise":[0.0,0.0,0.0]}
{"type":2,"rcvTime":10899.0,"pos":[3637.0073625986276,5236.1764793412589,1.895],"noise":[0.0,0.0,0.0],"spd":[-5.782282228214253,37.0678592502866,0.0],"spd_noise":[0.0,0.0,0.0]}
{"type":2,"rcvTime":10899.1,"pos":[3636.42924069142,5239.882583720132,1.895],"noise":[0.0,0.0,0.0],"spd":[-5.788165143618246,37.105572227883758,0.0],"spd_noise":[0.0,0.0,0.0]}
{"type":2,"rcvTime":10899.199999999999,"pos":[3635.8501649156967,5243.594802962048,1.895],"noise":[0.0,0.0,0.0],"spd":[-5.797715289401664,37.16679432770372,0.0],"spd_noise":[0.0,0.0,0.0]}
{"type":2,"rcvTime":10899.3,"pos":[3635.2721288637469,5247.300356957787,1.895],"noise":[0.0,0.0,0.0],"spd":[-5.787305559499544,37.10006178374338,0.0],"spd_noise":[0.0,0.0,0.0]}
{"type":2,"rcvTime":10899.4,"pos":[3634.6929150989028,5251.013460791824,1.895],"noise":[0.0,0.0,0.0],"spd":[-5.799096838535864,37.175650877209459,0.0],"spd_noise":[0.0,0.0,0.0]}
{"type":3,"rcvTime":10899.462185054219,"sendTime":10899.462075267265,"sender":199,"messageID":31008,"pos":[3581.1395749320556,5750.249029791712,1.895],"pos_noise":[0.0,0.0,0.0],"spd":[-1.2474900829598195,32.613806158231309,0.0],"spd_noise":[0.0,0.0,0.0],"RSSI":3.5549740324538465e-9}
{"type":3,"rcvTime":10899.492612055294,"sendTime":10899.4925018474,"sender":169,"messageID":31048,"pos":[3634.2586128340369,5308.7857434747,1.895],"pos_noise":[0.0,0.0,0.0],"spd":[4.286087226105523,-27.22639499308946,0.0],"spd_noise":[0.0,0.0,0.0],"RSSI":1.2701421928922079e-7}
{"type":2,"rcvTime":10899.5,"pos":[3634.1154831615806,5254.71514205443,1.895],"noise":[0.0,0.0,0.0],"spd":[-5.781257154852584,37.06128792193642,0.0],"spd_noise":[0.0,0.0,0.0]}
{"type":2,"rcvTime":10899.6,"pos":[3633.537215688243,5258.422179598549,1.895],"noise":[0.0,0.0,0.0],"spd":[-5.789622553875695,37.114915092206938,0.0],"spd_noise":[0.0,0.0,0.0]}
{"type":3,"rcvTime":10899.658512377327,"sendTime":10899.658401532144,"sender":175,"messageID":31080,"pos":[3647.3317546288656,5204.519839551281,1.895],"pos_noise":[0.0,0.0,0.0],"spd":[4.979822413219826,-31.63035708656785,0.0],"spd_noise":[0.0,0.0,0.0],"RSSI":1.5117444773794036e-7}
{"type":2,"rcvTime":10899.699999999999,"pos":[3632.9595677287259,5262.125245691574,1.895],"noise":[0.0,0.0,0.0],"spd":[-5.78341997228629,37.075152864721278,0.0],"spd_noise":[0.0,0.0,0.0]}
{"type":3,"rcvTime":10899.718032837474,"sendTime":10899.717925564571,"sender":205,"messageID":31120,"pos":[3630.4845587659999,5256.586526267612,1.895],"pos_noise":[0.0,0.0,0.0],"spd":[-0.03784201592386486,39.044227659553779,0.0],"spd_noise":[0.0,0.0,0.0],"RSSI":1.880602333577025e-9}
{"type":2,"rcvTime":10899.8,"pos":[3632.3821845068234,5265.826614659438,1.895],"noise":[0.0,0.0,0.0],"spd":[-5.780769415346622,37.058161222341897,0.0],"spd_noise":[0.0,0.0,0.0]}
{"type":2,"rcvTime":10899.9,"pos":[3631.8043149321867,5269.531101436844,1.895],"noise":[0.0,0.0,0.0],"spd":[-5.785638786164264,37.08937677790039,0.0],"spd_noise":[0.0,0.0,0.0]}
{"type":2,"rcvTime":10900.0,"pos":[3631.2268405990955,5273.23305448148,1.895],"noise":[0.0,0.0,0.0],"spd":[-5.781681621926098,37.06400900768015,0.0],"spd_noise":[0.0,0.0,0.0]}
