{"type":2,"rcvTime":25298.5,"pos":[3609.6039437036276,6078.0541426035629,1.895],"noise":[0.0,0.0,0.0],"spd":[-3.109628888900309,-26.99980256758501,0.0],"spd_noise":[0.0,0.0,0.0]}
{"type":2,"rcvTime":25298.6,"pos":[3609.29351160183,6075.358770982497,1.895],"noise":[0.0,0.0,0.0],"spd":[-3.104309310162396,-26.953614555849169,0.0],"spd_noise":[0.0,0.0,0.0]}
{"type":3,"rcvTime":25298.64903240061,"sendTime":25298.648924901987,"sender":2377,"messageID":5817158,"pos":[3630.575698682797,5277.4072604355819,1.895],"pos_noise":[0.0,0.0,0.0],"spd":[2.1536781547242529,28.964925372780266,0.0],"spd_noise":[0.0,0.0,0.0],"RSSI":5.989353164578407e-8}
{"type":3,"rcvTime":25298.64940611597,"sendTime":25298.649288113975,"sender":2557,"messageID":5817449,"pos":[3605.4125004038617,5566.444670220798,1.895],"pos_noise":[0.0,0.0,0.0],"spd":[3.215591297563208,-38.1971146363722,0.0],"spd_noise":[0.0,0.0,0.0],"RSSI":3.5379134588882904e-9}
{"type":3,"rcvTime":25298.670920225413,"sendTime":25298.670804535363,"sender":2593,"messageID":5818415,"pos":[3583.2129007158789,5700.263517855654,1.895],"pos_noise":[0.0,0.0,0.0],"spd":[-1.7889147724741424,42.75864886014688,0.0],"spd_noise":[0.0,0.0,0.0],"RSSI":9.20669152516622e-9}
{"type":2,"rcvTime":25298.7,"pos":[3608.982127812373,6072.655136195697,1.895],"noise":[0.0,0.0,0.0],"spd":[-3.113826150855572,-27.03624590154894,0.0],"spd_noise":[0.0,0.0,0.0]}
{"type":3,"rcvTime":25298.718294730574,"sendTime":25298.718181575834,"sender":2479,"messageID":5822533,"pos":[3581.041110851226,5851.947276968278,1.895],"pos_noise":[0.0,0.0,0.0],"spd":[-0.034859639492212029,36.00464457461023,0.0],"spd_noise":[0.0,0.0,0.0],"RSSI":1.8260716344325015e-8}
{"type":3,"rcvTime":25298.744784029223,"sendTime":25298.744673210334,"sender":2689,"messageID":5823939,"pos":[3642.601486327795,5200.31482768932,1.895],"pos_noise":[0.0,0.0,0.0],"spd":[-3.434815064079736,29.76230712438626,0.0],"spd_noise":[0.0,0.0,0.0],"RSSI":1.666911112472342e-9}
{"type":2,"rcvTime":25298.8,"pos":[3608.6715261966057,6069.958292745072,1.895],"noise":[0.0,0.0,0.0],"spd":[-3.1060044434679225,-26.96833279593831,0.0],"spd_noise":[0.0,0.0,0.0]}
{"type":3,"rcvTime":25298.85252125145,"sendTime":25298.852401810418,"sender":2509,"messageID":5831542,"pos":[3604.634256479761,5614.982232627025,1.895],"pos_noise":[0.0,0.0,0.0],"spd":[2.508508390101517,-29.795829308011954,0.0],"spd_noise":[0.0,0.0,0.0],"RSSI":3.6197900137043674e-9}
{"type":3,"rcvTime":25298.899890532597,"sendTime":25298.89977290877,"sender":2485,"messageID":5835819,"pos":[3588.1527796329798,5740.06360458461,1.895],"pos_noise":[0.0,0.0,0.0],"spd":[-1.2507939985903163,29.957495635119686,0.0],"spd_noise":[0.0,0.0,0.0],"RSSI":6.40657780110476e-9}
{"type":2,"rcvTime":25298.899999999998,"pos":[3608.3613139551905,6067.264830093576,1.895],"noise":[0.0,0.0,0.0],"spd":[-3.1021107146273896,-26.934524932137774,0.0],"spd_noise":[0.0,0.0,0.0]}
{"type":2,"rcvTime":25299.0,"pos":[3608.0501994911894,6064.563533763994,1.895],"noise":[0.0,0.0,0.0],"spd":[-3.1111329064591639,-27.012861417562964,0.0],"spd_noise":[0.0,0.0,0.0]}
{"type":3,"rcvTime":25299.09034127968,"sendTime":25299.09023084594,"sender":2719,"messageID":5848841,"pos":[3594.5122888672697,5836.487304559709,1.895],"pos_noise":[0.0,0.0,0.0],"spd":[-0.018611228837797309,-31.94384789753899,0.0],"spd_noise":[0.0,0.0,0.0],"RSSI":1.8771304770471626e-8}
{"type":2,"rcvTime":25299.1,"pos":[3607.7397174646068,6061.867728663765,1.895],"noise":[0.0,0.0,0.0],"spd":[-3.1048085561265807,-26.957949331138197,0.0],"spd_noise":[0.0,0.0,0.0]}
{"type":3,"rcvTime":25299.119663276208,"sendTime":25299.119549370414,"sender":2293,"messageID":5851882,"pos":[3600.7883736899368,6059.280579396214,1.895],"pos_noise":[0.0,0.0,0.0],"spd":[3.0181009371419384,28.580625224987317,0.0],"spd_noise":[0.0,0.0,0.0],"RSSI":0.000004410109614194782}
{"type":3,"rcvTime":25299.157227499814,"sendTime":25299.157112203862,"sender":2317,"messageID":5855651,"pos":[3597.0822404979664,6024.184468961321,1.895],"pos_noise":[0.0,0.0,0.0],"spd":[3.0230725450709547,28.62770504965228,0.0],"spd_noise":[0.0,0.0,0.0],"RSSI":5.282359113082779e-7}
{"type":3,"rcvTime":25299.17821216717,"sendTime":25299.178094237017,"sender":2803,"messageID":5857647,"pos":[3621.2376106402355,5344.218575888601,1.895],"pos_noise":[0.0,0.0,0.0],"spd":[-3.4255480617439306,29.682009535006285,0.0],"spd_noise":[0.0,0.0,0.0],"RSSI":1.313071339052262e-9}
{"type":2,"rcvTime":25299.2,"pos":[3607.4291439660626,6059.171129344999,1.895],"noise":[0.0,0.0,0.0],"spd":[-3.1057232722938798,-26.965891486554435,0.0],"spd_noise":[0.0,0.0,0.0]}
{"type":2,"rcvTime":25299.3,"pos":[3607.1176639671605,6056.466659205772,1.895],"noise":[0.0,0.0,0.0],"spd":[-3.114788241681434,-27.04459939431119,0.0],"spd_noise":[0.0,0.0,0.0]}
{"type":3,"rcvTime":25299.339398189775,"sendTime":25299.33928403277,"sender":2923,"messageID":5866000,"pos":[3605.968788115323,6017.631847078076,1.895],"pos_noise":[0.0,0.0,0.0],"spd":[-4.560063293823086,-39.61743730849331,0.0],"spd_noise":[0.0,0.0,0.0],"RSSI":9.567232782116965e-8}
{"type":3,"rcvTime":25299.34262961173,"sendTime":25299.34251403976,"sender":2863,"messageID":5867119,"pos":[3594.696920583153,5955.259751007027,1.895],"pos_noise":[0.0,0.0,0.0],"spd":[-1.9812063826175266,-29.845541763865165,0.0],"spd_noise":[0.0,0.0,0.0],"RSSI":4.640813079820956e-8}
{"type":3,"rcvTime":25299.357492154293,"sendTime":25299.35737790461,"sender":2581,"messageID":5869180,"pos":[3597.8617833655127,5573.896629509508,1.895],"pos_noise":[0.0,0.0,0.0],"spd":[-2.441110903444542,29.799526641021744,0.0],"spd_noise":[0.0,0.0,0.0],"RSSI":4.1880893850447109e-9}
{"type":2,"rcvTime":25299.399999999998,"pos":[3606.807178112322,6053.770820866162,1.895],"noise":[0.0,0.0,0.0],"spd":[-3.104846838535777,-26.958281723692758,0.0],"spd_noise":[0.0,0.0,0.0]}
{"type":3,"rcvTime":25299.436919605865,"sendTime":25299.436805587262,"sender":2767,"messageID":5875788,"pos":[3591.235695156816,5876.723741303809,1.895],"pos_noise":[0.0,0.0,0.0],"spd":[-0.017174588569220846,-29.508089986399616,0.0],"spd_noise":[0.0,0.0,0.0],"RSSI":1.4557956630709035e-9}
{"type":3,"rcvTime":25299.48905715929,"sendTime":25299.488950034647,"sender":2629,"messageID":5878571,"pos":[3593.7660268785787,5583.5335457615,1.895],"pos_noise":[0.0,0.0,0.0],"spd":[-2.8273652226624499,34.51423312351567,0.0],"spd_noise":[0.0,0.0,0.0],"RSSI":2.0330963277103108e-9}
{"type":2,"rcvTime":25299.5,"pos":[3606.4963374860315,6051.0719021721019,1.895],"noise":[0.0,0.0,0.0],"spd":[-3.108394539684512,-26.989085152013929,0.0],"spd_noise":[0.0,0.0,0.0]}
{"type":2,"rcvTime":25299.6,"pos":[3606.1858890567816,6048.376388785573,1.895],"noise":[0.0,0.0,0.0],"spd":[-3.104472584066254,-26.95503220513341,0.0],"spd_noise":[0.0,0.0,0.0]}
{"type":3,"rcvTime":25299.649042128967,"sendTime":25299.648924901987,"sender":2377,"messageID":5888876,"pos":[3630.575698682797,5277.4072604355819,1.895],"pos_noise":[0.0,0.0,0.0],"spd":[2.146743005526382,28.871654203861735,0.0],"spd_noise":[0.0,0.0,0.0],"RSSI":3.972430615008071e-8}
{"type":3,"rcvTime":25299.670921675908,"sendTime":25299.670804535363,"sender":2593,"messageID":5890457,"pos":[3581.425076469863,5742.9961009474959,1.895],"pos_noise":[0.0,0.0,0.0],"spd":[-1.7840498927277802,42.64236848266786,0.0],"spd_noise":[0.0,0.0,0.0],"RSSI":2.59505344787359e-9}
{"type":2,"rcvTime":25299.7,"pos":[3605.875660573494,6045.682785111676,1.895],"noise":[0.0,0.0,0.0],"spd":[-3.102273132736419,-26.935935150838394,0.0],"spd_noise":[0.0,0.0,0.0]}
{"type":3,"rcvTime":25299.718291576777,"sendTime":25299.718181575834,"sender":2479,"messageID":5894627,"pos":[3581.1763144383455,5887.96707765198,1.895],"pos_noise":[0.0,0.0,0.0],"spd":[1.323907264484888,35.96458152627552,0.0],"spd_noise":[0.0,0.0,0.0],"RSSI":5.983031431806007e-9}
{"type":2,"rcvTime":25299.8,"pos":[3605.564667161872,6042.982539836879,1.895],"noise":[0.0,0.0,0.0],"spd":[-3.10992238723617,-27.00235090935089,0.0],"spd_noise":[0.0,0.0,0.0]}
{"type":3,"rcvTime":25299.899881521123,"sendTime":25299.89977290877,