{"type":2,"rcvTime":25299.6,"pos":[6324.771591554201,5736.074329762964,1.895],"noise":[0.0,0.0,0.0],"spd":[-13.072376688748204,-0.8342263616216988,0.0],"spd_noise":[0.0,0.0,0.0]}
{"type":3,"rcvTime":25299.60785462515,"sendTime":25299.60774675873,"sender":955,"messageID":5885800,"pos":[6091.198673617917,5808.231116287884,1.895],"pos_noise":[0.0,0.0,0.0],"spd":[-0.20570960189487337,4.105061324503147,0.0],"spd_noise":[0.0,0.0,0.0],"RSSI":1.372405647528102e-8}
{"type":3,"rcvTime":25299.60801791276,"sendTime":25299.607902668093,"sender":2623,"messageID":5886206,"pos":[6048.965773157732,5817.25167698848,1.895],"pos_noise":[0.0,0.0,0.0],"spd":[-14.35172482844295,-1.444575042292346,0.0],"spd_noise":[0.0,0.0,0.0],"RSSI":5.9170482664016558e-9}
{"type":3,"rcvTime":25299.660527475204,"sendTime":25299.660414641814,"sender":2545,"messageID":5889868,"pos":[6171.886011207997,5826.312868064131,1.895],"pos_noise":[0.0,0.0,0.0],"spd":[0.2688636825434797,-5.365339753718964,0.0],"spd_noise":[0.0,0.0,0.0],"RSSI":8.111682523436426e-9}
{"type":3,"rcvTime":25299.678996970815,"sendTime":25299.678883041255,"sender":145,"messageID":5891386,"pos":[5724.255173750388,5825.190013704075,1.895],"pos_noise":[0.0,0.0,0.0],"spd":[13.14588072606385,-0.9653938211000819,0.0],"spd_noise":[0.0,0.0,0.0],"RSSI":1.8332748847818777e-9}
{"type":3,"rcvTime":25299.692410549233,"sendTime":25299.692299600174,"sender":2905,"messageID":5892286,"pos":[6168.150288328425,5825.936516423867,1.895],"pos_noise":[0.0,0.0,0.0],"spd":[-5.754147942235828,-0.5796958409903912,0.0],"spd_noise":[0.0,0.0,0.0],"RSSI":5.3047584474190249e-9}
{"type":2,"rcvTime":25299.7,"pos":[6323.465138154735,5735.990537989615,1.895],"noise":[0.0,0.0,0.0],"spd":[-13.064748169874122,-0.834983529353493,0.0],"spd_noise":[0.0,0.0,0.0]}
{"type":3,"rcvTime":25299.700426134266,"sendTime":25299.700318094016,"sender":1567,"messageID":5893276,"pos":[5784.530844655137,5705.366010484068,1.895],"pos_noise":[0.0,0.0,0.0],"spd":[10.57123363525012,0.7993385421880729,0.0],"spd_noise":[0.0,0.0,0.0],"RSSI":1.3141972892846776e-9}
{"type":3,"rcvTime":25299.742851828414,"sendTime":25299.74273727275,"sender":175,"messageID":5895733,"pos":[6246.5223641325469,5838.666801435576,1.895],"pos_noise":[0.0,0.0,0.0],"spd":[15.118511341224709,0.9950686862697294,0.0],"spd_noise":[0.0,0.0,0.0],"RSSI":5.840134583784141e-9}
{"type":3,"rcvTime":25299.767091734655,"sendTime":25299.76698164944,"sender":619,"messageID":5898813,"pos":[4530.400924284833,5934.444311331741,1.895],"pos_noise":[0.0,0.0,0.0],"spd":[11.382293985160726,0.7789918394833106,0.0],"spd_noise":[0.0,0.0,0.0],"RSSI":6.3919610265959699e-9}
{"type":3,"rcvTime":25299.780619715006,"sendTime":25299.780503443206,"sender":2887,"messageID":5899868,"pos":[6316.303610761771,5945.961936343802,1.895],"pos_noise":[0.0,0.0,0.0],"spd":[-2.038516713710773,12.64752879381982,0.0],"spd_noise":[0.0,0.0,0.0],"RSSI":8.44630535917176e-9}
{"type":3,"rcvTime":25299.794349758155,"sendTime":25299.794234196655,"sender":487,"messageID":5900589,"pos":[6118.756845661157,5729.975047543632,1.895],"pos_noise":[0.0,0.0,0.0],"spd":[12.664600944968959,0.7287451940401096,0.0],"spd_noise":[0.0,0.0,0.0],"RSSI":6.425526115537411e-9}
{"type":2,"rcvTime":25299.8,"pos":[6322.156507972699,5735.906606604342,1.895],"noise":[0.0,0.0,0.0],"spd":[-13.086436847430568,-0.8376178239081449,0.0],"spd_noise":[0.0,0.0,0.0]}
{"type":3,"rcvTime":25299.801103949885,"sendTime":25299.800996233942,"sender":229,"messageID":5901300,"pos":[6089.611581504928,5727.727225391192,1.895],"pos_noise":[0.0,0.0,0.0],"spd":[3.606525052781169,-0.06264778654778566,0.0],"spd_noise":[0.0,0.0,0.0],"RSSI":1.0083340803523463e-8}
{"type":3,"rcvTime":25299.847839201,"sendTime":25299.84772195411,"sender":133,"messageID":5902240,"pos":[6319.227208372147,5843.4520816930139,1.895],"pos_noise":[0.0,0.0,0.0],"spd":[4.289877303608764,0.2823507206772442,0.0],"spd_noise":[0.0,0.0,0.0],"RSSI":6.887097691224692e-8}
{"type":3,"rcvTime":25299.8512274071,"sendTime":25299.85111299436,"sender":337,"messageID":5902556,"pos":[6092.979410886785,5772.695411468146,1.895],"pos_noise":[0.0,0.0,0.0],"spd":[-0.4608834106855068,9.197211247721404,0.0],"spd_noise":[0.0,0.0,0.0],"RSSI":1.2993838713818193e-8}
{"type":3,"rcvTime":25299.855561506913,"sendTime":25299.855453365995,"sender":1909,"messageID":5903642,"pos":[6197.4832586834459,5518.813751409421,1.895],"pos_noise":[0.0,0.0,0.0],"spd":[3.5865902958660826,-2.211798074227007,0.0],"spd_noise":[0.0,0.0,0.0],"RSSI":1.2385338057499073e-8}
{"type":3,"rcvTime":25299.862531473304,"sendTime":25299.862418566132,"sender":613,"messageID":5904696,"pos":[6092.178432693862,5788.67942276973,1.895],"pos_noise":[0.0,0.0,0.0],"spd":[-0.4370303466198572,8.721208718555351,0.0],"spd_noise":[0.0,0.0,0.0],"RSSI":1.3535226116366815e-9}
{"type":3,"rcvTime":25299.872798461536,"sendTime":25299.872689883363,"sender":2815,"messageID":5905321,"pos":[6321.657796405341,5916.314051289952,1.895],"pos_noise":[0.0,0.0,0.0],"spd":[-1.596914333265377,13.132746755155463,0.0],"spd_noise":[0.0,0.0,0.0],"RSSI":2.56429795351991e-9}
{"type":2,"rcvTime":25299.899999999998,"pos":[6320.8448609498059,5735.822481728475,1.895],"noise":[0.0,0.0,0.0],"spd":[-13.116525576544359,-0.840797614527169,0.0],"spd_noise":[0.0,0.0,0.0]}
{"type":3,"rcvTime":25299.92409347226,"sendTime":25299.923986750095,"sender":2551,"messageID":5909249,"pos":[6099.097221203517,5782.448246322517,1.895],"pos_noise":[0.0,0.0,0.0],"spd":[0.19186701425236203,-3.8288239945872388,0.0],"spd_noise":[0.0,0.0,0.0],"RSSI":1.2459321976675215e-8}
{"type":3,"rcvTime":25299.973280988317,"sendTime":25299.97316933493,"sender":1645,"messageID":5911591,"pos":[5874.972397276527,5712.985058718181,1.895],"pos_noise":[0.0,0.0,0.0],"spd":[6.2881893495327889,0.7251702233735856,0.0],"spd_noise":[0.0,0.0,0.0],"RSSI":3.794270837621251e-9}
{"type":3,"rcvTime":25299.98045098868,"sendTime":25299.98033563187,"sender":511,"messageID":5912631,"pos":[6187.977526848589,5733.547931856141,1.895],"pos_noise":[0.0,0.0,0.0],"spd":[14.817925689219859,0.759335341589359,0.0],"spd_noise":[0.0,0.0,0.0],"RSSI":2.4934464989606064e-9}
{"type":2,"rcvTime":25300.0,"pos":[6319.534670959597,5735.738450302059,1.895],"noise":[0.0,0.0,0.0],"spd":[-13.10192618513541,-0.8403159498750037,0.0],"spd_noise":[0.0,0.0,0.0]}
