{"type":2,"rcvTime":25299.8,"pos":[6324.441001411176,5732.749658027441,1.895],"noise":[0.0,0.0,0.0],"spd":[-13.95995392113625,-0.8862810061417142,0.0],"spd_noise":[0.0,0.0,0.0]}
{"type":3,"rcvTime":25299.826508988688,"sendTime":25299.82639754978,"sender":1645,"messageID":6395963,"pos":[5874.432704010396,5712.922819897974,1.895],"pos_noise":[0.0,0.0,0.0],"spd":[6.016693806094186,0.6938606566705835,0.0],"spd_noise":[0.0,0.0,0.0],"RSSI":1.7517899828571465e-9}
{"type":3,"rcvTime":25299.83264847524,"sendTime":25299.832531743494,"sender":1717,"messageID":6396318,"pos":[6267.374562094074,5641.154868352466,1.895],"pos_noise":[0.0,0.0,0.0],"spd":[1.1336048140220719,2.1998856273454785,0.0],"spd_noise":[0.0,0.0,0.0],"RSSI":3.8419458642574048e-8}
{"type":3,"rcvTime":25299.834224989296,"sendTime":25299.83411734132,"sender":379,"messageID":6396510,"pos":[2211.1009432841094,5870.529469801113,1.895],"pos_noise":[0.0,0.0,0.0],"spd":[10.622220401998332,0.5545678737802098,0.0],"spd_noise":[0.0,0.0,0.0],"RSSI":8.540754029694293e-9}
{"type":3,"rcvTime":25299.880792943844,"sendTime":25299.8806758692,"sender":2911,"messageID":6399533,"pos":[6132.59141216122,5825.672005836261,1.895],"pos_noise":[0.0,0.0,0.0],"spd":[-4.593156944403123,-0.4632366820754912,0.0],"spd_noise":[0.0,0.0,0.0],"RSSI":6.291346430182303e-9}
{"type":3,"rcvTime":25299.881255262255,"sendTime":25299.88114366508,"sender":2377,"messageID":6399884,"pos":[6100.859717178965,5747.27655770541,1.895],"pos_noise":[0.0,0.0,0.0],"spd":[0.021986960366468017,-0.4387632848054026,0.0],"spd_noise":[0.0,0.0,0.0],"RSSI":2.6609363004922659e-9}
{"type":2,"rcvTime":25299.899999999998,"pos":[6323.039705466802,5732.659783354366,1.895],"noise":[0.0,0.0,0.0],"spd":[-14.014435739209813,-0.8926647943621968,0.0],"spd_noise":[0.0,0.0,0.0]}
{"type":3,"rcvTime":25299.917623394118,"sendTime":25299.917511808686,"sender":109,"messageID":6401503,"pos":[10967.608874812722,10099.41501065623,1.895],"pos_noise":[0.0,0.0,0.0],"spd":[3.1882984523765e-15,4.657006427976396e-14,0.0],"spd_noise":[0.0,0.0,0.0],"RSSI":2.380679723011933e-8}
{"type":2,"rcvTime":25300.0,"pos":[6321.637331471935,5732.569839538553,1.895],"noise":[0.0,0.0,0.0],"spd":[-14.025031237736036,-0.8962691070274061,0.0],"spd_noise":[0.0,0.0,0.0]}
