{"type":2,"rcvTime":25299.5,"pos":[3645.5293369618118,5181.545568264728,1.895],"noise":[0.0,0.0,0.0],"spd":[-4.474546561465586,28.6844978510241,0.0],"spd_noise":[0.0,0.0,0.0]}
{"type":3,"rcvTime":25299.520993115624,"sendTime":25299.520880293334,"sender":853,"messageID":6377414,"pos":[3165.717004435137,8230.58711423073,1.895],"pos_noise":[0.0,0.0,0.0],"spd":[-14.331851776443412,-5.755082758969876,0.0],"spd_noise":[0.0,0.0,0.0],"RSSI":1.6167051535169266e-8}
{"type":3,"rcvTime":25299.546896121647,"sendTime":25299.546787248924,"sender":1033,"messageID":6378927,"pos":[3730.1239500337617,5238.004204219175,1.895],"pos_noise":[0.0,0.0,0.0],"spd":[-14.689674982752666,-5.9033273295190489,0.0],"spd_noise":[0.0,0.0,0.0],"RSSI":1.4395387910187259e-8}
{"type":3,"rcvTime":25299.583251630618,"sendTime":25299.583144761204,"sender":2485,"messageID":6380927,"pos":[3810.0433478559059,5239.309131973151,1.895],"pos_noise":[0.0,0.0,0.0],"spd":[1.8353530808311267e-14,4.2235345114381228e-14,0.0],"spd_noise":[0.0,0.0,0.0],"RSSI":4.305297382515451e-9}
{"type":2,"rcvTime":25299.6,"pos":[3645.0825820686379,5184.409532154062,1.895],"noise":[0.0,0.0,0.0],"spd":[-4.472916642960872,28.674049106512464,0.0],"spd_noise":[0.0,0.0,0.0]}
{"type":3,"rcvTime":25299.60260274626,"sendTime":25299.60248808521,"sender":2917,"messageID":6382197,"pos":[3639.305882722688,5221.441601817145,1.895],"pos_noise":[0.0,0.0,0.0],"spd":[-4.456546511560793,28.569106853136544,0.0],"spd_noise":[0.0,0.0,0.0],"RSSI":4.650858429832735e-8}
{"type":3,"rcvTime":25299.606797844895,"sendTime":25299.60668848548,"sender":433,"messageID":6383085,"pos":[3970.1397088750229,5259.506326368047,1.895],"pos_noise":[0.0,0.0,0.0],"spd":[10.549084329734573,1.3457144680156037,0.0],"spd_noise":[0.0,0.0,0.0],"RSSI":3.3283026606656436e-9}
{"type":3,"rcvTime":25299.651914846963,"sendTime":25299.65180163784,"sender":2815,"messageID":6385811,"pos":[3806.975097749951,5232.248441391285,1.895],"pos_noise":[0.0,0.0,0.0],"spd":[0.6888795611494352,1.585257153583513,0.0],"spd_noise":[0.0,0.0,0.0],"RSSI":9.828920814965605e-9}
{"type":3,"rcvTime":25299.66324597324,"sendTime":25299.663136659376,"sender":2521,"messageID":6386173,"pos":[3622.970790649534,5424.056565649846,1.895],"pos_noise":[0.0,0.0,0.0],"spd":[3.660858909009511,-29.549795802198326,0.0],"spd_noise":[0.0,0.0,0.0],"RSSI":6.320975016920857e-9}
{"type":2,"rcvTime":25299.7,"pos":[3644.633325703724,5187.289531961172,1.895],"noise":[0.0,0.0,0.0],"spd":[-4.497961415270642,28.834600954086445,0.0],"spd_noise":[0.0,0.0,0.0]}
{"type":3,"rcvTime":25299.71331063837,"sendTime":25299.713192988096,"sender":2455,"messageID":6389195,"pos":[3812.5968250071666,5245.185221421639,1.895],"pos_noise":[0.0,0.0,0.0],"spd":[1.8139205719246797e-14,4.174213788370193e-14,0.0],"spd_noise":[0.0,0.0,0.0],"RSSI":1.2656448878906943e-8}
{"type":3,"rcvTime":25299.719765689086,"sendTime":25299.719654728422,"sender":577,"messageID":6389918,"pos":[4172.647853093222,8065.502985031344,1.895],"pos_noise":[0.0,0.0,0.0],"spd":[-5.467226555332821,-12.58127220446083,0.0],"spd_noise":[0.0,0.0,0.0],"RSSI":1.329511051765127e-8}
{"type":3,"rcvTime":25299.736122253868,"sendTime":25299.736006297917,"sender":2785,"messageID":6392276,"pos":[3612.5328214142075,5419.6446484907269,1.895],"pos_noise":[0.0,0.0,0.0],"spd":[-3.4467748911740307,29.86593775385001,0.0],"spd_noise":[0.0,0.0,0.0],"RSSI":1.8508715720709279e-8}
{"type":3,"rcvTime":25299.779199910146,"sendTime":25299.779092627996,"sender":2743,"messageID":6393578,"pos":[3607.991395430454,5458.995621509526,1.895],"pos_noise":[0.0,0.0,0.0],"spd":[-3.4271813786129985,29.69616205192393,0.0],"spd_noise":[0.0,0.0,0.0],"RSSI":2.0171372527364407e-8}
{"type":2,"rcvTime":25299.8,"pos":[3644.185322163608,5190.161500418127,1.895],"noise":[0.0,0.0,0.0],"spd":[-4.485418114740087,28.75419095674017,0.0],"spd_noise":[0.0,0.0,0.0]}
{"type":3,"rcvTime":25299.805752161083,"sendTime":25299.805645148037,"sender":2461,"messageID":6394823,"pos":[3630.879428131966,5309.020144746984,1.895],"pos_noise":[0.0,0.0,0.0],"spd":[4.661875915820649,-29.61085510182598,0.0],"spd_noise":[0.0,0.0,0.0],"RSSI":1.1873393196359533e-8}
{"type":3,"rcvTime":25299.81428716172,"sendTime":25299.814176225475,"sender":2413,"messageID":6395612,"pos":[3642.309559298166,5236.419336860031,1.895],"pos_noise":[0.0,0.0,0.0],"spd":[4.662979092896884,-29.61786215588702,0.0],"spd_noise":[0.0,0.0,0.0],"RSSI":1.8362241192799804e-8}
{"type":3,"rcvTime":25299.853154120912,"sendTime":25299.853040408016,"sender":2707,"messageID":6397976,"pos":[3594.1366739441016,5677.41676946377,1.895],"pos_noise":[0.0,0.0,0.0],"spd":[1.4692774132893712,-34.18318879894245,0.0],"spd_noise":[0.0,0.0,0.0],"RSSI":1.2786519660355238e-9}
{"type":3,"rcvTime":25299.858611621552,"sendTime":25299.858498742993,"sender":1219,"messageID":6398631,"pos":[3554.2322896071866,5209.0013237115249,1.895],"pos_noise":[0.0,0.0,0.0],"spd":[15.538220729609048,1.9145219571582164,0.0],"spd_noise":[0.0,0.0,0.0],"RSSI":1.5161754394901155e-8}
{"type":3,"rcvTime":25299.863391736963,"sendTime":25299.863285077365,"sender":2053,"messageID":6398965,"pos":[3957.1615000834406,5257.8422338240129,1.895],"pos_noise":[0.0,0.0,0.0],"spd":[10.178915734577768,1.3495170912225734,0.0],"spd_noise":[0.0,0.0,0.0],"RSSI":9.125162883168387e-9}
{"type":3,"rcvTime":25299.896191120984,"sendTime":25299.896084252327,"sender":2479,"messageID":6400860,"pos":[3626.1459342757705,5344.730486924922,1.895],"pos_noise":[0.0,0.0,0.0],"spd":[3.680274922041736,-29.720924731668835,0.0],"spd_noise":[0.0,0.0,0.0],"RSSI":5.960383702617387e-9}
{"type":2,"rcvTime":25299.899999999998,"pos":[3643.736616031086,5193.037972909196,1.895],"noise":[0.0,0.0,0.0],"spd":[-4.4924524803682079,28.799285413349606,0.0],"spd_noise":[0.0,0.0,0.0]}
{"type":3,"rcvTime":25299.948166054935,"sendTime":25299.94804837485,"sender":901,"messageID":6402702,"pos":[4005.472779939407,5260.913072189889,1.895],"pos_noise":[0.0,0.0,0.0],"spd":[15.034310872596749,2.048017580169424,0.0],"spd_noise":[0.0,0.0,0.0],"RSSI":9.476704918223255e-9}
{"type":3,"rcvTime":25299.978936194337,"sendTime":25299.978822979516,"sender":2635,"messageID":6404957,"pos":[3169.1739660087075,5238.780939393835,1.895],"pos_noise":[0.0,0.0,0.0],"spd":[2.6926801979262739,4.377405241548696,0.0],"spd_noise":[0.0,0.0,0.0],"RSSI":2.796711834531762e-9}
{"type":2,"rcvTime":25300.0,"pos":[3643.287111066361,5195.91956638857,1.895],"noise":[0.0,0.0,0.0],"spd":[-4.500450400285613,28.850556824530437,0.0],"spd_noise":[0.0,0.0,0.0]}
