{"type":2,"rcvTime":25299.8,"pos":[6324.441001411176,5732.749658027441,1.895],"noise":[0.0,0.0,0.0],"spd":[-13.95995392113625,-0.8862810061417142,0.0],"spd_noise":[0.0,0.0,0.0]}
{"type":3,"rcvTime":25299.83422425279,"sendTime":25299.83411734132,"sender":379,"messageID":6392399,"pos":[5560.0,5820.0,1.895],"pos_noise":[0.0,0.0,0.0],"spd":[10.622220401998332,0.5545678737802098,0.0],"spd_noise":[0.0,0.0,0.0],"RSSI":8.715115659974454e-9}
{"type":3,"rcvTime":25299.86761113802,"sendTime":25299.86749328873,"sender":1303,"messageID":6395312,"pos":[6160.81338265547,5738.761930914188,1.895],"pos_noise":[0.0,0.0,0.0],"spd":[13.785595255245726,0.7055569748393896,0.0],"spd_noise":[0.0,0.0,0.0],"RSSI":7.280760181341279e-9}
{"type":2,"rcvTime":25299.899999999998,"pos":[6323.039705466802,5732.659783354366,1.895],"noise":[0.0,0.0,0.0],"spd":[-14.014435739209813,-0.8926647943621968,0.0],"spd_noise":[0.0,0.0,0.0]}
{"type":3,"rcvTime":25299.917629594096,"sendTime":25299.917511808686,"sender":109,"messageID":6397838,"pos":[5560.0,5820.0,1.895],"pos_noise":[0.0,0.0,0.0],"spd":[3.1882984523765e-15,4.657006427976396e-14,0.0],"spd_noise":[0.0,0.0,0.0],"RSSI":1.3710980983002448e-8}
{"type":3,"rcvTime":25299.938905664505,"sendTime":25299.938796793205,"sender":2587,"messageID":6398796,"pos":[5952.480761226457,5810.525602560907,1.895],"pos_noise":[0.0,0.0,0.0],"spd":[-15.486816125650544,-0.052665277961352108,0.0],"spd_noise":[0.0,0.0,0.0],"RSSI":2.6600259579268855e-9}
{"type":3,"rcvTime":25299.949902920318,"sendTime":25299.949786607176,"sender":2677,"messageID":6400088,"pos":[6094.799670005938,5802.394548680446,1.895],"pos_noise":[0.0,0.0,0.0],"spd":[0.49548695127244388,-9.887746132064143,0.0],"spd_noise":[0.0,0.0,0.0],"RSSI":6.534722904150462e-9}
{"type":2,"rcvTime":25300.0,"pos":[6321.637331471935,5732.569839538553,1.895],"noise":[0.0,0.0,0.0],"spd":[-14.025031237736036,-0.8962691070274061,0.0],"spd_noise":[0.0,0.0,0.0]}
