{"type":2,"rcvTime":25277.2,"pos":[2684.470981066845,5180.678980487884,1.895],"noise":[0.0,0.0,0.0],"spd":[-13.154998937060322,7.7970243592178198,0.0],"spd_noise":[0.0,0.0,0.0]}
{"type":3,"rcvTime":25277.237039098305,"sendTime":25277.236930591193,"sender":1891,"messageID":5037896,"pos":[2776.5410856459427,5544.647078110388,1.895],"pos_noise":[0.0,0.0,0.0],"spd":[-5.4361996284516389,-5.595370149236081,0.0],"spd_noise":[0.0,0.0,0.0],"RSSI":7.352974908993658e-9}
{"type":3,"rcvTime":25277.296547098336,"sendTime":25277.296435120516,"sender":1099,"messageID":5041490,"pos":[2755.6345700368858,5466.2517717687619,1.895],"pos_noise":[0.0,0.0,0.0],"spd":[-0.0,0.0,0.0],"spd_noise":[0.0,0.0,0.0],"RSSI":6.186484743244816e-9}
{"type":2,"rcvTime":25277.3,"pos":[2683.151821753455,5181.460851877567,1.895],"noise":[0.0,0.0,0.0],"spd":[-13.191700448142792,7.818777502440388,0.0],"spd_noise":[0.0,0.0,0.0]}
{"type":2,"rcvTime":25277.399999999998,"pos":[2681.8377639477168,5182.239699581758,1.895],"noise":[0.0,0.0,0.0],"spd":[-13.140684956609057,7.788540401541386,0.0],"spd_noise":[0.0,0.0,0.0]}
{"type":3,"rcvTime":25277.43641554422,"sendTime":25277.436299237794,"sender":1795,"messageID":5051195,"pos":[2744.4758020361998,5479.295160278009,1.895],"pos_noise":[0.0,0.0,0.0],"spd":[0.0,-0.0,0.0],"spd_noise":[0.0,0.0,0.0],"RSSI":1.3347393351300337e-8}
{"type":3,"rcvTime":25277.499221480826,"sendTime":25277.499103806447,"sender":1081,"messageID":5054751,"pos":[2760.6817509774175,5461.617609916019,1.895],"pos_noise":[0.0,0.0,0.0],"spd":[-0.0,0.0,0.0],"spd_noise":[0.0,0.0,0.0],"RSSI":1.1294611497208092e-8}
{"type":2,"rcvTime":25277.5,"pos":[2680.5231553164664,5183.018873762595,1.895],"noise":[0.0,0.0,0.0],"spd":[-13.146193256546825,7.791805194564769,0.0],"spd_noise":[0.0,0.0,0.0]}
{"type":2,"rcvTime":25277.6,"pos":[2679.207290278271,5183.798792621224,1.895],"noise":[0.0,0.0,0.0],"spd":[-13.15875742819809,7.799252033057679,0.0],"spd_noise":[0.0,0.0,0.0]}
{"type":2,"rcvTime":25277.7,"pos":[2677.8925987620916,5184.578015928315,1.895],"noise":[0.0,0.0,0.0],"spd":[-13.14702211258046,7.792296461098184,0.0],"spd_noise":[0.0,0.0,0.0]}
{"type":2,"rcvTime":25277.8,"pos":[2676.577030831022,5185.357758690274,1.895],"noise":[0.0,0.0,0.0],"spd":[-13.155786332774975,7.797491052039071,0.0],"spd_noise":[0.0,0.0,0.0]}
{"type":3,"rcvTime":25277.885194159368,"sendTime":25277.885077184532,"sender":685,"messageID":5077629,"pos":[2754.0700849399806,5459.842522534191,1.895],"pos_noise":[0.0,0.0,0.0],"spd":[-0.0,0.0,0.0],"spd_noise":[0.0,0.0,0.0],"RSSI":7.982166042857435e-9}
{"type":2,"rcvTime":25277.899999999998,"pos":[2675.2538377767784,5186.142020895482,1.895],"noise":[0.0,0.0,0.0],"spd":[-13.232038184823168,7.842685852186178,0.0],"spd_noise":[0.0,0.0,0.0]}
{"type":3,"rcvTime":25277.955544272347,"sendTime":25277.95543262516,"sender":1975,"messageID":5081468,"pos":[2735.7676457602458,5474.836857653098,1.895],"pos_noise":[0.0,0.0,0.0],"spd":[4.792974283022502,-1.3186495994673453,0.0],"spd_noise":[0.0,0.0,0.0],"RSSI":1.7230620619313999e-9}
{"type":2,"rcvTime":25278.0,"pos":[2673.9318238772596,5186.925584210621,1.895],"noise":[0.0,0.0,0.0],"spd":[-13.220246541649673,7.835696894642443,0.0],"spd_noise":[0.0,0.0,0.0]}
{"type":2,"rcvTime":25278.1,"pos":[2672.6194307497255,5187.703445252892,1.895],"noise":[0.0,0.0,0.0],"spd":[-13.124038039148746,7.778673702079611,0.0],"spd_noise":[0.0,0.0,0.0]}
{"type":2,"rcvTime":25278.2,"pos":[2671.299977310504,5188.485490972219,1.895],"noise":[0.0,0.0,0.0],"spd":[-13.19464173038085,7.820520813054042,0.0],"spd_noise":[0.0,0.0,0.0]}
{"type":3,"rcvTime":25278.237040747885,"sendTime":25278.236930591193,"sender":1891,"messageID":5099195,"pos":[2773.9225664049588,5536.1757962248279,1.895],"pos_noise":[0.0,0.0,0.0],"spd":[-2.867780364052809,-9.277677043395333,0.0],"spd_noise":[0.0,0.0,0.0],"RSSI":2.76370135737824e-9}
{"type":3,"rcvTime":25278.296548748032,"sendTime":25278.296435120516,"sender":1099,"messageID":5102831,"pos":[2755.6345700368858,5466.2517717687619,1.895],"pos_noise":[0.0,0.0,0.0],"spd":[-0.0,0.0,0.0],"spd_noise":[0.0,0.0,0.0],"RSSI":1.3819636586808212e-8}
{"type":2,"rcvTime":25278.3,"pos":[2669.984809720807,5189.264996450127,1.895],"noise":[0.0,0.0,0.0],"spd":[-13.15178288648163,7.795118192229703,0.0],"spd_noise":[0.0,0.0,0.0]}
{"type":2,"rcvTime":25278.399999999998,"pos":[2668.660658049323,5190.04982683189,1.895],"noise":[0.0,0.0,0.0],"spd":[-13.241624435207223,7.848367663950286,0.0],"spd_noise":[0.0,0.0,0.0]}
{"type":3,"rcvTime":25278.43641712494,"sendTime":25278.436299237794,"sender":1795,"messageID":5112646,"pos":[2744.4758020361998,5479.295160278009,1.895],"pos_noise":[0.0,0.0,0.0],"spd":[0.0,-0.0,0.0],"spd_noise":[0.0,0.0,0.0],"RSSI":1.3803035221348676e-8}
{"type":3,"rcvTime":25278.499210037826,"sendTime":25278.499103806447,"sender":1081,"messageID":5116465,"pos":[2760.6817509774175,5461.617609916019,1.895],"pos_noise":[0.0,0.0,0.0],"spd":[-0.0,0.0,0.0],"spd_noise":[0.0,0.0,0.0],"RSSI":5.267509490658364e-9}
{"type":2,"rcvTime":25278.5,"pos":[2667.339932025534,5190.832626817554,1.895],"noise":[0.0,0.0,0.0],"spd":[-13.207367679582284,7.828063537791643,0.0],"spd_noise":[0.0,0.0,0.0]}
{"type":2,"rcvTime":25278.6,"pos":[2666.022838299719,5191.613273924611,1.895],"noise":[0.0,0.0,0.0],"spd":[-13.171044404356925,7.806534576588847,0.0],"spd_noise":[0.0,0.0,0.0]}
{"type":2,"rcvTime":25278.7,"pos":[2664.7013564281539,5192.396521904498,1.895],"noise":[0.0,0.0,0.0],"spd":[-13.21492621883154,7.832543516462921,0.0],"spd_noise":[0.0,0.0,0.0]}
{"type":2,"rcvTime":25278.8,"pos":[2663.3998974526746,5192.450246261246,1.895],"noise":[0.0,0.0,0.0],"spd":[-14.222256458275771,5.779825947818035,0.0],"spd_noise":[0.0,0.0,0.0]}
{"type":3,"rcvTime":25278.8346917875,"sendTime":25278.83457821724,"sender":1093,"messageID":5134865,"pos":[2754.8523725690367,5463.0423461191,1.895],"pos_noise":[0.0,0.0,0.0],"spd":[-0.0,0.0,0.0],"spd_noise":[0.0,0.0,0.0],"RSSI":3.788260841817817e-9}
{"type":3,"rcvTime":25278.88519078754,"sendTime":25278.885077184532,"sender":685,"messageID":5138529,"pos":[2754.0700849399806,5459.842522534191,1.895],"pos_noise":[0.0,0.0,0.0],"spd":[-0.0,0.0,0.0],"spd_noise":[0.0,0.0,0.0],"RSSI":1.4943523950253343e-9}
{"type":2,"rcvTime":25278.899999999998,"pos":[2662.1243099992518,5191.600558592218,1.895],"noise":[0.0,0.0,0.0],"spd":[-15.324590184883212,-0.26458703636621236,0.0],"spd_noise":[0.0,0.0,0.0]}
{"type":3,"rcvTime":25278.955540890263,"sendTime":25278.95543262516,"sender":1975,"messageID":5142362,"pos":[2739.4110887317585,5473.834468670523,1.895],"pos_noise":[0.0,0.0,0.0],"spd":[2.7667752855649807,-0.7611989772299979,0.0],"spd_noise":[0.0,0.0,0.0],"RSSI":3.5814118070793039e-9}
{"type":2,"rcvTime":25279.0,"pos":[2660.84679274247,5190.749585452629,1.895],"noise":[0.0,0.0,0.0],"spd":[-13.991562895201412,-6.313522305487808,0.0],"spd_noise":[0.0,0.0,0.0]}
{"type":2,"rcvTime":25279.1,"pos":[2659.573577940288,5189.9014782416829,1.895],"noise":[0.0,0.0,0.0],"spd":[-12.732251598453749,-8.48114110338453,0.0],"spd_noise":[0.0,0.0,0.0]}
{"type":2,"rcvTime":25279.2,"pos":[2658.295818423652,5189.050343729222,1.895],"noise":[0.0,0.0,0.0],"spd":[-12.77769911270693,-8.511414364809328,0.0],"spd_noise":[0.0,0.0,0.0]}
{"type":3,"rcvTime":25279.237037312985,"sendTime":25279.236930591193,"sender":1891,"messageID":5159295,"pos":[2770.766412165005,5525.965188709525,1.895],"pos_noise":[0.0,0.0,0.0],"spd":[-3.444697354648209,-11.144085498761953,0.0],"spd_noise":[0.0,0.0,0.0],"RSSI":1.3329390404510292e-9}
{"type":3,"rcvTime":25279.296545313664,"sendTime":25279.296435120516,"sender":1099,"messageID":5163192,"pos":[2755.6345700368858,5466.2517717687619,1.895],"pos_noise":[0.0,0.0,0.0],"spd":[-0.0,0.0,0.0],"spd_noise":[0.0,0.0,0.0],"RSSI":1.5633614524227943e-8}
{"type":2,"rcvTime":25279.3,"pos":[2657.0238851828,5188.203090185232,1.895],"noise":[0.0,0.0,0.0],"spd":[-12.719435880899774,-8.472604364373688,0.0],"spd_noise":[0.0,0.0,0.0]}
{"type":3,"rcvTime":25279.345302518705,"sendTime":25279.34519330165,